scenario,poller_interval_ms,scheduler_interval_ms,requested_session_count,iteration,trigger_event_id,session_sequence,session_id,reevaluation_duration_ms,pip_fetch_ms,pdp_evaluate_ms,revoke_update_ms,post_processing_ms,revoke_publish_ms,final_status
core_breakdown,1000,500,50,1,31,1,1501,5.709,3.62,0.259,0.391,7.558,0.059,REVOKED
core_breakdown,1000,500,50,1,31,2,1502,5.903,3.878,0.116,0.383,5.812,0.027,REVOKED
core_breakdown,1000,500,50,1,31,3,1503,4.924,3.284,0.089,0.323,5.158,0.018,REVOKED
core_breakdown,1000,500,50,1,31,4,1504,4.871,3.352,0.078,0.31,4.55,0.012,REVOKED
core_breakdown,1000,500,50,1,31,5,1505,3.958,2.732,0.027,0.265,4.365,0.007,REVOKED
core_breakdown,1000,500,50,1,31,6,1506,3.64,2.485,0.034,0.244,3.932,0.007,REVOKED
core_breakdown,1000,500,50,1,31,7,1507,3.558,2.43,0.036,0.243,3.948,0.006,REVOKED
core_breakdown,1000,500,50,1,31,8,1508,3.51,2.416,0.03,0.22,4.107,0.015,REVOKED
core_breakdown,1000,500,50,1,31,9,1509,4.032,2.778,0.034,0.226,3.837,0.01,REVOKED
core_breakdown,1000,500,50,1,31,10,1510,3.587,2.415,0.06,0.228,3.823,0.022,REVOKED
core_breakdown,1000,500,50,1,31,11,1511,3.277,2.19,0.075,0.221,3.475,0.013,REVOKED
core_breakdown,1000,500,50,1,31,12,1512,3.07,2.092,0.039,0.213,3.415,0.008,REVOKED
core_breakdown,1000,500,50,1,31,13,1513,3.003,2.051,0.031,0.223,3.388,0.013,REVOKED
core_breakdown,1000,500,50,1,31,14,1514,3.037,2.08,0.026,0.205,3.359,0.007,REVOKED
core_breakdown,1000,500,50,1,31,15,1515,3.063,2.109,0.025,0.215,3.48,0.007,REVOKED
core_breakdown,1000,500,50,1,31,16,1516,3.131,2.131,0.021,0.195,3.34,0.006,REVOKED
core_breakdown,1000,500,50,1,31,17,1517,2.97,2.05,0.028,0.222,3.419,0.006,REVOKED
core_breakdown,1000,500,50,1,31,18,1518,2.99,2.07,0.023,0.194,3.403,0.006,REVOKED
core_breakdown,1000,500,50,1,31,19,1519,3.012,2.058,0.022,0.217,3.331,0.006,REVOKED
core_breakdown,1000,500,50,1,31,20,1520,3.023,2.061,0.027,0.2,3.322,0.006,REVOKED
core_breakdown,1000,500,50,1,31,21,1521,3.017,2.044,0.031,0.202,3.444,0.007,REVOKED
core_breakdown,1000,500,50,1,31,22,1522,3.045,2.07,0.025,0.201,3.356,0.006,REVOKED
core_breakdown,1000,500,50,1,31,23,1523,3.034,2.068,0.026,0.229,3.337,0.006,REVOKED
core_breakdown,1000,500,50,1,31,24,1524,3.04,2.067,0.025,0.198,3.412,0.009,REVOKED
core_breakdown,1000,500,50,1,31,25,1525,3.311,2.316,0.03,0.226,3.854,0.011,REVOKED
core_breakdown,1000,500,50,1,31,26,1526,3.026,2.062,0.03,0.199,3.385,0.006,REVOKED
core_breakdown,1000,500,50,1,31,27,1527,3.016,2.077,0.026,0.198,3.268,0.007,REVOKED
core_breakdown,1000,500,50,1,31,28,1528,2.938,2.032,0.025,0.196,3.26,0.006,REVOKED
core_breakdown,1000,500,50,1,31,29,1529,2.985,2.041,0.025,0.213,3.296,0.005,REVOKED
core_breakdown,1000,500,50,1,31,30,1530,2.932,2.015,0.023,0.186,3.244,0.005,REVOKED
core_breakdown,1000,500,50,1,31,31,1531,2.912,1.996,0.024,0.197,3.276,0.006,REVOKED
core_breakdown,1000,500,50,1,31,32,1532,2.914,2.008,0.023,0.195,3.298,0.006,REVOKED
core_breakdown,1000,500,50,1,31,33,1533,2.946,2.039,0.023,0.202,3.293,0.006,REVOKED
core_breakdown,1000,500,50,1,31,34,1534,3.0,2.075,0.02,0.193,3.199,0.01,REVOKED
core_breakdown,1000,500,50,1,31,35,1535,2.931,2.046,0.023,0.197,3.295,0.006,REVOKED
core_breakdown,1000,500,50,1,31,36,1536,2.946,2.023,0.02,0.193,3.34,0.006,REVOKED
core_breakdown,1000,500,50,1,31,37,1537,2.895,1.963,0.026,0.195,3.253,0.007,REVOKED
core_breakdown,1000,500,50,1,31,38,1538,2.916,2.007,0.025,0.189,3.285,0.006,REVOKED
core_breakdown,1000,500,50,1,31,39,1539,2.962,2.045,0.023,0.201,3.339,0.006,REVOKED
core_breakdown,1000,500,50,1,31,40,1540,2.994,2.049,0.021,0.232,3.341,0.006,REVOKED
core_breakdown,1000,500,50,1,31,41,1541,2.979,2.087,0.019,0.218,3.385,0.006,REVOKED
core_breakdown,1000,500,50,1,31,42,1542,3.095,2.106,0.025,0.223,3.378,0.006,REVOKED
core_breakdown,1000,500,50,1,31,43,1543,3.162,2.146,0.019,0.213,3.5,0.006,REVOKED
core_breakdown,1000,500,50,1,31,44,1544,3.03,2.093,0.018,0.217,3.29,0.005,REVOKED
core_breakdown,1000,500,50,1,31,45,1545,2.957,2.025,0.019,0.204,3.383,0.006,REVOKED
core_breakdown,1000,500,50,1,31,46,1546,3.011,2.083,0.023,0.213,3.355,0.005,REVOKED
core_breakdown,1000,500,50,1,31,47,1547,3.081,2.081,0.027,0.205,3.445,0.007,REVOKED
core_breakdown,1000,500,50,1,31,48,1548,2.987,2.083,0.025,0.198,3.273,0.005,REVOKED
core_breakdown,1000,500,50,1,31,49,1549,2.903,1.999,0.022,0.201,3.255,0.01,REVOKED
core_breakdown,1000,500,50,1,31,50,1550,2.947,2.038,0.023,0.196,3.279,0.006,REVOKED
core_breakdown,1000,500,50,2,32,1,1551,6.517,4.155,0.272,0.485,7.035,0.067,REVOKED
core_breakdown,1000,500,50,2,32,2,1552,5.725,3.685,0.077,0.401,6.167,0.026,REVOKED
core_breakdown,1000,500,50,2,32,3,1553,4.828,3.267,0.03,0.338,5.086,0.021,REVOKED
core_breakdown,1000,500,50,2,32,4,1554,4.782,3.243,0.081,0.226,4.697,0.012,REVOKED
core_breakdown,1000,500,50,2,32,5,1555,4.66,3.244,0.074,0.262,4.408,0.011,REVOKED
core_breakdown,1000,500,50,2,32,6,1556,4.027,2.735,0.047,0.277,4.255,0.008,REVOKED
core_breakdown,1000,500,50,2,32,7,1557,3.606,2.46,0.035,0.24,3.933,0.008,REVOKED
core_breakdown,1000,500,50,2,32,8,1558,3.552,2.443,0.038,0.224,3.911,0.007,REVOKED
core_breakdown,1000,500,50,2,32,9,1559,3.544,2.434,0.039,0.245,3.907,0.009,REVOKED
core_breakdown,1000,500,50,2,32,10,1560,3.515,2.407,0.038,0.242,3.805,0.007,REVOKED
core_breakdown,1000,500,50,2,32,11,1561,3.423,2.349,0.032,0.217,3.785,0.006,REVOKED
core_breakdown,1000,500,50,2,32,12,1562,3.371,2.302,0.028,0.229,3.724,0.017,REVOKED
core_breakdown,1000,500,50,2,32,13,1563,3.681,2.472,0.073,0.221,3.427,0.014,REVOKED
core_breakdown,1000,500,50,2,32,14,1564,3.09,2.142,0.036,0.202,3.481,0.007,REVOKED
core_breakdown,1000,500,50,2,32,15,1565,3.01,2.076,0.03,0.194,3.373,0.007,REVOKED
core_breakdown,1000,500,50,2,32,16,1566,2.679,1.803,0.036,0.196,3.009,0.011,REVOKED
core_breakdown,1000,500,50,2,32,17,1567,2.643,1.826,0.028,0.19,3.068,0.008,REVOKED
core_breakdown,1000,500,50,2,32,18,1568,2.642,1.79,0.028,0.179,3.012,0.007,REVOKED
core_breakdown,1000,500,50,2,32,19,1569,2.617,1.78,0.039,0.166,3.025,0.006,REVOKED
core_breakdown,1000,500,50,2,32,20,1570,2.615,1.757,0.025,0.196,2.987,0.006,REVOKED
core_breakdown,1000,500,50,2,32,21,1571,2.621,1.813,0.022,0.175,2.902,0.006,REVOKED
core_breakdown,1000,500,50,2,32,22,1572,2.66,1.839,0.026,0.168,2.987,0.007,REVOKED
core_breakdown,1000,500,50,2,32,23,1573,2.6,1.781,0.028,0.172,3.048,0.011,REVOKED
core_breakdown,1000,500,50,2,32,24,1574,2.67,1.843,0.026,0.189,3.039,0.007,REVOKED
core_breakdown,1000,500,50,2,32,25,1575,2.629,1.8,0.022,0.182,2.97,0.008,REVOKED
core_breakdown,1000,500,50,2,32,26,1576,2.573,1.784,0.023,0.179,2.977,0.006,REVOKED
core_breakdown,1000,500,50,2,32,27,1577,2.606,1.782,0.027,0.184,2.935,0.006,REVOKED
core_breakdown,1000,500,50,2,32,28,1578,2.56,1.756,0.025,0.19,3.018,0.006,REVOKED
core_breakdown,1000,500,50,2,32,29,1579,2.593,1.765,0.023,0.202,3.234,0.006,REVOKED
core_breakdown,1000,500,50,2,32,30,1580,2.946,2.01,0.023,0.198,3.349,0.006,REVOKED
core_breakdown,1000,500,50,2,32,31,1581,2.952,2.033,0.022,0.2,3.317,0.006,REVOKED
core_breakdown,1000,500,50,2,32,32,1582,2.919,1.991,0.024,0.191,3.378,0.006,REVOKED
core_breakdown,1000,500,50,2,32,33,1583,2.936,2.039,0.019,0.198,3.342,0.005,REVOKED
core_breakdown,1000,500,50,2,32,34,1584,2.924,1.987,0.023,0.213,3.311,0.006,REVOKED
core_breakdown,1000,500,50,2,32,35,1585,2.96,2.002,0.026,0.193,3.297,0.006,REVOKED
core_breakdown,1000,500,50,2,32,36,1586,2.932,2.02,0.021,0.196,3.308,0.006,REVOKED
core_breakdown,1000,500,50,2,32,37,1587,2.945,2.031,0.021,0.194,3.22,0.005,REVOKED
core_breakdown,1000,500,50,2,32,38,1588,3.017,2.051,0.022,0.199,3.321,0.005,REVOKED
core_breakdown,1000,500,50,2,32,39,1589,2.961,2.065,0.02,0.195,6.141,0.007,REVOKED
core_breakdown,1000,500,50,2,32,40,1590,2.996,2.063,0.02,0.188,3.326,0.006,REVOKED
core_breakdown,1000,500,50,2,32,41,1591,2.959,2.05,0.028,0.197,3.368,0.006,REVOKED
core_breakdown,1000,500,50,2,32,42,1592,2.952,2.039,0.021,0.197,3.355,0.006,REVOKED
core_breakdown,1000,500,50,2,32,43,1593,3.009,2.068,0.019,0.199,3.302,0.006,REVOKED
core_breakdown,1000,500,50,2,32,44,1594,3.026,2.119,0.025,0.201,3.31,0.007,REVOKED
core_breakdown,1000,500,50,2,32,45,1595,2.92,2.032,0.021,0.221,3.233,0.006,REVOKED
core_breakdown,1000,500,50,2,32,46,1596,2.98,2.066,0.025,0.206,3.305,0.006,REVOKED
core_breakdown,1000,500,50,2,32,47,1597,2.95,1.998,0.02,0.208,3.312,0.006,REVOKED
core_breakdown,1000,500,50,2,32,48,1598,2.996,2.075,0.023,0.214,3.378,0.005,REVOKED
core_breakdown,1000,500,50,2,32,49,1599,2.942,2.021,0.023,0.213,3.314,0.01,REVOKED
core_breakdown,1000,500,50,2,32,50,1600,3.024,2.117,0.02,0.201,3.42,0.006,REVOKED
core_breakdown,1000,500,50,3,33,1,1601,6.533,4.201,0.259,0.486,5.722,0.05,REVOKED
core_breakdown,1000,500,50,3,33,2,1602,6.294,4.15,0.126,0.373,6.089,0.025,REVOKED
core_breakdown,1000,500,50,3,33,3,1603,4.885,3.316,0.04,0.329,5.228,0.017,REVOKED
core_breakdown,1000,500,50,3,33,4,1604,3.755,2.518,0.054,0.246,4.039,0.01,REVOKED
core_breakdown,1000,500,50,3,33,5,1605,3.659,2.497,0.036,0.245,4.005,0.008,REVOKED
core_breakdown,1000,500,50,3,33,6,1606,3.622,2.472,0.035,0.243,4.094,0.009,REVOKED
core_breakdown,1000,500,50,3,33,7,1607,3.643,2.497,0.039,0.252,4.017,0.009,REVOKED
core_breakdown,1000,500,50,3,33,8,1608,3.624,2.477,0.037,0.23,3.906,0.007,REVOKED
core_breakdown,1000,500,50,3,33,9,1609,3.589,2.469,0.036,0.239,3.901,0.009,REVOKED
core_breakdown,1000,500,50,3,33,10,1610,3.554,2.431,0.035,0.241,3.836,0.008,REVOKED
core_breakdown,1000,500,50,3,33,11,1611,3.523,2.401,0.036,0.225,3.792,0.008,REVOKED
core_breakdown,1000,500,50,3,33,12,1612,3.473,2.383,0.032,0.228,3.694,0.008,REVOKED
core_breakdown,1000,500,50,3,33,13,1613,3.49,2.352,0.084,0.231,3.469,0.019,REVOKED
core_breakdown,1000,500,50,3,33,14,1614,3.054,2.074,0.029,0.207,3.38,0.008,REVOKED
core_breakdown,1000,500,50,3,33,15,1615,2.975,2.02,0.035,0.195,3.237,0.007,REVOKED
core_breakdown,1000,500,50,3,33,16,1616,3.017,2.039,0.029,0.2,3.298,0.008,REVOKED
core_breakdown,1000,500,50,3,33,17,1617,2.989,2.065,0.025,0.2,3.351,0.007,REVOKED
core_breakdown,1000,500,50,3,33,18,1618,2.983,2.055,0.023,0.224,3.392,0.006,REVOKED
core_breakdown,1000,500,50,3,33,19,1619,3.473,2.46,0.025,0.178,2.906,0.008,REVOKED
core_breakdown,1000,500,50,3,33,20,1620,3.171,2.207,0.03,0.196,3.301,0.007,REVOKED
core_breakdown,1000,500,50,3,33,21,1621,3.021,2.074,0.028,0.219,3.372,0.007,REVOKED
core_breakdown,1000,500,50,3,33,22,1622,2.989,2.011,0.031,0.211,3.319,0.006,REVOKED
core_breakdown,1000,500,50,3,33,23,1623,2.925,2.001,0.024,0.203,3.304,0.013,REVOKED
core_breakdown,1000,500,50,3,33,24,1624,2.948,2.015,0.023,0.19,3.431,0.005,REVOKED
core_breakdown,1000,500,50,3,33,25,1625,2.666,1.762,0.028,0.176,2.91,0.01,REVOKED
core_breakdown,1000,500,50,3,33,26,1626,2.644,1.804,0.022,0.209,3.438,0.006,REVOKED
core_breakdown,1000,500,50,3,33,27,1627,2.954,2.026,0.024,0.197,3.283,0.006,REVOKED
core_breakdown,1000,500,50,3,33,28,1628,2.969,2.061,0.024,0.198,3.226,0.007,REVOKED
core_breakdown,1000,500,50,3,33,29,1629,2.958,2.022,0.023,0.196,3.373,0.008,REVOKED
core_breakdown,1000,500,50,3,33,30,1630,2.978,2.073,0.022,0.197,3.278,0.006,REVOKED
core_breakdown,1000,500,50,3,33,31,1631,2.998,2.032,0.024,0.188,3.294,0.007,REVOKED
core_breakdown,1000,500,50,3,33,32,1632,2.958,2.016,0.024,0.193,3.334,0.006,REVOKED
core_breakdown,1000,500,50,3,33,33,1633,2.989,2.013,0.028,0.195,3.629,0.007,REVOKED
core_breakdown,1000,500,50,3,33,34,1634,2.981,2.064,0.026,0.193,3.354,0.007,REVOKED
core_breakdown,1000,500,50,3,33,35,1635,3.036,2.106,0.03,0.198,3.351,0.006,REVOKED
core_breakdown,1000,500,50,3,33,36,1636,2.958,2.038,0.025,0.197,3.448,0.006,REVOKED
core_breakdown,1000,500,50,3,33,37,1637,2.91,1.979,0.027,0.186,3.334,0.005,REVOKED
core_breakdown,1000,500,50,3,33,38,1638,3.038,2.063,0.022,0.198,3.329,0.005,REVOKED
core_breakdown,1000,500,50,3,33,39,1639,3.028,2.108,0.023,0.196,3.279,0.006,REVOKED
core_breakdown,1000,500,50,3,33,40,1640,2.979,2.026,0.024,0.192,3.34,0.006,REVOKED
core_breakdown,1000,500,50,3,33,41,1641,2.967,2.043,0.029,0.248,3.341,0.006,REVOKED
core_breakdown,1000,500,50,3,33,42,1642,2.988,2.048,0.027,0.199,3.271,0.006,REVOKED
core_breakdown,1000,500,50,3,33,43,1643,2.958,2.042,0.022,0.211,3.272,0.006,REVOKED
core_breakdown,1000,500,50,3,33,44,1644,2.935,2.021,0.02,0.194,3.262,0.005,REVOKED
core_breakdown,1000,500,50,3,33,45,1645,2.969,2.038,0.025,0.186,3.313,0.006,REVOKED
core_breakdown,1000,500,50,3,33,46,1646,2.905,1.985,0.02,0.186,3.306,0.006,REVOKED
core_breakdown,1000,500,50,3,33,47,1647,2.942,1.997,0.021,0.206,3.392,0.006,REVOKED
core_breakdown,1000,500,50,3,33,48,1648,3.003,2.066,0.018,0.199,3.329,0.006,REVOKED
core_breakdown,1000,500,50,3,33,49,1649,2.972,2.014,0.026,0.193,3.284,0.012,REVOKED
core_breakdown,1000,500,50,3,33,50,1650,2.991,2.045,0.026,0.198,3.257,0.005,REVOKED
core_breakdown,1000,500,50,4,34,1,1651,6.105,3.85,0.155,0.424,6.587,0.03,REVOKED
core_breakdown,1000,500,50,4,34,2,1652,5.157,3.492,0.054,0.369,5.188,0.012,REVOKED
core_breakdown,1000,500,50,4,34,3,1653,4.261,2.858,0.025,0.305,4.218,0.007,REVOKED
core_breakdown,1000,500,50,4,34,4,1654,3.886,2.655,0.023,0.266,4.301,0.007,REVOKED
core_breakdown,1000,500,50,4,34,5,1655,3.799,2.606,0.033,0.265,4.009,0.006,REVOKED
core_breakdown,1000,500,50,4,34,6,1656,3.65,2.494,0.034,0.238,3.761,0.006,REVOKED
core_breakdown,1000,500,50,4,34,7,1657,3.495,2.402,0.023,0.303,3.776,0.005,REVOKED
core_breakdown,1000,500,50,4,34,8,1658,3.467,2.39,0.022,0.264,3.802,0.007,REVOKED
core_breakdown,1000,500,50,4,34,9,1659,3.375,2.332,0.022,0.211,3.335,0.006,REVOKED
core_breakdown,1000,500,50,4,34,10,1660,3.06,2.091,0.028,0.195,3.352,0.006,REVOKED
core_breakdown,1000,500,50,4,34,11,1661,2.98,2.046,0.023,0.2,3.377,0.005,REVOKED
core_breakdown,1000,500,50,4,34,12,1662,2.973,2.01,0.025,0.198,3.403,0.007,REVOKED
core_breakdown,1000,500,50,4,34,13,1663,2.953,2.009,0.024,0.195,3.265,0.007,REVOKED
core_breakdown,1000,500,50,4,34,14,1664,3.002,2.047,0.023,0.192,3.306,0.006,REVOKED
core_breakdown,1000,500,50,4,34,15,1665,3.962,2.475,0.03,0.208,3.351,0.006,REVOKED
core_breakdown,1000,500,50,4,34,16,1666,2.921,1.992,0.025,0.188,3.307,0.007,REVOKED
core_breakdown,1000,500,50,4,34,17,1667,2.897,1.999,0.023,0.199,3.233,0.006,REVOKED
core_breakdown,1000,500,50,4,34,18,1668,3.059,2.073,0.023,0.196,3.237,0.005,REVOKED
core_breakdown,1000,500,50,4,34,19,1669,2.948,2.001,0.025,0.205,3.275,0.006,REVOKED
core_breakdown,1000,500,50,4,34,20,1670,2.958,2.081,0.02,0.205,3.227,0.006,REVOKED
core_breakdown,1000,500,50,4,34,21,1671,2.89,2.002,0.02,0.193,3.3,0.006,REVOKED
core_breakdown,1000,500,50,4,34,22,1672,2.959,2.035,0.025,0.203,3.247,0.005,REVOKED
core_breakdown,1000,500,50,4,34,23,1673,2.948,2.01,0.022,0.193,3.325,0.005,REVOKED
core_breakdown,1000,500,50,4,34,24,1674,2.894,1.977,0.027,0.196,3.27,0.006,REVOKED
core_breakdown,1000,500,50,4,34,25,1675,2.946,2.047,0.023,0.185,3.493,0.008,REVOKED
core_breakdown,1000,500,50,4,34,26,1676,2.921,1.999,0.023,0.198,3.384,0.006,REVOKED
core_breakdown,1000,500,50,4,34,27,1677,2.936,2.008,0.02,0.204,3.34,0.006,REVOKED
core_breakdown,1000,500,50,4,34,28,1678,2.969,2.026,0.027,0.207,3.412,0.006,REVOKED
core_breakdown,1000,500,50,4,34,29,1679,2.999,2.083,0.021,0.204,3.426,0.005,REVOKED
core_breakdown,1000,500,50,4,34,30,1680,3.044,2.085,0.02,0.209,3.343,0.007,REVOKED
core_breakdown,1000,500,50,4,34,31,1681,2.955,2.029,0.027,0.193,3.3,0.007,REVOKED
core_breakdown,1000,500,50,4,34,32,1682,2.99,2.034,0.021,0.206,3.358,0.006,REVOKED
core_breakdown,1000,500,50,4,34,33,1683,2.952,2.05,0.021,0.189,3.33,0.006,REVOKED
core_breakdown,1000,500,50,4,34,34,1684,2.959,2.024,0.021,0.188,3.2,0.005,REVOKED
core_breakdown,1000,500,50,4,34,35,1685,2.957,2.051,0.024,0.199,3.3,0.006,REVOKED
core_breakdown,1000,500,50,4,34,36,1686,2.938,2.006,0.023,0.214,3.367,0.006,REVOKED
core_breakdown,1000,500,50,4,34,37,1687,2.942,2.044,0.021,0.225,3.261,0.006,REVOKED
core_breakdown,1000,500,50,4,34,38,1688,2.9,1.992,0.021,0.195,3.225,0.005,REVOKED
core_breakdown,1000,500,50,4,34,39,1689,2.931,2.018,0.021,0.198,3.282,0.006,REVOKED
core_breakdown,1000,500,50,4,34,40,1690,3.074,2.04,0.027,0.192,3.292,0.005,REVOKED
core_breakdown,1000,500,50,4,34,41,1691,2.925,2.018,0.023,0.214,3.267,0.006,REVOKED
core_breakdown,1000,500,50,4,34,42,1692,2.941,2.013,0.024,0.192,3.225,0.006,REVOKED
core_breakdown,1000,500,50,4,34,43,1693,3.029,2.058,0.047,0.195,3.273,0.006,REVOKED
core_breakdown,1000,500,50,4,34,44,1694,2.976,2.025,0.026,0.186,3.228,0.006,REVOKED
core_breakdown,1000,500,50,4,34,45,1695,2.973,2.049,0.022,0.198,3.254,0.006,REVOKED
core_breakdown,1000,500,50,4,34,46,1696,2.95,2.025,0.022,0.192,3.312,0.006,REVOKED
core_breakdown,1000,500,50,4,34,47,1697,2.984,2.067,0.024,0.202,3.212,0.006,REVOKED
core_breakdown,1000,500,50,4,34,48,1698,2.968,2.019,0.02,0.203,3.215,0.006,REVOKED
core_breakdown,1000,500,50,4,34,49,1699,2.904,2.009,0.019,0.196,3.265,0.014,REVOKED
core_breakdown,1000,500,50,4,34,50,1700,2.937,1.996,0.029,0.206,3.267,0.007,REVOKED
core_breakdown,1000,500,50,5,35,1,1701,5.917,3.809,0.277,0.45,7.631,0.065,REVOKED
core_breakdown,1000,500,50,5,35,2,1702,5.948,4.018,0.118,0.389,5.872,0.025,REVOKED
core_breakdown,1000,500,50,5,35,3,1703,4.939,3.299,0.08,0.224,5.19,0.017,REVOKED
core_breakdown,1000,500,50,5,35,4,1704,4.128,2.811,0.049,0.28,4.418,0.01,REVOKED
core_breakdown,1000,500,50,5,35,5,1705,3.892,2.61,0.047,0.264,4.441,0.011,REVOKED
core_breakdown,1000,500,50,5,35,6,1706,3.986,2.697,0.045,0.247,4.045,0.008,REVOKED
core_breakdown,1000,500,50,5,35,7,1707,3.647,2.48,0.041,0.255,4.002,0.009,REVOKED
core_breakdown,1000,500,50,5,35,8,1708,3.661,2.514,0.036,0.273,3.884,0.007,REVOKED
core_breakdown,1000,500,50,5,35,9,1709,3.421,2.349,0.033,0.22,3.803,0.007,REVOKED
core_breakdown,1000,500,50,5,35,10,1710,3.447,2.377,0.029,0.215,3.838,0.008,REVOKED
core_breakdown,1000,500,50,5,35,11,1711,3.524,2.421,0.042,0.234,3.855,0.008,REVOKED
core_breakdown,1000,500,50,5,35,12,1712,3.447,2.361,0.037,0.223,3.71,0.006,REVOKED
core_breakdown,1000,500,50,5,35,13,1713,3.437,2.313,0.078,0.244,3.49,0.018,REVOKED
core_breakdown,1000,500,50,5,35,14,1714,3.04,2.066,0.034,0.196,3.341,0.009,REVOKED
core_breakdown,1000,500,50,5,35,15,1715,2.959,2.032,0.023,0.189,3.332,0.008,REVOKED
core_breakdown,1000,500,50,5,35,16,1716,2.998,2.042,0.023,0.195,3.311,0.006,REVOKED
core_breakdown,1000,500,50,5,35,17,1717,3.035,2.072,0.036,0.206,3.406,0.006,REVOKED
core_breakdown,1000,500,50,5,35,18,1718,2.968,2.042,0.026,0.194,3.431,0.006,REVOKED
core_breakdown,1000,500,50,5,35,19,1719,2.935,2.025,0.021,0.201,3.253,0.007,REVOKED
core_breakdown,1000,500,50,5,35,20,1720,2.979,2.046,0.027,0.196,3.307,0.006,REVOKED
core_breakdown,1000,500,50,5,35,21,1721,2.943,1.976,0.029,0.199,3.354,0.006,REVOKED
core_breakdown,1000,500,50,5,35,22,1722,2.971,1.999,0.02,0.191,3.287,0.005,REVOKED
core_breakdown,1000,500,50,5,35,23,1723,2.93,2.014,0.024,0.203,3.268,0.006,REVOKED
core_breakdown,1000,500,50,5,35,24,1724,2.994,2.077,0.024,0.195,3.299,0.007,REVOKED
core_breakdown,1000,500,50,5,35,25,1725,3.021,2.096,0.025,0.202,3.295,0.01,REVOKED
core_breakdown,1000,500,50,5,35,26,1726,2.971,2.027,0.029,0.193,3.337,0.006,REVOKED
core_breakdown,1000,500,50,5,35,27,1727,2.931,2.025,0.023,0.19,3.342,0.006,REVOKED
core_breakdown,1000,500,50,5,35,28,1728,2.92,1.995,0.024,0.201,3.308,0.005,REVOKED
core_breakdown,1000,500,50,5,35,29,1729,2.969,2.053,0.022,0.203,3.324,0.008,REVOKED
core_breakdown,1000,500,50,5,35,30,1730,2.976,2.077,0.029,0.203,3.297,0.006,REVOKED
core_breakdown,1000,500,50,5,35,31,1731,2.905,1.997,0.028,0.195,3.343,0.006,REVOKED
core_breakdown,1000,500,50,5,35,32,1732,2.973,2.032,0.023,0.201,3.313,0.005,REVOKED
core_breakdown,1000,500,50,5,35,33,1733,2.946,1.964,0.028,0.187,3.523,0.007,REVOKED
core_breakdown,1000,500,50,5,35,34,1734,2.958,2.037,0.022,0.195,3.242,0.005,REVOKED
core_breakdown,1000,500,50,5,35,35,1735,2.99,2.066,0.022,0.205,3.271,0.006,REVOKED
core_breakdown,1000,500,50,5,35,36,1736,2.976,2.046,0.027,0.188,3.278,0.01,REVOKED
core_breakdown,1000,500,50,5,35,37,1737,2.934,2.014,0.025,0.191,3.267,0.006,REVOKED
core_breakdown,1000,500,50,5,35,38,1738,2.903,1.986,0.02,0.189,3.334,0.005,REVOKED
core_breakdown,1000,500,50,5,35,39,1739,2.997,2.065,0.025,0.213,3.224,0.009,REVOKED
core_breakdown,1000,500,50,5,35,40,1740,2.94,2.048,0.022,0.203,3.307,0.005,REVOKED
core_breakdown,1000,500,50,5,35,41,1741,2.924,1.988,0.025,0.19,3.393,0.007,REVOKED
core_breakdown,1000,500,50,5,35,42,1742,2.986,2.078,0.019,0.227,3.418,0.006,REVOKED
core_breakdown,1000,500,50,5,35,43,1743,2.924,2.022,0.024,0.186,3.283,0.007,REVOKED
core_breakdown,1000,500,50,5,35,44,1744,2.95,2.026,0.026,0.212,3.327,0.006,REVOKED
core_breakdown,1000,500,50,5,35,45,1745,2.983,2.049,0.023,0.203,3.312,0.006,REVOKED
core_breakdown,1000,500,50,5,35,46,1746,2.943,2.014,0.019,0.194,3.289,0.006,REVOKED
core_breakdown,1000,500,50,5,35,47,1747,2.926,2.016,0.024,0.191,3.304,0.005,REVOKED
core_breakdown,1000,500,50,5,35,48,1748,2.985,2.045,0.026,0.186,3.378,0.007,REVOKED
core_breakdown,1000,500,50,5,35,49,1749,2.98,2.055,0.026,0.198,3.283,0.012,REVOKED
core_breakdown,1000,500,50,5,35,50,1750,2.917,1.996,0.023,0.207,3.338,0.006,REVOKED
core_breakdown,1000,500,50,6,36,1,1751,7.262,4.136,0.26,0.49,8.822,0.07,REVOKED
core_breakdown,1000,500,50,6,36,2,1752,5.975,4.043,0.137,0.403,5.937,0.027,REVOKED
core_breakdown,1000,500,50,6,36,3,1753,4.956,3.315,0.082,0.315,5.262,0.021,REVOKED
core_breakdown,1000,500,50,6,36,4,1754,4.618,3.17,0.052,0.28,4.483,0.013,REVOKED
core_breakdown,1000,500,50,6,36,5,1755,3.902,2.592,0.049,0.248,4.148,0.012,REVOKED
core_breakdown,1000,500,50,6,36,6,1756,3.647,2.481,0.071,0.246,3.904,0.009,REVOKED
core_breakdown,1000,500,50,6,36,7,1757,3.587,2.45,0.04,0.223,3.89,0.008,REVOKED
core_breakdown,1000,500,50,6,36,8,1758,3.557,2.447,0.033,0.22,3.774,0.007,REVOKED
core_breakdown,1000,500,50,6,36,9,1759,3.435,2.348,0.028,0.241,3.988,0.008,REVOKED
core_breakdown,1000,500,50,6,36,10,1760,3.466,2.392,0.039,0.225,3.846,0.008,REVOKED
core_breakdown,1000,500,50,6,36,11,1761,3.581,2.445,0.059,0.235,3.906,0.013,REVOKED
core_breakdown,1000,500,50,6,36,12,1762,3.429,2.328,0.078,0.263,4.134,0.015,REVOKED
core_breakdown,1000,500,50,6,36,13,1763,3.086,2.095,0.043,0.204,3.419,0.011,REVOKED
core_breakdown,1000,500,50,6,36,14,1764,2.981,2.047,0.029,0.191,3.527,0.007,REVOKED
core_breakdown,1000,500,50,6,36,15,1765,2.974,2.038,0.025,0.19,3.515,0.007,REVOKED
core_breakdown,1000,500,50,6,36,16,1766,2.956,2.013,0.034,0.2,3.372,0.007,REVOKED
core_breakdown,1000,500,50,6,36,17,1767,2.963,2.039,0.024,0.196,3.332,0.007,REVOKED
core_breakdown,1000,500,50,6,36,18,1768,3.038,2.116,0.025,0.202,3.273,0.007,REVOKED
core_breakdown,1000,500,50,6,36,19,1769,2.915,1.986,0.024,0.207,3.335,0.006,REVOKED
core_breakdown,1000,500,50,6,36,20,1770,3.005,2.037,0.022,0.212,3.315,0.005,REVOKED
core_breakdown,1000,500,50,6,36,21,1771,2.925,1.98,0.021,0.207,3.436,0.006,REVOKED
core_breakdown,1000,500,50,6,36,22,1772,3.256,2.226,0.028,0.224,3.569,0.009,REVOKED
core_breakdown,1000,500,50,6,36,23,1773,3.18,2.172,0.029,0.21,3.664,0.009,REVOKED
core_breakdown,1000,500,50,6,36,24,1774,3.2,2.251,0.031,0.218,3.811,0.01,REVOKED
core_breakdown,1000,500,50,6,36,25,1775,3.294,2.231,0.032,0.22,3.914,0.012,REVOKED
core_breakdown,1000,500,50,6,36,26,1776,3.723,2.625,0.03,0.275,4.21,0.008,REVOKED
core_breakdown,1000,500,50,6,36,27,1777,3.857,2.766,0.034,0.226,3.778,0.008,REVOKED
core_breakdown,1000,500,50,6,36,28,1778,3.166,2.151,0.03,0.222,3.837,0.008,REVOKED
core_breakdown,1000,500,50,6,36,29,1779,3.282,2.233,0.034,0.232,3.987,0.007,REVOKED
core_breakdown,1000,500,50,6,36,30,1780,2.792,1.904,0.035,0.266,3.981,0.008,REVOKED
core_breakdown,1000,500,50,6,36,31,1781,3.454,2.431,0.035,0.236,4.468,0.008,REVOKED
core_breakdown,1000,500,50,6,36,32,1782,3.967,2.827,0.036,0.24,4.229,0.008,REVOKED
core_breakdown,1000,500,50,6,36,33,1783,4.115,2.931,0.038,0.26,4.778,0.009,REVOKED
core_breakdown,1000,500,50,6,36,34,1784,4.217,2.914,0.043,0.252,3.725,0.009,REVOKED
core_breakdown,1000,500,50,6,36,35,1785,2.988,2.026,0.028,0.204,3.537,0.007,REVOKED
core_breakdown,1000,500,50,6,36,36,1786,3.06,2.049,0.037,0.2,3.331,0.006,REVOKED
core_breakdown,1000,500,50,6,36,37,1787,2.93,1.986,0.024,0.231,3.357,0.015,REVOKED
core_breakdown,1000,500,50,6,36,38,1788,2.94,2.016,0.028,0.192,3.319,0.006,REVOKED
core_breakdown,1000,500,50,6,36,39,1789,2.953,2.052,0.023,0.199,3.287,0.006,REVOKED
core_breakdown,1000,500,50,6,36,40,1790,2.95,2.037,0.027,0.197,3.322,0.005,REVOKED
core_breakdown,1000,500,50,6,36,41,1791,2.901,1.983,0.025,0.196,3.408,0.006,REVOKED
core_breakdown,1000,500,50,6,36,42,1792,2.932,2.011,0.02,0.205,3.256,0.006,REVOKED
core_breakdown,1000,500,50,6,36,43,1793,2.945,2.043,0.023,0.189,3.323,0.007,REVOKED
core_breakdown,1000,500,50,6,36,44,1794,2.942,2.03,0.027,0.189,3.278,0.006,REVOKED
core_breakdown,1000,500,50,6,36,45,1795,2.904,2.023,0.021,0.189,3.29,0.006,REVOKED
core_breakdown,1000,500,50,6,36,46,1796,2.965,2.055,0.023,0.198,3.313,0.012,REVOKED
core_breakdown,1000,500,50,6,36,47,1797,2.908,2.004,0.029,0.203,3.303,0.007,REVOKED
core_breakdown,1000,500,50,6,36,48,1798,3.035,2.083,0.021,0.226,3.474,0.005,REVOKED
core_breakdown,1000,500,50,6,36,49,1799,3.18,2.161,0.027,0.207,3.431,0.012,REVOKED
core_breakdown,1000,500,50,6,36,50,1800,3.012,2.063,0.025,0.197,3.364,0.006,REVOKED
core_breakdown,1000,500,50,7,37,1,1801,6.498,4.029,0.249,0.49,6.874,0.053,REVOKED
core_breakdown,1000,500,50,7,37,2,1802,5.817,3.644,0.131,0.33,5.11,0.017,REVOKED
core_breakdown,1000,500,50,7,37,3,1803,4.092,2.771,0.05,0.273,4.189,0.01,REVOKED
core_breakdown,1000,500,50,7,37,4,1804,3.65,2.481,0.051,0.247,4.051,0.008,REVOKED
core_breakdown,1000,500,50,7,37,5,1805,3.631,2.491,0.038,0.24,4.027,0.009,REVOKED
core_breakdown,1000,500,50,7,37,6,1806,3.592,2.458,0.036,0.249,4.553,0.02,REVOKED
core_breakdown,1000,500,50,7,37,7,1807,3.814,2.542,0.089,0.242,4.548,0.018,REVOKED
core_breakdown,1000,500,50,7,37,8,1808,4.235,2.987,0.048,0.225,4.48,0.01,REVOKED
core_breakdown,1000,500,50,7,37,9,1809,3.694,2.524,0.042,0.256,4.294,0.009,REVOKED
core_breakdown,1000,500,50,7,37,10,1810,3.956,2.78,0.038,0.314,4.676,0.011,REVOKED
core_breakdown,1000,500,50,7,37,11,1811,3.621,2.514,0.034,0.236,3.835,0.007,REVOKED
core_breakdown,1000,500,50,7,37,12,1812,3.351,2.266,0.03,0.214,3.602,0.007,REVOKED
core_breakdown,1000,500,50,7,37,13,1813,3.267,2.235,0.02,0.206,3.637,0.006,REVOKED
core_breakdown,1000,500,50,7,37,14,1814,3.356,2.363,0.025,0.214,3.557,0.007,REVOKED
core_breakdown,1000,500,50,7,37,15,1815,3.309,2.289,0.019,0.223,3.573,0.007,REVOKED
core_breakdown,1000,500,50,7,37,16,1816,3.225,2.23,0.022,0.239,3.458,0.005,REVOKED
core_breakdown,1000,500,50,7,37,17,1817,2.948,2.0,0.028,0.207,3.369,0.007,REVOKED
core_breakdown,1000,500,50,7,37,18,1818,2.966,2.037,0.023,0.2,3.287,0.007,REVOKED
core_breakdown,1000,500,50,7,37,19,1819,2.927,2.006,0.021,0.2,3.348,0.006,REVOKED
core_breakdown,1000,500,50,7,37,20,1820,2.966,2.014,0.027,0.202,3.294,0.006,REVOKED
core_breakdown,1000,500,50,7,37,21,1821,2.918,2.016,0.022,0.192,3.377,0.006,REVOKED
core_breakdown,1000,500,50,7,37,22,1822,2.909,1.995,0.023,0.197,3.522,0.006,REVOKED
core_breakdown,1000,500,50,7,37,23,1823,3.165,2.126,0.03,0.197,3.482,0.008,REVOKED
core_breakdown,1000,500,50,7,37,24,1824,3.053,2.09,0.029,0.195,3.473,0.007,REVOKED
core_breakdown,1000,500,50,7,37,25,1825,3.046,2.1,0.022,0.212,3.397,0.008,REVOKED
core_breakdown,1000,500,50,7,37,26,1826,2.98,2.017,0.022,0.222,3.405,0.007,REVOKED
core_breakdown,1000,500,50,7,37,27,1827,2.939,2.024,0.031,0.191,3.385,0.007,REVOKED
core_breakdown,1000,500,50,7,37,28,1828,2.955,2.002,0.023,0.19,3.423,0.006,REVOKED
core_breakdown,1000,500,50,7,37,29,1829,2.988,2.054,0.027,0.207,3.313,0.006,REVOKED
core_breakdown,1000,500,50,7,37,30,1830,2.952,2.003,0.02,0.196,3.324,0.006,REVOKED
core_breakdown,1000,500,50,7,37,31,1831,2.999,2.092,0.02,0.202,3.353,0.005,REVOKED
core_breakdown,1000,500,50,7,37,32,1832,2.977,2.032,0.025,0.208,3.29,0.005,REVOKED
core_breakdown,1000,500,50,7,37,33,1833,2.949,2.011,0.024,0.196,3.326,0.006,REVOKED
core_breakdown,1000,500,50,7,37,34,1834,2.928,2.025,0.026,0.187,3.315,0.006,REVOKED
core_breakdown,1000,500,50,7,37,35,1835,3.046,2.071,0.021,0.22,3.322,0.006,REVOKED
core_breakdown,1000,500,50,7,37,36,1836,2.937,1.995,0.019,0.2,3.265,0.006,REVOKED
core_breakdown,1000,500,50,7,37,37,1837,2.905,1.995,0.023,0.196,3.282,0.007,REVOKED
core_breakdown,1000,500,50,7,37,38,1838,2.961,2.04,0.027,0.203,3.295,0.006,REVOKED
core_breakdown,1000,500,50,7,37,39,1839,2.912,1.969,0.02,0.203,3.336,0.006,REVOKED
core_breakdown,1000,500,50,7,37,40,1840,2.851,1.958,0.02,0.172,3.26,0.006,REVOKED
core_breakdown,1000,500,50,7,37,41,1841,2.969,2.007,0.025,0.198,3.352,0.005,REVOKED
core_breakdown,1000,500,50,7,37,42,1842,2.949,2.024,0.019,0.198,3.318,0.007,REVOKED
core_breakdown,1000,500,50,7,37,43,1843,2.935,2.04,0.026,0.203,3.479,0.007,REVOKED
core_breakdown,1000,500,50,7,37,44,1844,3.505,2.37,0.028,0.195,3.768,0.009,REVOKED
core_breakdown,1000,500,50,7,37,45,1845,3.028,2.085,0.023,0.191,3.418,0.007,REVOKED
core_breakdown,1000,500,50,7,37,46,1846,3.051,2.076,0.029,0.19,3.297,0.007,REVOKED
core_breakdown,1000,500,50,7,37,47,1847,2.975,2.038,0.024,0.189,3.418,0.007,REVOKED
core_breakdown,1000,500,50,7,37,48,1848,2.984,2.028,0.024,0.231,6.504,0.008,REVOKED
core_breakdown,1000,500,50,7,37,49,1849,3.21,2.196,0.031,0.225,3.48,0.009,REVOKED
core_breakdown,1000,500,50,7,37,50,1850,3.074,2.076,0.033,0.223,3.432,0.007,REVOKED
core_breakdown,1000,500,50,8,38,1,1851,6.899,4.103,0.273,0.436,6.485,0.068,REVOKED
core_breakdown,1000,500,50,8,38,2,1852,6.347,4.189,0.126,0.404,6.383,0.029,REVOKED
core_breakdown,1000,500,50,8,38,3,1853,4.964,3.329,0.077,0.251,4.563,0.015,REVOKED
core_breakdown,1000,500,50,8,38,4,1854,4.325,2.924,0.086,0.327,5.332,0.018,REVOKED
core_breakdown,1000,500,50,8,38,5,1855,4.468,3.004,0.058,0.22,4.215,0.009,REVOKED
core_breakdown,1000,500,50,8,38,6,1856,3.582,2.464,0.038,0.243,3.996,0.008,REVOKED
core_breakdown,1000,500,50,8,38,7,1857,3.471,2.36,0.026,0.225,3.939,0.008,REVOKED
core_breakdown,1000,500,50,8,38,8,1858,3.535,2.412,0.033,0.235,3.942,0.007,REVOKED
core_breakdown,1000,500,50,8,38,9,1859,3.435,2.389,0.028,0.265,4.555,0.015,REVOKED
core_breakdown,1000,500,50,8,38,10,1860,3.915,2.607,0.037,0.227,3.823,0.008,REVOKED
core_breakdown,1000,500,50,8,38,11,1861,3.488,2.352,0.045,0.227,3.793,0.009,REVOKED
core_breakdown,1000,500,50,8,38,12,1862,3.457,2.359,0.033,0.226,3.778,0.017,REVOKED
core_breakdown,1000,500,50,8,38,13,1863,3.096,2.073,0.076,0.215,3.509,0.012,REVOKED
core_breakdown,1000,500,50,8,38,14,1864,3.061,2.069,0.038,0.211,3.347,0.008,REVOKED
core_breakdown,1000,500,50,8,38,15,1865,3.005,2.066,0.027,0.208,3.44,0.008,REVOKED
core_breakdown,1000,500,50,8,38,16,1866,2.953,2.033,0.035,0.212,3.43,0.007,REVOKED
core_breakdown,1000,500,50,8,38,17,1867,2.97,2.038,0.026,0.203,3.378,0.006,REVOKED
core_breakdown,1000,500,50,8,38,18,1868,3.012,2.063,0.029,0.188,3.377,0.006,REVOKED
core_breakdown,1000,500,50,8,38,19,1869,2.97,2.033,0.023,0.197,3.336,0.007,REVOKED
core_breakdown,1000,500,50,8,38,20,1870,2.997,2.01,0.029,0.195,3.383,0.007,REVOKED
core_breakdown,1000,500,50,8,38,21,1871,2.902,1.988,0.022,0.194,3.011,0.007,REVOKED
core_breakdown,1000,500,50,8,38,22,1872,2.545,1.754,0.019,0.175,3.03,0.006,REVOKED
core_breakdown,1000,500,50,8,38,23,1873,2.55,1.744,0.022,0.174,2.991,0.006,REVOKED
core_breakdown,1000,500,50,8,38,24,1874,2.583,1.783,0.022,0.17,3.002,0.006,REVOKED
core_breakdown,1000,500,50,8,38,25,1875,2.651,1.81,0.022,0.163,3.031,0.008,REVOKED
core_breakdown,1000,500,50,8,38,26,1876,2.608,1.765,0.027,0.175,2.998,0.005,REVOKED
core_breakdown,1000,500,50,8,38,27,1877,2.529,1.728,0.024,0.186,3.011,0.006,REVOKED
core_breakdown,1000,500,50,8,38,28,1878,2.551,1.755,0.026,0.177,2.944,0.006,REVOKED
core_breakdown,1000,500,50,8,38,29,1879,2.652,1.839,0.023,0.17,2.966,0.006,REVOKED
core_breakdown,1000,500,50,8,38,30,1880,2.49,1.661,0.021,0.178,2.979,0.005,REVOKED
core_breakdown,1000,500,50,8,38,31,1881,2.555,1.743,0.019,0.182,2.948,0.006,REVOKED
core_breakdown,1000,500,50,8,38,32,1882,2.574,1.787,0.022,0.214,3.056,0.007,REVOKED
core_breakdown,1000,500,50,8,38,33,1883,2.585,1.773,0.02,0.188,2.95,0.006,REVOKED
core_breakdown,1000,500,50,8,38,34,1884,2.662,1.817,0.027,0.182,3.063,0.005,REVOKED
core_breakdown,1000,500,50,8,38,35,1885,2.614,1.778,0.027,0.156,2.998,0.005,REVOKED
core_breakdown,1000,500,50,8,38,36,1886,2.618,1.796,0.038,0.191,3.283,0.006,REVOKED
core_breakdown,1000,500,50,8,38,37,1887,2.961,2.026,0.027,0.189,3.32,0.005,REVOKED
core_breakdown,1000,500,50,8,38,38,1888,2.97,2.049,0.02,0.215,3.38,0.006,REVOKED
core_breakdown,1000,500,50,8,38,39,1889,2.979,2.044,0.025,0.268,3.478,0.007,REVOKED
core_breakdown,1000,500,50,8,38,40,1890,2.947,2.017,0.021,0.199,3.389,0.007,REVOKED
core_breakdown,1000,500,50,8,38,41,1891,2.914,1.99,0.024,0.203,3.384,0.007,REVOKED
core_breakdown,1000,500,50,8,38,42,1892,2.945,2.043,0.022,0.203,3.299,0.006,REVOKED
core_breakdown,1000,500,50,8,38,43,1893,2.996,2.078,0.023,0.193,3.36,0.006,REVOKED
core_breakdown,1000,500,50,8,38,44,1894,2.871,1.974,0.019,0.191,3.324,0.006,REVOKED
core_breakdown,1000,500,50,8,38,45,1895,2.9,1.987,0.018,0.191,3.294,0.006,REVOKED
core_breakdown,1000,500,50,8,38,46,1896,2.916,1.981,0.021,0.217,3.292,0.006,REVOKED
core_breakdown,1000,500,50,8,38,47,1897,2.925,1.993,0.027,0.195,3.249,0.012,REVOKED
core_breakdown,1000,500,50,8,38,48,1898,2.903,1.986,0.022,0.203,3.316,0.006,REVOKED
core_breakdown,1000,500,50,8,38,49,1899,2.917,2.014,0.02,0.21,3.27,0.011,REVOKED
core_breakdown,1000,500,50,8,38,50,1900,2.943,1.982,0.02,0.211,3.305,0.005,REVOKED
core_breakdown,1000,500,50,9,39,1,1901,6.582,3.866,0.277,0.446,6.612,0.061,REVOKED
core_breakdown,1000,500,50,9,39,2,1902,5.813,3.796,0.117,0.373,5.566,0.027,REVOKED
core_breakdown,1000,500,50,9,39,3,1903,4.629,3.13,0.076,0.319,4.449,0.014,REVOKED
core_breakdown,1000,500,50,9,39,4,1904,3.701,2.517,0.046,0.236,3.763,0.01,REVOKED
core_breakdown,1000,500,50,9,39,5,1905,3.305,2.219,0.04,0.226,3.777,0.008,REVOKED
core_breakdown,1000,500,50,9,39,6,1906,3.288,2.236,0.03,0.211,3.72,0.006,REVOKED
core_breakdown,1000,500,50,9,39,7,1907,3.245,2.212,0.032,0.224,3.637,0.009,REVOKED
core_breakdown,1000,500,50,9,39,8,1908,3.166,2.179,0.029,0.197,3.481,0.006,REVOKED
core_breakdown,1000,500,50,9,39,9,1909,3.317,2.314,0.029,0.236,3.943,0.007,REVOKED
core_breakdown,1000,500,50,9,39,10,1910,3.763,2.618,0.067,0.268,3.983,0.013,REVOKED
core_breakdown,1000,500,50,9,39,11,1911,3.517,2.385,0.039,0.242,3.766,0.008,REVOKED
core_breakdown,1000,500,50,9,39,12,1912,3.386,2.313,0.034,0.219,3.763,0.006,REVOKED
core_breakdown,1000,500,50,9,39,13,1913,3.396,2.295,0.022,0.22,3.743,0.008,REVOKED
core_breakdown,1000,500,50,9,39,14,1914,3.425,2.355,0.028,0.237,3.752,0.005,REVOKED
core_breakdown,1000,500,50,9,39,15,1915,3.425,2.332,0.03,0.214,3.724,0.007,REVOKED
core_breakdown,1000,500,50,9,39,16,1916,3.376,2.331,0.03,0.25,3.379,0.006,REVOKED
core_breakdown,1000,500,50,9,39,17,1917,2.948,2.039,0.022,0.195,3.316,0.005,REVOKED
core_breakdown,1000,500,50,9,39,18,1918,2.976,2.051,0.025,0.217,3.33,0.006,REVOKED
core_breakdown,1000,500,50,9,39,19,1919,2.917,2.012,0.022,0.189,3.352,0.005,REVOKED
core_breakdown,1000,500,50,9,39,20,1920,2.949,2.021,0.026,0.197,3.306,0.007,REVOKED
core_breakdown,1000,500,50,9,39,21,1921,2.945,2.026,0.024,0.195,3.436,0.006,REVOKED
core_breakdown,1000,500,50,9,39,22,1922,2.896,1.983,0.025,0.197,3.36,0.005,REVOKED
core_breakdown,1000,500,50,9,39,23,1923,2.991,2.088,0.021,0.198,3.295,0.005,REVOKED
core_breakdown,1000,500,50,9,39,24,1924,2.895,1.997,0.025,0.19,3.312,0.006,REVOKED
core_breakdown,1000,500,50,9,39,25,1925,2.966,2.021,0.028,0.197,3.333,0.008,REVOKED
core_breakdown,1000,500,50,9,39,26,1926,2.918,2.016,0.024,0.196,3.296,0.006,REVOKED
core_breakdown,1000,500,50,9,39,27,1927,2.935,2.008,0.025,0.215,3.302,0.007,REVOKED
core_breakdown,1000,500,50,9,39,28,1928,2.956,2.021,0.021,0.197,3.265,0.006,REVOKED
core_breakdown,1000,500,50,9,39,29,1929,2.961,2.025,0.026,0.193,3.337,0.011,REVOKED
core_breakdown,1000,500,50,9,39,30,1930,2.928,2.013,0.023,0.207,3.293,0.006,REVOKED
core_breakdown,1000,500,50,9,39,31,1931,2.924,1.995,0.023,0.2,3.339,0.006,REVOKED
core_breakdown,1000,500,50,9,39,32,1932,2.914,2.007,0.021,0.187,3.259,0.005,REVOKED
core_breakdown,1000,500,50,9,39,33,1933,2.854,1.959,0.027,0.209,3.31,0.007,REVOKED
core_breakdown,1000,500,50,9,39,34,1934,2.928,1.983,0.022,0.204,3.31,0.006,REVOKED
core_breakdown,1000,500,50,9,39,35,1935,2.966,2.05,0.024,0.204,3.348,0.006,REVOKED
core_breakdown,1000,500,50,9,39,36,1936,2.953,2.028,0.024,0.185,3.288,0.006,REVOKED
core_breakdown,1000,500,50,9,39,37,1937,2.905,2.039,0.022,0.198,3.273,0.005,REVOKED
core_breakdown,1000,500,50,9,39,38,1938,2.9,1.98,0.025,0.201,3.189,0.006,REVOKED
core_breakdown,1000,500,50,9,39,39,1939,2.933,2.015,0.026,0.191,3.304,0.006,REVOKED
core_breakdown,1000,500,50,9,39,40,1940,2.927,1.995,0.022,0.207,3.306,0.006,REVOKED
core_breakdown,1000,500,50,9,39,41,1941,2.833,1.955,0.025,0.196,3.299,0.006,REVOKED
core_breakdown,1000,500,50,9,39,42,1942,2.928,2.012,0.023,0.192,3.318,0.005,REVOKED
core_breakdown,1000,500,50,9,39,43,1943,2.84,1.945,0.02,0.189,3.335,0.006,REVOKED
core_breakdown,1000,500,50,9,39,44,1944,2.925,2.008,0.02,0.202,3.279,0.006,REVOKED
core_breakdown,1000,500,50,9,39,45,1945,2.877,1.988,0.023,0.232,3.241,0.006,REVOKED
core_breakdown,1000,500,50,9,39,46,1946,3.18,2.22,0.023,0.226,3.269,0.006,REVOKED
core_breakdown,1000,500,50,9,39,47,1947,2.883,1.984,0.025,0.187,3.321,0.005,REVOKED
core_breakdown,1000,500,50,9,39,48,1948,2.965,2.05,0.021,0.198,3.308,0.006,REVOKED
core_breakdown,1000,500,50,9,39,49,1949,2.535,1.705,0.024,0.178,2.959,0.011,REVOKED
core_breakdown,1000,500,50,9,39,50,1950,2.66,1.807,0.026,0.21,3.344,0.006,REVOKED
core_breakdown,1000,500,50,10,40,1,1951,6.57,4.067,0.281,0.547,7.082,0.056,REVOKED
core_breakdown,1000,500,50,10,40,2,1952,6.272,4.063,0.169,0.386,5.748,0.035,REVOKED
core_breakdown,1000,500,50,10,40,3,1953,4.99,3.375,0.09,0.313,4.361,0.02,REVOKED
core_breakdown,1000,500,50,10,40,4,1954,4.316,2.904,0.081,0.291,3.975,0.009,REVOKED
core_breakdown,1000,500,50,10,40,5,1955,3.199,2.211,0.032,0.234,3.784,0.008,REVOKED
core_breakdown,1000,500,50,10,40,6,1956,3.029,2.059,0.029,0.192,3.166,0.008,REVOKED
core_breakdown,1000,500,50,10,40,7,1957,2.769,1.886,0.038,0.18,3.59,0.007,REVOKED
core_breakdown,1000,500,50,10,40,8,1958,3.152,2.13,0.037,0.212,3.566,0.007,REVOKED
core_breakdown,1000,500,50,10,40,9,1959,3.25,2.226,0.032,0.214,3.648,0.006,REVOKED
core_breakdown,1000,500,50,10,40,10,1960,3.297,2.261,0.03,0.22,3.606,0.006,REVOKED
core_breakdown,1000,500,50,10,40,11,1961,3.529,2.45,0.065,0.243,3.968,0.012,REVOKED
core_breakdown,1000,500,50,10,40,12,1962,3.407,2.325,0.041,0.226,3.527,0.007,REVOKED
core_breakdown,1000,500,50,10,40,13,1963,2.96,2.031,0.029,0.19,3.385,0.012,REVOKED
core_breakdown,1000,500,50,10,40,14,1964,2.928,2.021,0.023,0.209,3.28,0.008,REVOKED
core_breakdown,1000,500,50,10,40,15,1965,2.97,2.032,0.022,0.192,3.315,0.006,REVOKED
core_breakdown,1000,500,50,10,40,16,1966,2.944,2.007,0.027,0.198,3.389,0.007,REVOKED
core_breakdown,1000,500,50,10,40,17,1967,3.001,2.044,0.022,0.19,3.394,0.007,REVOKED
core_breakdown,1000,500,50,10,40,18,1968,2.965,2.013,0.023,0.213,3.394,0.006,REVOKED
core_breakdown,1000,500,50,10,40,19,1969,3.027,2.042,0.028,0.215,3.417,0.007,REVOKED
core_breakdown,1000,500,50,10,40,20,1970,2.942,2.027,0.022,0.203,3.397,0.006,REVOKED
core_breakdown,1000,500,50,10,40,21,1971,3.003,2.084,0.021,0.191,3.412,0.006,REVOKED
core_breakdown,1000,500,50,10,40,22,1972,3.096,2.119,0.029,0.191,3.328,0.008,REVOKED
core_breakdown,1000,500,50,10,40,23,1973,3.022,2.083,0.026,0.217,3.324,0.006,REVOKED
core_breakdown,1000,500,50,10,40,24,1974,2.934,2.014,0.021,0.195,3.258,0.007,REVOKED
core_breakdown,1000,500,50,10,40,25,1975,3.063,2.09,0.023,0.186,3.416,0.009,REVOKED
core_breakdown,1000,500,50,10,40,26,1976,2.982,2.063,0.022,0.24,3.365,0.007,REVOKED
core_breakdown,1000,500,50,10,40,27,1977,2.962,2.038,0.021,0.194,3.363,0.007,REVOKED
core_breakdown,1000,500,50,10,40,28,1978,2.88,1.967,0.026,0.198,3.307,0.006,REVOKED
core_breakdown,1000,500,50,10,40,29,1979,3.003,2.07,0.022,0.187,3.357,0.006,REVOKED
core_breakdown,1000,500,50,10,40,30,1980,2.947,2.02,0.021,0.213,3.316,0.006,REVOKED
core_breakdown,1000,500,50,10,40,31,1981,4.881,2.026,0.024,0.201,3.431,0.006,REVOKED
core_breakdown,1000,500,50,10,40,32,1982,2.983,2.02,0.022,0.205,3.39,0.005,REVOKED
core_breakdown,1000,500,50,10,40,33,1983,2.931,2.018,0.023,0.205,3.333,0.006,REVOKED
core_breakdown,1000,500,50,10,40,34,1984,2.954,2.021,0.024,0.2,3.268,0.007,REVOKED
core_breakdown,1000,500,50,10,40,35,1985,2.934,2.042,0.022,0.195,3.293,0.006,REVOKED
core_breakdown,1000,500,50,10,40,36,1986,2.948,2.001,0.025,0.197,3.342,0.006,REVOKED
core_breakdown,1000,500,50,10,40,37,1987,2.921,1.99,0.025,0.192,3.264,0.006,REVOKED
core_breakdown,1000,500,50,10,40,38,1988,2.978,2.046,0.025,0.199,3.367,0.006,REVOKED
core_breakdown,1000,500,50,10,40,39,1989,2.935,2.023,0.022,0.202,3.278,0.006,REVOKED
core_breakdown,1000,500,50,10,40,40,1990,2.956,2.03,0.026,0.203,3.386,0.006,REVOKED
core_breakdown,1000,500,50,10,40,41,1991,2.936,2.011,0.024,0.177,3.304,0.006,REVOKED
core_breakdown,1000,500,50,10,40,42,1992,2.984,2.02,0.021,0.19,3.295,0.006,REVOKED
core_breakdown,1000,500,50,10,40,43,1993,2.887,1.986,0.019,0.202,3.316,0.005,REVOKED
core_breakdown,1000,500,50,10,40,44,1994,2.91,2.02,0.019,0.2,3.289,0.006,REVOKED
core_breakdown,1000,500,50,10,40,45,1995,3.043,2.136,0.022,0.192,3.294,0.006,REVOKED
core_breakdown,1000,500,50,10,40,46,1996,2.958,2.049,0.027,0.208,3.332,0.007,REVOKED
core_breakdown,1000,500,50,10,40,47,1997,2.941,2.028,0.022,0.192,3.342,0.006,REVOKED
core_breakdown,1000,500,50,10,40,48,1998,2.935,2.021,0.024,0.189,3.285,0.006,REVOKED
core_breakdown,1000,500,50,10,40,49,1999,2.933,2.003,0.022,0.191,3.319,0.011,REVOKED
core_breakdown,1000,500,50,10,40,50,2000,3.003,2.053,0.022,0.194,3.501,0.006,REVOKED
core_breakdown,1000,500,50,11,41,1,2001,6.84,4.019,0.273,0.492,7.14,0.062,REVOKED
core_breakdown,1000,500,50,11,41,2,2002,6.68,4.369,0.137,0.396,6.625,0.027,REVOKED
core_breakdown,1000,500,50,11,41,3,2003,4.717,3.279,0.084,0.321,5.247,0.019,REVOKED
core_breakdown,1000,500,50,11,41,4,2004,5.217,3.545,0.105,0.364,4.744,0.017,REVOKED
core_breakdown,1000,500,50,11,41,5,2005,4.055,2.744,0.054,0.264,4.32,0.009,REVOKED
core_breakdown,1000,500,50,11,41,6,2006,3.806,2.588,0.058,0.242,4.072,0.008,REVOKED
core_breakdown,1000,500,50,11,41,7,2007,3.663,2.508,0.046,0.243,3.98,0.007,REVOKED
core_breakdown,1000,500,50,11,41,8,2008,3.687,2.524,0.038,0.248,4.102,0.008,REVOKED
core_breakdown,1000,500,50,11,41,9,2009,3.515,2.386,0.03,0.253,3.919,0.008,REVOKED
core_breakdown,1000,500,50,11,41,10,2010,3.577,2.468,0.032,0.228,3.963,0.009,REVOKED
core_breakdown,1000,500,50,11,41,11,2011,3.517,2.377,0.039,0.228,3.81,0.008,REVOKED
core_breakdown,1000,500,50,11,41,12,2012,3.541,2.434,0.034,0.253,3.77,0.007,REVOKED
core_breakdown,1000,500,50,11,41,13,2013,3.455,2.341,0.08,0.217,3.499,0.017,REVOKED
core_breakdown,1000,500,50,11,41,14,2014,2.976,2.03,0.03,0.193,3.402,0.008,REVOKED
core_breakdown,1000,500,50,11,41,15,2015,2.957,2.017,0.03,0.188,3.388,0.007,REVOKED
core_breakdown,1000,500,50,11,41,16,2016,2.995,2.075,0.036,0.193,3.412,0.008,REVOKED
core_breakdown,1000,500,50,11,41,17,2017,3.012,2.05,0.028,0.197,3.339,0.01,REVOKED
core_breakdown,1000,500,50,11,41,18,2018,2.958,2.05,0.022,0.194,3.335,0.006,REVOKED
core_breakdown,1000,500,50,11,41,19,2019,2.96,1.999,0.027,0.193,3.291,0.007,REVOKED
core_breakdown,1000,500,50,11,41,20,2020,2.98,2.049,0.02,0.194,3.335,0.005,REVOKED
core_breakdown,1000,500,50,11,41,21,2021,2.945,2.015,0.019,0.195,3.328,0.008,REVOKED
core_breakdown,1000,500,50,11,41,22,2022,2.902,1.973,0.023,0.199,3.401,0.007,REVOKED
core_breakdown,1000,500,50,11,41,23,2023,3.001,2.065,0.029,0.204,3.318,0.006,REVOKED
core_breakdown,1000,500,50,11,41,24,2024,2.936,1.995,0.029,0.211,3.34,0.005,REVOKED
core_breakdown,1000,500,50,11,41,25,2025,2.934,2.025,0.023,0.197,3.345,0.009,REVOKED
core_breakdown,1000,500,50,11,41,26,2026,2.967,2.027,0.022,0.204,3.298,0.006,REVOKED
core_breakdown,1000,500,50,11,41,27,2027,2.931,2.014,0.02,0.197,3.291,0.006,REVOKED
core_breakdown,1000,500,50,11,41,28,2028,2.945,2.02,0.022,0.19,3.341,0.006,REVOKED
core_breakdown,1000,500,50,11,41,29,2029,2.932,2.009,0.021,0.197,3.433,0.006,REVOKED
core_breakdown,1000,500,50,11,41,30,2030,2.949,2.018,0.023,0.199,3.365,0.007,REVOKED
core_breakdown,1000,500,50,11,41,31,2031,2.995,2.001,0.027,0.204,3.368,0.006,REVOKED
core_breakdown,1000,500,50,11,41,32,2032,2.982,2.066,0.02,0.194,3.329,0.006,REVOKED
core_breakdown,1000,500,50,11,41,33,2033,2.983,2.044,0.02,0.19,3.345,0.006,REVOKED
core_breakdown,1000,500,50,11,41,34,2034,3.378,2.4,0.033,0.208,3.531,0.008,REVOKED
core_breakdown,1000,500,50,11,41,35,2035,3.01,2.073,0.024,0.193,3.384,0.006,REVOKED
core_breakdown,1000,500,50,11,41,36,2036,2.993,2.061,0.023,0.198,3.367,0.006,REVOKED
core_breakdown,1000,500,50,11,41,37,2037,2.942,2.005,0.025,0.227,3.386,0.005,REVOKED
core_breakdown,1000,500,50,11,41,38,2038,2.969,2.031,0.025,0.208,3.415,0.006,REVOKED
core_breakdown,1000,500,50,11,41,39,2039,3.037,2.085,0.023,0.215,3.408,0.006,REVOKED
core_breakdown,1000,500,50,11,41,40,2040,2.928,2.012,0.023,0.188,3.356,0.006,REVOKED
core_breakdown,1000,500,50,11,41,41,2041,2.938,2.063,0.022,0.204,3.338,0.006,REVOKED
core_breakdown,1000,500,50,11,41,42,2042,2.984,2.043,0.026,0.19,3.37,0.007,REVOKED
core_breakdown,1000,500,50,11,41,43,2043,2.892,1.982,0.023,0.201,3.338,0.006,REVOKED
core_breakdown,1000,500,50,11,41,44,2044,2.982,2.079,0.022,0.198,3.314,0.006,REVOKED
core_breakdown,1000,500,50,11,41,45,2045,2.937,2.047,0.022,0.195,3.379,0.007,REVOKED
core_breakdown,1000,500,50,11,41,46,2046,2.955,2.04,0.024,0.191,3.329,0.007,REVOKED
core_breakdown,1000,500,50,11,41,47,2047,2.638,1.761,0.028,0.182,2.987,0.006,REVOKED
core_breakdown,1000,500,50,11,41,48,2048,2.545,1.701,0.022,0.196,3.027,0.007,REVOKED
core_breakdown,1000,500,50,11,41,49,2049,2.62,1.787,0.022,0.176,2.952,0.013,REVOKED
core_breakdown,1000,500,50,11,41,50,2050,2.641,1.825,0.021,0.171,2.957,0.006,REVOKED
core_breakdown,1000,500,50,12,42,1,2051,5.885,3.743,0.267,0.428,5.923,0.048,REVOKED
core_breakdown,1000,500,50,12,42,2,2052,4.758,3.067,0.086,0.307,4.659,0.018,REVOKED
core_breakdown,1000,500,50,12,42,3,2053,3.987,2.715,0.073,0.271,4.251,0.015,REVOKED
core_breakdown,1000,500,50,12,42,4,2054,3.791,2.599,0.052,0.247,4.175,0.011,REVOKED
core_breakdown,1000,500,50,12,42,5,2055,3.491,2.361,0.038,0.216,3.818,0.01,REVOKED
core_breakdown,1000,500,50,12,42,6,2056,3.267,2.22,0.038,0.249,3.897,0.01,REVOKED
core_breakdown,1000,500,50,12,42,7,2057,3.385,2.278,0.045,0.246,4.111,0.008,REVOKED
core_breakdown,1000,500,50,12,42,8,2058,3.624,2.464,0.038,0.245,4.161,0.008,REVOKED
core_breakdown,1000,500,50,12,42,9,2059,3.655,2.464,0.035,0.252,4.056,0.009,REVOKED
core_breakdown,1000,500,50,12,42,10,2060,3.658,2.515,0.036,0.218,3.917,0.006,REVOKED
core_breakdown,1000,500,50,12,42,11,2061,3.456,2.364,0.031,0.324,3.885,0.007,REVOKED
core_breakdown,1000,500,50,12,42,12,2062,3.458,2.364,0.034,0.224,3.86,0.006,REVOKED
core_breakdown,1000,500,50,12,42,13,2063,3.465,2.363,0.03,0.231,3.844,0.012,REVOKED
core_breakdown,1000,500,50,12,42,14,2064,3.5,2.368,0.051,0.23,3.846,0.007,REVOKED
core_breakdown,1000,500,50,12,42,15,2065,3.459,2.363,0.031,0.23,3.714,0.006,REVOKED
core_breakdown,1000,500,50,12,42,16,2066,3.448,2.376,0.077,0.234,3.412,0.017,REVOKED
core_breakdown,1000,500,50,12,42,17,2067,3.047,2.076,0.058,0.201,3.313,0.01,REVOKED
core_breakdown,1000,500,50,12,42,18,2068,3.04,2.103,0.029,0.199,3.421,0.009,REVOKED
core_breakdown,1000,500,50,12,42,19,2069,3.101,2.152,0.027,0.203,3.438,0.007,REVOKED
core_breakdown,1000,500,50,12,42,20,2070,3.005,2.042,0.031,0.198,3.423,0.008,REVOKED
core_breakdown,1000,500,50,12,42,21,2071,2.943,2.006,0.034,0.194,3.293,0.006,REVOKED
core_breakdown,1000,500,50,12,42,22,2072,2.98,2.029,0.024,0.191,3.426,0.008,REVOKED
core_breakdown,1000,500,50,12,42,23,2073,2.948,2.027,0.022,0.204,3.376,0.007,REVOKED
core_breakdown,1000,500,50,12,42,24,2074,2.945,2.022,0.023,0.192,3.384,0.008,REVOKED
core_breakdown,1000,500,50,12,42,25,2075,3.001,2.093,0.028,0.204,3.294,0.009,REVOKED
core_breakdown,1000,500,50,12,42,26,2076,2.995,2.051,0.022,0.19,3.311,0.007,REVOKED
core_breakdown,1000,500,50,12,42,27,2077,3.171,2.223,0.03,0.218,3.343,0.007,REVOKED
core_breakdown,1000,500,50,12,42,28,2078,2.933,2.016,0.025,0.202,3.374,0.007,REVOKED
core_breakdown,1000,500,50,12,42,29,2079,2.944,2.035,0.023,0.195,3.265,0.007,REVOKED
core_breakdown,1000,500,50,12,42,30,2080,2.991,2.084,0.023,0.19,3.418,0.006,REVOKED
core_breakdown,1000,500,50,12,42,31,2081,2.966,2.013,0.027,0.201,3.317,0.007,REVOKED
core_breakdown,1000,500,50,12,42,32,2082,2.985,2.048,0.02,0.194,3.354,0.007,REVOKED
core_breakdown,1000,500,50,12,42,33,2083,2.943,2.01,0.025,0.19,3.31,0.006,REVOKED
core_breakdown,1000,500,50,12,42,34,2084,2.936,2.006,0.023,0.193,3.364,0.006,REVOKED
core_breakdown,1000,500,50,12,42,35,2085,2.976,2.019,0.021,0.205,3.263,0.006,REVOKED
core_breakdown,1000,500,50,12,42,36,2086,2.951,2.021,0.019,0.187,3.306,0.006,REVOKED
core_breakdown,1000,500,50,12,42,37,2087,2.94,2.028,0.025,0.203,3.293,0.005,REVOKED
core_breakdown,1000,500,50,12,42,38,2088,2.942,1.986,0.023,0.189,3.332,0.006,REVOKED
core_breakdown,1000,500,50,12,42,39,2089,2.922,2.004,0.022,0.197,3.363,0.006,REVOKED
core_breakdown,1000,500,50,12,42,40,2090,2.896,1.972,0.019,0.199,3.324,0.006,REVOKED
core_breakdown,1000,500,50,12,42,41,2091,2.946,2.004,0.022,0.194,3.403,0.006,REVOKED
core_breakdown,1000,500,50,12,42,42,2092,2.862,1.944,0.025,0.195,3.312,0.01,REVOKED
core_breakdown,1000,500,50,12,42,43,2093,2.937,2.026,0.02,0.191,3.248,0.006,REVOKED
core_breakdown,1000,500,50,12,42,44,2094,2.921,1.989,0.024,0.199,3.374,0.006,REVOKED
core_breakdown,1000,500,50,12,42,45,2095,3.125,2.219,0.021,0.212,3.314,0.007,REVOKED
core_breakdown,1000,500,50,12,42,46,2096,2.941,2.044,0.02,0.199,3.291,0.006,REVOKED
core_breakdown,1000,500,50,12,42,47,2097,2.963,2.055,0.019,0.188,3.279,0.006,REVOKED
core_breakdown,1000,500,50,12,42,48,2098,2.955,2.013,0.026,0.209,3.297,0.006,REVOKED
core_breakdown,1000,500,50,12,42,49,2099,2.938,2.011,0.019,0.196,3.419,0.012,REVOKED
core_breakdown,1000,500,50,12,42,50,2100,2.936,1.996,0.026,0.192,3.37,0.006,REVOKED
core_breakdown,1000,500,50,13,43,1,2101,6.888,4.082,0.273,0.523,7.322,0.064,REVOKED
core_breakdown,1000,500,50,13,43,2,2102,6.26,4.283,0.08,0.301,5.525,0.023,REVOKED
core_breakdown,1000,500,50,13,43,3,2103,3.891,2.591,0.054,0.246,3.964,0.013,REVOKED
core_breakdown,1000,500,50,13,43,4,2104,3.451,2.374,0.054,0.227,3.752,0.011,REVOKED
core_breakdown,1000,500,50,13,43,5,2105,3.199,2.179,0.038,0.214,3.974,0.009,REVOKED
core_breakdown,1000,500,50,13,43,6,2106,3.591,2.449,0.041,0.247,4.036,0.008,REVOKED
core_breakdown,1000,500,50,13,43,7,2107,3.571,2.421,0.038,0.24,4.067,0.009,REVOKED
core_breakdown,1000,500,50,13,43,8,2108,3.648,2.463,0.037,0.24,3.988,0.008,REVOKED
core_breakdown,1000,500,50,13,43,9,2109,3.643,2.476,0.051,0.248,4.216,0.013,REVOKED
core_breakdown,1000,500,50,13,43,10,2110,3.667,2.507,0.041,0.24,3.912,0.007,REVOKED
core_breakdown,1000,500,50,13,43,11,2111,3.538,2.415,0.034,0.229,3.827,0.007,REVOKED
core_breakdown,1000,500,50,13,43,12,2112,3.401,2.322,0.027,0.216,3.88,0.008,REVOKED
core_breakdown,1000,500,50,13,43,13,2113,3.486,2.399,0.034,0.237,3.776,0.01,REVOKED
core_breakdown,1000,500,50,13,43,14,2114,3.424,2.354,0.03,0.217,3.799,0.007,REVOKED
core_breakdown,1000,500,50,13,43,15,2115,3.565,2.407,0.085,0.224,3.513,0.017,REVOKED
core_breakdown,1000,500,50,13,43,16,2116,3.022,2.072,0.033,0.198,3.412,0.008,REVOKED
core_breakdown,1000,500,50,13,43,17,2117,2.982,2.039,0.034,0.207,3.431,0.008,REVOKED
core_breakdown,1000,500,50,13,43,18,2118,2.969,2.012,0.03,0.193,3.392,0.012,REVOKED
core_breakdown,1000,500,50,13,43,19,2119,2.916,1.986,0.025,0.199,3.332,0.007,REVOKED
core_breakdown,1000,500,50,13,43,20,2120,2.939,2.01,0.024,0.204,3.352,0.007,REVOKED
core_breakdown,1000,500,50,13,43,21,2121,2.983,2.064,0.021,0.195,3.393,0.005,REVOKED
core_breakdown,1000,500,50,13,43,22,2122,2.944,2.014,0.026,0.195,3.429,0.007,REVOKED
core_breakdown,1000,500,50,13,43,23,2123,2.903,2.001,0.024,0.194,3.39,0.006,REVOKED
core_breakdown,1000,500,50,13,43,24,2124,2.96,2.033,0.028,0.19,3.375,0.007,REVOKED
core_breakdown,1000,500,50,13,43,25,2125,2.987,2.03,0.025,0.209,3.389,0.011,REVOKED
core_breakdown,1000,500,50,13,43,26,2126,2.905,1.983,0.021,0.195,3.399,0.006,REVOKED
core_breakdown,1000,500,50,13,43,27,2127,2.877,1.977,0.025,0.186,3.033,0.006,REVOKED
core_breakdown,1000,500,50,13,43,28,2128,2.59,1.761,0.028,0.196,2.926,0.006,REVOKED
core_breakdown,1000,500,50,13,43,29,2129,2.595,1.761,0.023,0.189,3.093,0.006,REVOKED
core_breakdown,1000,500,50,13,43,30,2130,2.623,1.798,0.025,0.166,2.94,0.006,REVOKED
core_breakdown,1000,500,50,13,43,31,2131,2.591,1.765,0.021,0.175,3.051,0.007,REVOKED
core_breakdown,1000,500,50,13,43,32,2132,2.921,2.023,0.019,0.195,3.419,0.006,REVOKED
core_breakdown,1000,500,50,13,43,33,2133,3.002,2.027,0.029,0.198,3.397,0.012,REVOKED
core_breakdown,1000,500,50,13,43,34,2134,2.908,1.999,0.023,0.191,3.323,0.006,REVOKED
core_breakdown,1000,500,50,13,43,35,2135,2.963,2.0,0.018,0.192,3.308,0.007,REVOKED
core_breakdown,1000,500,50,13,43,36,2136,3.017,2.095,0.02,0.229,3.411,0.006,REVOKED
core_breakdown,1000,500,50,13,43,37,2137,2.943,2.004,0.026,0.193,3.309,0.005,REVOKED
core_breakdown,1000,500,50,13,43,38,2138,2.885,1.969,0.021,0.192,3.331,0.006,REVOKED
core_breakdown,1000,500,50,13,43,39,2139,3.035,2.103,0.025,0.191,3.357,0.005,REVOKED
core_breakdown,1000,500,50,13,43,40,2140,2.922,2.007,0.026,0.195,3.26,0.005,REVOKED
core_breakdown,1000,500,50,13,43,41,2141,2.913,1.985,0.021,0.206,3.441,0.005,REVOKED
core_breakdown,1000,500,50,13,43,42,2142,2.9,1.99,0.026,0.2,3.315,0.01,REVOKED
core_breakdown,1000,500,50,13,43,43,2143,2.927,2.002,0.021,0.209,3.427,0.006,REVOKED
core_breakdown,1000,500,50,13,43,44,2144,2.892,1.968,0.02,0.192,3.365,0.006,REVOKED
core_breakdown,1000,500,50,13,43,45,2145,2.952,2.039,0.024,0.193,3.323,0.005,REVOKED
core_breakdown,1000,500,50,13,43,46,2146,2.89,1.987,0.026,0.2,3.291,0.01,REVOKED
core_breakdown,1000,500,50,13,43,47,2147,2.926,1.996,0.02,0.194,3.374,0.006,REVOKED
core_breakdown,1000,500,50,13,43,48,2148,2.907,1.985,0.02,0.189,3.227,0.006,REVOKED
core_breakdown,1000,500,50,13,43,49,2149,2.987,2.063,0.025,0.201,3.351,0.012,REVOKED
core_breakdown,1000,500,50,13,43,50,2150,3.045,2.087,0.027,0.212,3.175,0.006,REVOKED
core_breakdown,1000,500,50,14,44,1,2151,6.035,3.865,0.283,0.452,5.818,0.046,REVOKED
core_breakdown,1000,500,50,14,44,2,2152,6.662,4.219,0.161,0.39,6.388,0.034,REVOKED
core_breakdown,1000,500,50,14,44,3,2153,4.8,3.25,0.085,0.32,5.133,0.019,REVOKED
core_breakdown,1000,500,50,14,44,4,2154,4.398,2.962,0.073,0.228,3.848,0.011,REVOKED
core_breakdown,1000,500,50,14,44,5,2155,3.283,2.24,0.037,0.224,3.704,0.008,REVOKED
core_breakdown,1000,500,50,14,44,6,2156,3.253,2.196,0.044,0.22,3.641,0.007,REVOKED
core_breakdown,1000,500,50,14,44,7,2157,3.156,2.161,0.027,0.282,3.885,0.014,REVOKED
core_breakdown,1000,500,50,14,44,8,2158,3.194,2.16,0.053,0.192,3.204,0.009,REVOKED
core_breakdown,1000,500,50,14,44,9,2159,2.768,1.867,0.035,0.174,3.027,0.006,REVOKED
core_breakdown,1000,500,50,14,44,10,2160,2.679,1.847,0.027,0.18,3.008,0.007,REVOKED
core_breakdown,1000,500,50,14,44,11,2161,2.626,1.792,0.029,0.18,3.055,0.007,REVOKED
core_breakdown,1000,500,50,14,44,12,2162,2.678,1.857,0.031,0.2,3.021,0.006,REVOKED
core_breakdown,1000,500,50,14,44,13,2163,2.691,1.822,0.03,0.174,3.132,0.011,REVOKED
core_breakdown,1000,500,50,14,44,14,2164,2.62,1.785,0.024,0.182,2.974,0.007,REVOKED
core_breakdown,1000,500,50,14,44,15,2165,2.639,1.789,0.021,0.18,3.053,0.008,REVOKED
core_breakdown,1000,500,50,14,44,16,2166,2.634,1.81,0.023,0.171,3.12,0.007,REVOKED
core_breakdown,1000,500,50,14,44,17,2167,2.577,1.747,0.03,0.181,2.929,0.006,REVOKED
core_breakdown,1000,500,50,14,44,18,2168,2.599,1.763,0.026,0.17,2.955,0.006,REVOKED
core_breakdown,1000,500,50,14,44,19,2169,2.611,1.787,0.026,0.189,3.108,0.005,REVOKED
core_breakdown,1000,500,50,14,44,20,2170,2.594,1.776,0.026,0.209,3.296,0.006,REVOKED
core_breakdown,1000,500,50,14,44,21,2171,2.982,2.039,0.025,0.197,3.281,0.007,REVOKED
core_breakdown,1000,500,50,14,44,22,2172,2.944,2.025,0.023,0.193,3.321,0.006,REVOKED
core_breakdown,1000,500,50,14,44,23,2173,2.985,2.063,0.022,0.18,3.022,0.005,REVOKED
core_breakdown,1000,500,50,14,44,24,2174,2.565,1.731,0.025,0.162,2.965,0.005,REVOKED
core_breakdown,1000,500,50,14,44,25,2175,2.595,1.789,0.023,0.187,2.998,0.009,REVOKED
core_breakdown,1000,500,50,14,44,26,2176,2.631,1.793,0.026,0.173,2.97,0.006,REVOKED
core_breakdown,1000,500,50,14,44,27,2177,2.696,1.853,0.025,0.195,3.4,0.006,REVOKED
core_breakdown,1000,500,50,14,44,28,2178,2.94,2.032,0.023,0.206,3.334,0.006,REVOKED
core_breakdown,1000,500,50,14,44,29,2179,2.872,1.986,0.022,0.225,3.347,0.005,REVOKED
core_breakdown,1000,500,50,14,44,30,2180,2.867,1.967,0.024,0.204,3.298,0.006,REVOKED
core_breakdown,1000,500,50,14,44,31,2181,2.911,2.009,0.021,0.186,3.442,0.007,REVOKED
core_breakdown,1000,500,50,14,44,32,2182,3.274,2.266,0.033,0.226,3.74,0.01,REVOKED
core_breakdown,1000,500,50,14,44,33,2183,3.224,2.198,0.03,0.207,4.056,0.009,REVOKED
core_breakdown,1000,500,50,14,44,34,2184,3.177,2.175,0.028,0.253,3.639,0.007,REVOKED
core_breakdown,1000,500,50,14,44,35,2185,3.26,2.228,0.033,0.207,3.54,0.007,REVOKED
core_breakdown,1000,500,50,14,44,36,2186,2.727,1.886,0.027,0.176,3.276,0.008,REVOKED
core_breakdown,1000,500,50,14,44,37,2187,2.611,1.802,0.025,0.188,3.079,0.008,REVOKED
core_breakdown,1000,500,50,14,44,38,2188,2.827,1.85,0.028,0.161,2.681,0.005,REVOKED
core_breakdown,1000,500,50,14,44,39,2189,2.14,1.454,0.021,0.16,2.645,0.008,REVOKED
core_breakdown,1000,500,50,14,44,40,2190,2.585,1.771,0.019,0.172,3.085,0.006,REVOKED
core_breakdown,1000,500,50,14,44,41,2191,2.697,1.821,0.029,0.17,3.059,0.006,REVOKED
core_breakdown,1000,500,50,14,44,42,2192,2.584,1.761,0.02,0.179,2.99,0.006,REVOKED
core_breakdown,1000,500,50,14,44,43,2193,2.577,1.751,0.026,0.173,3.041,0.006,REVOKED
core_breakdown,1000,500,50,14,44,44,2194,2.606,1.731,0.024,0.171,2.966,0.006,REVOKED
core_breakdown,1000,500,50,14,44,45,2195,2.559,1.749,0.023,0.173,2.99,0.006,REVOKED
core_breakdown,1000,500,50,14,44,46,2196,2.6,1.782,0.023,0.182,3.033,0.006,REVOKED
core_breakdown,1000,500,50,14,44,47,2197,2.524,1.715,0.024,0.188,2.984,0.006,REVOKED
core_breakdown,1000,500,50,14,44,48,2198,2.591,1.79,0.024,0.188,2.935,0.007,REVOKED
core_breakdown,1000,500,50,14,44,49,2199,2.57,1.719,0.027,0.185,2.942,0.014,REVOKED
core_breakdown,1000,500,50,14,44,50,2200,2.57,1.764,0.023,0.173,2.979,0.005,REVOKED
core_breakdown,1000,500,50,15,45,1,2201,5.946,3.651,0.275,0.421,6.392,0.066,REVOKED
core_breakdown,1000,500,50,15,45,2,2202,5.738,3.752,0.126,0.391,4.787,0.04,REVOKED
core_breakdown,1000,500,50,15,45,3,2203,4.68,3.133,0.092,0.296,4.824,0.016,REVOKED
core_breakdown,1000,500,50,15,45,4,2204,3.504,2.384,0.07,0.224,4.273,0.018,REVOKED
core_breakdown,1000,500,50,15,45,5,2205,3.65,2.422,0.083,0.228,3.831,0.01,REVOKED
core_breakdown,1000,500,50,15,45,6,2206,3.257,2.203,0.032,0.229,3.641,0.011,REVOKED
core_breakdown,1000,500,50,15,45,7,2207,3.064,2.087,0.043,0.203,3.583,0.006,REVOKED
core_breakdown,1000,500,50,15,45,8,2208,3.397,2.315,0.03,0.23,4.125,0.011,REVOKED
core_breakdown,1000,500,50,15,45,9,2209,3.417,2.288,0.042,0.247,4.431,0.011,REVOKED
core_breakdown,1000,500,50,15,45,10,2210,3.317,2.237,0.047,0.224,4.377,0.03,REVOKED
core_breakdown,1000,500,50,15,45,11,2211,3.806,2.684,0.04,0.245,3.879,0.01,REVOKED
core_breakdown,1000,500,50,15,45,12,2212,3.612,2.402,0.035,0.217,3.381,0.008,REVOKED
core_breakdown,1000,500,50,15,45,13,2213,3.042,2.019,0.029,0.193,3.628,0.011,REVOKED
core_breakdown,1000,500,50,15,45,14,2214,3.0,1.954,0.034,0.217,3.639,0.008,REVOKED
core_breakdown,1000,500,50,15,45,15,2215,2.978,2.022,0.036,0.202,3.441,0.008,REVOKED
core_breakdown,1000,500,50,15,45,16,2216,3.225,2.241,0.035,0.192,3.884,0.023,REVOKED
core_breakdown,1000,500,50,15,45,17,2217,3.609,2.569,0.039,0.277,3.729,0.008,REVOKED
core_breakdown,1000,500,50,15,45,18,2218,3.108,2.077,0.034,0.226,3.95,0.008,REVOKED
core_breakdown,1000,500,50,15,45,19,2219,4.132,2.92,0.04,0.247,4.796,0.011,REVOKED
core_breakdown,1000,500,50,15,45,20,2220,3.121,2.105,0.036,0.202,3.46,0.006,REVOKED
core_breakdown,1000,500,50,15,45,21,2221,2.892,1.937,0.028,0.196,3.06,0.007,REVOKED
core_breakdown,1000,500,50,15,45,22,2222,2.622,1.78,0.029,0.206,3.331,0.006,REVOKED
core_breakdown,1000,500,50,15,45,23,2223,2.951,1.973,0.031,0.198,3.291,0.008,REVOKED
core_breakdown,1000,500,50,15,45,24,2224,2.901,1.993,0.023,0.213,3.385,0.007,REVOKED
core_breakdown,1000,500,50,15,45,25,2225,2.913,2.009,0.021,0.195,3.339,0.009,REVOKED
core_breakdown,1000,500,50,15,45,26,2226,2.872,1.968,0.028,0.204,3.317,0.006,REVOKED
core_breakdown,1000,500,50,15,45,27,2227,2.877,1.958,0.022,0.201,3.255,0.006,REVOKED
core_breakdown,1000,500,50,15,45,28,2228,2.613,1.737,0.026,0.178,2.93,0.005,REVOKED
core_breakdown,1000,500,50,15,45,29,2229,2.914,2.007,0.022,0.193,3.246,0.005,REVOKED
core_breakdown,1000,500,50,15,45,30,2230,2.944,1.99,0.025,0.194,3.281,0.005,REVOKED
core_breakdown,1000,500,50,15,45,31,2231,2.906,2.008,0.024,0.199,3.307,0.007,REVOKED
core_breakdown,1000,500,50,15,45,32,2232,2.909,1.973,0.021,0.196,3.242,0.007,REVOKED
core_breakdown,1000,500,50,15,45,33,2233,2.88,1.971,0.026,0.201,3.256,0.005,REVOKED
core_breakdown,1000,500,50,15,45,34,2234,3.055,2.116,0.025,0.208,3.575,0.006,REVOKED
core_breakdown,1000,500,50,15,45,35,2235,2.969,2.041,0.025,0.213,3.407,0.007,REVOKED
core_breakdown,1000,500,50,15,45,36,2236,3.015,2.045,0.027,0.234,3.402,0.006,REVOKED
core_breakdown,1000,500,50,15,45,37,2237,3.022,2.052,0.02,0.197,3.298,0.005,REVOKED
core_breakdown,1000,500,50,15,45,38,2238,3.063,2.132,0.022,0.224,3.477,0.006,REVOKED
core_breakdown,1000,500,50,15,45,39,2239,2.96,2.025,0.02,0.211,3.349,0.006,REVOKED
core_breakdown,1000,500,50,15,45,40,2240,3.136,2.093,0.028,0.22,3.847,0.008,REVOKED
core_breakdown,1000,500,50,15,45,41,2241,3.538,2.449,0.04,0.233,3.516,0.007,REVOKED
core_breakdown,1000,500,50,15,45,42,2242,3.061,2.072,0.025,0.193,3.441,0.007,REVOKED
core_breakdown,1000,500,50,15,45,43,2243,2.923,1.997,0.031,0.204,3.22,0.008,REVOKED
core_breakdown,1000,500,50,15,45,44,2244,2.592,1.746,0.027,0.184,3.018,0.007,REVOKED
core_breakdown,1000,500,50,15,45,45,2245,2.766,1.938,0.026,0.23,3.365,0.006,REVOKED
core_breakdown,1000,500,50,15,45,46,2246,2.942,2.011,0.023,0.189,3.329,0.005,REVOKED
core_breakdown,1000,500,50,15,45,47,2247,2.935,2.01,0.022,0.191,3.272,0.007,REVOKED
core_breakdown,1000,500,50,15,45,48,2248,2.901,1.957,0.027,0.186,3.462,0.006,REVOKED
core_breakdown,1000,500,50,15,45,49,2249,2.953,1.99,0.024,0.207,3.335,0.014,REVOKED
core_breakdown,1000,500,50,15,45,50,2250,2.947,2.012,0.021,0.193,3.271,0.006,REVOKED
core_breakdown,1000,500,50,16,46,1,2251,5.046,3.067,0.2,0.508,6.785,0.05,REVOKED
core_breakdown,1000,500,50,16,46,2,2252,5.999,3.93,0.11,0.388,5.545,0.016,REVOKED
core_breakdown,1000,500,50,16,46,3,2253,4.859,3.228,0.093,0.31,5.223,0.019,REVOKED
core_breakdown,1000,500,50,16,46,4,2254,4.356,2.895,0.058,0.274,4.499,0.013,REVOKED
core_breakdown,1000,500,50,16,46,5,2255,4.048,2.75,0.05,0.265,4.42,0.011,REVOKED
core_breakdown,1000,500,50,16,46,6,2256,4.023,2.756,0.054,0.296,4.409,0.011,REVOKED
core_breakdown,1000,500,50,16,46,7,2257,4.058,2.769,0.053,0.275,4.201,0.008,REVOKED
core_breakdown,1000,500,50,16,46,8,2258,3.64,2.46,0.039,0.242,3.951,0.007,REVOKED
core_breakdown,1000,500,50,16,46,9,2259,3.549,2.431,0.034,0.22,3.808,0.007,REVOKED
core_breakdown,1000,500,50,16,46,10,2260,3.541,2.444,0.036,0.246,3.908,0.008,REVOKED
core_breakdown,1000,500,50,16,46,11,2261,3.553,2.443,0.032,0.237,3.893,0.007,REVOKED
core_breakdown,1000,500,50,16,46,12,2262,3.506,2.401,0.025,0.226,3.901,0.009,REVOKED
core_breakdown,1000,500,50,16,46,13,2263,3.445,2.359,0.035,0.228,3.74,0.01,REVOKED
core_breakdown,1000,500,50,16,46,14,2264,3.365,2.287,0.035,0.218,3.656,0.006,REVOKED
core_breakdown,1000,500,50,16,46,15,2265,3.329,2.246,0.066,0.246,3.389,0.015,REVOKED
core_breakdown,1000,500,50,16,46,16,2266,2.944,2.024,0.027,0.225,3.372,0.012,REVOKED
core_breakdown,1000,500,50,16,46,17,2267,2.931,2.017,0.029,0.199,3.29,0.008,REVOKED
core_breakdown,1000,500,50,16,46,18,2268,3.013,2.058,0.022,0.203,3.319,0.01,REVOKED
core_breakdown,1000,500,50,16,46,19,2269,2.947,2.015,0.022,0.196,3.38,0.006,REVOKED
core_breakdown,1000,500,50,16,46,20,2270,2.916,1.992,0.027,0.202,3.361,0.007,REVOKED
core_breakdown,1000,500,50,16,46,21,2271,2.953,2.016,0.024,0.211,3.365,0.008,REVOKED
core_breakdown,1000,500,50,16,46,22,2272,3.033,2.043,0.035,0.196,3.339,0.006,REVOKED
core_breakdown,1000,500,50,16,46,23,2273,2.959,2.031,0.027,0.197,3.297,0.006,REVOKED
core_breakdown,1000,500,50,16,46,24,2274,2.906,1.987,0.026,0.192,3.271,0.006,REVOKED
core_breakdown,1000,500,50,16,46,25,2275,2.984,2.053,0.025,0.19,3.3,0.01,REVOKED
core_breakdown,1000,500,50,16,46,26,2276,2.916,2.007,0.022,0.202,3.29,0.005,REVOKED
core_breakdown,1000,500,50,16,46,27,2277,2.891,1.986,0.024,0.205,3.288,0.005,REVOKED
core_breakdown,1000,500,50,16,46,28,2278,2.966,2.043,0.023,0.207,3.366,0.005,REVOKED
core_breakdown,1000,500,50,16,46,29,2279,2.926,2.026,0.021,0.201,3.354,0.006,REVOKED
core_breakdown,1000,500,50,16,46,30,2280,2.849,1.937,0.021,0.208,3.286,0.007,REVOKED
core_breakdown,1000,500,50,16,46,31,2281,2.899,1.973,0.025,0.203,3.304,0.007,REVOKED
core_breakdown,1000,500,50,16,46,32,2282,2.983,2.032,0.026,0.192,3.323,0.005,REVOKED
core_breakdown,1000,500,50,16,46,33,2283,2.906,2.012,0.022,0.193,3.345,0.006,REVOKED
core_breakdown,1000,500,50,16,46,34,2284,2.974,2.042,0.026,0.196,3.353,0.006,REVOKED
core_breakdown,1000,500,50,16,46,35,2285,2.895,1.996,0.025,0.198,3.279,0.006,REVOKED
core_breakdown,1000,500,50,16,46,36,2286,2.941,2.023,0.024,0.189,3.325,0.008,REVOKED
core_breakdown,1000,500,50,16,46,37,2287,2.967,2.057,0.022,0.194,3.382,0.006,REVOKED
core_breakdown,1000,500,50,16,46,38,2288,2.968,2.038,0.027,0.198,3.286,0.006,REVOKED
core_breakdown,1000,500,50,16,46,39,2289,2.946,2.035,0.026,0.211,3.291,0.006,REVOKED
core_breakdown,1000,500,50,16,46,40,2290,3.001,2.07,0.023,0.205,3.274,0.006,REVOKED
core_breakdown,1000,500,50,16,46,41,2291,2.965,2.03,0.022,0.193,3.341,0.006,REVOKED
core_breakdown,1000,500,50,16,46,42,2292,2.92,2.018,0.022,0.214,3.333,0.005,REVOKED
core_breakdown,1000,500,50,16,46,43,2293,2.956,2.024,0.02,0.203,3.278,0.006,REVOKED
core_breakdown,1000,500,50,16,46,44,2294,3.006,2.089,0.023,0.201,3.414,0.006,REVOKED
core_breakdown,1000,500,50,16,46,45,2295,2.923,1.995,0.026,0.191,3.294,0.006,REVOKED
core_breakdown,1000,500,50,16,46,46,2296,2.923,2.011,0.022,0.213,3.335,0.006,REVOKED
core_breakdown,1000,500,50,16,46,47,2297,2.969,2.028,0.026,0.197,3.287,0.006,REVOKED
core_breakdown,1000,500,50,16,46,48,2298,2.965,2.014,0.02,0.212,3.347,0.006,REVOKED
core_breakdown,1000,500,50,16,46,49,2299,2.955,2.031,0.023,0.201,3.322,0.01,REVOKED
core_breakdown,1000,500,50,16,46,50,2300,2.914,2.006,0.021,0.192,3.263,0.006,REVOKED
core_breakdown,1000,500,50,17,47,1,2301,6.902,4.109,0.277,0.473,7.477,0.069,REVOKED
core_breakdown,1000,500,50,17,47,2,2302,6.2,4.051,0.131,0.385,6.477,0.023,REVOKED
core_breakdown,1000,500,50,17,47,3,2303,5.181,3.533,0.109,0.318,4.881,0.017,REVOKED
core_breakdown,1000,500,50,17,47,4,2304,4.119,2.771,0.056,0.269,4.51,0.009,REVOKED
core_breakdown,1000,500,50,17,47,5,2305,3.675,2.501,0.038,0.254,3.949,0.007,REVOKED
core_breakdown,1000,500,50,17,47,6,2306,3.58,2.474,0.03,0.226,3.9,0.006,REVOKED
core_breakdown,1000,500,50,17,47,7,2307,3.439,2.35,0.033,0.222,3.828,0.007,REVOKED
core_breakdown,1000,500,50,17,47,8,2308,3.428,2.351,0.03,0.237,3.779,0.008,REVOKED
core_breakdown,1000,500,50,17,47,9,2309,3.524,2.405,0.035,0.226,3.946,0.008,REVOKED
core_breakdown,1000,500,50,17,47,10,2310,3.382,2.306,0.035,0.214,3.801,0.017,REVOKED
core_breakdown,1000,500,50,17,47,11,2311,3.07,2.069,0.049,0.198,3.433,0.008,REVOKED
core_breakdown,1000,500,50,17,47,12,2312,2.986,2.031,0.029,0.203,3.332,0.007,REVOKED
core_breakdown,1000,500,50,17,47,13,2313,2.952,1.996,0.036,0.192,3.337,0.015,REVOKED
core_breakdown,1000,500,50,17,47,14,2314,2.985,2.072,0.027,0.223,3.313,0.006,REVOKED
core_breakdown,1000,500,50,17,47,15,2315,2.91,1.993,0.023,0.201,3.406,0.007,REVOKED
core_breakdown,1000,500,50,17,47,16,2316,2.962,2.013,0.035,0.217,3.345,0.006,REVOKED
core_breakdown,1000,500,50,17,47,17,2317,3.047,2.089,0.025,0.197,3.303,0.007,REVOKED
core_breakdown,1000,500,50,17,47,18,2318,3.126,2.16,0.022,0.212,3.3,0.006,REVOKED
core_breakdown,1000,500,50,17,47,19,2319,2.892,1.994,0.023,0.2,3.359,0.006,REVOKED
core_breakdown,1000,500,50,17,47,20,2320,2.968,2.04,0.02,0.191,3.343,0.006,REVOKED
core_breakdown,1000,500,50,17,47,21,2321,2.925,2.0,0.027,0.195,3.351,0.007,REVOKED
core_breakdown,1000,500,50,17,47,22,2322,2.944,2.03,0.026,0.189,3.415,0.006,REVOKED
core_breakdown,1000,500,50,17,47,23,2323,2.911,1.982,0.023,0.202,3.401,0.006,REVOKED
core_breakdown,1000,500,50,17,47,24,2324,2.937,2.028,0.022,0.191,3.345,0.006,REVOKED
core_breakdown,1000,500,50,17,47,25,2325,3.0,2.059,0.02,0.195,3.404,0.008,REVOKED
core_breakdown,1000,500,50,17,47,26,2326,2.891,1.985,0.023,0.192,3.258,0.006,REVOKED
core_breakdown,1000,500,50,17,47,27,2327,2.908,1.986,0.027,0.205,3.338,0.006,REVOKED
core_breakdown,1000,500,50,17,47,28,2328,2.969,2.03,0.027,0.196,3.376,0.006,REVOKED
core_breakdown,1000,500,50,17,47,29,2329,2.581,1.747,0.022,0.207,3.058,0.006,REVOKED
core_breakdown,1000,500,50,17,47,30,2330,2.549,1.735,0.02,0.17,2.933,0.007,REVOKED
core_breakdown,1000,500,50,17,47,31,2331,2.934,2.088,0.024,0.216,4.753,0.008,REVOKED
core_breakdown,1000,500,50,17,47,32,2332,3.096,2.095,0.033,0.191,3.362,0.007,REVOKED
core_breakdown,1000,500,50,17,47,33,2333,3.016,2.06,0.025,0.193,3.338,0.007,REVOKED
core_breakdown,1000,500,50,17,47,34,2334,2.966,2.044,0.024,0.211,3.308,0.007,REVOKED
core_breakdown,1000,500,50,17,47,35,2335,2.953,2.036,0.03,0.193,3.385,0.006,REVOKED
core_breakdown,1000,500,50,17,47,36,2336,2.947,1.996,0.025,0.192,3.292,0.006,REVOKED
core_breakdown,1000,500,50,17,47,37,2337,3.007,1.988,0.026,0.198,3.356,0.006,REVOKED
core_breakdown,1000,500,50,17,47,38,2338,2.931,2.014,0.026,0.192,3.294,0.006,REVOKED
core_breakdown,1000,500,50,17,47,39,2339,2.881,1.958,0.024,0.207,3.321,0.005,REVOKED
core_breakdown,1000,500,50,17,47,40,2340,2.874,1.972,0.024,0.223,3.332,0.006,REVOKED
core_breakdown,1000,500,50,17,47,41,2341,2.899,1.998,0.024,0.199,3.308,0.005,REVOKED
core_breakdown,1000,500,50,17,47,42,2342,2.922,2.004,0.026,0.191,3.314,0.006,REVOKED
core_breakdown,1000,500,50,17,47,43,2343,2.947,2.005,0.02,0.212,3.284,0.005,REVOKED
core_breakdown,1000,500,50,17,47,44,2344,2.939,2.035,0.026,0.195,3.317,0.007,REVOKED
core_breakdown,1000,500,50,17,47,45,2345,2.91,1.98,0.023,0.204,3.255,0.006,REVOKED
core_breakdown,1000,500,50,17,47,46,2346,2.979,2.067,0.021,0.199,3.334,0.006,REVOKED
core_breakdown,1000,500,50,17,47,47,2347,2.841,1.95,0.022,0.192,3.237,0.006,REVOKED
core_breakdown,1000,500,50,17,47,48,2348,2.907,2.009,0.023,0.211,3.224,0.006,REVOKED
core_breakdown,1000,500,50,17,47,49,2349,2.949,2.022,0.02,0.207,3.181,0.015,REVOKED
core_breakdown,1000,500,50,17,47,50,2350,2.909,1.984,0.018,0.214,3.237,0.01,REVOKED
core_breakdown,1000,500,50,18,48,1,2351,6.18,3.889,0.279,0.415,7.794,0.063,REVOKED
core_breakdown,1000,500,50,18,48,2,2352,5.68,3.804,0.062,0.345,6.023,0.026,REVOKED
core_breakdown,1000,500,50,18,48,3,2353,5.008,3.366,0.082,0.253,4.368,0.015,REVOKED
core_breakdown,1000,500,50,18,48,4,2354,4.131,2.818,0.051,0.274,4.525,0.014,REVOKED
core_breakdown,1000,500,50,18,48,5,2355,4.089,2.789,0.053,0.269,4.083,0.01,REVOKED
core_breakdown,1000,500,50,18,48,6,2356,3.631,2.48,0.037,0.229,3.949,0.007,REVOKED
core_breakdown,1000,500,50,18,48,7,2357,3.599,2.46,0.039,0.227,4.061,0.01,REVOKED
core_breakdown,1000,500,50,18,48,8,2358,3.549,2.388,0.036,0.225,3.915,0.007,REVOKED
core_breakdown,1000,500,50,18,48,9,2359,3.776,2.651,0.034,0.23,3.804,0.007,REVOKED
core_breakdown,1000,500,50,18,48,10,2360,3.376,2.325,0.029,0.217,3.693,0.006,REVOKED
core_breakdown,1000,500,50,18,48,11,2361,3.499,2.387,0.087,0.223,3.498,0.016,REVOKED
core_breakdown,1000,500,50,18,48,12,2362,3.071,2.123,0.039,0.21,3.384,0.013,REVOKED
core_breakdown,1000,500,50,18,48,13,2363,2.958,2.009,0.034,0.192,3.354,0.009,REVOKED
core_breakdown,1000,500,50,18,48,14,2364,2.995,2.036,0.024,0.195,3.4,0.006,REVOKED
core_breakdown,1000,500,50,18,48,15,2365,2.952,2.025,0.027,0.207,3.431,0.008,REVOKED
core_breakdown,1000,500,50,18,48,16,2366,2.999,2.035,0.024,0.19,3.407,0.007,REVOKED
core_breakdown,1000,500,50,18,48,17,2367,2.941,2.018,0.022,0.193,3.428,0.008,REVOKED
core_breakdown,1000,500,50,18,48,18,2368,3.01,2.061,0.025,0.196,3.468,0.006,REVOKED
core_breakdown,1000,500,50,18,48,19,2369,3.017,2.05,0.024,0.199,3.348,0.007,REVOKED
core_breakdown,1000,500,50,18,48,20,2370,2.944,2.017,0.03,0.201,3.367,0.007,REVOKED
core_breakdown,1000,500,50,18,48,21,2371,2.927,2.001,0.023,0.204,3.387,0.006,REVOKED
core_breakdown,1000,500,50,18,48,22,2372,2.956,2.055,0.027,0.197,3.578,0.006,REVOKED
core_breakdown,1000,500,50,18,48,23,2373,3.045,2.082,0.024,0.199,3.309,0.006,REVOKED
core_breakdown,1000,500,50,18,48,24,2374,3.069,2.114,0.022,0.189,3.396,0.006,REVOKED
core_breakdown,1000,500,50,18,48,25,2375,2.997,2.045,0.02,0.19,3.325,0.008,REVOKED
core_breakdown,1000,500,50,18,48,26,2376,2.889,1.958,0.024,0.195,3.405,0.007,REVOKED
core_breakdown,1000,500,50,18,48,27,2377,2.906,1.997,0.024,0.19,3.359,0.006,REVOKED
core_breakdown,1000,500,50,18,48,28,2378,2.987,2.027,0.024,0.195,3.375,0.006,REVOKED
core_breakdown,1000,500,50,18,48,29,2379,2.98,2.057,0.021,0.198,3.36,0.006,REVOKED
core_breakdown,1000,500,50,18,48,30,2380,2.962,2.036,0.021,0.2,3.546,0.007,REVOKED
core_breakdown,1000,500,50,18,48,31,2381,3.003,2.071,0.028,0.193,3.394,0.006,REVOKED
core_breakdown,1000,500,50,18,48,32,2382,3.567,2.55,0.03,0.207,3.429,0.007,REVOKED
core_breakdown,1000,500,50,18,48,33,2383,2.978,2.047,0.025,0.201,3.382,0.007,REVOKED
core_breakdown,1000,500,50,18,48,34,2384,3.0,2.041,0.026,0.195,3.382,0.006,REVOKED
core_breakdown,1000,500,50,18,48,35,2385,2.959,1.984,0.024,0.197,3.36,0.007,REVOKED
core_breakdown,1000,500,50,18,48,36,2386,2.988,2.075,0.022,0.201,3.325,0.006,REVOKED
core_breakdown,1000,500,50,18,48,37,2387,2.909,2.016,0.025,0.205,3.403,0.006,REVOKED
core_breakdown,1000,500,50,18,48,38,2388,2.935,2.017,0.024,0.181,3.372,0.007,REVOKED
core_breakdown,1000,500,50,18,48,39,2389,3.007,2.046,0.023,0.187,3.328,0.006,REVOKED
core_breakdown,1000,500,50,18,48,40,2390,2.96,2.028,0.023,0.209,3.325,0.006,REVOKED
core_breakdown,1000,500,50,18,48,41,2391,2.981,2.029,0.019,0.196,3.345,0.006,REVOKED
core_breakdown,1000,500,50,18,48,42,2392,2.918,2.012,0.024,0.193,3.308,0.005,REVOKED
core_breakdown,1000,500,50,18,48,43,2393,2.948,2.027,0.024,0.186,3.28,0.006,REVOKED
core_breakdown,1000,500,50,18,48,44,2394,2.896,1.982,0.018,0.194,3.415,0.007,REVOKED
core_breakdown,1000,500,50,18,48,45,2395,3.019,2.042,0.025,0.197,3.267,0.006,REVOKED
core_breakdown,1000,500,50,18,48,46,2396,2.983,2.043,0.024,0.203,3.339,0.006,REVOKED
core_breakdown,1000,500,50,18,48,47,2397,2.939,2.006,0.023,0.197,3.341,0.006,REVOKED
core_breakdown,1000,500,50,18,48,48,2398,3.326,2.206,0.031,0.21,3.288,0.007,REVOKED
core_breakdown,1000,500,50,18,48,49,2399,2.596,1.77,0.022,0.163,2.854,0.011,REVOKED
core_breakdown,1000,500,50,18,48,50,2400,2.549,1.732,0.02,0.179,2.894,0.006,REVOKED
core_breakdown,1000,500,50,19,49,1,2401,8.661,5.354,0.228,0.543,6.869,0.047,REVOKED
core_breakdown,1000,500,50,19,49,2,2402,4.753,3.085,0.229,0.316,4.433,0.046,REVOKED
core_breakdown,1000,500,50,19,49,3,2403,4.934,3.499,0.144,0.405,4.357,0.043,REVOKED
core_breakdown,1000,500,50,19,49,4,2404,4.139,2.948,0.11,0.246,3.97,0.033,REVOKED
core_breakdown,1000,500,50,19,49,5,2405,3.574,2.307,0.141,0.272,4.173,0.039,REVOKED
core_breakdown,1000,500,50,19,49,6,2406,3.537,2.401,0.096,0.236,3.716,0.02,REVOKED
core_breakdown,1000,500,50,19,49,7,2407,3.209,2.156,0.041,0.271,3.551,0.012,REVOKED
core_breakdown,1000,500,50,19,49,8,2408,3.415,2.394,0.025,0.213,3.417,0.006,REVOKED
core_breakdown,1000,500,50,19,49,9,2409,2.711,1.816,0.035,0.188,3.469,0.007,REVOKED
core_breakdown,1000,500,50,19,49,10,2410,3.334,2.378,0.027,0.216,3.583,0.008,REVOKED
core_breakdown,1000,500,50,19,49,11,2411,3.311,2.312,0.022,0.217,3.553,0.007,REVOKED
core_breakdown,1000,500,50,19,49,12,2412,3.12,2.118,0.021,0.207,3.453,0.006,REVOKED
core_breakdown,1000,500,50,19,49,13,2413,3.111,2.146,0.03,0.204,3.503,0.008,REVOKED
core_breakdown,1000,500,50,19,49,14,2414,3.075,2.11,0.024,0.211,3.453,0.005,REVOKED
core_breakdown,1000,500,50,19,49,15,2415,3.154,2.172,0.021,0.188,3.221,0.007,REVOKED
core_breakdown,1000,500,50,19,49,16,2416,2.576,1.722,0.027,0.178,3.015,0.007,REVOKED
core_breakdown,1000,500,50,19,49,17,2417,2.589,1.777,0.024,0.208,2.936,0.006,REVOKED
core_breakdown,1000,500,50,19,49,18,2418,2.585,1.712,0.023,0.174,2.902,0.005,REVOKED
core_breakdown,1000,500,50,19,49,19,2419,2.569,1.76,0.021,0.174,2.856,0.007,REVOKED
core_breakdown,1000,500,50,19,49,20,2420,2.559,1.734,0.022,0.176,2.873,0.006,REVOKED
core_breakdown,1000,500,50,19,49,21,2421,2.592,1.78,0.026,0.173,2.91,0.006,REVOKED
core_breakdown,1000,500,50,19,49,22,2422,2.517,1.722,0.022,0.167,2.932,0.006,REVOKED
core_breakdown,1000,500,50,19,49,23,2423,2.476,1.725,0.022,0.185,2.915,0.006,REVOKED
core_breakdown,1000,500,50,19,49,24,2424,2.685,1.872,0.023,0.18,2.959,0.006,REVOKED
core_breakdown,1000,500,50,19,49,25,2425,2.514,1.708,0.021,0.19,2.982,0.01,REVOKED
core_breakdown,1000,500,50,19,49,26,2426,2.453,1.677,0.02,0.168,2.896,0.006,REVOKED
core_breakdown,1000,500,50,19,49,27,2427,2.519,1.714,0.024,0.174,2.869,0.006,REVOKED
core_breakdown,1000,500,50,19,49,28,2428,2.542,1.719,0.027,0.169,2.84,0.007,REVOKED
core_breakdown,1000,500,50,19,49,29,2429,2.549,1.71,0.027,0.176,2.894,0.006,REVOKED
core_breakdown,1000,500,50,19,49,30,2430,2.496,1.711,0.025,0.175,2.877,0.006,REVOKED
core_breakdown,1000,500,50,19,49,31,2431,2.532,1.709,0.022,0.178,2.937,0.006,REVOKED
core_breakdown,1000,500,50,19,49,32,2432,2.483,1.705,0.021,0.166,2.916,0.006,REVOKED
core_breakdown,1000,500,50,19,49,33,2433,2.504,1.72,0.025,0.171,2.936,0.006,REVOKED
core_breakdown,1000,500,50,19,49,34,2434,2.451,1.685,0.022,0.184,2.884,0.006,REVOKED
core_breakdown,1000,500,50,19,49,35,2435,2.473,1.685,0.02,0.172,2.883,0.005,REVOKED
core_breakdown,1000,500,50,19,49,36,2436,2.551,1.752,0.026,0.169,2.967,0.006,REVOKED
core_breakdown,1000,500,50,19,49,37,2437,2.477,1.717,0.022,0.168,2.87,0.008,REVOKED
core_breakdown,1000,500,50,19,49,38,2438,2.471,1.694,0.023,0.169,2.821,0.006,REVOKED
core_breakdown,1000,500,50,19,49,39,2439,2.568,1.751,0.021,0.186,2.841,0.006,REVOKED
core_breakdown,1000,500,50,19,49,40,2440,2.529,1.732,0.025,0.223,3.156,0.007,REVOKED
core_breakdown,1000,500,50,19,49,41,2441,2.47,1.65,0.028,0.175,3.026,0.007,REVOKED
core_breakdown,1000,500,50,19,49,42,2442,2.649,1.778,0.026,0.167,2.935,0.006,REVOKED
core_breakdown,1000,500,50,19,49,43,2443,2.815,2.014,0.021,0.158,2.971,0.006,REVOKED
core_breakdown,1000,500,50,19,49,44,2444,3.316,2.244,0.075,0.246,3.888,0.007,REVOKED
core_breakdown,1000,500,50,19,49,45,2445,2.884,1.962,0.029,0.211,3.256,0.006,REVOKED
core_breakdown,1000,500,50,19,49,46,2446,2.883,1.971,0.026,0.197,3.28,0.007,REVOKED
core_breakdown,1000,500,50,19,49,47,2447,2.877,1.936,0.023,0.195,3.206,0.006,REVOKED
core_breakdown,1000,500,50,19,49,48,2448,2.86,1.957,0.027,0.19,3.194,0.008,REVOKED
core_breakdown,1000,500,50,19,49,49,2449,2.838,1.962,0.024,0.2,3.223,0.01,REVOKED
core_breakdown,1000,500,50,19,49,50,2450,2.839,1.944,0.022,0.188,3.275,0.006,REVOKED
core_breakdown,1000,500,50,20,50,1,2451,7.33,4.068,0.275,0.574,9.273,0.072,REVOKED
core_breakdown,1000,500,50,20,50,2,2452,5.474,3.481,0.088,0.408,5.842,0.032,REVOKED
core_breakdown,1000,500,50,20,50,3,2453,4.539,2.925,0.094,0.322,5.024,0.019,REVOKED
core_breakdown,1000,500,50,20,50,4,2454,4.842,3.293,0.096,0.309,5.157,0.016,REVOKED
core_breakdown,1000,500,50,20,50,5,2455,4.867,3.31,0.083,0.336,4.687,0.01,REVOKED
core_breakdown,1000,500,50,20,50,6,2456,3.785,2.539,0.027,0.221,4.451,0.01,REVOKED
core_breakdown,1000,500,50,20,50,7,2457,3.86,2.584,0.038,0.228,3.873,0.009,REVOKED
core_breakdown,1000,500,50,20,50,8,2458,3.547,2.436,0.033,0.227,4.052,0.014,REVOKED
core_breakdown,1000,500,50,20,50,9,2459,3.801,2.518,0.036,0.228,3.886,0.009,REVOKED
core_breakdown,1000,500,50,20,50,10,2460,3.451,2.35,0.034,0.227,3.907,0.008,REVOKED
core_breakdown,1000,500,50,20,50,11,2461,3.504,2.4,0.039,0.224,3.792,0.007,REVOKED
core_breakdown,1000,500,50,20,50,12,2462,3.385,2.281,0.027,0.251,3.539,0.015,REVOKED
core_breakdown,1000,500,50,20,50,13,2463,2.761,1.855,0.056,0.239,3.114,0.015,REVOKED
core_breakdown,1000,500,50,20,50,14,2464,2.676,1.823,0.043,0.171,3.146,0.01,REVOKED
core_breakdown,1000,500,50,20,50,15,2465,2.648,1.773,0.028,0.166,3.092,0.011,REVOKED
core_breakdown,1000,500,50,20,50,16,2466,2.793,1.948,0.023,0.203,3.406,0.006,REVOKED
core_breakdown,1000,500,50,20,50,17,2467,2.936,2.005,0.032,0.22,3.369,0.007,REVOKED
core_breakdown,1000,500,50,20,50,18,2468,2.982,2.043,0.023,0.207,3.368,0.007,REVOKED
core_breakdown,1000,500,50,20,50,19,2469,2.93,2.02,0.025,0.204,3.377,0.007,REVOKED
core_breakdown,1000,500,50,20,50,20,2470,2.983,2.057,0.025,0.199,3.33,0.006,REVOKED
core_breakdown,1000,500,50,20,50,21,2471,2.983,2.026,0.028,0.191,3.351,0.006,REVOKED
core_breakdown,1000,500,50,20,50,22,2472,3.001,2.106,0.022,0.204,3.443,0.007,REVOKED
core_breakdown,1000,500,50,20,50,23,2473,2.958,2.001,0.027,0.199,3.423,0.008,REVOKED
core_breakdown,1000,500,50,20,50,24,2474,2.955,2.038,0.027,0.196,3.344,0.006,REVOKED
core_breakdown,1000,500,50,20,50,25,2475,2.898,1.991,0.027,0.197,3.3,0.008,REVOKED
core_breakdown,1000,500,50,20,50,26,2476,2.897,1.991,0.021,0.201,3.355,0.005,REVOKED
core_breakdown,1000,500,50,20,50,27,2477,2.893,2.002,0.025,0.197,3.295,0.005,REVOKED
core_breakdown,1000,500,50,20,50,28,2478,2.991,2.031,0.021,0.209,3.364,0.007,REVOKED
core_breakdown,1000,500,50,20,50,29,2479,2.951,2.023,0.022,0.194,3.263,0.005,REVOKED
core_breakdown,1000,500,50,20,50,30,2480,2.9,1.993,0.023,0.209,3.306,0.007,REVOKED
core_breakdown,1000,500,50,20,50,31,2481,2.978,2.058,0.023,0.196,3.345,0.006,REVOKED
core_breakdown,1000,500,50,20,50,32,2482,3.018,2.076,0.023,0.193,3.337,0.006,REVOKED
core_breakdown,1000,500,50,20,50,33,2483,3.05,2.128,0.019,0.201,3.353,0.006,REVOKED
core_breakdown,1000,500,50,20,50,34,2484,2.973,2.055,0.026,0.195,3.315,0.006,REVOKED
core_breakdown,1000,500,50,20,50,35,2485,2.891,2.003,0.02,0.205,3.38,0.006,REVOKED
core_breakdown,1000,500,50,20,50,36,2486,2.945,2.007,0.027,0.195,3.363,0.005,REVOKED
core_breakdown,1000,500,50,20,50,37,2487,2.882,1.99,0.025,0.197,3.348,0.006,REVOKED
core_breakdown,1000,500,50,20,50,38,2488,2.961,2.048,0.022,0.196,3.317,0.006,REVOKED
core_breakdown,1000,500,50,20,50,39,2489,3.014,2.061,0.021,0.194,3.415,0.006,REVOKED
core_breakdown,1000,500,50,20,50,40,2490,2.938,1.997,0.024,0.209,3.4,0.007,REVOKED
core_breakdown,1000,500,50,20,50,41,2491,2.953,2.032,0.022,0.215,3.326,0.006,REVOKED
core_breakdown,1000,500,50,20,50,42,2492,2.978,2.042,0.026,0.196,3.357,0.005,REVOKED
core_breakdown,1000,500,50,20,50,43,2493,2.936,2.032,0.025,0.201,3.576,0.006,REVOKED
core_breakdown,1000,500,50,20,50,44,2494,2.912,1.991,0.021,0.204,3.375,0.005,REVOKED
core_breakdown,1000,500,50,20,50,45,2495,2.922,2.015,0.019,0.227,3.425,0.006,REVOKED
core_breakdown,1000,500,50,20,50,46,2496,2.83,1.958,0.019,0.165,2.952,0.006,REVOKED
core_breakdown,1000,500,50,20,50,47,2497,2.936,2.015,0.027,0.209,3.442,0.006,REVOKED
core_breakdown,1000,500,50,20,50,48,2498,2.961,2.042,0.027,0.214,3.275,0.005,REVOKED
core_breakdown,1000,500,50,20,50,49,2499,2.956,2.033,0.026,0.208,3.308,0.013,REVOKED
core_breakdown,1000,500,50,20,50,50,2500,2.979,2.009,0.025,0.19,3.39,0.005,REVOKED
core_breakdown,1000,500,50,21,51,1,2501,6.419,4.104,0.271,0.509,7.308,0.046,REVOKED
core_breakdown,1000,500,50,21,51,2,2502,6.228,4.089,0.14,0.394,6.094,0.026,REVOKED
core_breakdown,1000,500,50,21,51,3,2503,5.182,3.498,0.1,0.323,5.253,0.022,REVOKED
core_breakdown,1000,500,50,21,51,4,2504,3.727,2.417,0.039,0.25,4.069,0.01,REVOKED
core_breakdown,1000,500,50,21,51,5,2505,3.714,2.53,0.037,0.258,4.013,0.009,REVOKED
core_breakdown,1000,500,50,21,51,6,2506,3.612,2.493,0.029,0.247,4.032,0.009,REVOKED
core_breakdown,1000,500,50,21,51,7,2507,3.678,2.489,0.045,0.251,4.19,0.011,REVOKED
core_breakdown,1000,500,50,21,51,8,2508,3.764,2.549,0.072,0.262,4.113,0.016,REVOKED
core_breakdown,1000,500,50,21,51,9,2509,4.024,2.674,0.085,0.276,4.049,0.024,REVOKED
core_breakdown,1000,500,50,21,51,10,2510,3.288,2.247,0.033,0.216,3.741,0.01,REVOKED
core_breakdown,1000,500,50,21,51,11,2511,3.179,2.166,0.037,0.218,3.618,0.008,REVOKED
core_breakdown,1000,500,50,21,51,12,2512,3.166,2.168,0.03,0.244,3.692,0.009,REVOKED
core_breakdown,1000,500,50,21,51,13,2513,3.445,2.305,0.03,0.208,3.497,0.01,REVOKED
core_breakdown,1000,500,50,21,51,14,2514,2.969,2.003,0.029,0.22,3.33,0.006,REVOKED
core_breakdown,1000,500,50,21,51,15,2515,3.007,2.063,0.021,0.197,3.646,0.006,REVOKED
core_breakdown,1000,500,50,21,51,16,2516,2.937,2.008,0.02,0.197,3.314,0.006,REVOKED
core_breakdown,1000,500,50,21,51,17,2517,3.005,2.075,0.029,0.2,3.433,0.006,REVOKED
core_breakdown,1000,500,50,21,51,18,2518,2.991,2.052,0.027,0.197,3.331,0.007,REVOKED
core_breakdown,1000,500,50,21,51,19,2519,2.962,2.048,0.023,0.21,3.542,0.008,REVOKED
core_breakdown,1000,500,50,21,51,20,2520,2.916,2.007,0.025,0.2,3.401,0.005,REVOKED
core_breakdown,1000,500,50,21,51,21,2521,2.982,1.998,0.024,0.198,3.427,0.005,REVOKED
core_breakdown,1000,500,50,21,51,22,2522,2.958,2.06,0.021,0.196,3.29,0.006,REVOKED
core_breakdown,1000,500,50,21,51,23,2523,2.903,1.981,0.026,0.211,3.348,0.007,REVOKED
core_breakdown,1000,500,50,21,51,24,2524,2.937,2.003,0.023,0.196,3.321,0.006,REVOKED
core_breakdown,1000,500,50,21,51,25,2525,2.974,2.035,0.024,0.192,3.282,0.009,REVOKED
core_breakdown,1000,500,50,21,51,26,2526,2.946,2.007,0.021,0.196,3.291,0.005,REVOKED
core_breakdown,1000,500,50,21,51,27,2527,2.954,2.024,0.026,0.213,3.342,0.007,REVOKED
core_breakdown,1000,500,50,21,51,28,2528,2.936,2.023,0.021,0.2,3.304,0.006,REVOKED
core_breakdown,1000,500,50,21,51,29,2529,2.979,2.04,0.027,0.195,3.335,0.006,REVOKED
core_breakdown,1000,500,50,21,51,30,2530,2.903,1.99,0.025,0.198,3.362,0.006,REVOKED
core_breakdown,1000,500,50,21,51,31,2531,2.973,2.064,0.022,0.195,3.28,0.006,REVOKED
core_breakdown,1000,500,50,21,51,32,2532,3.003,2.083,0.025,0.202,3.284,0.005,REVOKED
core_breakdown,1000,500,50,21,51,33,2533,3.05,2.049,0.022,0.179,3.058,0.006,REVOKED
core_breakdown,1000,500,50,21,51,34,2534,2.619,1.8,0.025,0.203,2.966,0.007,REVOKED
core_breakdown,1000,500,50,21,51,35,2535,2.605,1.783,0.021,0.177,2.928,0.006,REVOKED
core_breakdown,1000,500,50,21,51,36,2536,2.63,1.788,0.025,0.175,3.0,0.006,REVOKED
core_breakdown,1000,500,50,21,51,37,2537,2.589,1.807,0.025,0.179,3.053,0.006,REVOKED
core_breakdown,1000,500,50,21,51,38,2538,2.582,1.765,0.021,0.185,3.059,0.006,REVOKED
core_breakdown,1000,500,50,21,51,39,2539,2.527,1.725,0.023,0.179,2.936,0.005,REVOKED
core_breakdown,1000,500,50,21,51,40,2540,2.646,1.843,0.021,0.186,2.981,0.006,REVOKED
core_breakdown,1000,500,50,21,51,41,2541,2.589,1.754,0.022,0.179,2.944,0.005,REVOKED
core_breakdown,1000,500,50,21,51,42,2542,2.581,1.777,0.025,0.191,2.997,0.006,REVOKED
core_breakdown,1000,500,50,21,51,43,2543,2.542,1.726,0.02,0.167,2.962,0.005,REVOKED
core_breakdown,1000,500,50,21,51,44,2544,2.63,1.808,0.024,0.178,3.061,0.006,REVOKED
core_breakdown,1000,500,50,21,51,45,2545,2.578,1.756,0.02,0.172,3.029,0.005,REVOKED
core_breakdown,1000,500,50,21,51,46,2546,2.578,1.778,0.018,0.169,3.038,0.006,REVOKED
core_breakdown,1000,500,50,21,51,47,2547,2.687,1.868,0.026,0.172,2.818,0.005,REVOKED
core_breakdown,1000,500,50,21,51,48,2548,2.456,1.692,0.025,0.209,3.276,0.009,REVOKED
core_breakdown,1000,500,50,21,51,49,2549,2.638,1.781,0.027,0.356,3.563,0.011,REVOKED
core_breakdown,1000,500,50,21,51,50,2550,3.842,2.535,0.035,0.197,3.497,0.008,REVOKED
core_breakdown,1000,500,50,22,52,1,2551,4.662,3.082,0.073,0.317,4.65,0.016,REVOKED
core_breakdown,1000,500,50,22,52,2,2552,3.458,2.382,0.036,0.235,3.99,0.011,REVOKED
core_breakdown,1000,500,50,22,52,3,2553,2.999,1.979,0.026,0.199,3.441,0.007,REVOKED
core_breakdown,1000,500,50,22,52,4,2554,3.147,2.198,0.036,0.216,3.522,0.007,REVOKED
core_breakdown,1000,500,50,22,52,5,2555,3.164,2.165,0.023,0.202,3.378,0.007,REVOKED
core_breakdown,1000,500,50,22,52,6,2556,3.377,2.31,0.02,0.216,3.883,0.006,REVOKED
core_breakdown,1000,500,50,22,52,7,2557,3.395,2.365,0.018,0.217,3.436,0.006,REVOKED
core_breakdown,1000,500,50,22,52,8,2558,3.036,2.044,0.032,0.2,3.383,0.005,REVOKED
core_breakdown,1000,500,50,22,52,9,2559,3.052,2.104,0.02,0.203,3.415,0.006,REVOKED
core_breakdown,1000,500,50,22,52,10,2560,3.197,2.228,0.019,0.221,3.501,0.006,REVOKED
core_breakdown,1000,500,50,22,52,11,2561,3.007,2.09,0.018,0.21,3.36,0.005,REVOKED
core_breakdown,1000,500,50,22,52,12,2562,3.05,2.068,0.027,0.219,3.559,0.007,REVOKED
core_breakdown,1000,500,50,22,52,13,2563,3.036,2.015,0.025,0.218,3.371,0.008,REVOKED
core_breakdown,1000,500,50,22,52,14,2564,2.971,1.992,0.023,0.197,3.484,0.005,REVOKED
core_breakdown,1000,500,50,22,52,15,2565,2.943,2.022,0.024,0.208,3.003,0.006,REVOKED
core_breakdown,1000,500,50,22,52,16,2566,2.807,1.927,0.029,0.191,3.329,0.007,REVOKED
core_breakdown,1000,500,50,22,52,17,2567,2.799,1.826,0.031,0.257,3.648,0.01,REVOKED
core_breakdown,1000,500,50,22,52,18,2568,2.781,1.878,0.034,0.177,3.112,0.006,REVOKED
core_breakdown,1000,500,50,22,52,19,2569,2.632,1.801,0.026,0.178,2.903,0.007,REVOKED
core_breakdown,1000,500,50,22,52,20,2570,2.582,1.78,0.024,0.184,3.173,0.007,REVOKED
core_breakdown,1000,500,50,22,52,21,2571,2.614,1.746,0.028,0.171,3.337,0.006,REVOKED
core_breakdown,1000,500,50,22,52,22,2572,2.954,2.021,0.024,0.2,3.407,0.006,REVOKED
core_breakdown,1000,500,50,22,52,23,2573,3.228,2.184,0.027,0.216,3.867,0.009,REVOKED
core_breakdown,1000,500,50,22,52,24,2574,3.336,2.291,0.03,0.227,3.786,0.008,REVOKED
core_breakdown,1000,500,50,22,52,25,2575,3.292,2.266,0.022,0.284,3.431,0.01,REVOKED
core_breakdown,1000,500,50,22,52,26,2576,3.02,2.04,0.029,0.205,3.425,0.006,REVOKED
core_breakdown,1000,500,50,22,52,27,2577,2.923,1.999,0.032,0.22,3.422,0.007,REVOKED
core_breakdown,1000,500,50,22,52,28,2578,3.042,2.127,0.027,0.226,3.354,0.006,REVOKED
core_breakdown,1000,500,50,22,52,29,2579,2.937,2.016,0.022,0.194,3.364,0.007,REVOKED
core_breakdown,1000,500,50,22,52,30,2580,2.93,2.022,0.027,0.194,3.359,0.006,REVOKED
core_breakdown,1000,500,50,22,52,31,2581,2.956,2.054,0.021,0.209,3.326,0.006,REVOKED
core_breakdown,1000,500,50,22,52,32,2582,3.04,2.063,0.025,0.214,3.462,0.005,REVOKED
core_breakdown,1000,500,50,22,52,33,2583,3.032,2.059,0.023,0.2,3.398,0.007,REVOKED
core_breakdown,1000,500,50,22,52,34,2584,3.003,2.045,0.02,0.222,3.434,0.008,REVOKED
core_breakdown,1000,500,50,22,52,35,2585,3.009,2.067,0.02,0.194,3.365,0.007,REVOKED
core_breakdown,1000,500,50,22,52,36,2586,2.97,2.03,0.021,0.209,3.404,0.005,REVOKED
core_breakdown,1000,500,50,22,52,37,2587,3.044,2.081,0.027,0.207,3.314,0.006,REVOKED
core_breakdown,1000,500,50,22,52,38,2588,2.946,2.012,0.026,0.209,3.304,0.005,REVOKED
core_breakdown,1000,500,50,22,52,39,2589,2.986,2.034,0.021,0.201,3.393,0.005,REVOKED
core_breakdown,1000,500,50,22,52,40,2590,2.935,2.035,0.018,0.201,3.365,0.005,REVOKED
core_breakdown,1000,500,50,22,52,41,2591,3.015,2.052,0.026,0.203,3.385,0.007,REVOKED
core_breakdown,1000,500,50,22,52,42,2592,2.934,2.029,0.023,0.21,3.332,0.005,REVOKED
core_breakdown,1000,500,50,22,52,43,2593,2.941,2.016,0.025,0.207,3.326,0.007,REVOKED
core_breakdown,1000,500,50,22,52,44,2594,2.904,1.977,0.024,0.197,3.347,0.005,REVOKED
core_breakdown,1000,500,50,22,52,45,2595,2.982,2.039,0.023,0.192,3.366,0.006,REVOKED
core_breakdown,1000,500,50,22,52,46,2596,2.975,2.055,0.021,0.199,3.264,0.006,REVOKED
core_breakdown,1000,500,50,22,52,47,2597,2.952,2.027,0.026,0.236,3.296,0.006,REVOKED
core_breakdown,1000,500,50,22,52,48,2598,3.011,2.054,0.023,0.201,3.304,0.006,REVOKED
core_breakdown,1000,500,50,22,52,49,2599,2.946,2.013,0.024,0.183,3.321,0.011,REVOKED
core_breakdown,1000,500,50,22,52,50,2600,2.945,2.004,0.02,0.204,3.389,0.006,REVOKED
core_breakdown,1000,500,50,23,53,1,2601,6.995,4.036,0.272,0.484,7.205,0.063,REVOKED
core_breakdown,1000,500,50,23,53,2,2602,5.884,3.864,0.138,0.376,5.811,0.032,REVOKED
core_breakdown,1000,500,50,23,53,3,2603,4.724,3.195,0.083,0.301,4.937,0.019,REVOKED
core_breakdown,1000,500,50,23,53,4,2604,4.546,3.062,0.093,0.295,4.911,0.048,REVOKED
core_breakdown,1000,500,50,23,53,5,2605,4.477,3.042,0.074,0.31,4.12,0.017,REVOKED
core_breakdown,1000,500,50,23,53,6,2606,3.743,2.527,0.055,0.257,4.108,0.014,REVOKED
core_breakdown,1000,500,50,23,53,7,2607,3.694,2.512,0.054,0.247,4.158,0.012,REVOKED
core_breakdown,1000,500,50,23,53,8,2608,3.7,2.474,0.052,0.259,4.024,0.013,REVOKED
core_breakdown,1000,500,50,23,53,9,2609,3.294,2.244,0.043,0.226,3.634,0.009,REVOKED
core_breakdown,1000,500,50,23,53,10,2610,3.261,2.247,0.029,0.234,3.674,0.008,REVOKED
core_breakdown,1000,500,50,23,53,11,2611,3.235,2.216,0.032,0.207,3.536,0.007,REVOKED
core_breakdown,1000,500,50,23,53,12,2612,3.148,2.175,0.027,0.211,3.454,0.006,REVOKED
core_breakdown,1000,500,50,23,53,13,2613,3.003,2.06,0.026,0.267,3.418,0.016,REVOKED
core_breakdown,1000,500,50,23,53,14,2614,2.695,1.854,0.042,0.202,3.034,0.009,REVOKED
core_breakdown,1000,500,50,23,53,15,2615,2.69,1.822,0.035,0.206,3.0,0.008,REVOKED
core_breakdown,1000,500,50,23,53,16,2616,2.558,1.756,0.025,0.175,3.024,0.006,REVOKED
core_breakdown,1000,500,50,23,53,17,2617,2.624,1.749,0.028,0.187,2.989,0.006,REVOKED
core_breakdown,1000,500,50,23,53,18,2618,2.638,1.822,0.025,0.175,3.003,0.007,REVOKED
core_breakdown,1000,500,50,23,53,19,2619,2.553,1.724,0.024,0.18,2.885,0.006,REVOKED
core_breakdown,1000,500,50,23,53,20,2620,2.593,1.753,0.029,0.168,2.967,0.007,REVOKED
core_breakdown,1000,500,50,23,53,21,2621,2.582,1.755,0.028,0.172,2.949,0.006,REVOKED
core_breakdown,1000,500,50,23,53,22,2622,2.487,1.692,0.022,0.187,3.002,0.007,REVOKED
core_breakdown,1000,500,50,23,53,23,2623,2.619,1.776,0.026,0.176,3.067,0.006,REVOKED
core_breakdown,1000,500,50,23,53,24,2624,2.614,1.792,0.022,0.172,3.022,0.005,REVOKED
core_breakdown,1000,500,50,23,53,25,2625,2.617,1.808,0.024,0.185,3.0,0.009,REVOKED
core_breakdown,1000,500,50,23,53,26,2626,2.6,1.783,0.026,0.186,2.998,0.006,REVOKED
core_breakdown,1000,500,50,23,53,27,2627,2.551,1.751,0.021,0.173,2.965,0.008,REVOKED
core_breakdown,1000,500,50,23,53,28,2628,2.591,1.777,0.022,0.175,2.987,0.006,REVOKED
core_breakdown,1000,500,50,23,53,29,2629,2.626,1.788,0.026,0.183,3.028,0.006,REVOKED
core_breakdown,1000,500,50,23,53,30,2630,2.618,1.8,0.022,0.178,2.947,0.007,REVOKED
core_breakdown,1000,500,50,23,53,31,2631,2.56,1.751,0.024,0.175,3.016,0.006,REVOKED
core_breakdown,1000,500,50,23,53,32,2632,2.56,1.746,0.025,0.181,3.067,0.006,REVOKED
core_breakdown,1000,500,50,23,53,33,2633,2.552,1.739,0.021,0.175,2.957,0.005,REVOKED
core_breakdown,1000,500,50,23,53,34,2634,2.536,1.756,0.02,0.185,3.014,0.006,REVOKED
core_breakdown,1000,500,50,23,53,35,2635,2.568,1.739,0.025,0.176,2.96,0.016,REVOKED
core_breakdown,1000,500,50,23,53,36,2636,2.604,1.774,0.022,0.181,2.952,0.007,REVOKED
core_breakdown,1000,500,50,23,53,37,2637,2.543,1.709,0.025,0.178,3.048,0.006,REVOKED
core_breakdown,1000,500,50,23,53,38,2638,2.169,1.456,0.021,0.151,2.883,0.006,REVOKED
core_breakdown,1000,500,50,23,53,39,2639,2.579,1.732,0.027,0.18,2.947,0.007,REVOKED
core_breakdown,1000,500,50,23,53,40,2640,2.593,1.772,0.026,0.178,3.067,0.006,REVOKED
core_breakdown,1000,500,50,23,53,41,2641,2.549,1.757,0.022,0.184,3.006,0.005,REVOKED
core_breakdown,1000,500,50,23,53,42,2642,2.184,1.466,0.021,0.145,3.052,0.007,REVOKED
core_breakdown,1000,500,50,23,53,43,2643,2.616,1.778,0.024,0.16,2.965,0.005,REVOKED
core_breakdown,1000,500,50,23,53,44,2644,2.603,1.781,0.025,0.174,3.02,0.005,REVOKED
core_breakdown,1000,500,50,23,53,45,2645,2.555,1.781,0.021,0.203,3.028,0.006,REVOKED
core_breakdown,1000,500,50,23,53,46,2646,2.524,1.715,0.026,0.182,2.995,0.006,REVOKED
core_breakdown,1000,500,50,23,53,47,2647,2.671,1.851,0.021,0.19,2.95,0.005,REVOKED
core_breakdown,1000,500,50,23,53,48,2648,2.586,1.77,0.019,0.175,2.997,0.007,REVOKED
core_breakdown,1000,500,50,23,53,49,2649,2.574,1.76,0.022,0.184,2.933,0.011,REVOKED
core_breakdown,1000,500,50,23,53,50,2650,2.572,1.739,0.027,0.178,3.001,0.005,REVOKED
core_breakdown,1000,500,50,24,54,1,2651,6.607,4.165,0.331,0.451,6.462,0.065,REVOKED
core_breakdown,1000,500,50,24,54,2,2652,4.862,3.207,0.108,0.344,4.852,0.014,REVOKED
core_breakdown,1000,500,50,24,54,3,2653,3.76,2.565,0.06,0.259,4.195,0.011,REVOKED
core_breakdown,1000,500,50,24,54,4,2654,3.877,2.649,0.053,0.285,4.57,0.014,REVOKED
core_breakdown,1000,500,50,24,54,5,2655,3.953,2.762,0.053,0.248,4.077,0.009,REVOKED
core_breakdown,1000,500,50,24,54,6,2656,3.643,2.472,0.032,0.232,3.981,0.009,REVOKED
core_breakdown,1000,500,50,24,54,7,2657,3.416,2.316,0.032,0.219,3.563,0.007,REVOKED
core_breakdown,1000,500,50,24,54,8,2658,3.147,2.139,0.032,0.201,3.535,0.007,REVOKED
core_breakdown,1000,500,50,24,54,9,2659,3.182,2.183,0.032,0.206,3.417,0.006,REVOKED
core_breakdown,1000,500,50,24,54,10,2660,3.046,2.066,0.036,0.209,3.588,0.007,REVOKED
core_breakdown,1000,500,50,24,54,11,2661,3.059,2.08,0.033,0.203,3.389,0.006,REVOKED
core_breakdown,1000,500,50,24,54,12,2662,2.947,1.959,0.084,0.203,3.199,0.014,REVOKED
core_breakdown,1000,500,50,24,54,13,2663,2.651,1.767,0.038,0.225,3.169,0.01,REVOKED
core_breakdown,1000,500,50,24,54,14,2664,2.65,1.796,0.031,0.2,3.052,0.007,REVOKED
core_breakdown,1000,500,50,24,54,15,2665,2.588,1.772,0.027,0.186,3.055,0.008,REVOKED
core_breakdown,1000,500,50,24,54,16,2666,2.627,1.792,0.023,0.204,2.919,0.007,REVOKED
core_breakdown,1000,500,50,24,54,17,2667,2.702,1.864,0.027,0.182,3.005,0.007,REVOKED
core_breakdown,1000,500,50,24,54,18,2668,2.534,1.696,0.033,0.173,3.01,0.006,REVOKED
core_breakdown,1000,500,50,24,54,19,2669,2.552,1.776,0.022,0.172,3.033,0.006,REVOKED
core_breakdown,1000,500,50,24,54,20,2670,2.511,1.712,0.026,0.171,2.865,0.005,REVOKED
core_breakdown,1000,500,50,24,54,21,2671,2.739,1.88,0.028,0.171,3.019,0.007,REVOKED
core_breakdown,1000,500,50,24,54,22,2672,2.57,1.788,0.025,0.193,2.994,0.006,REVOKED
core_breakdown,1000,500,50,24,54,23,2673,2.64,1.798,0.023,0.168,3.023,0.007,REVOKED
core_breakdown,1000,500,50,24,54,24,2674,2.523,1.718,0.024,0.188,2.92,0.006,REVOKED
core_breakdown,1000,500,50,24,54,25,2675,2.581,1.739,0.023,0.177,3.003,0.011,REVOKED
core_breakdown,1000,500,50,24,54,26,2676,2.661,1.805,0.023,0.171,3.022,0.005,REVOKED
core_breakdown,1000,500,50,24,54,27,2677,2.585,1.748,0.027,0.219,3.008,0.005,REVOKED
core_breakdown,1000,500,50,24,54,28,2678,2.524,1.747,0.023,0.186,3.012,0.007,REVOKED
core_breakdown,1000,500,50,24,54,29,2679,2.564,1.757,0.023,0.166,2.9,0.005,REVOKED
core_breakdown,1000,500,50,24,54,30,2680,2.614,1.79,0.028,0.209,2.983,0.006,REVOKED
core_breakdown,1000,500,50,24,54,31,2681,2.629,1.78,0.023,0.18,3.032,0.007,REVOKED
core_breakdown,1000,500,50,24,54,32,2682,2.612,1.795,0.024,0.176,3.404,0.006,REVOKED
core_breakdown,1000,500,50,24,54,33,2683,2.991,2.05,0.022,0.201,3.278,0.006,REVOKED
core_breakdown,1000,500,50,24,54,34,2684,2.954,2.04,0.019,0.184,3.333,0.006,REVOKED
core_breakdown,1000,500,50,24,54,35,2685,2.983,2.066,0.021,0.195,3.138,0.009,REVOKED
core_breakdown,1000,500,50,24,54,36,2686,2.668,1.815,0.027,0.176,3.101,0.005,REVOKED
core_breakdown,1000,500,50,24,54,37,2687,2.622,1.796,0.024,0.19,3.098,0.006,REVOKED
core_breakdown,1000,500,50,24,54,38,2688,2.97,2.032,0.025,0.191,3.374,0.006,REVOKED
core_breakdown,1000,500,50,24,54,39,2689,2.958,2.023,0.024,0.191,3.364,0.005,REVOKED
core_breakdown,1000,500,50,24,54,40,2690,2.956,2.026,0.022,0.197,3.293,0.006,REVOKED
core_breakdown,1000,500,50,24,54,41,2691,2.954,2.01,0.021,0.2,3.343,0.006,REVOKED
core_breakdown,1000,500,50,24,54,42,2692,2.954,2.042,0.019,0.189,3.381,0.006,REVOKED
core_breakdown,1000,500,50,24,54,43,2693,2.956,2.027,0.022,0.207,3.265,0.006,REVOKED
core_breakdown,1000,500,50,24,54,44,2694,2.999,2.031,0.022,0.2,2.995,0.005,REVOKED
core_breakdown,1000,500,50,24,54,45,2695,2.807,1.965,0.033,0.177,3.369,0.012,REVOKED
core_breakdown,1000,500,50,24,54,46,2696,2.903,1.992,0.04,0.215,3.731,0.01,REVOKED
core_breakdown,1000,500,50,24,54,47,2697,3.548,2.54,0.036,0.246,3.775,0.013,REVOKED
core_breakdown,1000,500,50,24,54,48,2698,3.237,2.21,0.042,0.215,3.757,0.011,REVOKED
core_breakdown,1000,500,50,24,54,49,2699,3.281,2.211,0.033,0.227,3.727,0.017,REVOKED
core_breakdown,1000,500,50,24,54,50,2700,3.172,2.194,0.041,0.204,3.673,0.012,REVOKED
core_breakdown,1000,500,50,25,55,1,2701,6.389,4.123,0.232,0.478,6.713,0.062,REVOKED
core_breakdown,1000,500,50,25,55,2,2702,6.406,4.225,0.143,0.396,6.272,0.032,REVOKED
core_breakdown,1000,500,50,25,55,3,2703,5.268,3.588,0.103,0.323,5.334,0.021,REVOKED
core_breakdown,1000,500,50,25,55,4,2704,4.391,2.903,0.054,0.278,4.383,0.008,REVOKED
core_breakdown,1000,500,50,25,55,5,2705,3.67,2.494,0.041,0.243,4.12,0.01,REVOKED
core_breakdown,1000,500,50,25,55,6,2706,3.727,2.533,0.052,0.243,4.035,0.008,REVOKED
core_breakdown,1000,500,50,25,55,7,2707,3.599,2.468,0.037,0.234,5.361,0.01,REVOKED
core_breakdown,1000,500,50,25,55,8,2708,3.557,2.439,0.036,0.221,3.76,0.008,REVOKED
core_breakdown,1000,500,50,25,55,9,2709,3.45,2.35,0.028,0.225,3.837,0.008,REVOKED
core_breakdown,1000,500,50,25,55,10,2710,3.419,2.335,0.035,0.224,3.729,0.008,REVOKED
core_breakdown,1000,500,50,25,55,11,2711,3.402,2.299,0.071,0.234,3.497,0.016,REVOKED
core_breakdown,1000,500,50,25,55,12,2712,3.047,2.08,0.037,0.199,3.482,0.008,REVOKED
core_breakdown,1000,500,50,25,55,13,2713,2.999,2.015,0.031,0.199,3.371,0.007,REVOKED
core_breakdown,1000,500,50,25,55,14,2714,2.964,2.052,0.026,0.195,3.289,0.007,REVOKED
core_breakdown,1000,500,50,25,55,15,2715,2.921,2.013,0.022,0.193,3.406,0.008,REVOKED
core_breakdown,1000,500,50,25,55,16,2716,2.992,2.052,0.024,0.203,3.264,0.006,REVOKED
core_breakdown,1000,500,50,25,55,17,2717,2.979,2.049,0.03,0.202,3.459,0.008,REVOKED
core_breakdown,1000,500,50,25,55,18,2718,2.999,2.03,0.028,0.22,3.318,0.011,REVOKED
core_breakdown,1000,500,50,25,55,19,2719,2.976,2.042,0.028,0.201,3.263,0.006,REVOKED
core_breakdown,1000,500,50,25,55,20,2720,2.866,1.935,0.023,0.192,3.246,0.006,REVOKED
core_breakdown,1000,500,50,25,55,21,2721,2.976,2.031,0.037,0.196,3.345,0.006,REVOKED
core_breakdown,1000,500,50,25,55,22,2722,2.95,2.008,0.025,0.186,3.28,0.006,REVOKED
core_breakdown,1000,500,50,25,55,23,2723,2.924,2.021,0.021,0.197,3.349,0.006,REVOKED
core_breakdown,1000,500,50,25,55,24,2724,2.943,2.006,0.021,0.189,3.301,0.006,REVOKED
core_breakdown,1000,500,50,25,55,25,2725,2.897,1.994,0.026,0.214,3.297,0.009,REVOKED
core_breakdown,1000,500,50,25,55,26,2726,2.883,1.984,0.026,0.19,3.299,0.006,REVOKED
core_breakdown,1000,500,50,25,55,27,2727,2.92,1.996,0.023,0.2,3.311,0.006,REVOKED
core_breakdown,1000,500,50,25,55,28,2728,2.942,2.017,0.024,0.191,3.317,0.008,REVOKED
core_breakdown,1000,500,50,25,55,29,2729,2.895,1.971,0.025,0.203,3.244,0.006,REVOKED
core_breakdown,1000,500,50,25,55,30,2730,2.986,2.057,0.023,0.194,3.344,0.006,REVOKED
core_breakdown,1000,500,50,25,55,31,2731,2.98,2.065,0.025,0.189,3.308,0.006,REVOKED
core_breakdown,1000,500,50,25,55,32,2732,2.939,2.029,0.024,0.198,3.302,0.005,REVOKED
core_breakdown,1000,500,50,25,55,33,2733,2.939,2.036,0.021,0.187,3.315,0.006,REVOKED
core_breakdown,1000,500,50,25,55,34,2734,2.92,1.995,0.022,0.187,3.241,0.006,REVOKED
core_breakdown,1000,500,50,25,55,35,2735,3.008,2.078,0.023,0.224,3.322,0.006,REVOKED
core_breakdown,1000,500,50,25,55,36,2736,2.9,2.029,0.02,0.193,3.408,0.006,REVOKED
core_breakdown,1000,500,50,25,55,37,2737,2.917,1.996,0.021,0.203,3.37,0.006,REVOKED
core_breakdown,1000,500,50,25,55,38,2738,2.881,1.967,0.022,0.195,3.291,0.006,REVOKED
core_breakdown,1000,500,50,25,55,39,2739,2.941,2.026,0.026,0.222,3.286,0.006,REVOKED
core_breakdown,1000,500,50,25,55,40,2740,2.955,2.02,0.024,0.196,3.267,0.005,REVOKED
core_breakdown,1000,500,50,25,55,41,2741,2.922,1.994,0.022,0.202,3.31,0.007,REVOKED
core_breakdown,1000,500,50,25,55,42,2742,2.909,1.997,0.021,0.22,3.308,0.006,REVOKED
core_breakdown,1000,500,50,25,55,43,2743,2.906,1.991,0.02,0.2,3.293,0.006,REVOKED
core_breakdown,1000,500,50,25,55,44,2744,2.902,2.0,0.021,0.202,3.388,0.006,REVOKED
core_breakdown,1000,500,50,25,55,45,2745,2.984,2.024,0.024,0.216,3.281,0.009,REVOKED
core_breakdown,1000,500,50,25,55,46,2746,2.997,2.086,0.021,0.189,3.281,0.007,REVOKED
core_breakdown,1000,500,50,25,55,47,2747,2.963,2.026,0.022,0.223,3.61,0.006,REVOKED
core_breakdown,1000,500,50,25,55,48,2748,3.046,2.07,0.022,0.227,3.527,0.006,REVOKED
core_breakdown,1000,500,50,25,55,49,2749,3.266,2.264,0.025,0.229,3.568,0.011,REVOKED
core_breakdown,1000,500,50,25,55,50,2750,3.233,2.222,0.022,0.193,3.638,0.006,REVOKED
core_breakdown,1000,500,50,26,56,1,2751,6.798,4.448,0.265,0.388,6.787,0.067,REVOKED
core_breakdown,1000,500,50,26,56,2,2752,5.119,3.467,0.091,0.31,4.582,0.017,REVOKED
core_breakdown,1000,500,50,26,56,3,2753,3.693,2.51,0.043,0.251,4.252,0.008,REVOKED
core_breakdown,1000,500,50,26,56,4,2754,3.63,2.469,0.038,0.26,4.127,0.011,REVOKED
core_breakdown,1000,500,50,26,56,5,2755,3.659,2.507,0.036,0.227,4.094,0.01,REVOKED
core_breakdown,1000,500,50,26,56,6,2756,3.637,2.483,0.038,0.244,3.898,0.007,REVOKED
core_breakdown,1000,500,50,26,56,7,2757,3.542,2.405,0.04,0.224,3.773,0.006,REVOKED
core_breakdown,1000,500,50,26,56,8,2758,3.429,2.336,0.027,0.242,4.417,0.008,REVOKED
core_breakdown,1000,500,50,26,56,9,2759,3.491,2.351,0.025,0.241,3.849,0.007,REVOKED
core_breakdown,1000,500,50,26,56,10,2760,3.507,2.404,0.034,0.236,3.865,0.007,REVOKED
core_breakdown,1000,500,50,26,56,11,2761,3.428,2.346,0.029,0.222,3.665,0.005,REVOKED
core_breakdown,1000,500,50,26,56,12,2762,3.476,2.376,0.084,0.233,3.473,0.016,REVOKED
core_breakdown,1000,500,50,26,56,13,2763,2.993,2.042,0.044,0.204,3.416,0.011,REVOKED
core_breakdown,1000,500,50,26,56,14,2764,3.026,2.061,0.036,0.192,3.388,0.007,REVOKED
core_breakdown,1000,500,50,26,56,15,2765,3.024,2.064,0.03,0.208,3.35,0.007,REVOKED
core_breakdown,1000,500,50,26,56,16,2766,2.966,2.023,0.027,0.195,3.301,0.008,REVOKED
core_breakdown,1000,500,50,26,56,17,2767,2.922,2.013,0.023,0.213,3.417,0.006,REVOKED
core_breakdown,1000,500,50,26,56,18,2768,2.979,2.036,0.023,0.196,3.432,0.006,REVOKED
core_breakdown,1000,500,50,26,56,19,2769,2.985,2.057,0.03,0.199,3.365,0.008,REVOKED
core_breakdown,1000,500,50,26,56,20,2770,2.907,1.999,0.024,0.198,3.419,0.006,REVOKED
core_breakdown,1000,500,50,26,56,21,2771,3.016,2.086,0.02,0.203,3.329,0.006,REVOKED
core_breakdown,1000,500,50,26,56,22,2772,2.98,2.071,0.024,0.208,3.43,0.011,REVOKED
core_breakdown,1000,500,50,26,56,23,2773,2.934,2.007,0.027,0.202,3.301,0.005,REVOKED
core_breakdown,1000,500,50,26,56,24,2774,3.186,2.243,0.026,0.196,3.354,0.007,REVOKED
core_breakdown,1000,500,50,26,56,25,2775,2.977,2.02,0.026,0.198,3.397,0.01,REVOKED
core_breakdown,1000,500,50,26,56,26,2776,2.958,2.008,0.028,0.19,3.341,0.006,REVOKED
core_breakdown,1000,500,50,26,56,27,2777,2.933,1.999,0.025,0.199,3.404,0.006,REVOKED
core_breakdown,1000,500,50,26,56,28,2778,2.927,1.962,0.021,0.207,3.367,0.011,REVOKED
core_breakdown,1000,500,50,26,56,29,2779,2.932,2.028,0.022,0.198,3.363,0.006,REVOKED
core_breakdown,1000,500,50,26,56,30,2780,2.922,1.987,0.023,0.199,4.793,0.008,REVOKED
core_breakdown,1000,500,50,26,56,31,2781,3.078,2.059,0.032,0.198,3.347,0.008,REVOKED
core_breakdown,1000,500,50,26,56,32,2782,2.981,2.029,0.031,0.193,3.397,0.006,REVOKED
core_breakdown,1000,500,50,26,56,33,2783,2.917,2.002,0.029,0.195,3.344,0.006,REVOKED
core_breakdown,1000,500,50,26,56,34,2784,2.908,1.998,0.022,0.196,3.336,0.007,REVOKED
core_breakdown,1000,500,50,26,56,35,2785,2.844,1.966,0.02,0.191,3.295,0.007,REVOKED
core_breakdown,1000,500,50,26,56,36,2786,2.868,1.966,0.024,0.209,3.276,0.006,REVOKED
core_breakdown,1000,500,50,26,56,37,2787,2.87,1.963,0.026,0.191,3.295,0.006,REVOKED
core_breakdown,1000,500,50,26,56,38,2788,2.963,2.024,0.022,0.201,3.294,0.006,REVOKED
core_breakdown,1000,500,50,26,56,39,2789,2.913,1.997,0.024,0.197,3.196,0.005,REVOKED
core_breakdown,1000,500,50,26,56,40,2790,2.557,1.716,0.022,0.194,3.247,0.006,REVOKED
core_breakdown,1000,500,50,26,56,41,2791,2.872,1.979,0.022,0.193,3.368,0.006,REVOKED
core_breakdown,1000,500,50,26,56,42,2792,2.896,1.984,0.026,0.192,3.333,0.005,REVOKED
core_breakdown,1000,500,50,26,56,43,2793,2.908,2.015,0.022,0.207,3.371,0.006,REVOKED
core_breakdown,1000,500,50,26,56,44,2794,2.903,1.99,0.027,0.195,3.329,0.006,REVOKED
core_breakdown,1000,500,50,26,56,45,2795,2.881,1.933,0.023,0.197,3.356,0.006,REVOKED
core_breakdown,1000,500,50,26,56,46,2796,2.902,1.983,0.023,0.193,4.857,0.007,REVOKED
core_breakdown,1000,500,50,26,56,47,2797,2.845,1.953,0.021,0.19,3.252,0.007,REVOKED
core_breakdown,1000,500,50,26,56,48,2798,2.852,1.975,0.02,0.205,3.307,0.007,REVOKED
core_breakdown,1000,500,50,26,56,49,2799,2.964,2.041,0.028,0.208,3.495,0.011,REVOKED
core_breakdown,1000,500,50,26,56,50,2800,3.153,2.182,0.028,0.212,3.468,0.006,REVOKED
core_breakdown,1000,500,50,27,57,1,2801,5.43,3.309,0.285,0.482,7.415,0.055,REVOKED
core_breakdown,1000,500,50,27,57,2,2802,6.253,4.162,0.155,0.388,6.134,0.028,REVOKED
core_breakdown,1000,500,50,27,57,3,2803,4.751,3.19,0.093,0.328,4.635,0.015,REVOKED
core_breakdown,1000,500,50,27,57,4,2804,3.738,2.504,0.062,0.25,4.183,0.011,REVOKED
core_breakdown,1000,500,50,27,57,5,2805,3.48,2.333,0.044,0.22,3.734,0.009,REVOKED
core_breakdown,1000,500,50,27,57,6,2806,3.294,2.196,0.031,0.231,3.801,0.011,REVOKED
core_breakdown,1000,500,50,27,57,7,2807,3.292,2.227,0.044,0.236,3.553,0.012,REVOKED
core_breakdown,1000,500,50,27,57,8,2808,3.218,2.216,0.066,0.23,3.587,0.014,REVOKED
core_breakdown,1000,500,50,27,57,9,2809,3.176,2.168,0.025,0.221,3.577,0.009,REVOKED
core_breakdown,1000,500,50,27,57,10,2810,3.121,2.152,0.031,0.218,3.524,0.007,REVOKED
core_breakdown,1000,500,50,27,57,11,2811,3.131,2.107,0.026,0.209,3.735,0.008,REVOKED
core_breakdown,1000,500,50,27,57,12,2812,3.093,2.1,0.03,0.223,3.516,0.006,REVOKED
core_breakdown,1000,500,50,27,57,13,2813,3.137,2.118,0.023,0.204,3.489,0.009,REVOKED
core_breakdown,1000,500,50,27,57,14,2814,2.796,1.955,0.034,0.183,3.07,0.008,REVOKED
core_breakdown,1000,500,50,27,57,15,2815,2.565,1.71,0.025,0.196,2.992,0.007,REVOKED
core_breakdown,1000,500,50,27,57,16,2816,2.554,1.757,0.027,0.192,2.944,0.006,REVOKED
core_breakdown,1000,500,50,27,57,17,2817,2.59,1.77,0.023,0.165,3.018,0.007,REVOKED
core_breakdown,1000,500,50,27,57,18,2818,2.604,1.779,0.026,0.169,3.051,0.007,REVOKED
core_breakdown,1000,500,50,27,57,19,2819,2.529,1.704,0.027,0.17,2.995,0.006,REVOKED
core_breakdown,1000,500,50,27,57,20,2820,2.56,1.734,0.023,0.189,2.96,0.006,REVOKED
core_breakdown,1000,500,50,27,57,21,2821,2.598,1.768,0.025,0.181,2.879,0.006,REVOKED
core_breakdown,1000,500,50,27,57,22,2822,2.626,1.764,0.026,0.17,2.95,0.006,REVOKED
core_breakdown,1000,500,50,27,57,23,2823,2.944,1.949,0.026,0.187,3.009,0.006,REVOKED
core_breakdown,1000,500,50,27,57,24,2824,2.981,2.04,0.024,0.197,3.325,0.006,REVOKED
core_breakdown,1000,500,50,27,57,25,2825,2.921,1.976,0.026,0.216,3.372,0.008,REVOKED
core_breakdown,1000,500,50,27,57,26,2826,2.968,2.063,0.026,0.199,3.377,0.006,REVOKED
core_breakdown,1000,500,50,27,57,27,2827,2.959,2.041,0.022,0.199,3.336,0.006,REVOKED
core_breakdown,1000,500,50,27,57,28,2828,2.873,1.975,0.024,0.194,3.278,0.006,REVOKED
core_breakdown,1000,500,50,27,57,29,2829,2.904,1.981,0.02,0.191,3.286,0.006,REVOKED
core_breakdown,1000,500,50,27,57,30,2830,3.045,2.12,0.021,0.19,3.301,0.006,REVOKED
core_breakdown,1000,500,50,27,57,31,2831,2.912,1.983,0.023,0.224,3.208,0.008,REVOKED
core_breakdown,1000,500,50,27,57,32,2832,2.64,1.782,0.029,0.174,2.964,0.006,REVOKED
core_breakdown,1000,500,50,27,57,33,2833,2.562,1.735,0.027,0.165,3.045,0.006,REVOKED
core_breakdown,1000,500,50,27,57,34,2834,2.582,1.794,0.023,0.184,3.04,0.006,REVOKED
core_breakdown,1000,500,50,27,57,35,2835,2.562,1.744,0.025,0.176,2.967,0.006,REVOKED
core_breakdown,1000,500,50,27,57,36,2836,2.619,1.785,0.022,0.181,3.0,0.006,REVOKED
core_breakdown,1000,500,50,27,57,37,2837,2.611,1.802,0.024,0.184,3.006,0.006,REVOKED
core_breakdown,1000,500,50,27,57,38,2838,2.6,1.784,0.022,0.176,3.028,0.008,REVOKED
core_breakdown,1000,500,50,27,57,39,2839,2.578,1.746,0.023,0.179,3.0,0.005,REVOKED
core_breakdown,1000,500,50,27,57,40,2840,2.608,1.779,0.021,0.179,3.065,0.006,REVOKED
core_breakdown,1000,500,50,27,57,41,2841,2.496,1.694,0.023,0.181,2.917,0.006,REVOKED
core_breakdown,1000,500,50,27,57,42,2842,2.558,1.714,0.027,0.198,2.996,0.005,REVOKED
core_breakdown,1000,500,50,27,57,43,2843,2.551,1.754,0.021,0.165,2.968,0.006,REVOKED
core_breakdown,1000,500,50,27,57,44,2844,2.619,1.786,0.025,0.178,2.896,0.006,REVOKED
core_breakdown,1000,500,50,27,57,45,2845,2.558,1.747,0.021,0.183,3.032,0.006,REVOKED
core_breakdown,1000,500,50,27,57,46,2846,2.605,1.78,0.02,0.159,2.986,0.008,REVOKED
core_breakdown,1000,500,50,27,57,47,2847,2.58,1.772,0.025,0.181,3.017,0.006,REVOKED
core_breakdown,1000,500,50,27,57,48,2848,2.693,1.765,0.025,0.16,2.936,0.006,REVOKED
core_breakdown,1000,500,50,27,57,49,2849,2.586,1.807,0.021,0.165,3.329,0.016,REVOKED
core_breakdown,1000,500,50,27,57,50,2850,3.233,2.282,0.028,0.211,3.405,0.007,REVOKED
core_breakdown,1000,500,50,28,58,1,2851,5.664,3.58,0.217,0.455,8.076,0.043,REVOKED
core_breakdown,1000,500,50,28,58,2,2852,5.988,4.139,0.132,0.416,5.382,0.027,REVOKED
core_breakdown,1000,500,50,28,58,3,2853,4.336,2.825,0.068,0.287,4.677,0.014,REVOKED
core_breakdown,1000,500,50,28,58,4,2854,3.305,2.239,0.058,0.256,4.286,0.013,REVOKED
core_breakdown,1000,500,50,28,58,5,2855,3.721,2.488,0.047,0.248,4.128,0.009,REVOKED
core_breakdown,1000,500,50,28,58,6,2856,3.641,2.484,0.028,0.243,4.188,0.008,REVOKED
core_breakdown,1000,500,50,28,58,7,2857,3.648,2.503,0.033,0.238,4.046,0.007,REVOKED
core_breakdown,1000,500,50,28,58,8,2858,3.679,2.516,0.027,0.228,4.033,0.007,REVOKED
core_breakdown,1000,500,50,28,58,9,2859,3.523,2.417,0.026,0.215,3.752,0.007,REVOKED
core_breakdown,1000,500,50,28,58,10,2860,3.276,2.24,0.025,0.226,3.715,0.03,REVOKED
core_breakdown,1000,500,50,28,58,11,2861,3.14,2.102,0.031,0.207,3.577,0.006,REVOKED
core_breakdown,1000,500,50,28,58,12,2862,3.076,2.098,0.024,0.234,3.511,0.006,REVOKED
core_breakdown,1000,500,50,28,58,13,2863,3.07,2.053,0.029,0.221,3.487,0.008,REVOKED
core_breakdown,1000,500,50,28,58,14,2864,3.1,2.118,0.024,0.22,3.349,0.006,REVOKED
core_breakdown,1000,500,50,28,58,15,2865,2.563,1.728,0.027,0.18,2.933,0.006,REVOKED
core_breakdown,1000,500,50,28,58,16,2866,2.72,1.906,0.026,0.179,3.078,0.006,REVOKED
core_breakdown,1000,500,50,28,58,17,2867,2.626,1.825,0.023,0.17,3.041,0.006,REVOKED
core_breakdown,1000,500,50,28,58,18,2868,2.639,1.809,0.021,0.179,2.993,0.005,REVOKED
core_breakdown,1000,500,50,28,58,19,2869,2.611,1.768,0.021,0.181,2.931,0.005,REVOKED
core_breakdown,1000,500,50,28,58,20,2870,2.607,1.786,0.021,0.153,3.016,0.007,REVOKED
core_breakdown,1000,500,50,28,58,21,2871,2.539,1.736,0.025,0.185,3.26,0.005,REVOKED
core_breakdown,1000,500,50,28,58,22,2872,2.916,2.001,0.023,0.2,3.35,0.005,REVOKED
core_breakdown,1000,500,50,28,58,23,2873,2.967,2.03,0.024,0.191,3.419,0.007,REVOKED
core_breakdown,1000,500,50,28,58,24,2874,2.954,2.007,0.026,0.222,3.29,0.006,REVOKED
core_breakdown,1000,500,50,28,58,25,2875,2.955,2.038,0.022,0.193,3.359,0.01,REVOKED
core_breakdown,1000,500,50,28,58,26,2876,2.933,2.039,0.02,0.185,3.262,0.005,REVOKED
core_breakdown,1000,500,50,28,58,27,2877,2.95,2.026,0.026,0.193,3.308,0.006,REVOKED
core_breakdown,1000,500,50,28,58,28,2878,2.982,2.062,0.021,0.195,3.362,0.005,REVOKED
core_breakdown,1000,500,50,28,58,29,2879,3.021,2.085,0.019,0.189,3.334,0.006,REVOKED
core_breakdown,1000,500,50,28,58,30,2880,3.058,2.133,0.021,0.222,3.396,0.007,REVOKED
core_breakdown,1000,500,50,28,58,31,2881,3.034,2.085,0.028,0.192,3.372,0.013,REVOKED
core_breakdown,1000,500,50,28,58,32,2882,2.973,2.034,0.026,0.189,3.254,0.006,REVOKED
core_breakdown,1000,500,50,28,58,33,2883,2.912,1.975,0.024,0.194,3.352,0.007,REVOKED
core_breakdown,1000,500,50,28,58,34,2884,2.991,2.064,0.018,0.19,3.278,0.005,REVOKED
core_breakdown,1000,500,50,28,58,35,2885,2.929,2.016,0.021,0.19,3.325,0.007,REVOKED
core_breakdown,1000,500,50,28,58,36,2886,2.933,1.994,0.02,0.214,3.352,0.005,REVOKED
core_breakdown,1000,500,50,28,58,37,2887,3.043,2.096,0.027,0.194,3.307,0.006,REVOKED
core_breakdown,1000,500,50,28,58,38,2888,2.907,1.994,0.024,0.19,3.345,0.006,REVOKED
core_breakdown,1000,500,50,28,58,39,2889,2.895,1.976,0.023,0.197,3.282,0.012,REVOKED
core_breakdown,1000,500,50,28,58,40,2890,2.926,2.005,0.022,0.194,3.303,0.006,REVOKED
core_breakdown,1000,500,50,28,58,41,2891,3.045,2.063,0.025,0.189,3.339,0.007,REVOKED
core_breakdown,1000,500,50,28,58,42,2892,2.962,2.038,0.022,0.207,3.629,0.007,REVOKED
core_breakdown,1000,500,50,28,58,43,2893,3.166,2.186,0.031,0.198,3.494,0.007,REVOKED
core_breakdown,1000,500,50,28,58,44,2894,3.705,2.6,0.029,0.286,4.04,0.009,REVOKED
core_breakdown,1000,500,50,28,58,45,2895,6.983,5.876,0.053,0.238,3.621,0.01,REVOKED
core_breakdown,1000,500,50,28,58,46,2896,2.956,2.004,0.029,0.203,3.37,0.007,REVOKED
core_breakdown,1000,500,50,28,58,47,2897,2.989,2.047,0.026,0.242,3.741,0.006,REVOKED
core_breakdown,1000,500,50,28,58,48,2898,2.887,1.976,0.025,0.19,3.331,0.007,REVOKED
core_breakdown,1000,500,50,28,58,49,2899,2.885,1.999,0.022,0.191,3.311,0.011,REVOKED
core_breakdown,1000,500,50,28,58,50,2900,2.952,2.048,0.021,0.196,3.26,0.006,REVOKED
core_breakdown,1000,500,50,29,59,1,2901,5.173,3.147,0.279,0.394,5.671,0.063,REVOKED
core_breakdown,1000,500,50,29,59,2,2902,5.903,3.917,0.13,0.375,6.034,0.025,REVOKED
core_breakdown,1000,500,50,29,59,3,2903,4.627,3.023,0.096,0.293,4.508,0.019,REVOKED
core_breakdown,1000,500,50,29,59,4,2904,4.474,3.052,0.075,0.292,4.403,0.012,REVOKED
core_breakdown,1000,500,50,29,59,5,2905,3.694,2.499,0.053,0.253,3.817,0.008,REVOKED
core_breakdown,1000,500,50,29,59,6,2906,3.333,2.266,0.039,0.244,3.53,0.007,REVOKED
core_breakdown,1000,500,50,29,59,7,2907,3.23,2.212,0.026,0.208,3.546,0.006,REVOKED
core_breakdown,1000,500,50,29,59,8,2908,3.034,2.073,0.029,0.218,3.476,0.006,REVOKED
core_breakdown,1000,500,50,29,59,9,2909,3.055,2.06,0.027,0.205,3.478,0.007,REVOKED
core_breakdown,1000,500,50,29,59,10,2910,3.135,2.151,0.032,0.222,3.464,0.006,REVOKED
core_breakdown,1000,500,50,29,59,11,2911,3.083,2.091,0.031,0.202,3.438,0.015,REVOKED
core_breakdown,1000,500,50,29,59,12,2912,2.724,1.814,0.04,0.185,3.094,0.008,REVOKED
core_breakdown,1000,500,50,29,59,13,2913,2.865,2.011,0.039,0.171,2.974,0.008,REVOKED
core_breakdown,1000,500,50,29,59,14,2914,2.59,1.751,0.03,0.192,2.943,0.006,REVOKED
core_breakdown,1000,500,50,29,59,15,2915,2.58,1.766,0.024,0.18,3.029,0.005,REVOKED
core_breakdown,1000,500,50,29,59,16,2916,2.612,1.811,0.023,0.201,3.046,0.007,REVOKED
core_breakdown,1000,500,50,29,59,17,2917,2.616,1.814,0.026,0.17,2.915,0.007,REVOKED
core_breakdown,1000,500,50,29,59,18,2918,2.567,1.762,0.027,0.172,3.185,0.006,REVOKED
core_breakdown,1000,500,50,29,59,19,2919,2.207,1.497,0.023,0.15,2.856,0.007,REVOKED
core_breakdown,1000,500,50,29,59,20,2920,2.553,1.748,0.026,0.18,3.069,0.007,REVOKED
core_breakdown,1000,500,50,29,59,21,2921,2.579,1.767,0.024,0.168,2.974,0.007,REVOKED
core_breakdown,1000,500,50,29,59,22,2922,2.59,1.759,0.023,0.209,3.024,0.006,REVOKED
core_breakdown,1000,500,50,29,59,23,2923,2.572,1.721,0.021,0.175,2.978,0.006,REVOKED
core_breakdown,1000,500,50,29,59,24,2924,2.596,1.759,0.02,0.186,2.99,0.006,REVOKED
core_breakdown,1000,500,50,29,59,25,2925,2.594,1.779,0.019,0.177,3.352,0.009,REVOKED
core_breakdown,1000,500,50,29,59,26,2926,2.941,2.006,0.024,0.206,3.261,0.006,REVOKED
core_breakdown,1000,500,50,29,59,27,2927,2.893,1.984,0.024,0.195,3.385,0.006,REVOKED
core_breakdown,1000,500,50,29,59,28,2928,3.045,2.108,0.024,0.197,3.437,0.006,REVOKED
core_breakdown,1000,500,50,29,59,29,2929,2.996,2.047,0.024,0.201,3.339,0.007,REVOKED
core_breakdown,1000,500,50,29,59,30,2930,2.941,2.013,0.022,0.192,3.326,0.006,REVOKED
core_breakdown,1000,500,50,29,59,31,2931,3.133,2.18,0.023,0.202,3.319,0.007,REVOKED
core_breakdown,1000,500,50,29,59,32,2932,2.894,1.98,0.022,0.19,3.273,0.007,REVOKED
core_breakdown,1000,500,50,29,59,33,2933,2.909,1.992,0.023,0.21,3.318,0.006,REVOKED
core_breakdown,1000,500,50,29,59,34,2934,2.889,1.969,0.021,0.187,3.352,0.005,REVOKED
core_breakdown,1000,500,50,29,59,35,2935,2.945,2.002,0.021,0.203,3.279,0.009,REVOKED
core_breakdown,1000,500,50,29,59,36,2936,2.872,1.965,0.022,0.191,3.38,0.006,REVOKED
core_breakdown,1000,500,50,29,59,37,2937,2.917,2.03,0.024,0.204,3.44,0.006,REVOKED
core_breakdown,1000,500,50,29,59,38,2938,3.018,2.067,0.027,0.207,3.438,0.006,REVOKED
core_breakdown,1000,500,50,29,59,39,2939,2.971,2.024,0.022,0.197,3.447,0.011,REVOKED
core_breakdown,1000,500,50,29,59,40,2940,2.984,2.062,0.021,0.205,3.477,0.006,REVOKED
core_breakdown,1000,500,50,29,59,41,2941,2.992,2.038,0.02,0.211,3.405,0.006,REVOKED
core_breakdown,1000,500,50,29,59,42,2942,3.017,2.073,0.029,0.201,3.31,0.007,REVOKED
core_breakdown,1000,500,50,29,59,43,2943,2.962,2.037,0.025,0.191,3.297,0.006,REVOKED
core_breakdown,1000,500,50,29,59,44,2944,2.952,2.043,0.024,0.2,3.369,0.006,REVOKED
core_breakdown,1000,500,50,29,59,45,2945,2.918,2.006,0.023,0.194,3.34,0.006,REVOKED
core_breakdown,1000,500,50,29,59,46,2946,2.935,1.982,0.022,0.189,3.276,0.005,REVOKED
core_breakdown,1000,500,50,29,59,47,2947,2.93,2.007,0.022,0.207,3.36,0.006,REVOKED
core_breakdown,1000,500,50,29,59,48,2948,2.992,2.05,0.02,0.189,3.538,0.006,REVOKED
core_breakdown,1000,500,50,29,59,49,2949,3.11,2.066,0.024,0.205,3.391,0.01,REVOKED
core_breakdown,1000,500,50,29,59,50,2950,3.006,2.049,0.027,0.194,3.487,0.006,REVOKED
core_breakdown,1000,500,50,30,60,1,2951,5.309,3.424,0.231,0.436,6.665,0.047,REVOKED
core_breakdown,1000,500,50,30,60,2,2952,5.058,3.3,0.1,0.321,4.942,0.029,REVOKED
core_breakdown,1000,500,50,30,60,3,2953,4.157,2.732,0.153,0.269,4.311,0.029,REVOKED
core_breakdown,1000,500,50,30,60,4,2954,4.022,2.696,0.131,0.345,4.516,0.023,REVOKED
core_breakdown,1000,500,50,30,60,5,2955,4.112,2.77,0.062,0.254,3.998,0.012,REVOKED
core_breakdown,1000,500,50,30,60,6,2956,3.347,2.249,0.046,0.211,3.642,0.007,REVOKED
core_breakdown,1000,500,50,30,60,7,2957,3.225,2.203,0.034,0.207,3.449,0.006,REVOKED
core_breakdown,1000,500,50,30,60,8,2958,3.118,2.15,0.036,0.204,3.489,0.008,REVOKED
core_breakdown,1000,500,50,30,60,9,2959,3.113,2.132,0.027,0.214,3.498,0.009,REVOKED
core_breakdown,1000,500,50,30,60,10,2960,3.292,2.233,0.065,0.265,3.605,0.018,REVOKED
core_breakdown,1000,500,50,30,60,11,2961,3.238,2.191,0.06,0.238,3.887,0.012,REVOKED
core_breakdown,1000,500,50,30,60,12,2962,3.589,2.466,0.062,0.242,3.839,0.014,REVOKED
core_breakdown,1000,500,50,30,60,13,2963,3.405,2.265,0.065,0.235,3.383,0.016,REVOKED
core_breakdown,1000,500,50,30,60,14,2964,2.997,2.065,0.031,0.207,3.363,0.007,REVOKED
core_breakdown,1000,500,50,30,60,15,2965,2.981,2.031,0.026,0.195,3.413,0.008,REVOKED
core_breakdown,1000,500,50,30,60,16,2966,3.025,2.075,0.032,0.194,3.45,0.013,REVOKED
core_breakdown,1000,500,50,30,60,17,2967,3.01,2.075,0.022,0.192,3.321,0.006,REVOKED
core_breakdown,1000,500,50,30,60,18,2968,2.949,2.014,0.034,0.197,4.302,0.007,REVOKED
core_breakdown,1000,500,50,30,60,19,2969,3.015,2.066,0.026,0.194,3.342,0.007,REVOKED
core_breakdown,1000,500,50,30,60,20,2970,2.934,2.015,0.022,0.203,3.32,0.006,REVOKED
core_breakdown,1000,500,50,30,60,21,2971,2.925,2.0,0.023,0.2,3.317,0.006,REVOKED
core_breakdown,1000,500,50,30,60,22,2972,2.927,2.028,0.026,0.202,3.288,0.006,REVOKED
core_breakdown,1000,500,50,30,60,23,2973,2.934,1.991,0.022,0.192,3.332,0.007,REVOKED
core_breakdown,1000,500,50,30,60,24,2974,2.958,2.061,0.019,0.196,3.316,0.006,REVOKED
core_breakdown,1000,500,50,30,60,25,2975,2.923,2.0,0.023,0.192,3.31,0.008,REVOKED
core_breakdown,1000,500,50,30,60,26,2976,2.947,2.025,0.028,0.21,3.345,0.006,REVOKED
core_breakdown,1000,500,50,30,60,27,2977,2.93,2.022,0.024,0.191,3.327,0.006,REVOKED
core_breakdown,1000,500,50,30,60,28,2978,2.925,2.021,0.021,0.188,3.327,0.006,REVOKED
core_breakdown,1000,500,50,30,60,29,2979,2.938,2.041,0.022,0.219,3.298,0.006,REVOKED
core_breakdown,1000,500,50,30,60,30,2980,2.918,2.002,0.024,0.212,3.358,0.006,REVOKED
core_breakdown,1000,500,50,30,60,31,2981,2.969,2.023,0.022,0.188,3.334,0.006,REVOKED
core_breakdown,1000,500,50,30,60,32,2982,2.99,2.05,0.036,0.208,3.345,0.007,REVOKED
core_breakdown,1000,500,50,30,60,33,2983,2.952,2.023,0.023,0.191,3.33,0.008,REVOKED
core_breakdown,1000,500,50,30,60,34,2984,2.881,1.997,0.021,0.219,3.371,0.005,REVOKED
core_breakdown,1000,500,50,30,60,35,2985,2.896,1.983,0.021,0.2,3.417,0.006,REVOKED
core_breakdown,1000,500,50,30,60,36,2986,2.909,2.003,0.021,0.191,3.315,0.005,REVOKED
core_breakdown,1000,500,50,30,60,37,2987,3.006,2.076,0.02,0.201,3.323,0.006,REVOKED
core_breakdown,1000,500,50,30,60,38,2988,2.974,2.041,0.023,0.188,3.319,0.006,REVOKED
core_breakdown,1000,500,50,30,60,39,2989,3.077,2.133,0.025,0.2,3.383,0.006,REVOKED
core_breakdown,1000,500,50,30,60,40,2990,2.978,2.042,0.023,0.19,3.316,0.006,REVOKED
core_breakdown,1000,500,50,30,60,41,2991,2.995,2.061,0.022,0.195,3.393,0.006,REVOKED
core_breakdown,1000,500,50,30,60,42,2992,3.02,2.039,0.022,0.213,3.358,0.005,REVOKED
core_breakdown,1000,500,50,30,60,43,2993,2.962,2.042,0.023,0.202,3.325,0.006,REVOKED
core_breakdown,1000,500,50,30,60,44,2994,2.934,2.018,0.025,0.203,3.377,0.006,REVOKED
core_breakdown,1000,500,50,30,60,45,2995,2.927,2.019,0.022,0.197,3.392,0.006,REVOKED
core_breakdown,1000,500,50,30,60,46,2996,3.013,2.076,0.024,0.194,3.365,0.006,REVOKED
core_breakdown,1000,500,50,30,60,47,2997,2.982,2.061,0.022,0.187,3.298,0.006,REVOKED
core_breakdown,1000,500,50,30,60,48,2998,2.96,2.024,0.02,0.196,3.322,0.008,REVOKED
core_breakdown,1000,500,50,30,60,49,2999,2.945,2.009,0.021,0.183,3.33,0.01,REVOKED
core_breakdown,1000,500,50,30,60,50,3000,3.03,2.091,0.026,0.215,3.315,0.005,REVOKED
core_breakdown,1000,500,50,31,61,1,3001,6.59,4.05,0.28,0.439,7.295,0.066,REVOKED
core_breakdown,1000,500,50,31,61,2,3002,6.21,4.08,0.133,0.39,6.174,0.025,REVOKED
core_breakdown,1000,500,50,31,61,3,3003,5.069,3.412,0.078,0.317,5.28,0.019,REVOKED
core_breakdown,1000,500,50,31,61,4,3004,4.763,3.247,0.072,0.317,5.121,0.01,REVOKED
core_breakdown,1000,500,50,31,61,5,3005,4.601,3.196,0.042,0.366,4.549,0.014,REVOKED
core_breakdown,1000,500,50,31,61,6,3006,3.608,2.457,0.045,0.213,3.461,0.007,REVOKED
core_breakdown,1000,500,50,31,61,7,3007,3.094,2.045,0.038,0.229,3.559,0.007,REVOKED
core_breakdown,1000,500,50,31,61,8,3008,3.101,2.108,0.032,0.203,3.417,0.007,REVOKED
core_breakdown,1000,500,50,31,61,9,3009,3.06,2.091,0.028,0.196,3.368,0.006,REVOKED
core_breakdown,1000,500,50,31,61,10,3010,3.19,2.218,0.063,0.223,3.404,0.012,REVOKED
core_breakdown,1000,500,50,31,61,11,3011,3.004,2.058,0.029,0.198,3.443,0.008,REVOKED
core_breakdown,1000,500,50,31,61,12,3012,2.975,2.038,0.027,0.191,3.388,0.006,REVOKED
core_breakdown,1000,500,50,31,61,13,3013,3.005,2.039,0.035,0.201,3.402,0.008,REVOKED
core_breakdown,1000,500,50,31,61,14,3014,2.955,2.034,0.027,0.19,3.3,0.006,REVOKED
core_breakdown,1000,500,50,31,61,15,3015,2.587,1.772,0.023,0.173,3.27,0.008,REVOKED
core_breakdown,1000,500,50,31,61,16,3016,2.976,2.041,0.027,0.188,3.375,0.006,REVOKED
core_breakdown,1000,500,50,31,61,17,3017,2.892,1.981,0.024,0.216,3.314,0.005,REVOKED
core_breakdown,1000,500,50,31,61,18,3018,2.953,2.04,0.027,0.203,3.236,0.007,REVOKED
core_breakdown,1000,500,50,31,61,19,3019,2.908,1.991,0.023,0.198,3.289,0.006,REVOKED
core_breakdown,1000,500,50,31,61,20,3020,2.865,1.95,0.026,0.198,3.222,0.005,REVOKED
core_breakdown,1000,500,50,31,61,21,3021,2.834,1.946,0.023,0.196,3.266,0.006,REVOKED
core_breakdown,1000,500,50,31,61,22,3022,2.87,1.959,0.026,0.198,3.221,0.005,REVOKED
core_breakdown,1000,500,50,31,61,23,3023,2.911,2.001,0.024,0.193,3.263,0.005,REVOKED
core_breakdown,1000,500,50,31,61,24,3024,2.905,1.982,0.026,0.195,3.295,0.007,REVOKED
core_breakdown,1000,500,50,31,61,25,3025,2.982,2.051,0.023,0.19,3.312,0.008,REVOKED
core_breakdown,1000,500,50,31,61,26,3026,3.013,2.028,0.027,0.198,3.391,0.019,REVOKED
core_breakdown,1000,500,50,31,61,27,3027,2.96,2.015,0.022,0.195,3.376,0.005,REVOKED
core_breakdown,1000,500,50,31,61,28,3028,2.924,1.996,0.026,0.184,3.3,0.006,REVOKED
core_breakdown,1000,500,50,31,61,29,3029,2.98,2.063,0.022,0.199,3.36,0.006,REVOKED
core_breakdown,1000,500,50,31,61,30,3030,2.97,2.052,0.021,0.195,3.323,0.007,REVOKED
core_breakdown,1000,500,50,31,61,31,3031,2.952,1.987,0.027,0.194,3.376,0.006,REVOKED
core_breakdown,1000,500,50,31,61,32,3032,2.923,1.997,0.02,0.168,3.297,0.007,REVOKED
core_breakdown,1000,500,50,31,61,33,3033,3.003,2.08,0.024,0.219,3.459,0.006,REVOKED
core_breakdown,1000,500,50,31,61,34,3034,3.002,2.07,0.024,0.192,3.389,0.005,REVOKED
core_breakdown,1000,500,50,31,61,35,3035,2.936,2.044,0.019,0.191,3.303,0.006,REVOKED
core_breakdown,1000,500,50,31,61,36,3036,2.921,2.001,0.018,0.2,3.274,0.005,REVOKED
core_breakdown,1000,500,50,31,61,37,3037,2.977,2.078,0.024,0.204,3.339,0.006,REVOKED
core_breakdown,1000,500,50,31,61,38,3038,2.983,2.03,0.024,0.22,3.364,0.007,REVOKED
core_breakdown,1000,500,50,31,61,39,3039,2.944,2.004,0.024,0.206,3.372,0.006,REVOKED
core_breakdown,1000,500,50,31,61,40,3040,2.996,2.042,0.024,0.194,3.376,0.006,REVOKED
core_breakdown,1000,500,50,31,61,41,3041,2.926,2.015,0.023,0.193,3.392,0.005,REVOKED
core_breakdown,1000,500,50,31,61,42,3042,2.93,1.986,0.022,0.196,3.302,0.007,REVOKED
core_breakdown,1000,500,50,31,61,43,3043,2.924,2.015,0.02,0.198,3.296,0.006,REVOKED
core_breakdown,1000,500,50,31,61,44,3044,3.003,2.085,0.025,0.203,3.34,0.006,REVOKED
core_breakdown,1000,500,50,31,61,45,3045,2.935,2.038,0.026,0.192,3.323,0.008,REVOKED
core_breakdown,1000,500,50,31,61,46,3046,3.001,2.054,0.023,0.186,3.32,0.006,REVOKED
core_breakdown,1000,500,50,31,61,47,3047,2.936,2.033,0.027,0.193,3.277,0.007,REVOKED
core_breakdown,1000,500,50,31,61,48,3048,2.946,2.046,0.022,0.194,3.413,0.006,REVOKED
core_breakdown,1000,500,50,31,61,49,3049,2.962,2.024,0.022,0.21,3.387,0.014,REVOKED
core_breakdown,1000,500,50,31,61,50,3050,2.922,2.019,0.025,0.245,3.329,0.006,REVOKED
core_breakdown,1000,500,50,32,62,1,3051,6.405,4.036,0.222,0.5,7.213,0.066,REVOKED
core_breakdown,1000,500,50,32,62,2,3052,6.078,3.545,0.093,0.322,5.258,0.029,REVOKED
core_breakdown,1000,500,50,32,62,3,3053,4.188,2.818,0.06,0.28,4.192,0.012,REVOKED
core_breakdown,1000,500,50,32,62,4,3054,3.712,2.525,0.038,0.246,3.994,0.009,REVOKED
core_breakdown,1000,500,50,32,62,5,3055,3.573,2.405,0.036,0.21,3.803,0.008,REVOKED
core_breakdown,1000,500,50,32,62,6,3056,3.332,2.27,0.035,0.223,3.773,0.007,REVOKED
core_breakdown,1000,500,50,32,62,7,3057,3.239,2.222,0.032,0.206,3.566,0.006,REVOKED
core_breakdown,1000,500,50,32,62,8,3058,3.082,2.103,0.032,0.222,3.934,0.014,REVOKED
core_breakdown,1000,500,50,32,62,9,3059,3.503,2.362,0.044,0.236,3.787,0.009,REVOKED
core_breakdown,1000,500,50,32,62,10,3060,3.233,2.238,0.029,0.217,3.619,0.007,REVOKED
core_breakdown,1000,500,50,32,62,11,3061,3.223,2.249,0.029,0.209,3.628,0.008,REVOKED
core_breakdown,1000,500,50,32,62,12,3062,3.107,2.13,0.021,0.236,3.457,0.006,REVOKED
core_breakdown,1000,500,50,32,62,13,3063,3.034,2.041,0.035,0.209,3.861,0.008,REVOKED
core_breakdown,1000,500,50,32,62,14,3064,3.43,2.329,0.024,0.249,3.63,0.005,REVOKED
core_breakdown,1000,500,50,32,62,15,3065,3.015,2.054,0.023,0.157,3.084,0.006,REVOKED
core_breakdown,1000,500,50,32,62,16,3066,2.649,1.765,0.025,0.163,3.124,0.005,REVOKED
core_breakdown,1000,500,50,32,62,17,3067,3.721,2.692,0.053,0.219,3.597,0.006,REVOKED
core_breakdown,1000,500,50,32,62,18,3068,2.957,2.015,0.031,0.192,3.329,0.007,REVOKED
core_breakdown,1000,500,50,32,62,19,3069,2.97,1.98,0.024,0.159,2.84,0.006,REVOKED
core_breakdown,1000,500,50,32,62,20,3070,2.877,2.005,0.024,0.202,3.303,0.006,REVOKED
core_breakdown,1000,500,50,32,62,21,3071,2.94,2.033,0.027,0.211,3.291,0.006,REVOKED
core_breakdown,1000,500,50,32,62,22,3072,2.906,1.982,0.024,0.203,3.302,0.007,REVOKED
core_breakdown,1000,500,50,32,62,23,3073,2.892,1.97,0.027,0.201,3.334,0.006,REVOKED
core_breakdown,1000,500,50,32,62,24,3074,2.909,1.998,0.022,0.195,3.202,0.006,REVOKED
core_breakdown,1000,500,50,32,62,25,3075,2.884,1.956,0.023,0.191,3.338,0.009,REVOKED
core_breakdown,1000,500,50,32,62,26,3076,2.935,2.011,0.024,0.193,3.289,0.005,REVOKED
core_breakdown,1000,500,50,32,62,27,3077,2.918,2.01,0.028,0.198,3.299,0.007,REVOKED
core_breakdown,1000,500,50,32,62,28,3078,2.908,2.009,0.025,0.201,3.237,0.008,REVOKED
core_breakdown,1000,500,50,32,62,29,3079,2.926,2.004,0.023,0.204,3.375,0.006,REVOKED
core_breakdown,1000,500,50,32,62,30,3080,2.894,1.974,0.025,0.211,3.338,0.006,REVOKED
core_breakdown,1000,500,50,32,62,31,3081,2.867,1.953,0.023,0.213,3.297,0.006,REVOKED
core_breakdown,1000,500,50,32,62,32,3082,2.877,1.968,0.021,0.197,3.284,0.006,REVOKED
core_breakdown,1000,500,50,32,62,33,3083,2.935,2.024,0.027,0.196,3.238,0.006,REVOKED
core_breakdown,1000,500,50,32,62,34,3084,2.895,1.972,0.026,0.213,3.431,0.011,REVOKED
core_breakdown,1000,500,50,32,62,35,3085,2.93,1.993,0.024,0.199,3.318,0.006,REVOKED
core_breakdown,1000,500,50,32,62,36,3086,2.916,1.996,0.021,0.202,3.344,0.009,REVOKED
core_breakdown,1000,500,50,32,62,37,3087,2.949,2.02,0.021,0.206,3.34,0.005,REVOKED
core_breakdown,1000,500,50,32,62,38,3088,2.976,2.052,0.022,0.212,3.4,0.005,REVOKED
core_breakdown,1000,500,50,32,62,39,3089,3.027,2.054,0.019,0.212,3.349,0.007,REVOKED
core_breakdown,1000,500,50,32,62,40,3090,2.973,2.044,0.024,0.191,3.292,0.006,REVOKED
core_breakdown,1000,500,50,32,62,41,3091,2.99,2.073,0.024,0.199,3.323,0.006,REVOKED
core_breakdown,1000,500,50,32,62,42,3092,2.959,2.043,0.021,0.194,3.297,0.005,REVOKED
core_breakdown,1000,500,50,32,62,43,3093,3.059,2.118,0.028,0.222,3.311,0.006,REVOKED
core_breakdown,1000,500,50,32,62,44,3094,2.973,2.073,0.022,0.214,3.286,0.006,REVOKED
core_breakdown,1000,500,50,32,62,45,3095,2.934,2.006,0.02,0.195,3.259,0.006,REVOKED
core_breakdown,1000,500,50,32,62,46,3096,2.889,1.976,0.027,0.196,3.349,0.006,REVOKED
core_breakdown,1000,500,50,32,62,47,3097,2.939,2.019,0.026,0.267,3.29,0.006,REVOKED
core_breakdown,1000,500,50,32,62,48,3098,3.044,2.038,0.022,0.206,3.348,0.006,REVOKED
core_breakdown,1000,500,50,32,62,49,3099,2.866,1.961,0.023,0.2,3.255,0.01,REVOKED
core_breakdown,1000,500,50,32,62,50,3100,2.917,1.998,0.022,0.196,3.317,0.006,REVOKED
core_breakdown,1000,500,50,33,63,1,3101,7.408,5.184,0.336,0.52,7.046,0.061,REVOKED
core_breakdown,1000,500,50,33,63,2,3102,4.996,3.226,0.061,0.348,5.348,0.029,REVOKED
core_breakdown,1000,500,50,33,63,3,3103,4.306,2.887,0.087,0.266,4.514,0.015,REVOKED
core_breakdown,1000,500,50,33,63,4,3104,4.077,2.792,0.053,0.271,4.562,0.013,REVOKED
core_breakdown,1000,500,50,33,63,5,3105,4.084,2.773,0.051,0.262,4.424,0.01,REVOKED
core_breakdown,1000,500,50,33,63,6,3106,3.944,2.696,0.034,0.237,4.165,0.014,REVOKED
core_breakdown,1000,500,50,33,63,7,3107,3.688,2.483,0.07,0.24,3.95,0.011,REVOKED
core_breakdown,1000,500,50,33,63,8,3108,3.591,2.45,0.035,0.226,7.134,0.018,REVOKED
core_breakdown,1000,500,50,33,63,9,3109,3.721,2.521,0.067,0.244,3.865,0.011,REVOKED
core_breakdown,1000,500,50,33,63,10,3110,3.543,2.392,0.033,0.259,4.055,0.014,REVOKED
core_breakdown,1000,500,50,33,63,11,3111,3.394,2.314,0.039,0.232,3.407,0.009,REVOKED
core_breakdown,1000,500,50,33,63,12,3112,3.083,2.087,0.038,0.243,3.725,0.009,REVOKED
core_breakdown,1000,500,50,33,63,13,3113,4.001,2.666,0.043,0.218,3.513,0.009,REVOKED
core_breakdown,1000,500,50,33,63,14,3114,2.931,2.002,0.026,0.201,3.391,0.008,REVOKED
core_breakdown,1000,500,50,33,63,15,3115,3.02,2.056,0.029,0.193,3.237,0.006,REVOKED
core_breakdown,1000,500,50,33,63,16,3116,2.514,1.731,0.033,0.175,3.056,0.007,REVOKED
core_breakdown,1000,500,50,33,63,17,3117,2.908,1.992,0.025,0.199,3.34,0.007,REVOKED
core_breakdown,1000,500,50,33,63,18,3118,2.93,2.023,0.025,0.196,3.349,0.005,REVOKED
core_breakdown,1000,500,50,33,63,19,3119,2.948,2.017,0.023,0.199,3.268,0.007,REVOKED
core_breakdown,1000,500,50,33,63,20,3120,2.897,1.976,0.025,0.194,3.281,0.006,REVOKED
core_breakdown,1000,500,50,33,63,21,3121,2.924,2.014,0.025,0.24,3.309,0.006,REVOKED
core_breakdown,1000,500,50,33,63,22,3122,2.932,2.013,0.022,0.206,3.291,0.006,REVOKED
core_breakdown,1000,500,50,33,63,23,3123,2.955,2.031,0.025,0.193,3.298,0.006,REVOKED
core_breakdown,1000,500,50,33,63,24,3124,2.918,1.983,0.03,0.191,3.298,0.006,REVOKED
core_breakdown,1000,500,50,33,63,25,3125,2.952,2.037,0.025,0.246,3.277,0.007,REVOKED
core_breakdown,1000,500,50,33,63,26,3126,2.912,2.005,0.026,0.2,3.35,0.006,REVOKED
core_breakdown,1000,500,50,33,63,27,3127,2.917,2.004,0.029,0.188,3.319,0.006,REVOKED
core_breakdown,1000,500,50,33,63,28,3128,2.93,2.01,0.023,0.193,3.285,0.006,REVOKED
core_breakdown,1000,500,50,33,63,29,3129,3.026,2.084,0.024,0.206,3.464,0.006,REVOKED
core_breakdown,1000,500,50,33,63,30,3130,3.03,2.067,0.022,0.203,3.422,0.006,REVOKED
core_breakdown,1000,500,50,33,63,31,3131,2.999,2.026,0.023,0.214,3.41,0.011,REVOKED
core_breakdown,1000,500,50,33,63,32,3132,3.153,2.191,0.023,0.196,3.371,0.006,REVOKED
core_breakdown,1000,500,50,33,63,33,3133,2.999,2.032,0.023,0.215,3.478,0.006,REVOKED
core_breakdown,1000,500,50,33,63,34,3134,3.044,2.064,0.024,0.201,3.398,0.006,REVOKED
core_breakdown,1000,500,50,33,63,35,3135,2.929,1.998,0.024,0.221,3.297,0.006,REVOKED
core_breakdown,1000,500,50,33,63,36,3136,3.027,2.087,0.025,0.197,3.265,0.005,REVOKED
core_breakdown,1000,500,50,33,63,37,3137,2.963,2.041,0.027,0.185,3.312,0.006,REVOKED
core_breakdown,1000,500,50,33,63,38,3138,2.996,2.074,0.025,0.199,3.28,0.007,REVOKED
core_breakdown,1000,500,50,33,63,39,3139,2.987,2.057,0.023,0.202,3.303,0.006,REVOKED
core_breakdown,1000,500,50,33,63,40,3140,2.965,2.036,0.021,0.189,3.335,0.006,REVOKED
core_breakdown,1000,500,50,33,63,41,3141,2.977,2.042,0.023,0.197,3.354,0.007,REVOKED
core_breakdown,1000,500,50,33,63,42,3142,2.953,2.043,0.02,0.232,3.368,0.005,REVOKED
core_breakdown,1000,500,50,33,63,43,3143,2.951,2.024,0.025,0.191,3.344,0.006,REVOKED
core_breakdown,1000,500,50,33,63,44,3144,2.928,2.048,0.023,0.199,3.34,0.006,REVOKED
core_breakdown,1000,500,50,33,63,45,3145,2.921,2.0,0.019,0.201,3.273,0.006,REVOKED
core_breakdown,1000,500,50,33,63,46,3146,2.916,1.995,0.027,0.192,3.354,0.006,REVOKED
core_breakdown,1000,500,50,33,63,47,3147,2.994,2.062,0.023,0.224,3.228,0.006,REVOKED
core_breakdown,1000,500,50,33,63,48,3148,2.836,1.935,0.019,0.19,3.335,0.005,REVOKED
core_breakdown,1000,500,50,33,63,49,3149,2.8,1.922,0.021,0.192,3.174,0.011,REVOKED
core_breakdown,1000,500,50,33,63,50,3150,2.885,1.978,0.024,0.188,3.198,0.006,REVOKED
core_breakdown,1000,500,50,34,64,1,3151,7.582,4.165,0.272,0.608,8.295,0.04,REVOKED
core_breakdown,1000,500,50,34,64,2,3152,6.188,4.075,0.171,0.395,6.046,0.029,REVOKED
core_breakdown,1000,500,50,34,64,3,3153,5.054,3.392,0.088,0.355,5.294,0.018,REVOKED
core_breakdown,1000,500,50,34,64,4,3154,4.631,3.056,0.078,0.27,4.543,0.015,REVOKED
core_breakdown,1000,500,50,34,64,5,3155,3.673,2.476,0.039,0.251,3.993,0.008,REVOKED
core_breakdown,1000,500,50,34,64,6,3156,3.64,2.476,0.036,0.228,4.054,0.008,REVOKED
core_breakdown,1000,500,50,34,64,7,3157,3.306,2.247,0.035,0.223,3.779,0.008,REVOKED
core_breakdown,1000,500,50,34,64,8,3158,3.277,2.214,0.035,0.224,3.705,0.007,REVOKED
core_breakdown,1000,500,50,34,64,9,3159,3.225,2.191,0.034,0.223,3.717,0.011,REVOKED
core_breakdown,1000,500,50,34,64,10,3160,3.268,2.172,0.054,0.217,3.648,0.008,REVOKED
core_breakdown,1000,500,50,34,64,11,3161,3.141,2.134,0.032,0.195,3.546,0.007,REVOKED
core_breakdown,1000,500,50,34,64,12,3162,3.168,2.112,0.077,0.254,3.717,0.014,REVOKED
core_breakdown,1000,500,50,34,64,13,3163,3.234,2.239,0.031,0.221,3.837,0.01,REVOKED
core_breakdown,1000,500,50,34,64,14,3164,3.514,2.408,0.035,0.242,3.875,0.008,REVOKED
core_breakdown,1000,500,50,34,64,15,3165,3.432,2.352,0.03,0.232,3.883,0.007,REVOKED
core_breakdown,1000,500,50,34,64,16,3166,3.422,2.383,0.027,0.23,3.796,0.006,REVOKED
core_breakdown,1000,500,50,34,64,17,3167,3.453,2.368,0.026,0.269,3.819,0.005,REVOKED
core_breakdown,1000,500,50,34,64,18,3168,3.003,2.038,0.024,0.185,3.462,0.007,REVOKED
core_breakdown,1000,500,50,34,64,19,3169,3.011,2.055,0.033,0.208,3.486,0.007,REVOKED
core_breakdown,1000,500,50,34,64,20,3170,3.062,2.054,0.025,0.231,2.998,0.006,REVOKED
core_breakdown,1000,500,50,34,64,21,3171,2.607,1.812,0.023,0.19,3.037,0.007,REVOKED
core_breakdown,1000,500,50,34,64,22,3172,2.635,1.789,0.021,0.181,2.994,0.005,REVOKED
core_breakdown,1000,500,50,34,64,23,3173,2.584,1.779,0.025,0.18,3.071,0.006,REVOKED
core_breakdown,1000,500,50,34,64,24,3174,2.919,2.05,0.028,0.198,3.386,0.007,REVOKED
core_breakdown,1000,500,50,34,64,25,3175,3.569,2.608,0.036,0.229,4.091,0.014,REVOKED
core_breakdown,1000,500,50,34,64,26,3176,3.181,2.13,0.036,0.18,3.113,0.007,REVOKED
core_breakdown,1000,500,50,34,64,27,3177,2.636,1.777,0.028,0.244,3.486,0.007,REVOKED
core_breakdown,1000,500,50,34,64,28,3178,3.069,2.094,0.026,0.22,3.518,0.008,REVOKED
core_breakdown,1000,500,50,34,64,29,3179,3.095,2.117,0.03,0.203,3.416,0.008,REVOKED
core_breakdown,1000,500,50,34,64,30,3180,2.897,1.989,0.025,0.199,3.3,0.006,REVOKED
core_breakdown,1000,500,50,34,64,31,3181,2.947,2.012,0.03,0.196,3.384,0.007,REVOKED
core_breakdown,1000,500,50,34,64,32,3182,2.503,1.709,0.022,0.205,3.37,0.006,REVOKED
core_breakdown,1000,500,50,34,64,33,3183,5.281,3.615,0.041,0.302,4.452,0.009,REVOKED
core_breakdown,1000,500,50,34,64,34,3184,2.963,2.033,0.028,0.197,3.374,0.007,REVOKED
core_breakdown,1000,500,50,34,64,35,3185,2.89,1.956,0.029,0.192,3.322,0.006,REVOKED
core_breakdown,1000,500,50,34,64,36,3186,2.9,1.971,0.028,0.2,3.282,0.007,REVOKED
core_breakdown,1000,500,50,34,64,37,3187,2.89,1.999,0.022,0.199,3.32,0.007,REVOKED
core_breakdown,1000,500,50,34,64,38,3188,2.949,1.975,0.024,0.192,3.32,0.006,REVOKED
core_breakdown,1000,500,50,34,64,39,3189,3.234,2.248,0.026,0.208,3.283,0.007,REVOKED
core_breakdown,1000,500,50,34,64,40,3190,2.912,1.984,0.022,0.211,3.293,0.005,REVOKED
core_breakdown,1000,500,50,34,64,41,3191,2.907,1.993,0.028,0.201,3.305,0.006,REVOKED
core_breakdown,1000,500,50,34,64,42,3192,2.906,1.986,0.021,0.194,3.264,0.007,REVOKED
core_breakdown,1000,500,50,34,64,43,3193,2.86,1.956,0.024,0.199,3.191,0.007,REVOKED
core_breakdown,1000,500,50,34,64,44,3194,2.89,1.992,0.025,0.19,3.309,0.007,REVOKED
core_breakdown,1000,500,50,34,64,45,3195,2.917,1.975,0.021,0.21,3.203,0.007,REVOKED
core_breakdown,1000,500,50,34,64,46,3196,2.85,1.969,0.02,0.199,3.276,0.006,REVOKED
core_breakdown,1000,500,50,34,64,47,3197,2.889,1.99,0.02,0.19,3.35,0.009,REVOKED
core_breakdown,1000,500,50,34,64,48,3198,3.036,2.088,0.025,0.205,3.382,0.012,REVOKED
core_breakdown,1000,500,50,34,64,49,3199,3.081,2.092,0.027,0.206,3.409,0.013,REVOKED
core_breakdown,1000,500,50,34,64,50,3200,3.009,2.023,0.024,0.224,3.309,0.007,REVOKED
core_breakdown,1000,500,50,35,65,1,3201,6.338,4.124,0.174,0.417,7.431,0.048,REVOKED
core_breakdown,1000,500,50,35,65,2,3202,4.562,3.073,0.093,0.279,4.617,0.019,REVOKED
core_breakdown,1000,500,50,35,65,3,3203,3.666,2.471,0.048,0.235,3.955,0.008,REVOKED
core_breakdown,1000,500,50,35,65,4,3204,3.646,2.485,0.052,0.25,4.055,0.014,REVOKED
core_breakdown,1000,500,50,35,65,5,3205,3.887,2.549,0.049,0.258,4.339,0.008,REVOKED
core_breakdown,1000,500,50,35,65,6,3206,3.857,2.63,0.03,0.24,4.237,0.007,REVOKED
core_breakdown,1000,500,50,35,65,7,3207,3.913,2.568,0.041,0.244,3.933,0.008,REVOKED
core_breakdown,1000,500,50,35,65,8,3208,3.72,2.447,0.031,0.24,3.906,0.007,REVOKED
core_breakdown,1000,500,50,35,65,9,3209,3.577,2.471,0.027,0.245,3.95,0.006,REVOKED
core_breakdown,1000,500,50,35,65,10,3210,3.61,2.433,0.025,0.242,3.848,0.006,REVOKED
core_breakdown,1000,500,50,35,65,11,3211,3.397,2.315,0.024,0.236,3.788,0.005,REVOKED
core_breakdown,1000,500,50,35,65,12,3212,3.519,2.469,0.027,0.231,3.778,0.005,REVOKED
core_breakdown,1000,500,50,35,65,13,3213,3.037,2.046,0.021,0.199,3.371,0.009,REVOKED
core_breakdown,1000,500,50,35,65,14,3214,2.976,2.039,0.024,0.262,3.373,0.006,REVOKED
core_breakdown,1000,500,50,35,65,15,3215,3.061,2.121,0.028,0.188,3.331,0.007,REVOKED
core_breakdown,1000,500,50,35,65,16,3216,3.003,2.032,0.023,0.209,3.301,0.006,REVOKED
core_breakdown,1000,500,50,35,65,17,3217,3.068,2.096,0.024,0.209,3.41,0.005,REVOKED
core_breakdown,1000,500,50,35,65,18,3218,2.976,2.05,0.028,0.208,3.363,0.005,REVOKED
core_breakdown,1000,500,50,35,65,19,3219,3.077,2.115,0.023,0.208,3.503,0.007,REVOKED
core_breakdown,1000,500,50,35,65,20,3220,3.131,2.137,0.03,0.219,4.258,0.01,REVOKED
core_breakdown,1000,500,50,35,65,21,3221,3.67,2.322,0.038,0.445,7.252,0.014,REVOKED
core_breakdown,1000,500,50,35,65,22,3222,2.959,1.976,0.045,0.203,3.148,0.008,REVOKED
core_breakdown,1000,500,50,35,65,23,3223,2.843,1.913,0.034,0.196,3.308,0.006,REVOKED
core_breakdown,1000,500,50,35,65,24,3224,2.898,2.036,0.027,0.183,3.231,0.008,REVOKED
core_breakdown,1000,500,50,35,65,25,3225,2.732,1.849,0.028,0.192,3.243,0.01,REVOKED
core_breakdown,1000,500,50,35,65,26,3226,2.657,1.794,0.027,0.196,2.969,0.006,REVOKED
core_breakdown,1000,500,50,35,65,27,3227,2.604,1.799,0.023,0.186,2.975,0.007,REVOKED
core_breakdown,1000,500,50,35,65,28,3228,2.585,1.773,0.021,0.17,3.562,0.006,REVOKED
core_breakdown,1000,500,50,35,65,29,3229,2.549,1.74,0.027,0.179,2.864,0.007,REVOKED
core_breakdown,1000,500,50,35,65,30,3230,2.641,1.813,0.027,0.173,2.998,0.006,REVOKED
core_breakdown,1000,500,50,35,65,31,3231,2.88,1.981,0.023,0.199,3.258,0.006,REVOKED
core_breakdown,1000,500,50,35,65,32,3232,2.986,2.055,0.026,0.193,3.222,0.007,REVOKED
core_breakdown,1000,500,50,35,65,33,3233,2.91,1.979,0.024,0.194,3.219,0.006,REVOKED
core_breakdown,1000,500,50,35,65,34,3234,2.916,1.996,0.023,0.193,3.237,0.006,REVOKED
core_breakdown,1000,500,50,35,65,35,3235,2.851,1.934,0.02,0.199,3.297,0.005,REVOKED
core_breakdown,1000,500,50,35,65,36,3236,2.915,2.008,0.026,0.198,3.295,0.008,REVOKED
core_breakdown,1000,500,50,35,65,37,3237,3.312,2.368,0.029,0.22,3.363,0.006,REVOKED
core_breakdown,1000,500,50,35,65,38,3238,2.49,1.689,0.025,0.169,3.215,0.011,REVOKED
core_breakdown,1000,500,50,35,65,39,3239,2.923,1.989,0.022,0.189,3.302,0.005,REVOKED
core_breakdown,1000,500,50,35,65,40,3240,2.927,2.034,0.026,0.201,3.283,0.007,REVOKED
core_breakdown,1000,500,50,35,65,41,3241,2.882,1.975,0.021,0.192,3.327,0.007,REVOKED
core_breakdown,1000,500,50,35,65,42,3242,2.932,2.013,0.027,0.194,3.283,0.006,REVOKED
core_breakdown,1000,500,50,35,65,43,3243,2.888,1.995,0.02,0.202,3.279,0.007,REVOKED
core_breakdown,1000,500,50,35,65,44,3244,2.958,2.01,0.019,0.19,3.323,0.006,REVOKED
core_breakdown,1000,500,50,35,65,45,3245,2.909,2.017,0.02,0.197,3.367,0.008,REVOKED
core_breakdown,1000,500,50,35,65,46,3246,3.016,2.075,0.028,0.203,3.314,0.006,REVOKED
core_breakdown,1000,500,50,35,65,47,3247,2.956,2.031,0.026,0.203,3.398,0.006,REVOKED
core_breakdown,1000,500,50,35,65,48,3248,3.072,2.087,0.027,0.205,3.349,0.011,REVOKED
core_breakdown,1000,500,50,35,65,49,3249,2.968,2.055,0.022,0.227,3.366,0.01,REVOKED
core_breakdown,1000,500,50,35,65,50,3250,3.005,2.059,0.023,0.246,3.349,0.006,REVOKED
core_breakdown,1000,500,50,36,66,1,3251,4.412,2.741,0.1,0.329,4.977,0.019,REVOKED
core_breakdown,1000,500,50,36,66,2,3252,4.067,2.583,0.044,0.239,4.12,0.022,REVOKED
core_breakdown,1000,500,50,36,66,3,3253,4.196,2.822,0.065,0.26,3.885,0.016,REVOKED
core_breakdown,1000,500,50,36,66,4,3254,3.682,2.533,0.072,0.272,4.263,0.013,REVOKED
core_breakdown,1000,500,50,36,66,5,3255,4.13,2.813,0.051,0.285,4.175,0.012,REVOKED
core_breakdown,1000,500,50,36,66,6,3256,3.597,2.458,0.044,0.225,4.617,0.012,REVOKED
core_breakdown,1000,500,50,36,66,7,3257,3.923,2.554,0.053,0.259,3.928,0.009,REVOKED
core_breakdown,1000,500,50,36,66,8,3258,3.219,2.173,0.032,0.233,3.713,0.009,REVOKED
core_breakdown,1000,500,50,36,66,9,3259,3.169,2.164,0.033,0.226,3.535,0.008,REVOKED
core_breakdown,1000,500,50,36,66,10,3260,3.069,2.14,0.029,0.219,3.517,0.007,REVOKED
core_breakdown,1000,500,50,36,66,11,3261,3.184,2.132,0.029,0.213,3.508,0.007,REVOKED
core_breakdown,1000,500,50,36,66,12,3262,3.128,2.101,0.032,0.232,3.613,0.008,REVOKED
core_breakdown,1000,500,50,36,66,13,3263,3.022,2.056,0.03,0.219,3.501,0.008,REVOKED
core_breakdown,1000,500,50,36,66,14,3264,3.094,2.116,0.025,0.213,3.417,0.006,REVOKED
core_breakdown,1000,500,50,36,66,15,3265,2.712,1.871,0.034,0.153,2.761,0.007,REVOKED
core_breakdown,1000,500,50,36,66,16,3266,2.658,1.835,0.029,0.188,3.12,0.007,REVOKED
core_breakdown,1000,500,50,36,66,17,3267,2.699,1.799,0.032,0.182,3.147,0.007,REVOKED
core_breakdown,1000,500,50,36,66,18,3268,2.866,1.892,0.028,0.189,3.167,0.007,REVOKED
core_breakdown,1000,500,50,36,66,19,3269,2.784,1.875,0.026,0.205,3.672,0.009,REVOKED
core_breakdown,1000,500,50,36,66,20,3270,2.853,1.923,0.032,0.184,3.183,0.007,REVOKED
core_breakdown,1000,500,50,36,66,21,3271,2.894,1.979,0.032,0.212,3.507,0.006,REVOKED
core_breakdown,1000,500,50,36,66,22,3272,3.236,2.235,0.027,0.203,3.599,0.007,REVOKED
core_breakdown,1000,500,50,36,66,23,3273,3.192,2.191,0.03,0.211,3.609,0.007,REVOKED
core_breakdown,1000,500,50,36,66,24,3274,3.178,2.222,0.027,0.227,3.735,0.007,REVOKED
core_breakdown,1000,500,50,36,66,25,3275,3.198,2.201,0.028,0.204,3.585,0.011,REVOKED
core_breakdown,1000,500,50,36,66,26,3276,3.024,2.07,0.035,0.214,3.621,0.007,REVOKED
core_breakdown,1000,500,50,36,66,27,3277,3.092,2.116,0.024,0.212,3.53,0.007,REVOKED
core_breakdown,1000,500,50,36,66,28,3278,3.11,2.124,0.033,0.213,3.594,0.007,REVOKED
core_breakdown,1000,500,50,36,66,29,3279,2.843,1.995,0.025,0.193,3.296,0.007,REVOKED
core_breakdown,1000,500,50,36,66,30,3280,2.76,1.846,0.028,0.184,3.212,0.007,REVOKED
core_breakdown,1000,500,50,36,66,31,3281,3.146,2.131,0.03,0.279,3.554,0.007,REVOKED
core_breakdown,1000,500,50,36,66,32,3282,3.331,2.27,0.031,0.2,3.562,0.007,REVOKED
core_breakdown,1000,500,50,36,66,33,3283,3.123,2.127,0.038,0.215,3.481,0.007,REVOKED
core_breakdown,1000,500,50,36,66,34,3284,3.103,2.135,0.03,0.225,3.608,0.007,REVOKED
core_breakdown,1000,500,50,36,66,35,3285,3.087,2.093,0.028,0.202,3.657,0.007,REVOKED
core_breakdown,1000,500,50,36,66,36,3286,3.111,2.132,0.027,0.203,3.528,0.032,REVOKED
core_breakdown,1000,500,50,36,66,37,3287,3.17,2.15,0.027,0.224,3.467,0.007,REVOKED
core_breakdown,1000,500,50,36,66,38,3288,3.063,2.084,0.035,0.222,3.454,0.007,REVOKED
core_breakdown,1000,500,50,36,66,39,3289,3.037,2.087,0.032,0.193,3.595,0.007,REVOKED
core_breakdown,1000,500,50,36,66,40,3290,3.451,2.352,0.033,0.358,4.352,0.013,REVOKED
core_breakdown,1000,500,50,36,66,41,3291,2.735,1.815,0.035,0.203,3.617,0.008,REVOKED
core_breakdown,1000,500,50,36,66,42,3292,3.119,2.131,0.061,0.205,3.601,0.009,REVOKED
core_breakdown,1000,500,50,36,66,43,3293,3.132,2.152,0.031,0.213,3.582,0.008,REVOKED
core_breakdown,1000,500,50,36,66,44,3294,3.155,2.189,0.033,0.242,4.277,0.01,REVOKED
core_breakdown,1000,500,50,36,66,45,3295,3.267,2.228,0.036,0.219,4.476,0.01,REVOKED
core_breakdown,1000,500,50,36,66,46,3296,4.135,3.015,0.047,0.269,3.647,0.012,REVOKED
core_breakdown,1000,500,50,36,66,47,3297,3.28,2.268,0.03,0.203,3.643,0.008,REVOKED
core_breakdown,1000,500,50,36,66,48,3298,3.131,2.148,0.024,0.209,3.443,0.007,REVOKED
core_breakdown,1000,500,50,36,66,49,3299,3.112,2.076,0.022,0.237,3.638,0.013,REVOKED
core_breakdown,1000,500,50,36,66,50,3300,3.029,2.074,0.029,0.202,3.329,0.006,REVOKED
core_breakdown,1000,500,50,37,67,1,3301,6.63,4.098,0.277,0.494,6.689,0.043,REVOKED
core_breakdown,1000,500,50,37,67,2,3302,5.414,3.431,0.213,0.35,5.334,0.027,REVOKED
core_breakdown,1000,500,50,37,67,3,3303,4.855,3.275,0.079,0.273,4.728,0.015,REVOKED
core_breakdown,1000,500,50,37,67,4,3304,4.266,2.92,0.054,0.291,4.783,0.012,REVOKED
core_breakdown,1000,500,50,37,67,5,3305,4.069,2.69,0.082,0.254,4.417,0.012,REVOKED
core_breakdown,1000,500,50,37,67,6,3306,3.967,2.635,0.053,0.227,4.571,0.011,REVOKED
core_breakdown,1000,500,50,37,67,7,3307,3.828,2.57,0.036,0.223,4.036,0.008,REVOKED
core_breakdown,1000,500,50,37,67,8,3308,3.678,2.491,0.039,0.251,3.957,0.008,REVOKED
core_breakdown,1000,500,50,37,67,9,3309,3.564,2.441,0.032,0.23,3.889,0.007,REVOKED
core_breakdown,1000,500,50,37,67,10,3310,3.54,2.405,0.032,0.232,3.947,0.014,REVOKED
core_breakdown,1000,500,50,37,67,11,3311,3.703,2.47,0.034,0.236,3.812,0.007,REVOKED
core_breakdown,1000,500,50,37,67,12,3312,3.421,2.347,0.032,0.213,3.9,0.007,REVOKED
core_breakdown,1000,500,50,37,67,13,3313,3.636,2.481,0.042,0.234,4.042,0.011,REVOKED
core_breakdown,1000,500,50,37,67,14,3314,3.514,2.437,0.031,0.237,3.975,0.017,REVOKED
core_breakdown,1000,500,50,37,67,15,3315,3.26,2.145,0.077,0.207,3.689,0.009,REVOKED
core_breakdown,1000,500,50,37,67,16,3316,3.192,2.155,0.05,0.211,3.627,0.007,REVOKED
core_breakdown,1000,500,50,37,67,17,3317,3.535,2.458,0.051,0.245,4.066,0.012,REVOKED
core_breakdown,1000,500,50,37,67,18,3318,3.41,2.262,0.047,0.191,3.311,0.009,REVOKED
core_breakdown,1000,500,50,37,67,19,3319,2.947,1.993,0.038,0.198,3.499,0.009,REVOKED
core_breakdown,1000,500,50,37,67,20,3320,3.517,2.51,0.033,0.233,4.042,0.01,REVOKED
core_breakdown,1000,500,50,37,67,21,3321,4.238,2.796,0.041,0.255,4.412,0.008,REVOKED
core_breakdown,1000,500,50,37,67,22,3322,3.453,2.299,0.041,0.263,3.925,0.008,REVOKED
core_breakdown,1000,500,50,37,67,23,3323,3.489,2.438,0.035,0.262,3.737,0.008,REVOKED
core_breakdown,1000,500,50,37,67,24,3324,3.746,2.588,0.037,0.248,3.933,0.009,REVOKED
core_breakdown,1000,500,50,37,67,25,3325,3.601,2.488,0.04,0.271,3.871,0.011,REVOKED
core_breakdown,1000,500,50,37,67,26,3326,3.772,2.6,0.034,0.242,4.112,0.009,REVOKED
core_breakdown,1000,500,50,37,67,27,3327,3.701,2.579,0.036,0.232,4.582,0.008,REVOKED
core_breakdown,1000,500,50,37,67,28,3328,4.104,2.772,0.038,0.238,4.276,0.009,REVOKED
core_breakdown,1000,500,50,37,67,29,3329,3.378,2.234,0.044,0.215,3.481,0.008,REVOKED
core_breakdown,1000,500,50,37,67,30,3330,2.944,2.008,0.03,0.213,3.541,0.007,REVOKED
core_breakdown,1000,500,50,37,67,31,3331,2.95,2.003,0.031,0.199,3.372,0.009,REVOKED
core_breakdown,1000,500,50,37,67,32,3332,2.936,1.986,0.033,0.187,3.304,0.007,REVOKED
core_breakdown,1000,500,50,37,67,33,3333,2.896,1.96,0.026,0.208,3.325,0.006,REVOKED
core_breakdown,1000,500,50,37,67,34,3334,2.857,1.962,0.027,0.186,3.286,0.006,REVOKED
core_breakdown,1000,500,50,37,67,35,3335,3.033,2.102,0.026,0.2,3.444,0.007,REVOKED
core_breakdown,1000,500,50,37,67,36,3336,2.937,2.003,0.024,0.194,3.305,0.007,REVOKED
core_breakdown,1000,500,50,37,67,37,3337,2.957,2.019,0.029,0.187,3.32,0.007,REVOKED
core_breakdown,1000,500,50,37,67,38,3338,2.907,1.977,0.024,0.221,3.333,0.006,REVOKED
core_breakdown,1000,500,50,37,67,39,3339,2.936,2.03,0.025,0.215,3.319,0.006,REVOKED
core_breakdown,1000,500,50,37,67,40,3340,3.003,2.048,0.038,0.219,3.52,0.006,REVOKED
core_breakdown,1000,500,50,37,67,41,3341,3.058,2.099,0.033,0.202,3.626,0.007,REVOKED
core_breakdown,1000,500,50,37,67,42,3342,2.759,1.803,0.028,0.185,3.203,0.007,REVOKED
core_breakdown,1000,500,50,37,67,43,3343,3.063,2.096,0.023,0.213,3.663,0.006,REVOKED
core_breakdown,1000,500,50,37,67,44,3344,3.136,2.152,0.02,0.237,3.576,0.006,REVOKED
core_breakdown,1000,500,50,37,67,45,3345,3.142,2.158,0.035,0.211,3.463,0.007,REVOKED
core_breakdown,1000,500,50,37,67,46,3346,2.972,2.022,0.023,0.201,3.33,0.007,REVOKED
core_breakdown,1000,500,50,37,67,47,3347,2.893,1.99,0.022,0.199,3.331,0.007,REVOKED
core_breakdown,1000,500,50,37,67,48,3348,2.941,2.026,0.03,0.208,3.389,0.006,REVOKED
core_breakdown,1000,500,50,37,67,49,3349,2.964,2.03,0.024,0.2,3.466,0.014,REVOKED
core_breakdown,1000,500,50,37,67,50,3350,3.032,2.038,0.023,0.201,3.411,0.007,REVOKED
core_breakdown,1000,500,50,38,68,1,3351,5.672,3.412,0.209,0.506,5.93,0.035,REVOKED
core_breakdown,1000,500,50,38,68,2,3352,4.843,3.245,0.139,0.33,4.493,0.029,REVOKED
core_breakdown,1000,500,50,38,68,3,3353,4.433,3.001,0.067,0.251,4.512,0.029,REVOKED
core_breakdown,1000,500,50,38,68,4,3354,3.749,2.505,0.085,0.235,3.727,0.02,REVOKED
core_breakdown,1000,500,50,38,68,5,3355,3.272,2.202,0.07,0.234,3.759,0.023,REVOKED
core_breakdown,1000,500,50,38,68,6,3356,3.232,2.179,0.076,0.227,3.735,0.029,REVOKED
core_breakdown,1000,500,50,38,68,7,3357,3.341,2.291,0.061,0.234,3.723,0.021,REVOKED
core_breakdown,1000,500,50,38,68,8,3358,3.488,2.358,0.079,0.245,3.672,0.032,REVOKED
core_breakdown,1000,500,50,38,68,9,3359,3.309,2.219,0.06,0.207,3.702,0.02,REVOKED
core_breakdown,1000,500,50,38,68,10,3360,3.45,2.37,0.066,0.236,3.751,0.014,REVOKED
core_breakdown,1000,500,50,38,68,11,3361,3.357,2.233,0.03,0.236,3.766,0.009,REVOKED
core_breakdown,1000,500,50,38,68,12,3362,3.16,2.157,0.036,0.275,3.822,0.009,REVOKED
core_breakdown,1000,500,50,38,68,13,3363,3.286,2.252,0.035,0.244,3.773,0.008,REVOKED
core_breakdown,1000,500,50,38,68,14,3364,3.244,2.205,0.027,0.207,3.512,0.006,REVOKED
core_breakdown,1000,500,50,38,68,15,3365,3.097,2.149,0.025,0.222,3.943,0.008,REVOKED
core_breakdown,1000,500,50,38,68,16,3366,3.615,2.474,0.026,0.241,4.046,0.007,REVOKED
core_breakdown,1000,500,50,38,68,17,3367,3.63,2.474,0.035,0.248,4.008,0.008,REVOKED
core_breakdown,1000,500,50,38,68,18,3368,3.627,2.45,0.027,0.26,3.885,0.007,REVOKED
core_breakdown,1000,500,50,38,68,19,3369,3.6,2.477,0.027,0.245,3.676,0.007,REVOKED
core_breakdown,1000,500,50,38,68,20,3370,3.085,2.103,0.026,0.222,3.486,0.007,REVOKED
core_breakdown,1000,500,50,38,68,21,3371,3.064,2.093,0.036,0.22,3.491,0.007,REVOKED
core_breakdown,1000,500,50,38,68,22,3372,2.869,1.882,0.03,0.188,3.09,0.007,REVOKED
core_breakdown,1000,500,50,38,68,23,3373,3.102,2.059,0.044,0.219,3.658,0.008,REVOKED
core_breakdown,1000,500,50,38,68,24,3374,3.02,2.055,0.031,0.204,3.389,0.007,REVOKED
core_breakdown,1000,500,50,38,68,25,3375,3.038,2.063,0.028,0.247,3.459,0.011,REVOKED
core_breakdown,1000,500,50,38,68,26,3376,3.016,2.057,0.026,0.199,3.582,0.007,REVOKED
core_breakdown,1000,500,50,38,68,27,3377,3.386,2.394,0.036,0.237,3.438,0.007,REVOKED
core_breakdown,1000,500,50,38,68,28,3378,3.048,2.059,0.025,0.221,3.458,0.006,REVOKED
core_breakdown,1000,500,50,38,68,29,3379,3.235,2.086,0.031,0.205,3.534,0.007,REVOKED
core_breakdown,1000,500,50,38,68,30,3380,2.998,2.045,0.025,0.203,3.389,0.006,REVOKED
core_breakdown,1000,500,50,38,68,31,3381,3.026,2.055,0.025,0.18,3.39,0.006,REVOKED
core_breakdown,1000,500,50,38,68,32,3382,3.018,2.074,0.03,0.212,3.435,0.007,REVOKED
core_breakdown,1000,500,50,38,68,33,3383,2.987,2.045,0.025,0.215,3.367,0.007,REVOKED
core_breakdown,1000,500,50,38,68,34,3384,2.937,2.017,0.026,0.199,3.417,0.007,REVOKED
core_breakdown,1000,500,50,38,68,35,3385,2.982,2.056,0.026,0.207,3.273,0.006,REVOKED
core_breakdown,1000,500,50,38,68,36,3386,2.943,2.001,0.024,0.198,3.32,0.007,REVOKED
core_breakdown,1000,500,50,38,68,37,3387,2.935,2.027,0.022,0.205,3.335,0.006,REVOKED
core_breakdown,1000,500,50,38,68,38,3388,2.923,1.98,0.026,0.193,3.422,0.006,REVOKED
core_breakdown,1000,500,50,38,68,39,3389,2.966,2.068,0.023,0.195,3.352,0.006,REVOKED
core_breakdown,1000,500,50,38,68,40,3390,3.015,2.069,0.029,0.21,3.335,0.006,REVOKED
core_breakdown,1000,500,50,38,68,41,3391,2.942,1.977,0.022,0.205,3.372,0.006,REVOKED
core_breakdown,1000,500,50,38,68,42,3392,2.973,2.031,0.026,0.198,3.333,0.006,REVOKED
core_breakdown,1000,500,50,38,68,43,3393,2.917,2.004,0.022,0.201,3.316,0.013,REVOKED
core_breakdown,1000,500,50,38,68,44,3394,2.97,2.071,0.026,0.207,3.302,0.006,REVOKED
core_breakdown,1000,500,50,38,68,45,3395,2.966,2.04,0.023,0.187,3.306,0.006,REVOKED
core_breakdown,1000,500,50,38,68,46,3396,2.991,2.012,0.024,0.197,3.281,0.007,REVOKED
core_breakdown,1000,500,50,38,68,47,3397,2.934,2.005,0.025,0.199,3.294,0.006,REVOKED
core_breakdown,1000,500,50,38,68,48,3398,2.633,1.799,0.024,0.191,3.351,0.007,REVOKED
core_breakdown,1000,500,50,38,68,49,3399,3.749,2.577,0.034,0.224,4.065,0.021,REVOKED
core_breakdown,1000,500,50,38,68,50,3400,2.735,1.841,0.032,0.195,3.357,0.007,REVOKED
core_breakdown,1000,500,50,39,69,1,3401,4.835,3.134,0.11,0.403,5.395,0.032,REVOKED
core_breakdown,1000,500,50,39,69,2,3402,4.595,3.058,0.11,0.234,4.288,0.014,REVOKED
core_breakdown,1000,500,50,39,69,3,3403,3.636,2.429,0.046,0.28,3.703,0.008,REVOKED
core_breakdown,1000,500,50,39,69,4,3404,3.448,2.393,0.032,0.275,4.567,0.012,REVOKED
core_breakdown,1000,500,50,39,69,5,3405,3.619,2.42,0.097,0.244,3.34,0.018,REVOKED
core_breakdown,1000,500,50,39,69,6,3406,3.403,2.32,0.044,0.216,3.744,0.009,REVOKED
core_breakdown,1000,500,50,39,69,7,3407,3.288,2.245,0.056,0.225,3.459,0.012,REVOKED
core_breakdown,1000,500,50,39,69,8,3408,2.976,2.02,0.029,0.207,3.357,0.008,REVOKED
core_breakdown,1000,500,50,39,69,9,3409,3.04,2.063,0.038,0.214,3.408,0.008,REVOKED
core_breakdown,1000,500,50,39,69,10,3410,3.007,2.08,0.034,0.194,3.303,0.008,REVOKED
core_breakdown,1000,500,50,39,69,11,3411,2.635,1.778,0.035,0.174,3.033,0.007,REVOKED
core_breakdown,1000,500,50,39,69,12,3412,2.664,1.814,0.026,0.183,3.104,0.007,REVOKED
core_breakdown,1000,500,50,39,69,13,3413,2.62,1.787,0.028,0.184,3.108,0.008,REVOKED
core_breakdown,1000,500,50,39,69,14,3414,2.647,1.789,0.029,0.176,3.108,0.007,REVOKED
core_breakdown,1000,500,50,39,69,15,3415,2.677,1.821,0.027,0.18,3.063,0.007,REVOKED
core_breakdown,1000,500,50,39,69,16,3416,2.652,1.812,0.029,0.195,3.074,0.007,REVOKED
core_breakdown,1000,500,50,39,69,17,3417,2.669,1.808,0.025,0.188,3.048,0.007,REVOKED
core_breakdown,1000,500,50,39,69,18,3418,2.603,1.754,0.022,0.179,3.015,0.006,REVOKED
core_breakdown,1000,500,50,39,69,19,3419,2.828,1.966,0.029,0.173,3.119,0.006,REVOKED
core_breakdown,1000,500,50,39,69,20,3420,3.079,2.096,0.026,0.203,3.474,0.007,REVOKED
core_breakdown,1000,500,50,39,69,21,3421,2.993,2.023,0.027,0.222,3.459,0.006,REVOKED
core_breakdown,1000,500,50,39,69,22,3422,3.017,2.072,0.026,0.205,3.429,0.006,REVOKED
core_breakdown,1000,500,50,39,69,23,3423,3.067,2.097,0.026,0.197,3.46,0.007,REVOKED
core_breakdown,1000,500,50,39,69,24,3424,2.978,2.044,0.022,0.219,3.422,0.007,REVOKED
core_breakdown,1000,500,50,39,69,25,3425,2.981,2.033,0.027,0.205,3.402,0.01,REVOKED
core_breakdown,1000,500,50,39,69,26,3426,3.129,2.147,0.03,0.2,3.476,0.007,REVOKED
core_breakdown,1000,500,50,39,69,27,3427,3.08,2.107,0.028,0.215,3.6,0.008,REVOKED
core_breakdown,1000,500,50,39,69,28,3428,3.058,2.074,0.026,0.212,3.408,0.007,REVOKED
core_breakdown,1000,500,50,39,69,29,3429,3.26,2.254,0.033,0.205,3.387,0.007,REVOKED
core_breakdown,1000,500,50,39,69,30,3430,2.624,1.776,0.027,0.178,3.369,0.006,REVOKED
core_breakdown,1000,500,50,39,69,31,3431,2.973,2.003,0.024,0.196,3.322,0.006,REVOKED
core_breakdown,1000,500,50,39,69,32,3432,2.97,2.018,0.027,0.208,3.304,0.006,REVOKED
core_breakdown,1000,500,50,39,69,33,3433,3.0,2.084,0.022,0.197,3.385,0.007,REVOKED
core_breakdown,1000,500,50,39,69,34,3434,3.056,2.143,0.024,0.21,3.669,0.007,REVOKED
core_breakdown,1000,500,50,39,69,35,3435,3.056,2.077,0.027,0.204,3.733,0.012,REVOKED
core_breakdown,1000,500,50,39,69,36,3436,3.04,2.077,0.028,0.194,3.448,0.006,REVOKED
core_breakdown,1000,500,50,39,69,37,3437,3.024,2.082,0.026,0.202,3.501,0.007,REVOKED
core_breakdown,1000,500,50,39,69,38,3438,3.11,2.098,0.032,0.205,3.552,0.007,REVOKED
core_breakdown,1000,500,50,39,69,39,3439,3.064,2.074,0.028,0.202,3.374,0.007,REVOKED
core_breakdown,1000,500,50,39,69,40,3440,3.03,2.101,0.026,0.212,3.507,0.007,REVOKED
core_breakdown,1000,500,50,39,69,41,3441,3.029,2.094,0.024,0.2,3.505,0.007,REVOKED
core_breakdown,1000,500,50,39,69,42,3442,3.004,2.044,0.023,0.21,3.371,0.007,REVOKED
core_breakdown,1000,500,50,39,69,43,3443,3.054,2.094,0.028,0.233,3.416,0.006,REVOKED
core_breakdown,1000,500,50,39,69,44,3444,3.023,2.076,0.025,0.205,3.451,0.007,REVOKED
core_breakdown,1000,500,50,39,69,45,3445,3.03,2.066,0.03,0.222,3.289,0.008,REVOKED
core_breakdown,1000,500,50,39,69,46,3446,3.08,2.102,0.033,0.198,3.45,0.006,REVOKED
core_breakdown,1000,500,50,39,69,47,3447,3.039,2.093,0.028,0.203,3.373,0.007,REVOKED
core_breakdown,1000,500,50,39,69,48,3448,3.066,2.122,0.03,0.203,3.465,0.007,REVOKED
core_breakdown,1000,500,50,39,69,49,3449,3.038,2.053,0.025,0.214,3.486,0.012,REVOKED
core_breakdown,1000,500,50,39,69,50,3450,3.028,2.076,0.028,0.2,3.449,0.006,REVOKED
core_breakdown,1000,500,50,40,70,1,3451,4.069,2.581,0.098,0.365,4.707,0.029,REVOKED
core_breakdown,1000,500,50,40,70,2,3452,4.629,3.072,0.088,0.231,4.983,0.021,REVOKED
core_breakdown,1000,500,50,40,70,3,3453,3.776,2.406,0.041,0.192,3.551,0.008,REVOKED
core_breakdown,1000,500,50,40,70,4,3454,3.336,2.384,0.037,0.228,3.937,0.009,REVOKED
core_breakdown,1000,500,50,40,70,5,3455,3.534,2.408,0.037,0.24,3.848,0.007,REVOKED
core_breakdown,1000,500,50,40,70,6,3456,3.512,2.404,0.036,0.221,3.817,0.007,REVOKED
core_breakdown,1000,500,50,40,70,7,3457,3.346,2.308,0.028,0.212,3.696,0.006,REVOKED
core_breakdown,1000,500,50,40,70,8,3458,3.476,2.334,0.066,0.255,4.061,0.013,REVOKED
core_breakdown,1000,500,50,40,70,9,3459,3.438,2.314,0.04,0.261,3.896,0.009,REVOKED
core_breakdown,1000,500,50,40,70,10,3460,3.42,2.318,0.04,0.226,3.85,0.008,REVOKED
core_breakdown,1000,500,50,40,70,11,3461,3.472,2.387,0.045,0.232,3.426,0.007,REVOKED
core_breakdown,1000,500,50,40,70,12,3462,3.055,2.105,0.025,0.185,3.583,0.009,REVOKED
core_breakdown,1000,500,50,40,70,13,3463,3.079,2.082,0.03,0.216,3.503,0.008,REVOKED
core_breakdown,1000,500,50,40,70,14,3464,3.028,2.045,0.034,0.206,3.476,0.007,REVOKED
core_breakdown,1000,500,50,40,70,15,3465,2.966,2.033,0.031,0.212,3.378,0.007,REVOKED
core_breakdown,1000,500,50,40,70,16,3466,2.989,2.047,0.026,0.197,3.424,0.007,REVOKED
core_breakdown,1000,500,50,40,70,17,3467,2.989,2.022,0.027,0.19,3.41,0.006,REVOKED
core_breakdown,1000,500,50,40,70,18,3468,3.044,2.06,0.027,0.191,3.476,0.007,REVOKED
core_breakdown,1000,500,50,40,70,19,3469,3.071,2.103,0.028,0.209,3.519,0.011,REVOKED
core_breakdown,1000,500,50,40,70,20,3470,2.999,2.059,0.029,0.219,3.541,0.006,REVOKED
core_breakdown,1000,500,50,40,70,21,3471,3.026,2.085,0.029,0.196,3.437,0.006,REVOKED
core_breakdown,1000,500,50,40,70,22,3472,3.067,2.079,0.027,0.2,3.397,0.006,REVOKED
core_breakdown,1000,500,50,40,70,23,3473,3.034,2.068,0.029,0.202,3.524,0.007,REVOKED
core_breakdown,1000,500,50,40,70,24,3474,2.878,1.957,0.022,0.167,3.161,0.007,REVOKED
core_breakdown,1000,500,50,40,70,25,3475,2.674,1.794,0.029,0.183,3.105,0.01,REVOKED
core_breakdown,1000,500,50,40,70,26,3476,2.655,1.784,0.023,0.212,3.584,0.007,REVOKED
core_breakdown,1000,500,50,40,70,27,3477,3.135,2.187,0.027,0.203,2.986,0.007,REVOKED
core_breakdown,1000,500,50,40,70,28,3478,2.874,2.034,0.029,0.207,3.446,0.007,REVOKED
core_breakdown,1000,500,50,40,70,29,3479,2.938,2.022,0.028,0.182,3.46,0.007,REVOKED
core_breakdown,1000,500,50,40,70,30,3480,3.027,2.09,0.025,0.208,3.476,0.006,REVOKED
core_breakdown,1000,500,50,40,70,31,3481,3.059,2.129,0.022,0.203,3.502,0.007,REVOKED
core_breakdown,1000,500,50,40,70,32,3482,3.042,2.083,0.028,0.251,3.558,0.007,REVOKED
core_breakdown,1000,500,50,40,70,33,3483,3.067,2.086,0.03,0.202,3.425,0.007,REVOKED
core_breakdown,1000,500,50,40,70,34,3484,3.087,2.119,0.029,0.246,3.462,0.007,REVOKED
core_breakdown,1000,500,50,40,70,35,3485,2.961,2.016,0.031,0.211,3.435,0.006,REVOKED
core_breakdown,1000,500,50,40,70,36,3486,3.065,2.125,0.028,0.196,3.534,0.008,REVOKED
core_breakdown,1000,500,50,40,70,37,3487,2.994,2.031,0.029,0.207,3.383,0.007,REVOKED
core_breakdown,1000,500,50,40,70,38,3488,3.001,2.058,0.029,0.201,4.222,0.007,REVOKED
core_breakdown,1000,500,50,40,70,39,3489,3.027,2.099,0.027,0.207,3.451,0.007,REVOKED
core_breakdown,1000,500,50,40,70,40,3490,3.06,2.12,0.03,0.195,3.531,0.006,REVOKED
core_breakdown,1000,500,50,40,70,41,3491,2.994,2.052,0.027,0.206,3.486,0.007,REVOKED
core_breakdown,1000,500,50,40,70,42,3492,3.041,2.051,0.027,0.223,3.388,0.006,REVOKED
core_breakdown,1000,500,50,40,70,43,3493,3.108,2.134,0.031,0.23,3.705,0.007,REVOKED
core_breakdown,1000,500,50,40,70,44,3494,3.004,2.045,0.03,0.195,3.454,0.007,REVOKED
core_breakdown,1000,500,50,40,70,45,3495,3.044,2.082,0.028,0.194,3.53,0.008,REVOKED
core_breakdown,1000,500,50,40,70,46,3496,3.029,2.074,0.029,0.201,3.45,0.007,REVOKED
core_breakdown,1000,500,50,40,70,47,3497,3.048,2.068,0.026,0.21,3.399,0.006,REVOKED
core_breakdown,1000,500,50,40,70,48,3498,3.046,2.103,0.024,0.209,3.423,0.006,REVOKED
core_breakdown,1000,500,50,40,70,49,3499,2.966,2.052,0.026,0.21,3.406,0.012,REVOKED
core_breakdown,1000,500,50,40,70,50,3500,2.955,2.005,0.029,0.196,3.423,0.007,REVOKED
core_breakdown,1000,500,50,41,71,1,3501,4.814,3.247,0.073,0.367,5.315,0.016,REVOKED
core_breakdown,1000,500,50,41,71,2,3502,3.971,2.673,0.037,0.243,4.069,0.01,REVOKED
core_breakdown,1000,500,50,41,71,3,3503,3.454,2.351,0.031,0.226,3.779,0.008,REVOKED
core_breakdown,1000,500,50,41,71,4,3504,3.527,2.416,0.028,0.222,3.86,0.01,REVOKED
core_breakdown,1000,500,50,41,71,5,3505,2.551,1.742,0.028,0.179,3.234,0.008,REVOKED
core_breakdown,1000,500,50,41,71,6,3506,3.237,2.219,0.03,0.22,3.583,0.007,REVOKED
core_breakdown,1000,500,50,41,71,7,3507,2.754,1.891,0.03,0.18,3.008,0.007,REVOKED
core_breakdown,1000,500,50,41,71,8,3508,2.818,1.935,0.029,0.784,3.152,0.008,REVOKED
core_breakdown,1000,500,50,41,71,9,3509,2.581,1.712,0.027,0.165,2.805,0.006,REVOKED
core_breakdown,1000,500,50,41,71,10,3510,2.561,1.744,0.032,0.221,3.343,0.007,REVOKED
core_breakdown,1000,500,50,41,71,11,3511,2.971,2.007,0.024,0.201,3.765,0.008,REVOKED
core_breakdown,1000,500,50,41,71,12,3512,3.569,2.548,0.051,0.198,3.25,0.009,REVOKED
core_breakdown,1000,500,50,41,71,13,3513,2.687,1.802,0.028,0.205,3.088,0.009,REVOKED
core_breakdown,1000,500,50,41,71,14,3514,2.602,1.774,0.031,0.189,3.034,0.007,REVOKED
core_breakdown,1000,500,50,41,71,15,3515,2.687,1.818,0.027,0.235,3.383,0.008,REVOKED
core_breakdown,1000,500,50,41,71,16,3516,3.022,2.047,0.036,0.208,3.618,0.008,REVOKED
core_breakdown,1000,500,50,41,71,17,3517,3.011,1.968,0.038,0.226,4.194,0.01,REVOKED
core_breakdown,1000,500,50,41,71,18,3518,2.943,2.009,0.035,0.245,3.405,0.008,REVOKED
core_breakdown,1000,500,50,41,71,19,3519,2.897,1.953,0.029,0.178,3.382,0.007,REVOKED
core_breakdown,1000,500,50,41,71,20,3520,3.04,2.096,0.035,0.194,3.586,0.01,REVOKED
core_breakdown,1000,500,50,41,71,21,3521,2.671,1.802,0.03,0.18,3.235,0.007,REVOKED
core_breakdown,1000,500,50,41,71,22,3522,2.683,1.855,0.025,0.185,3.072,0.01,REVOKED
core_breakdown,1000,500,50,41,71,23,3523,2.688,1.838,0.032,0.174,3.077,0.007,REVOKED
core_breakdown,1000,500,50,41,71,24,3524,2.63,1.755,0.026,0.17,3.081,0.006,REVOKED
core_breakdown,1000,500,50,41,71,25,3525,2.89,2.035,0.032,0.205,3.158,0.011,REVOKED
core_breakdown,1000,500,50,41,71,26,3526,2.727,1.846,0.031,0.191,3.094,0.006,REVOKED
core_breakdown,1000,500,50,41,71,27,3527,2.664,1.802,0.025,0.194,3.135,0.007,REVOKED
core_breakdown,1000,500,50,41,71,28,3528,2.636,1.779,0.03,0.191,3.097,0.007,REVOKED
core_breakdown,1000,500,50,41,71,29,3529,2.652,1.801,0.031,0.172,3.163,0.007,REVOKED
core_breakdown,1000,500,50,41,71,30,3530,2.662,1.83,0.029,0.186,3.096,0.007,REVOKED
core_breakdown,1000,500,50,41,71,31,3531,2.737,1.871,0.028,0.191,2.966,0.007,REVOKED
core_breakdown,1000,500,50,41,71,32,3532,2.292,1.56,0.025,0.177,2.712,0.007,REVOKED
core_breakdown,1000,500,50,41,71,33,3533,2.371,1.609,0.028,0.165,2.989,0.007,REVOKED
core_breakdown,1000,500,50,41,71,34,3534,3.058,2.191,0.033,0.208,3.6,0.012,REVOKED
core_breakdown,1000,500,50,41,71,35,3535,3.314,2.333,0.044,0.208,3.611,0.008,REVOKED
core_breakdown,1000,500,50,41,71,36,3536,3.1,2.097,0.032,0.215,3.414,0.007,REVOKED
core_breakdown,1000,500,50,41,71,37,3537,3.061,2.096,0.032,0.208,3.396,0.007,REVOKED
core_breakdown,1000,500,50,41,71,38,3538,3.001,2.052,0.03,0.201,3.504,0.007,REVOKED
core_breakdown,1000,500,50,41,71,39,3539,3.973,2.443,0.045,0.236,4.009,0.012,REVOKED
core_breakdown,1000,500,50,41,71,40,3540,3.399,2.358,0.03,0.228,3.75,0.01,REVOKED
core_breakdown,1000,500,50,41,71,41,3541,3.04,2.076,0.031,0.207,3.586,0.008,REVOKED
core_breakdown,1000,500,50,41,71,42,3542,3.09,2.117,0.028,0.198,3.517,0.008,REVOKED
core_breakdown,1000,500,50,41,71,43,3543,3.037,2.097,0.029,0.194,3.269,0.006,REVOKED
core_breakdown,1000,500,50,41,71,44,3544,2.712,1.797,0.032,0.191,3.127,0.007,REVOKED
core_breakdown,1000,500,50,41,71,45,3545,2.779,1.902,0.028,0.198,3.233,0.007,REVOKED
core_breakdown,1000,500,50,41,71,46,3546,2.713,1.862,0.029,0.196,3.097,0.007,REVOKED
core_breakdown,1000,500,50,41,71,47,3547,2.658,1.841,0.025,0.171,3.071,0.006,REVOKED
core_breakdown,1000,500,50,41,71,48,3548,2.678,1.808,0.027,0.198,3.303,0.006,REVOKED
core_breakdown,1000,500,50,41,71,49,3549,3.103,2.127,0.03,0.203,3.459,0.014,REVOKED
core_breakdown,1000,500,50,41,71,50,3550,2.895,1.983,0.028,0.198,3.47,0.008,REVOKED
core_breakdown,1000,500,50,42,72,1,3551,3.938,2.627,0.075,0.31,4.908,0.016,REVOKED
core_breakdown,1000,500,50,42,72,2,3552,4.614,2.986,0.052,0.308,4.707,0.012,REVOKED
core_breakdown,1000,500,50,42,72,3,3553,3.46,2.405,0.042,0.231,4.903,0.011,REVOKED
core_breakdown,1000,500,50,42,72,4,3554,4.527,3.006,0.044,0.512,4.563,0.011,REVOKED
core_breakdown,1000,500,50,42,72,5,3555,3.494,2.379,0.033,0.234,3.864,0.008,REVOKED
core_breakdown,1000,500,50,42,72,6,3556,3.365,2.288,0.03,0.226,3.734,0.008,REVOKED
core_breakdown,1000,500,50,42,72,7,3557,3.346,2.296,0.025,0.229,3.727,0.007,REVOKED
core_breakdown,1000,500,50,42,72,8,3558,3.363,2.298,0.023,0.229,3.71,0.008,REVOKED
core_breakdown,1000,500,50,42,72,9,3559,3.269,2.236,0.021,0.227,3.777,0.007,REVOKED
core_breakdown,1000,500,50,42,72,10,3560,3.205,2.189,0.03,0.194,3.258,0.006,REVOKED
core_breakdown,1000,500,50,42,72,11,3561,2.978,2.014,0.029,0.185,3.324,0.007,REVOKED
core_breakdown,1000,500,50,42,72,12,3562,2.889,1.974,0.024,0.227,3.316,0.006,REVOKED
core_breakdown,1000,500,50,42,72,13,3563,2.964,2.024,0.027,0.204,3.368,0.007,REVOKED
core_breakdown,1000,500,50,42,72,14,3564,3.028,2.114,0.024,0.187,3.352,0.007,REVOKED
core_breakdown,1000,500,50,42,72,15,3565,2.934,2.01,0.027,0.199,3.341,0.007,REVOKED
core_breakdown,1000,500,50,42,72,16,3566,2.693,1.813,0.031,0.205,3.304,0.006,REVOKED
core_breakdown,1000,500,50,42,72,17,3567,3.039,2.085,0.031,0.193,3.361,0.006,REVOKED
core_breakdown,1000,500,50,42,72,18,3568,2.926,2.018,0.024,0.187,3.317,0.007,REVOKED
core_breakdown,1000,500,50,42,72,19,3569,2.913,1.99,0.022,0.21,3.313,0.007,REVOKED
core_breakdown,1000,500,50,42,72,20,3570,2.995,2.049,0.025,0.209,3.291,0.006,REVOKED
core_breakdown,1000,500,50,42,72,21,3571,2.965,2.012,0.033,0.203,3.57,0.007,REVOKED
core_breakdown,1000,500,50,42,72,22,3572,2.943,2.005,0.028,0.192,3.224,0.007,REVOKED
core_breakdown,1000,500,50,42,72,23,3573,2.858,1.963,0.025,0.201,3.322,0.007,REVOKED
core_breakdown,1000,500,50,42,72,24,3574,2.932,2.03,0.023,0.199,2.863,0.006,REVOKED
core_breakdown,1000,500,50,42,72,25,3575,2.496,1.695,0.02,0.183,2.922,0.009,REVOKED
core_breakdown,1000,500,50,42,72,26,3576,2.613,1.776,0.024,0.186,3.264,0.008,REVOKED
core_breakdown,1000,500,50,42,72,27,3577,2.853,1.932,0.025,0.191,3.202,0.006,REVOKED
core_breakdown,1000,500,50,42,72,28,3578,2.869,1.965,0.02,0.215,3.27,0.006,REVOKED
core_breakdown,1000,500,50,42,72,29,3579,2.831,1.953,0.025,0.216,3.262,0.006,REVOKED
core_breakdown,1000,500,50,42,72,30,3580,2.817,1.922,0.021,0.189,3.253,0.006,REVOKED
core_breakdown,1000,500,50,42,72,31,3581,2.811,1.922,0.02,0.19,3.256,0.006,REVOKED
core_breakdown,1000,500,50,42,72,32,3582,2.859,1.96,0.025,0.202,3.239,0.007,REVOKED
core_breakdown,1000,500,50,42,72,33,3583,2.879,1.969,0.023,0.203,3.354,0.005,REVOKED
core_breakdown,1000,500,50,42,72,34,3584,2.855,1.956,0.024,0.205,3.225,0.006,REVOKED
core_breakdown,1000,500,50,42,72,35,3585,2.851,1.964,0.024,0.197,3.228,0.006,REVOKED
core_breakdown,1000,500,50,42,72,36,3586,2.824,1.926,0.023,0.202,3.167,0.005,REVOKED
core_breakdown,1000,500,50,42,72,37,3587,2.814,1.944,0.021,0.186,3.188,0.006,REVOKED
core_breakdown,1000,500,50,42,72,38,3588,2.908,1.96,0.027,0.203,3.221,0.005,REVOKED
core_breakdown,1000,500,50,42,72,39,3589,2.805,1.905,0.022,0.194,3.242,0.007,REVOKED
core_breakdown,1000,500,50,42,72,40,3590,2.832,1.936,0.021,0.193,3.158,0.006,REVOKED
core_breakdown,1000,500,50,42,72,41,3591,2.841,1.952,0.024,0.2,3.219,0.006,REVOKED
core_breakdown,1000,500,50,42,72,42,3592,2.878,1.954,0.026,0.185,3.227,0.006,REVOKED
core_breakdown,1000,500,50,42,72,43,3593,2.857,1.96,0.024,0.191,3.229,0.005,REVOKED
core_breakdown,1000,500,50,42,72,44,3594,2.843,1.933,0.024,0.195,3.19,0.006,REVOKED
core_breakdown,1000,500,50,42,72,45,3595,2.829,1.935,0.022,0.188,3.203,0.007,REVOKED
core_breakdown,1000,500,50,42,72,46,3596,2.792,1.908,0.024,0.187,3.162,0.006,REVOKED
core_breakdown,1000,500,50,42,72,47,3597,2.835,1.933,0.022,0.193,3.212,0.006,REVOKED
core_breakdown,1000,500,50,42,72,48,3598,2.865,1.968,0.024,0.184,3.223,0.007,REVOKED
core_breakdown,1000,500,50,42,72,49,3599,2.998,2.021,0.023,0.207,3.255,0.011,REVOKED
core_breakdown,1000,500,50,42,72,50,3600,2.856,1.936,0.024,0.183,3.333,0.007,REVOKED
core_breakdown,1000,500,50,43,73,1,3601,7.561,4.621,0.356,0.442,6.779,0.063,REVOKED
core_breakdown,1000,500,50,43,73,2,3602,5.123,3.406,0.103,0.323,5.138,0.022,REVOKED
core_breakdown,1000,500,50,43,73,3,3603,4.477,3.034,0.083,0.281,4.578,0.017,REVOKED
core_breakdown,1000,500,50,43,73,4,3604,3.658,2.452,0.059,0.244,4.104,0.008,REVOKED
core_breakdown,1000,500,50,43,73,5,3605,3.62,2.471,0.039,0.241,4.019,0.009,REVOKED
core_breakdown,1000,500,50,43,73,6,3606,3.595,2.425,0.048,0.255,4.107,0.014,REVOKED
core_breakdown,1000,500,50,43,73,7,3607,3.677,2.469,0.045,0.249,3.884,0.006,REVOKED
core_breakdown,1000,500,50,43,73,8,3608,3.386,2.322,0.028,0.237,3.869,0.008,REVOKED
core_breakdown,1000,500,50,43,73,9,3609,3.383,2.32,0.038,0.223,3.768,0.007,REVOKED
core_breakdown,1000,500,50,43,73,10,3610,3.385,2.291,0.073,0.215,3.462,0.016,REVOKED
core_breakdown,1000,500,50,43,73,11,3611,3.007,2.065,0.039,0.205,3.361,0.009,REVOKED
core_breakdown,1000,500,50,43,73,12,3612,2.981,2.05,0.031,0.197,3.44,0.007,REVOKED
core_breakdown,1000,500,50,43,73,13,3613,2.941,1.994,0.025,0.201,3.282,0.009,REVOKED
core_breakdown,1000,500,50,43,73,14,3614,2.95,2.011,0.025,0.2,3.294,0.006,REVOKED
core_breakdown,1000,500,50,43,73,15,3615,2.959,2.043,0.021,0.192,3.379,0.007,REVOKED
core_breakdown,1000,500,50,43,73,16,3616,2.974,2.063,0.022,0.198,3.374,0.006,REVOKED
core_breakdown,1000,500,50,43,73,17,3617,2.899,1.999,0.021,0.189,3.422,0.011,REVOKED
core_breakdown,1000,500,50,43,73,18,3618,2.999,2.029,0.028,0.204,3.424,0.006,REVOKED
core_breakdown,1000,500,50,43,73,19,3619,2.974,2.008,0.024,0.209,3.32,0.007,REVOKED
core_breakdown,1000,500,50,43,73,20,3620,2.898,1.995,0.022,0.201,3.319,0.008,REVOKED
core_breakdown,1000,500,50,43,73,21,3621,2.907,1.968,0.026,0.198,3.295,0.006,REVOKED
core_breakdown,1000,500,50,43,73,22,3622,3.022,2.011,0.021,0.192,3.351,0.007,REVOKED
core_breakdown,1000,500,50,43,73,23,3623,2.914,1.981,0.024,0.187,3.391,0.006,REVOKED
core_breakdown,1000,500,50,43,73,24,3624,2.981,2.051,0.029,0.197,3.281,0.008,REVOKED
core_breakdown,1000,500,50,43,73,25,3625,2.933,1.991,0.023,0.202,3.247,0.008,REVOKED
core_breakdown,1000,500,50,43,73,26,3626,2.943,2.043,0.025,0.19,3.38,0.006,REVOKED
core_breakdown,1000,500,50,43,73,27,3627,2.938,1.998,0.024,0.201,3.257,0.006,REVOKED
core_breakdown,1000,500,50,43,73,28,3628,2.942,2.034,0.022,0.199,3.422,0.006,REVOKED
core_breakdown,1000,500,50,43,73,29,3629,2.994,2.061,0.025,0.186,3.263,0.006,REVOKED
core_breakdown,1000,500,50,43,73,30,3630,2.895,1.972,0.024,0.191,3.388,0.006,REVOKED
core_breakdown,1000,500,50,43,73,31,3631,2.939,2.023,0.022,0.193,3.332,0.006,REVOKED
core_breakdown,1000,500,50,43,73,32,3632,2.906,1.983,0.023,0.193,3.333,0.006,REVOKED
core_breakdown,1000,500,50,43,73,33,3633,2.914,2.0,0.02,0.213,3.243,0.006,REVOKED
core_breakdown,1000,500,50,43,73,34,3634,2.863,1.944,0.023,0.211,3.265,0.006,REVOKED
core_breakdown,1000,500,50,43,73,35,3635,2.959,2.03,0.028,0.226,3.314,0.007,REVOKED
core_breakdown,1000,500,50,43,73,36,3636,2.962,2.022,0.022,0.192,3.27,0.006,REVOKED
core_breakdown,1000,500,50,43,73,37,3637,2.933,2.016,0.019,0.22,3.254,0.006,REVOKED
core_breakdown,1000,500,50,43,73,38,3638,2.907,1.99,0.021,0.191,3.288,0.006,REVOKED
core_breakdown,1000,500,50,43,73,39,3639,2.895,1.984,0.022,0.197,3.261,0.007,REVOKED
core_breakdown,1000,500,50,43,73,40,3640,2.977,2.072,0.025,0.195,3.301,0.006,REVOKED
core_breakdown,1000,500,50,43,73,41,3641,3.04,2.036,0.022,0.207,3.366,0.006,REVOKED
core_breakdown,1000,500,50,43,73,42,3642,2.892,1.981,0.02,0.199,3.273,0.006,REVOKED
core_breakdown,1000,500,50,43,73,43,3643,2.881,1.971,0.024,0.194,3.236,0.006,REVOKED
core_breakdown,1000,500,50,43,73,44,3644,3.111,2.046,0.028,0.185,3.319,0.012,REVOKED
core_breakdown,1000,500,50,43,73,45,3645,2.909,1.998,0.023,0.206,3.305,0.006,REVOKED
core_breakdown,1000,500,50,43,73,46,3646,2.902,1.991,0.021,0.185,3.29,0.006,REVOKED
core_breakdown,1000,500,50,43,73,47,3647,2.958,2.022,0.021,0.195,3.289,0.006,REVOKED
core_breakdown,1000,500,50,43,73,48,3648,2.943,2.032,0.027,0.188,3.259,0.006,REVOKED
core_breakdown,1000,500,50,43,73,49,3649,2.905,1.991,0.021,0.197,3.316,0.012,REVOKED
core_breakdown,1000,500,50,43,73,50,3650,2.915,2.009,0.025,0.22,3.326,0.006,REVOKED
core_breakdown,1000,500,50,44,74,1,3651,6.754,4.297,0.274,0.447,7.074,0.067,REVOKED
core_breakdown,1000,500,50,44,74,2,3652,5.599,3.607,0.125,0.322,5.587,0.029,REVOKED
core_breakdown,1000,500,50,44,74,3,3653,4.9,3.309,0.098,0.344,5.193,0.023,REVOKED
core_breakdown,1000,500,50,44,74,4,3654,4.613,3.05,0.075,0.316,5.235,0.017,REVOKED
core_breakdown,1000,500,50,44,74,5,3655,3.947,2.526,0.028,0.275,4.619,0.011,REVOKED
core_breakdown,1000,500,50,44,74,6,3656,4.058,2.76,0.048,0.266,4.421,0.01,REVOKED
core_breakdown,1000,500,50,44,74,7,3657,4.059,2.739,0.075,0.236,4.01,0.012,REVOKED
core_breakdown,1000,500,50,44,74,8,3658,3.562,2.444,0.033,0.234,3.905,0.008,REVOKED
core_breakdown,1000,500,50,44,74,9,3659,3.39,2.322,0.028,0.219,3.797,0.008,REVOKED
core_breakdown,1000,500,50,44,74,10,3660,3.461,2.371,0.037,0.218,3.878,0.009,REVOKED
core_breakdown,1000,500,50,44,74,11,3661,3.422,2.301,0.039,0.234,3.818,0.01,REVOKED
core_breakdown,1000,500,50,44,74,12,3662,3.395,2.308,0.033,0.225,3.795,0.008,REVOKED
core_breakdown,1000,500,50,44,74,13,3663,3.332,2.221,0.074,0.226,3.415,0.015,REVOKED
core_breakdown,1000,500,50,44,74,14,3664,2.955,2.019,0.033,0.197,3.46,0.01,REVOKED
core_breakdown,1000,500,50,44,74,15,3665,3.017,2.082,0.025,0.189,3.384,0.007,REVOKED
core_breakdown,1000,500,50,44,74,16,3666,2.959,1.991,0.024,0.201,3.34,0.007,REVOKED
core_breakdown,1000,500,50,44,74,17,3667,2.994,1.999,0.031,0.199,3.285,0.006,REVOKED
core_breakdown,1000,500,50,44,74,18,3668,2.97,2.024,0.026,0.193,3.318,0.011,REVOKED
core_breakdown,1000,500,50,44,74,19,3669,2.982,2.045,0.028,0.19,3.347,0.006,REVOKED
core_breakdown,1000,500,50,44,74,20,3670,3.033,2.085,0.023,0.197,3.342,0.007,REVOKED
core_breakdown,1000,500,50,44,74,21,3671,3.016,2.056,0.021,0.208,3.323,0.007,REVOKED
core_breakdown,1000,500,50,44,74,22,3672,3.027,2.08,0.029,0.221,3.337,0.006,REVOKED
core_breakdown,1000,500,50,44,74,23,3673,2.959,2.003,0.025,0.213,3.389,0.006,REVOKED
core_breakdown,1000,500,50,44,74,24,3674,2.934,2.017,0.023,0.196,3.272,0.006,REVOKED
core_breakdown,1000,500,50,44,74,25,3675,3.012,2.082,0.024,0.202,3.354,0.008,REVOKED
core_breakdown,1000,500,50,44,74,26,3676,2.884,1.982,0.025,0.213,3.298,0.006,REVOKED
core_breakdown,1000,500,50,44,74,27,3677,3.011,2.068,0.022,0.216,3.328,0.007,REVOKED
core_breakdown,1000,500,50,44,74,28,3678,3.031,2.094,0.025,0.244,3.337,0.006,REVOKED
core_breakdown,1000,500,50,44,74,29,3679,3.007,2.077,0.023,0.203,3.308,0.006,REVOKED
core_breakdown,1000,500,50,44,74,30,3680,2.96,2.062,0.023,0.192,3.293,0.011,REVOKED
core_breakdown,1000,500,50,44,74,31,3681,2.911,2.001,0.021,0.203,3.312,0.007,REVOKED
core_breakdown,1000,500,50,44,74,32,3682,2.884,1.965,0.019,0.189,3.294,0.005,REVOKED
core_breakdown,1000,500,50,44,74,33,3683,3.031,2.07,0.024,0.195,3.366,0.006,REVOKED
core_breakdown,1000,500,50,44,74,34,3684,2.94,2.025,0.021,0.193,3.413,0.006,REVOKED
core_breakdown,1000,500,50,44,74,35,3685,2.934,2.022,0.024,0.234,3.323,0.007,REVOKED
core_breakdown,1000,500,50,44,74,36,3686,2.949,2.014,0.023,0.179,3.335,0.006,REVOKED
core_breakdown,1000,500,50,44,74,37,3687,2.926,2.031,0.022,0.221,3.318,0.007,REVOKED
core_breakdown,1000,500,50,44,74,38,3688,2.946,2.003,0.023,0.207,3.276,0.006,REVOKED
core_breakdown,1000,500,50,44,74,39,3689,2.901,1.985,0.028,0.205,3.32,0.005,REVOKED
core_breakdown,1000,500,50,44,74,40,3690,2.944,2.011,0.024,0.192,3.374,0.006,REVOKED
core_breakdown,1000,500,50,44,74,41,3691,2.892,2.001,0.025,0.199,3.373,0.005,REVOKED
core_breakdown,1000,500,50,44,74,42,3692,3.037,2.089,0.025,0.192,3.282,0.006,REVOKED
core_breakdown,1000,500,50,44,74,43,3693,2.963,2.025,0.027,0.198,3.284,0.006,REVOKED
core_breakdown,1000,500,50,44,74,44,3694,2.952,2.027,0.024,0.189,3.329,0.006,REVOKED
core_breakdown,1000,500,50,44,74,45,3695,2.905,1.958,0.021,0.192,3.306,0.006,REVOKED
core_breakdown,1000,500,50,44,74,46,3696,2.98,2.059,0.023,0.19,3.236,0.005,REVOKED
core_breakdown,1000,500,50,44,74,47,3697,2.988,2.082,0.023,0.253,3.305,0.006,REVOKED
core_breakdown,1000,500,50,44,74,48,3698,2.929,1.973,0.022,0.198,3.322,0.005,REVOKED
core_breakdown,1000,500,50,44,74,49,3699,2.92,1.998,0.025,0.193,3.313,0.011,REVOKED
core_breakdown,1000,500,50,44,74,50,3700,2.99,2.091,0.022,0.217,3.335,0.005,REVOKED
core_breakdown,1000,500,50,45,75,1,3701,6.977,4.061,0.272,0.473,6.8,0.067,REVOKED
core_breakdown,1000,500,50,45,75,2,3702,6.575,4.297,0.153,0.395,6.252,0.031,REVOKED
core_breakdown,1000,500,50,45,75,3,3703,5.202,3.49,0.097,0.23,5.23,0.019,REVOKED
core_breakdown,1000,500,50,45,75,4,3704,4.838,3.258,0.088,0.228,4.576,0.011,REVOKED
core_breakdown,1000,500,50,45,75,5,3705,3.646,2.471,0.041,0.247,4.157,0.007,REVOKED
core_breakdown,1000,500,50,45,75,6,3706,3.712,2.545,0.039,0.236,3.978,0.007,REVOKED
core_breakdown,1000,500,50,45,75,7,3707,3.52,2.415,0.033,0.232,3.825,0.006,REVOKED
core_breakdown,1000,500,50,45,75,8,3708,3.429,2.342,0.028,0.216,3.819,0.007,REVOKED
core_breakdown,1000,500,50,45,75,9,3709,3.529,2.463,0.03,0.226,3.754,0.006,REVOKED
core_breakdown,1000,500,50,45,75,10,3710,3.425,2.336,0.028,0.24,3.83,0.013,REVOKED
core_breakdown,1000,500,50,45,75,11,3711,3.495,2.347,0.052,0.244,3.878,0.011,REVOKED
core_breakdown,1000,500,50,45,75,12,3712,3.458,2.337,0.071,0.231,3.525,0.017,REVOKED
core_breakdown,1000,500,50,45,75,13,3713,3.032,2.038,0.033,0.214,3.44,0.012,REVOKED
core_breakdown,1000,500,50,45,75,14,3714,2.967,2.025,0.037,0.208,3.407,0.008,REVOKED
core_breakdown,1000,500,50,45,75,15,3715,3.013,2.064,0.034,0.209,3.424,0.008,REVOKED
core_breakdown,1000,500,50,45,75,16,3716,3.011,2.074,0.024,0.209,3.352,0.007,REVOKED
core_breakdown,1000,500,50,45,75,17,3717,3.111,2.142,0.021,0.201,3.807,0.006,REVOKED
core_breakdown,1000,500,50,45,75,18,3718,3.222,2.149,0.028,0.206,3.78,0.007,REVOKED
core_breakdown,1000,500,50,45,75,19,3719,2.883,1.993,0.025,0.179,3.288,0.006,REVOKED
core_breakdown,1000,500,50,45,75,20,3720,2.871,1.973,0.025,0.214,3.137,0.008,REVOKED
core_breakdown,1000,500,50,45,75,21,3721,2.938,1.995,0.025,0.225,3.374,0.005,REVOKED
core_breakdown,1000,500,50,45,75,22,3722,2.796,1.893,0.024,0.176,2.974,0.006,REVOKED
core_breakdown,1000,500,50,45,75,23,3723,2.61,1.761,0.026,0.177,2.94,0.005,REVOKED
core_breakdown,1000,500,50,45,75,24,3724,2.769,1.887,0.024,0.191,3.706,0.008,REVOKED
core_breakdown,1000,500,50,45,75,25,3725,3.126,2.153,0.028,0.193,3.483,0.009,REVOKED
core_breakdown,1000,500,50,45,75,26,3726,3.094,2.135,0.024,0.216,3.464,0.006,REVOKED
core_breakdown,1000,500,50,45,75,27,3727,2.982,2.027,0.021,0.228,3.542,0.006,REVOKED
core_breakdown,1000,500,50,45,75,28,3728,3.05,2.075,0.024,0.204,3.442,0.006,REVOKED
core_breakdown,1000,500,50,45,75,29,3729,2.986,2.024,0.025,0.192,3.407,0.006,REVOKED
core_breakdown,1000,500,50,45,75,30,3730,2.918,1.936,0.022,0.196,3.455,0.006,REVOKED
core_breakdown,1000,500,50,45,75,31,3731,2.978,2.041,0.021,0.197,3.383,0.006,REVOKED
core_breakdown,1000,500,50,45,75,32,3732,2.963,2.032,0.026,0.199,3.349,0.006,REVOKED
core_breakdown,1000,500,50,45,75,33,3733,2.978,2.029,0.022,0.2,3.306,0.007,REVOKED
core_breakdown,1000,500,50,45,75,34,3734,2.99,2.059,0.023,0.192,3.386,0.006,REVOKED
core_breakdown,1000,500,50,45,75,35,3735,3.03,2.1,0.019,0.199,3.395,0.007,REVOKED
core_breakdown,1000,500,50,45,75,36,3736,2.946,2.048,0.024,0.205,3.425,0.006,REVOKED
core_breakdown,1000,500,50,45,75,37,3737,3.974,3.008,0.03,0.233,3.541,0.008,REVOKED
core_breakdown,1000,500,50,45,75,38,3738,2.901,1.968,0.029,0.201,3.302,0.011,REVOKED
core_breakdown,1000,500,50,45,75,39,3739,2.963,2.029,0.026,0.233,3.348,0.006,REVOKED
core_breakdown,1000,500,50,45,75,40,3740,2.936,2.001,0.024,0.197,3.288,0.006,REVOKED
core_breakdown,1000,500,50,45,75,41,3741,2.881,1.956,0.025,0.204,3.32,0.006,REVOKED
core_breakdown,1000,500,50,45,75,42,3742,2.866,1.961,0.023,0.192,3.321,0.005,REVOKED
core_breakdown,1000,500,50,45,75,43,3743,2.938,1.997,0.024,0.193,3.295,0.007,REVOKED
core_breakdown,1000,500,50,45,75,44,3744,2.919,2.01,0.023,0.199,3.267,0.005,REVOKED
core_breakdown,1000,500,50,45,75,45,3745,2.886,1.948,0.023,0.212,3.494,0.006,REVOKED
core_breakdown,1000,500,50,45,75,46,3746,2.927,1.975,0.027,0.203,3.298,0.007,REVOKED
core_breakdown,1000,500,50,45,75,47,3747,2.895,1.977,0.022,0.195,3.802,0.012,REVOKED
core_breakdown,1000,500,50,45,75,48,3748,2.842,1.95,0.026,0.192,3.279,0.006,REVOKED
core_breakdown,1000,500,50,45,75,49,3749,2.91,1.98,0.023,0.195,3.293,0.008,REVOKED
core_breakdown,1000,500,50,45,75,50,3750,2.949,2.044,0.024,0.192,3.361,0.006,REVOKED
core_breakdown,1000,500,50,46,76,1,3751,8.138,5.801,0.333,0.502,7.059,0.066,REVOKED
core_breakdown,1000,500,50,46,76,2,3752,5.645,3.748,0.122,0.27,5.553,0.025,REVOKED
core_breakdown,1000,500,50,46,76,3,3753,3.952,2.683,0.069,0.245,4.017,0.015,REVOKED
core_breakdown,1000,500,50,46,76,4,3754,3.691,2.482,0.044,0.228,3.955,0.011,REVOKED
core_breakdown,1000,500,50,46,76,5,3755,3.644,2.489,0.043,0.24,3.931,0.008,REVOKED
core_breakdown,1000,500,50,46,76,6,3756,3.752,2.579,0.078,0.271,4.099,0.008,REVOKED
core_breakdown,1000,500,50,46,76,7,3757,3.476,2.341,0.033,0.224,3.815,0.006,REVOKED
core_breakdown,1000,500,50,46,76,8,3758,3.376,2.297,0.027,0.23,3.758,0.006,REVOKED
core_breakdown,1000,500,50,46,76,9,3759,3.522,2.449,0.031,0.217,3.766,0.006,REVOKED
core_breakdown,1000,500,50,46,76,10,3760,3.412,2.339,0.031,0.222,3.828,0.006,REVOKED
core_breakdown,1000,500,50,46,76,11,3761,3.363,2.305,0.028,0.223,3.805,0.007,REVOKED
core_breakdown,1000,500,50,46,76,12,3762,3.397,2.341,0.03,0.225,3.788,0.007,REVOKED
core_breakdown,1000,500,50,46,76,13,3763,3.212,2.174,0.049,0.202,3.465,0.018,REVOKED
core_breakdown,1000,500,50,46,76,14,3764,2.964,2.032,0.033,0.269,3.387,0.007,REVOKED
core_breakdown,1000,500,50,46,76,15,3765,2.974,2.062,0.025,0.204,3.417,0.008,REVOKED
core_breakdown,1000,500,50,46,76,16,3766,3.249,2.182,0.034,0.212,3.334,0.007,REVOKED
core_breakdown,1000,500,50,46,76,17,3767,2.945,2.019,0.027,0.197,3.385,0.006,REVOKED
core_breakdown,1000,500,50,46,76,18,3768,2.916,2.014,0.024,0.195,3.319,0.005,REVOKED
core_breakdown,1000,500,50,46,76,19,3769,3.314,2.365,0.027,0.209,3.445,0.006,REVOKED
core_breakdown,1000,500,50,46,76,20,3770,2.933,2.018,0.024,0.22,3.346,0.008,REVOKED
core_breakdown,1000,500,50,46,76,21,3771,2.948,2.022,0.029,0.179,3.371,0.007,REVOKED
core_breakdown,1000,500,50,46,76,22,3772,2.956,1.999,0.027,0.201,3.478,0.008,REVOKED
core_breakdown,1000,500,50,46,76,23,3773,2.969,1.994,0.022,0.195,3.301,0.006,REVOKED
core_breakdown,1000,500,50,46,76,24,3774,2.954,2.005,0.026,0.193,3.296,0.007,REVOKED
core_breakdown,1000,500,50,46,76,25,3775,2.958,2.035,0.023,0.193,3.27,0.009,REVOKED
core_breakdown,1000,500,50,46,76,26,3776,2.974,2.048,0.024,0.2,3.317,0.008,REVOKED
core_breakdown,1000,500,50,46,76,27,3777,2.93,2.005,0.024,0.192,3.369,0.006,REVOKED
core_breakdown,1000,500,50,46,76,28,3778,2.988,2.031,0.024,0.206,3.281,0.006,REVOKED
core_breakdown,1000,500,50,46,76,29,3779,2.942,2.031,0.022,0.19,3.297,0.008,REVOKED
core_breakdown,1000,500,50,46,76,30,3780,2.928,2.016,0.021,0.202,3.327,0.006,REVOKED
core_breakdown,1000,500,50,46,76,31,3781,3.028,2.07,0.032,0.23,3.366,0.006,REVOKED
core_breakdown,1000,500,50,46,76,32,3782,3.021,2.088,0.024,0.2,3.32,0.006,REVOKED
core_breakdown,1000,500,50,46,76,33,3783,2.968,2.04,0.023,0.212,3.339,0.006,REVOKED
core_breakdown,1000,500,50,46,76,34,3784,2.995,2.069,0.026,0.207,3.417,0.006,REVOKED
core_breakdown,1000,500,50,46,76,35,3785,2.962,2.012,0.023,0.187,3.289,0.007,REVOKED
core_breakdown,1000,500,50,46,76,36,3786,3.011,2.079,0.024,0.194,3.293,0.005,REVOKED
core_breakdown,1000,500,50,46,76,37,3787,2.877,1.971,0.026,0.198,3.264,0.007,REVOKED
core_breakdown,1000,500,50,46,76,38,3788,2.961,2.037,0.025,0.197,3.316,0.006,REVOKED
core_breakdown,1000,500,50,46,76,39,3789,3.049,2.103,0.022,0.192,3.306,0.006,REVOKED
core_breakdown,1000,500,50,46,76,40,3790,3.01,2.061,0.026,0.197,3.349,0.006,REVOKED
core_breakdown,1000,500,50,46,76,41,3791,2.952,2.003,0.021,0.192,3.365,0.007,REVOKED
core_breakdown,1000,500,50,46,76,42,3792,2.956,2.036,0.019,0.183,3.33,0.005,REVOKED
core_breakdown,1000,500,50,46,76,43,3793,2.952,2.007,0.024,0.196,3.279,0.006,REVOKED
core_breakdown,1000,500,50,46,76,44,3794,2.942,1.992,0.027,0.202,3.259,0.006,REVOKED
core_breakdown,1000,500,50,46,76,45,3795,3.007,2.087,0.024,0.193,3.354,0.005,REVOKED
core_breakdown,1000,500,50,46,76,46,3796,2.969,2.027,0.022,0.22,3.275,0.007,REVOKED
core_breakdown,1000,500,50,46,76,47,3797,2.923,1.99,0.025,0.185,3.285,0.006,REVOKED
core_breakdown,1000,500,50,46,76,48,3798,2.958,2.03,0.019,0.25,3.363,0.012,REVOKED
core_breakdown,1000,500,50,46,76,49,3799,2.936,2.034,0.024,0.195,3.234,0.011,REVOKED
core_breakdown,1000,500,50,46,76,50,3800,2.964,2.044,0.023,0.219,3.405,0.006,REVOKED
core_breakdown,1000,500,50,47,77,1,3801,6.403,3.942,0.279,0.452,7.579,0.062,REVOKED
core_breakdown,1000,500,50,47,77,2,3802,6.103,3.978,0.106,0.399,5.811,0.029,REVOKED
core_breakdown,1000,500,50,47,77,3,3803,4.856,3.156,0.101,0.332,5.055,0.014,REVOKED
core_breakdown,1000,500,50,47,77,4,3804,4.16,2.845,0.052,0.285,4.508,0.013,REVOKED
core_breakdown,1000,500,50,47,77,5,3805,4.038,2.76,0.043,0.245,4.024,0.008,REVOKED
core_breakdown,1000,500,50,47,77,6,3806,3.669,2.516,0.038,0.245,4.008,0.008,REVOKED
core_breakdown,1000,500,50,47,77,7,3807,3.677,2.532,0.035,0.248,3.967,0.007,REVOKED
core_breakdown,1000,500,50,47,77,8,3808,3.648,2.501,0.041,0.246,4.075,0.008,REVOKED
core_breakdown,1000,500,50,47,77,9,3809,3.656,2.498,0.046,0.249,3.931,0.008,REVOKED
core_breakdown,1000,500,50,47,77,10,3810,3.523,2.409,0.033,0.239,3.838,0.008,REVOKED
core_breakdown,1000,500,50,47,77,11,3811,3.532,2.404,0.037,0.244,3.908,0.009,REVOKED
core_breakdown,1000,500,50,47,77,12,3812,3.489,2.359,0.041,0.235,3.824,0.005,REVOKED
core_breakdown,1000,500,50,47,77,13,3813,3.398,2.297,0.076,0.209,3.424,0.021,REVOKED
core_breakdown,1000,500,50,47,77,14,3814,3.133,2.118,0.039,0.196,3.605,0.009,REVOKED
core_breakdown,1000,500,50,47,77,15,3815,2.977,2.008,0.037,0.223,3.333,0.008,REVOKED
core_breakdown,1000,500,50,47,77,16,3816,2.936,1.99,0.027,0.203,3.375,0.009,REVOKED
core_breakdown,1000,500,50,47,77,17,3817,2.979,2.04,0.022,0.2,3.356,0.007,REVOKED
core_breakdown,1000,500,50,47,77,18,3818,2.978,2.049,0.026,0.245,3.399,0.006,REVOKED
core_breakdown,1000,500,50,47,77,19,3819,2.995,2.038,0.029,0.197,3.729,0.008,REVOKED
core_breakdown,1000,500,50,47,77,20,3820,2.997,2.028,0.026,0.198,3.367,0.006,REVOKED
core_breakdown,1000,500,50,47,77,21,3821,3.104,2.151,0.026,0.221,3.415,0.006,REVOKED
core_breakdown,1000,500,50,47,77,22,3822,3.002,2.074,0.021,0.195,3.352,0.013,REVOKED
core_breakdown,1000,500,50,47,77,23,3823,2.994,2.064,0.021,0.202,3.373,0.006,REVOKED
core_breakdown,1000,500,50,47,77,24,3824,2.955,2.015,0.029,0.189,3.353,0.007,REVOKED
core_breakdown,1000,500,50,47,77,25,3825,3.031,2.091,0.025,0.201,3.374,0.009,REVOKED
core_breakdown,1000,500,50,47,77,26,3826,2.979,2.05,0.025,0.195,3.347,0.005,REVOKED
core_breakdown,1000,500,50,47,77,27,3827,2.951,2.024,0.03,0.211,3.386,0.006,REVOKED
core_breakdown,1000,500,50,47,77,28,3828,3.06,2.08,0.021,0.192,3.364,0.005,REVOKED
core_breakdown,1000,500,50,47,77,29,3829,2.989,2.066,0.026,0.198,3.449,0.006,REVOKED
core_breakdown,1000,500,50,47,77,30,3830,3.004,2.059,0.027,0.205,3.331,0.006,REVOKED
core_breakdown,1000,500,50,47,77,31,3831,2.963,2.025,0.021,0.196,3.354,0.006,REVOKED
core_breakdown,1000,500,50,47,77,32,3832,2.98,2.04,0.036,0.2,3.352,0.007,REVOKED
core_breakdown,1000,500,50,47,77,33,3833,2.997,2.032,0.022,0.199,3.389,0.007,REVOKED
core_breakdown,1000,500,50,47,77,34,3834,2.931,2.019,0.02,0.198,3.379,0.006,REVOKED
core_breakdown,1000,500,50,47,77,35,3835,3.642,2.617,0.03,0.259,3.645,0.007,REVOKED
core_breakdown,1000,500,50,47,77,36,3836,3.01,2.045,0.027,0.197,3.339,0.006,REVOKED
core_breakdown,1000,500,50,47,77,37,3837,2.909,1.998,0.021,0.185,3.259,0.006,REVOKED
core_breakdown,1000,500,50,47,77,38,3838,2.9,2.009,0.019,0.195,3.303,0.006,REVOKED
core_breakdown,1000,500,50,47,77,39,3839,2.947,2.022,0.019,0.199,3.277,0.006,REVOKED
core_breakdown,1000,500,50,47,77,40,3840,2.969,2.005,0.02,0.194,3.299,0.006,REVOKED
core_breakdown,1000,500,50,47,77,41,3841,2.952,2.035,0.031,0.198,3.4,0.007,REVOKED
core_breakdown,1000,500,50,47,77,42,3842,2.963,2.029,0.026,0.198,3.306,0.006,REVOKED
core_breakdown,1000,500,50,47,77,43,3843,2.939,1.975,0.024,0.194,3.326,0.006,REVOKED
core_breakdown,1000,500,50,47,77,44,3844,2.889,1.975,0.022,0.185,3.265,0.011,REVOKED
core_breakdown,1000,500,50,47,77,45,3845,2.954,2.028,0.019,0.215,3.284,0.017,REVOKED
core_breakdown,1000,500,50,47,77,46,3846,2.951,2.015,0.024,0.197,3.276,0.006,REVOKED
core_breakdown,1000,500,50,47,77,47,3847,2.924,1.994,0.021,0.192,3.277,0.006,REVOKED
core_breakdown,1000,500,50,47,77,48,3848,2.944,2.014,0.021,0.206,3.449,0.007,REVOKED
core_breakdown,1000,500,50,47,77,49,3849,2.925,2.002,0.023,0.187,3.308,0.01,REVOKED
core_breakdown,1000,500,50,47,77,50,3850,2.947,2.015,0.026,0.194,3.276,0.006,REVOKED
core_breakdown,1000,500,50,48,78,1,3851,7.718,4.628,0.327,0.621,7.631,0.067,REVOKED
core_breakdown,1000,500,50,48,78,2,3852,5.324,3.532,0.153,0.33,5.462,0.028,REVOKED
core_breakdown,1000,500,50,48,78,3,3853,4.553,3.056,0.084,0.342,4.944,0.018,REVOKED
core_breakdown,1000,500,50,48,78,4,3854,3.972,2.591,0.057,0.26,4.15,0.013,REVOKED
core_breakdown,1000,500,50,48,78,5,3855,3.561,2.389,0.039,0.224,3.735,0.009,REVOKED
core_breakdown,1000,500,50,48,78,6,3856,3.325,2.288,0.043,0.227,3.789,0.01,REVOKED
core_breakdown,1000,500,50,48,78,7,3857,3.297,2.221,0.036,0.229,3.692,0.008,REVOKED
core_breakdown,1000,500,50,48,78,8,3858,3.285,2.244,0.038,0.226,3.689,0.007,REVOKED
core_breakdown,1000,500,50,48,78,9,3859,3.202,2.181,0.031,0.218,3.572,0.009,REVOKED
core_breakdown,1000,500,50,48,78,10,3860,3.182,2.176,0.03,0.21,3.445,0.007,REVOKED
core_breakdown,1000,500,50,48,78,11,3861,3.067,2.101,0.029,0.205,3.457,0.017,REVOKED
core_breakdown,1000,500,50,48,78,12,3862,2.757,1.852,0.072,0.211,3.263,0.01,REVOKED
core_breakdown,1000,500,50,48,78,13,3863,2.649,1.833,0.034,0.206,3.065,0.009,REVOKED
core_breakdown,1000,500,50,48,78,14,3864,2.637,1.777,0.039,0.167,3.061,0.007,REVOKED
core_breakdown,1000,500,50,48,78,15,3865,2.647,1.788,0.033,0.188,3.103,0.007,REVOKED
core_breakdown,1000,500,50,48,78,16,3866,2.621,1.768,0.029,0.206,3.042,0.006,REVOKED
core_breakdown,1000,500,50,48,78,17,3867,2.573,1.723,0.026,0.198,2.971,0.007,REVOKED
core_breakdown,1000,500,50,48,78,18,3868,2.587,1.777,0.024,0.171,3.065,0.007,REVOKED
core_breakdown,1000,500,50,48,78,19,3869,2.645,1.805,0.03,0.176,3.017,0.006,REVOKED
core_breakdown,1000,500,50,48,78,20,3870,2.591,1.757,0.023,0.176,3.022,0.006,REVOKED
core_breakdown,1000,500,50,48,78,21,3871,2.631,1.767,0.026,0.168,2.946,0.009,REVOKED
core_breakdown,1000,500,50,48,78,22,3872,2.58,1.768,0.027,0.174,3.095,0.005,REVOKED
core_breakdown,1000,500,50,48,78,23,3873,2.588,1.748,0.024,0.177,3.048,0.006,REVOKED
core_breakdown,1000,500,50,48,78,24,3874,2.601,1.76,0.026,0.187,2.987,0.006,REVOKED
core_breakdown,1000,500,50,48,78,25,3875,2.515,1.73,0.027,0.174,3.004,0.008,REVOKED
core_breakdown,1000,500,50,48,78,26,3876,2.623,1.805,0.025,0.223,3.227,0.007,REVOKED
core_breakdown,1000,500,50,48,78,27,3877,2.863,1.934,0.028,0.185,3.008,0.008,REVOKED
core_breakdown,1000,500,50,48,78,28,3878,2.626,1.794,0.027,0.173,3.004,0.007,REVOKED
core_breakdown,1000,500,50,48,78,29,3879,2.561,1.751,0.023,0.173,3.05,0.006,REVOKED
core_breakdown,1000,500,50,48,78,30,3880,2.58,1.768,0.021,0.161,2.968,0.007,REVOKED
core_breakdown,1000,500,50,48,78,31,3881,2.585,1.764,0.025,0.176,2.942,0.005,REVOKED
core_breakdown,1000,500,50,48,78,32,3882,2.631,1.798,0.022,0.186,3.044,0.006,REVOKED
core_breakdown,1000,500,50,48,78,33,3883,2.636,1.794,0.024,0.18,3.126,0.005,REVOKED
core_breakdown,1000,500,50,48,78,34,3884,2.562,1.738,0.026,0.183,3.071,0.006,REVOKED
core_breakdown,1000,500,50,48,78,35,3885,2.583,1.74,0.025,0.189,2.949,0.005,REVOKED
core_breakdown,1000,500,50,48,78,36,3886,2.56,1.719,0.021,0.189,2.926,0.006,REVOKED
core_breakdown,1000,500,50,48,78,37,3887,2.615,1.789,0.024,0.16,2.975,0.005,REVOKED
core_breakdown,1000,500,50,48,78,38,3888,2.599,1.792,0.025,0.172,2.9,0.007,REVOKED
core_breakdown,1000,500,50,48,78,39,3889,2.607,1.776,0.025,0.183,2.899,0.006,REVOKED
core_breakdown,1000,500,50,48,78,40,3890,2.62,1.789,0.025,0.178,2.96,0.006,REVOKED
core_breakdown,1000,500,50,48,78,41,3891,2.588,1.739,0.022,0.187,3.144,0.006,REVOKED
core_breakdown,1000,500,50,48,78,42,3892,2.631,1.801,0.021,0.202,2.957,0.006,REVOKED
core_breakdown,1000,500,50,48,78,43,3893,2.613,1.797,0.027,0.176,2.907,0.006,REVOKED
core_breakdown,1000,500,50,48,78,44,3894,2.534,1.741,0.026,0.182,3.01,0.006,REVOKED
core_breakdown,1000,500,50,48,78,45,3895,2.565,1.755,0.024,0.177,2.93,0.005,REVOKED
core_breakdown,1000,500,50,48,78,46,3896,2.513,1.739,0.021,0.184,2.982,0.006,REVOKED
core_breakdown,1000,500,50,48,78,47,3897,2.569,1.772,0.027,0.174,2.94,0.005,REVOKED
core_breakdown,1000,500,50,48,78,48,3898,2.506,1.704,0.021,0.189,2.955,0.005,REVOKED
core_breakdown,1000,500,50,48,78,49,3899,2.716,1.903,0.022,0.182,2.981,0.011,REVOKED
core_breakdown,1000,500,50,48,78,50,3900,2.577,1.738,0.022,0.178,2.977,0.006,REVOKED
core_breakdown,1000,500,50,49,79,1,3901,5.182,3.248,0.103,0.335,5.543,0.025,REVOKED
core_breakdown,1000,500,50,49,79,2,3902,4.035,2.68,0.041,0.279,4.457,0.01,REVOKED
core_breakdown,1000,500,50,49,79,3,3903,3.277,2.188,0.036,0.203,3.594,0.008,REVOKED
core_breakdown,1000,500,50,49,79,4,3904,3.241,2.204,0.027,0.232,3.729,0.007,REVOKED
core_breakdown,1000,500,50,49,79,5,3905,3.514,2.382,0.022,0.217,3.977,0.007,REVOKED
core_breakdown,1000,500,50,49,79,6,3906,3.535,2.429,0.028,0.237,3.88,0.007,REVOKED
core_breakdown,1000,500,50,49,79,7,3907,3.483,2.408,0.022,0.235,3.822,0.006,REVOKED
core_breakdown,1000,500,50,49,79,8,3908,3.456,2.376,0.027,0.228,3.802,0.006,REVOKED
core_breakdown,1000,500,50,49,79,9,3909,3.31,2.226,0.024,0.212,3.85,0.006,REVOKED
core_breakdown,1000,500,50,49,79,10,3910,3.396,2.32,0.023,0.254,3.842,0.006,REVOKED
core_breakdown,1000,500,50,49,79,11,3911,3.252,2.148,0.026,0.247,3.878,0.006,REVOKED
core_breakdown,1000,500,50,49,79,12,3912,3.411,2.367,0.024,0.223,3.824,0.006,REVOKED
core_breakdown,1000,500,50,49,79,13,3913,3.42,2.347,0.023,0.231,3.821,0.007,REVOKED
core_breakdown,1000,500,50,49,79,14,3914,3.365,2.312,0.024,0.231,3.565,0.006,REVOKED
core_breakdown,1000,500,50,49,79,15,3915,3.034,2.106,0.021,0.224,3.633,0.006,REVOKED
core_breakdown,1000,500,50,49,79,16,3916,3.002,2.044,0.024,0.215,3.518,0.006,REVOKED
core_breakdown,1000,500,50,49,79,17,3917,3.097,2.058,0.023,0.218,3.464,0.005,REVOKED
core_breakdown,1000,500,50,49,79,18,3918,3.005,2.064,0.021,0.238,3.503,0.006,REVOKED
core_breakdown,1000,500,50,49,79,19,3919,3.004,2.024,0.023,0.226,3.408,0.006,REVOKED
core_breakdown,1000,500,50,49,79,20,3920,2.968,2.028,0.025,0.199,3.419,0.006,REVOKED
core_breakdown,1000,500,50,49,79,21,3921,2.981,2.025,0.024,0.209,3.398,0.006,REVOKED
core_breakdown,1000,500,50,49,79,22,3922,2.955,2.025,0.021,0.216,3.382,0.006,REVOKED
core_breakdown,1000,500,50,49,79,23,3923,2.981,2.018,0.021,0.209,3.487,0.006,REVOKED
core_breakdown,1000,500,50,49,79,24,3924,3.019,2.064,0.02,0.203,3.049,0.006,REVOKED
core_breakdown,1000,500,50,49,79,25,3925,2.648,1.861,0.021,0.18,3.108,0.009,REVOKED
core_breakdown,1000,500,50,49,79,26,3926,2.616,1.772,0.025,0.196,3.007,0.007,REVOKED
core_breakdown,1000,500,50,49,79,27,3927,2.691,1.872,0.025,0.191,3.281,0.007,REVOKED
core_breakdown,1000,500,50,49,79,28,3928,2.919,1.984,0.027,0.204,3.322,0.009,REVOKED
core_breakdown,1000,500,50,49,79,29,3929,2.674,1.84,0.025,0.2,3.089,0.006,REVOKED
core_breakdown,1000,500,50,49,79,30,3930,2.979,2.094,0.026,0.331,3.308,0.014,REVOKED
core_breakdown,1000,500,50,49,79,31,3931,2.588,1.769,0.027,0.183,2.966,0.006,REVOKED
core_breakdown,1000,500,50,49,79,32,3932,2.614,1.794,0.023,0.168,3.154,0.007,REVOKED
core_breakdown,1000,500,50,49,79,33,3933,2.603,1.788,0.022,0.177,3.048,0.006,REVOKED
core_breakdown,1000,500,50,49,79,34,3934,2.637,1.816,0.028,0.179,3.075,0.006,REVOKED
core_breakdown,1000,500,50,49,79,35,3935,2.556,1.738,0.024,0.176,3.067,0.006,REVOKED
core_breakdown,1000,500,50,49,79,36,3936,2.609,1.76,0.025,0.159,2.923,0.006,REVOKED
core_breakdown,1000,500,50,49,79,37,3937,2.6,1.786,0.023,0.174,3.055,0.007,REVOKED
core_breakdown,1000,500,50,49,79,38,3938,2.52,1.732,0.023,0.181,2.943,0.006,REVOKED
core_breakdown,1000,500,50,49,79,39,3939,2.539,1.733,0.02,0.166,3.076,0.006,REVOKED
core_breakdown,1000,500,50,49,79,40,3940,2.615,1.808,0.023,0.184,3.011,0.006,REVOKED
core_breakdown,1000,500,50,49,79,41,3941,2.606,1.779,0.022,0.177,3.015,0.006,REVOKED
core_breakdown,1000,500,50,49,79,42,3942,2.508,1.693,0.025,0.162,2.893,0.006,REVOKED
core_breakdown,1000,500,50,49,79,43,3943,2.494,1.679,0.027,0.176,2.957,0.005,REVOKED
core_breakdown,1000,500,50,49,79,44,3944,2.569,1.79,0.023,0.174,3.025,0.005,REVOKED
core_breakdown,1000,500,50,49,79,45,3945,2.569,1.75,0.025,0.174,2.962,0.006,REVOKED
core_breakdown,1000,500,50,49,79,46,3946,2.571,1.759,0.021,0.182,2.893,0.005,REVOKED
core_breakdown,1000,500,50,49,79,47,3947,2.615,1.804,0.027,0.183,3.058,0.007,REVOKED
core_breakdown,1000,500,50,49,79,48,3948,2.547,1.713,0.023,0.196,3.007,0.007,REVOKED
core_breakdown,1000,500,50,49,79,49,3949,2.569,1.76,0.022,0.175,2.922,0.012,REVOKED
core_breakdown,1000,500,50,49,79,50,3950,2.563,1.761,0.023,0.21,2.93,0.006,REVOKED
core_breakdown,1000,500,50,50,80,1,3951,6.954,4.201,0.299,0.484,6.497,0.05,REVOKED
core_breakdown,1000,500,50,50,80,2,3952,7.235,4.618,0.134,0.435,6.414,0.027,REVOKED
core_breakdown,1000,500,50,50,80,3,3953,5.113,3.432,0.083,0.313,5.252,0.018,REVOKED
core_breakdown,1000,500,50,50,80,4,3954,4.787,3.25,0.084,0.314,4.565,0.014,REVOKED
core_breakdown,1000,500,50,50,80,5,3955,3.993,2.72,0.037,0.249,4.006,0.007,REVOKED
core_breakdown,1000,500,50,50,80,6,3956,3.528,2.412,0.031,0.227,3.897,0.008,REVOKED
core_breakdown,1000,500,50,50,80,7,3957,3.575,2.435,0.036,0.231,4.004,0.007,REVOKED
core_breakdown,1000,500,50,50,80,8,3958,3.525,2.421,0.033,0.217,3.946,0.007,REVOKED
core_breakdown,1000,500,50,50,80,9,3959,3.734,2.54,0.063,0.242,4.554,0.023,REVOKED
core_breakdown,1000,500,50,50,80,10,3960,3.845,2.598,0.06,0.252,3.847,0.015,REVOKED
core_breakdown,1000,500,50,50,80,11,3961,3.277,2.23,0.04,0.221,3.761,0.01,REVOKED
core_breakdown,1000,500,50,50,80,12,3962,3.249,2.225,0.035,0.205,3.61,0.008,REVOKED
core_breakdown,1000,500,50,50,80,13,3963,3.136,2.124,0.029,0.207,3.811,0.01,REVOKED
core_breakdown,1000,500,50,50,80,14,3964,3.194,2.097,0.035,0.198,3.486,0.007,REVOKED
core_breakdown,1000,500,50,50,80,15,3965,2.987,2.051,0.025,0.2,3.38,0.006,REVOKED
core_breakdown,1000,500,50,50,80,16,3966,2.975,2.034,0.023,0.197,3.336,0.006,REVOKED
core_breakdown,1000,500,50,50,80,17,3967,2.977,2.048,0.023,0.196,3.346,0.005,REVOKED
core_breakdown,1000,500,50,50,80,18,3968,2.997,2.06,0.03,0.2,3.35,0.007,REVOKED
core_breakdown,1000,500,50,50,80,19,3969,2.966,2.049,0.025,0.209,3.324,0.006,REVOKED
core_breakdown,1000,500,50,50,80,20,3970,2.952,2.013,0.026,0.192,3.335,0.005,REVOKED
core_breakdown,1000,500,50,50,80,21,3971,2.997,2.057,0.027,0.197,3.345,0.007,REVOKED
core_breakdown,1000,500,50,50,80,22,3972,2.996,2.049,0.023,0.203,3.337,0.007,REVOKED
core_breakdown,1000,500,50,50,80,23,3973,2.988,2.049,0.025,0.203,3.277,0.007,REVOKED
core_breakdown,1000,500,50,50,80,24,3974,2.922,2.001,0.025,0.214,3.278,0.005,REVOKED
core_breakdown,1000,500,50,50,80,25,3975,2.975,2.054,0.022,0.185,4.844,0.012,REVOKED
core_breakdown,1000,500,50,50,80,26,3976,3.676,2.468,0.031,0.245,3.849,0.008,REVOKED
core_breakdown,1000,500,50,50,80,27,3977,3.472,2.411,0.035,0.214,4.288,0.009,REVOKED
core_breakdown,1000,500,50,50,80,28,3978,3.551,2.46,0.029,0.301,3.851,0.009,REVOKED
core_breakdown,1000,500,50,50,80,29,3979,3.76,2.318,0.039,0.246,3.579,0.008,REVOKED
core_breakdown,1000,500,50,50,80,30,3980,3.101,2.095,0.033,0.195,3.349,0.007,REVOKED
core_breakdown,1000,500,50,50,80,31,3981,2.949,2.019,0.026,0.196,3.402,0.007,REVOKED
core_breakdown,1000,500,50,50,80,32,3982,2.932,1.985,0.022,0.198,3.314,0.006,REVOKED
core_breakdown,1000,500,50,50,80,33,3983,2.928,2.01,0.026,0.194,3.381,0.008,REVOKED
core_breakdown,1000,500,50,50,80,34,3984,2.857,1.959,0.026,0.211,3.243,0.007,REVOKED
core_breakdown,1000,500,50,50,80,35,3985,2.819,1.929,0.028,0.209,3.221,0.007,REVOKED
core_breakdown,1000,500,50,50,80,36,3986,2.911,1.996,0.024,0.197,3.327,0.006,REVOKED
core_breakdown,1000,500,50,50,80,37,3987,2.922,2.006,0.026,0.214,3.404,0.007,REVOKED
core_breakdown,1000,500,50,50,80,38,3988,2.871,1.973,0.022,0.2,3.307,0.006,REVOKED
core_breakdown,1000,500,50,50,80,39,3989,2.937,2.0,0.024,0.188,3.267,0.006,REVOKED
core_breakdown,1000,500,50,50,80,40,3990,2.928,1.991,0.023,0.226,3.256,0.006,REVOKED
core_breakdown,1000,500,50,50,80,41,3991,2.923,1.984,0.021,0.19,3.355,0.008,REVOKED
core_breakdown,1000,500,50,50,80,42,3992,2.969,2.037,0.024,0.223,3.822,0.007,REVOKED
core_breakdown,1000,500,50,50,80,43,3993,3.003,2.036,0.027,0.212,3.344,0.007,REVOKED
core_breakdown,1000,500,50,50,80,44,3994,2.997,2.029,0.021,0.205,3.38,0.006,REVOKED
core_breakdown,1000,500,50,50,80,45,3995,3.007,2.045,0.026,0.212,3.351,0.007,REVOKED
core_breakdown,1000,500,50,50,80,46,3996,2.996,2.077,0.024,0.201,3.381,0.005,REVOKED
core_breakdown,1000,500,50,50,80,47,3997,2.743,1.887,0.031,0.224,2.963,0.005,REVOKED
core_breakdown,1000,500,50,50,80,48,3998,2.625,1.769,0.026,0.192,3.042,0.007,REVOKED
core_breakdown,1000,500,50,50,80,49,3999,2.557,1.764,0.021,0.189,2.927,0.013,REVOKED
core_breakdown,1000,500,50,50,80,50,4000,2.67,1.823,0.021,0.188,3.297,0.007,REVOKED
