scenario,poller_interval_ms,scheduler_interval_ms,requested_session_count,iteration,trigger_event_id,session_sequence,session_id,reevaluation_duration_ms,pip_fetch_ms,pdp_evaluate_ms,revoke_update_ms,post_processing_ms,revoke_publish_ms,final_status
core_breakdown,1000,500,100,1,91,1,9001,5.569,3.503,0.218,0.485,6.512,0.049,REVOKED
core_breakdown,1000,500,100,1,91,2,9002,5.447,3.449,0.137,0.362,5.602,0.025,REVOKED
core_breakdown,1000,500,100,1,91,3,9003,5.081,3.427,0.11,0.338,5.196,0.019,REVOKED
core_breakdown,1000,500,100,1,91,4,9004,4.415,2.975,0.053,0.264,4.491,0.014,REVOKED
core_breakdown,1000,500,100,1,91,5,9005,4.06,2.757,0.052,0.274,4.337,0.012,REVOKED
core_breakdown,1000,500,100,1,91,6,9006,3.936,2.694,0.035,0.239,3.994,0.009,REVOKED
core_breakdown,1000,500,100,1,91,7,9007,3.683,2.507,0.056,0.241,4.044,0.009,REVOKED
core_breakdown,1000,500,100,1,91,8,9008,3.518,2.398,0.036,0.218,3.859,0.008,REVOKED
core_breakdown,1000,500,100,1,91,9,9009,3.527,2.399,0.036,0.238,3.78,0.006,REVOKED
core_breakdown,1000,500,100,1,91,10,9010,3.352,2.287,0.03,0.228,3.7,0.007,REVOKED
core_breakdown,1000,500,100,1,91,11,9011,3.409,2.332,0.031,0.231,3.666,0.006,REVOKED
core_breakdown,1000,500,100,1,91,12,9012,3.4,2.324,0.027,0.235,3.783,0.014,REVOKED
core_breakdown,1000,500,100,1,91,13,9013,3.443,2.303,0.049,0.22,3.788,0.013,REVOKED
core_breakdown,1000,500,100,1,91,14,9014,3.454,2.367,0.041,0.249,3.832,0.009,REVOKED
core_breakdown,1000,500,100,1,91,15,9015,3.45,2.353,0.036,0.234,3.676,0.006,REVOKED
core_breakdown,1000,500,100,1,91,16,9016,3.431,2.329,0.028,0.217,3.378,0.013,REVOKED
core_breakdown,1000,500,100,1,91,17,9017,2.955,2.01,0.04,0.201,3.338,0.007,REVOKED
core_breakdown,1000,500,100,1,91,18,9018,3.128,2.052,0.03,0.204,3.256,0.011,REVOKED
core_breakdown,1000,500,100,1,91,19,9019,2.938,2.022,0.026,0.196,3.323,0.007,REVOKED
core_breakdown,1000,500,100,1,91,20,9020,3.003,2.045,0.023,0.2,3.235,0.005,REVOKED
core_breakdown,1000,500,100,1,91,21,9021,2.962,2.041,0.026,0.186,3.321,0.007,REVOKED
core_breakdown,1000,500,100,1,91,22,9022,2.905,1.974,0.026,0.201,3.277,0.006,REVOKED
core_breakdown,1000,500,100,1,91,23,9023,2.972,2.04,0.022,0.202,3.269,0.006,REVOKED
core_breakdown,1000,500,100,1,91,24,9024,3.016,2.053,0.025,0.188,3.381,0.007,REVOKED
core_breakdown,1000,500,100,1,91,25,9025,3.012,2.052,0.029,0.195,3.314,0.009,REVOKED
core_breakdown,1000,500,100,1,91,26,9026,2.929,2.011,0.032,0.199,3.254,0.006,REVOKED
core_breakdown,1000,500,100,1,91,27,9027,2.956,2.018,0.026,0.199,3.316,0.005,REVOKED
core_breakdown,1000,500,100,1,91,28,9028,2.928,2.001,0.023,0.19,3.313,0.006,REVOKED
core_breakdown,1000,500,100,1,91,29,9029,2.907,1.993,0.021,0.208,3.278,0.005,REVOKED
core_breakdown,1000,500,100,1,91,30,9030,2.956,2.044,0.027,0.202,3.298,0.005,REVOKED
core_breakdown,1000,500,100,1,91,31,9031,2.93,2.003,0.023,0.206,3.271,0.006,REVOKED
core_breakdown,1000,500,100,1,91,32,9032,2.942,2.021,0.021,0.194,3.244,0.005,REVOKED
core_breakdown,1000,500,100,1,91,33,9033,2.914,1.976,0.023,0.193,3.271,0.006,REVOKED
core_breakdown,1000,500,100,1,91,34,9034,2.935,2.016,0.021,0.2,3.245,0.009,REVOKED
core_breakdown,1000,500,100,1,91,35,9035,2.974,2.031,0.024,0.194,3.24,0.006,REVOKED
core_breakdown,1000,500,100,1,91,36,9036,2.921,2.016,0.022,0.191,3.327,0.005,REVOKED
core_breakdown,1000,500,100,1,91,37,9037,2.941,1.976,0.02,0.204,3.286,0.005,REVOKED
core_breakdown,1000,500,100,1,91,38,9038,3.001,2.072,0.026,0.203,3.298,0.007,REVOKED
core_breakdown,1000,500,100,1,91,39,9039,2.916,2.027,0.024,0.2,3.311,0.007,REVOKED
core_breakdown,1000,500,100,1,91,40,9040,2.945,2.012,0.022,0.189,3.312,0.006,REVOKED
core_breakdown,1000,500,100,1,91,41,9041,2.925,1.995,0.026,0.203,3.333,0.006,REVOKED
core_breakdown,1000,500,100,1,91,42,9042,2.897,1.982,0.023,0.197,3.315,0.006,REVOKED
core_breakdown,1000,500,100,1,91,43,9043,2.905,2.005,0.021,0.216,3.229,0.006,REVOKED
core_breakdown,1000,500,100,1,91,44,9044,3.013,2.054,0.025,0.186,3.309,0.006,REVOKED
core_breakdown,1000,500,100,1,91,45,9045,2.909,1.995,0.025,0.199,3.273,0.006,REVOKED
core_breakdown,1000,500,100,1,91,46,9046,2.937,2.023,0.023,0.186,3.325,0.006,REVOKED
core_breakdown,1000,500,100,1,91,47,9047,2.91,1.982,0.025,0.199,3.302,0.006,REVOKED
core_breakdown,1000,500,100,1,91,48,9048,2.906,1.963,0.021,0.2,3.192,0.006,REVOKED
core_breakdown,1000,500,100,1,91,49,9049,2.91,2.005,0.021,0.194,3.24,0.01,REVOKED
core_breakdown,1000,500,100,1,91,50,9050,2.997,2.047,0.021,0.195,3.356,0.006,REVOKED
core_breakdown,1000,500,100,1,91,51,9051,2.912,1.96,0.02,0.223,3.27,0.006,REVOKED
core_breakdown,1000,500,100,1,91,52,9052,2.93,1.998,0.021,0.202,3.334,0.005,REVOKED
core_breakdown,1000,500,100,1,91,53,9053,2.926,2.024,0.02,0.194,3.315,0.006,REVOKED
core_breakdown,1000,500,100,1,91,54,9054,2.882,1.972,0.021,0.189,3.324,0.012,REVOKED
core_breakdown,1000,500,100,1,91,55,9055,2.964,2.051,0.019,0.191,3.296,0.005,REVOKED
core_breakdown,1000,500,100,1,91,56,9056,2.901,1.986,0.019,0.204,3.292,0.006,REVOKED
core_breakdown,1000,500,100,1,91,57,9057,2.946,2.025,0.019,0.19,3.292,0.006,REVOKED
core_breakdown,1000,500,100,1,91,58,9058,3.018,2.005,0.019,0.196,3.257,0.005,REVOKED
core_breakdown,1000,500,100,1,91,59,9059,2.954,2.021,0.022,0.199,3.297,0.007,REVOKED
core_breakdown,1000,500,100,1,91,60,9060,2.896,1.993,0.02,0.191,3.312,0.006,REVOKED
core_breakdown,1000,500,100,1,91,61,9061,2.935,1.992,0.026,0.196,3.364,0.006,REVOKED
core_breakdown,1000,500,100,1,91,62,9062,2.942,2.011,0.021,0.194,3.285,0.006,REVOKED
core_breakdown,1000,500,100,1,91,63,9063,2.965,2.052,0.024,0.209,3.276,0.006,REVOKED
core_breakdown,1000,500,100,1,91,64,9064,2.875,1.981,0.02,0.185,3.31,0.01,REVOKED
core_breakdown,1000,500,100,1,91,65,9065,2.869,1.944,0.02,0.19,3.242,0.005,REVOKED
core_breakdown,1000,500,100,1,91,66,9066,2.861,1.963,0.02,0.195,3.286,0.005,REVOKED
core_breakdown,1000,500,100,1,91,67,9067,2.928,1.989,0.024,0.214,3.255,0.006,REVOKED
core_breakdown,1000,500,100,1,91,68,9068,2.971,2.004,0.02,0.205,3.308,0.006,REVOKED
core_breakdown,1000,500,100,1,91,69,9069,2.915,1.992,0.023,0.199,3.294,0.005,REVOKED
core_breakdown,1000,500,100,1,91,70,9070,2.914,2.001,0.018,0.201,3.239,0.005,REVOKED
core_breakdown,1000,500,100,1,91,71,9071,3.0,2.07,0.02,0.206,3.312,0.006,REVOKED
core_breakdown,1000,500,100,1,91,72,9072,2.846,1.976,0.02,0.201,3.24,0.006,REVOKED
core_breakdown,1000,500,100,1,91,73,9073,3.003,2.036,0.028,0.198,3.283,0.006,REVOKED
core_breakdown,1000,500,100,1,91,74,9074,2.949,2.026,0.022,0.203,3.258,0.005,REVOKED
core_breakdown,1000,500,100,1,91,75,9075,2.887,1.996,0.02,0.204,3.242,0.006,REVOKED
core_breakdown,1000,500,100,1,91,76,9076,2.905,1.98,0.018,0.203,3.297,0.006,REVOKED
core_breakdown,1000,500,100,1,91,77,9077,3.061,2.11,0.025,0.239,3.356,0.006,REVOKED
core_breakdown,1000,500,100,1,91,78,9078,2.993,2.03,0.024,0.188,3.259,0.006,REVOKED
core_breakdown,1000,500,100,1,91,79,9079,2.911,1.98,0.019,0.211,3.279,0.006,REVOKED
core_breakdown,1000,500,100,1,91,80,9080,2.887,1.951,0.023,0.199,3.262,0.006,REVOKED
core_breakdown,1000,500,100,1,91,81,9081,2.906,1.984,0.018,0.191,3.344,0.006,REVOKED
core_breakdown,1000,500,100,1,91,82,9082,2.963,2.026,0.025,0.191,3.317,0.006,REVOKED
core_breakdown,1000,500,100,1,91,83,9083,2.93,2.031,0.02,0.225,3.294,0.007,REVOKED
core_breakdown,1000,500,100,1,91,84,9084,3.044,2.108,0.025,0.201,3.271,0.007,REVOKED
core_breakdown,1000,500,100,1,91,85,9085,2.958,2.02,0.022,0.193,3.452,0.007,REVOKED
core_breakdown,1000,500,100,1,91,86,9086,2.897,1.983,0.021,0.189,3.283,0.006,REVOKED
core_breakdown,1000,500,100,1,91,87,9087,2.939,1.983,0.019,0.196,3.316,0.005,REVOKED
core_breakdown,1000,500,100,1,91,88,9088,2.921,1.988,0.028,0.201,3.283,0.007,REVOKED
core_breakdown,1000,500,100,1,91,89,9089,2.904,1.976,0.02,0.215,3.359,0.007,REVOKED
core_breakdown,1000,500,100,1,91,90,9090,2.867,1.954,0.025,0.21,3.306,0.006,REVOKED
core_breakdown,1000,500,100,1,91,91,9091,2.959,2.035,0.026,0.196,3.32,0.006,REVOKED
core_breakdown,1000,500,100,1,91,92,9092,2.996,2.015,0.024,0.223,3.266,0.005,REVOKED
core_breakdown,1000,500,100,1,91,93,9093,2.923,2.018,0.02,0.194,3.303,0.006,REVOKED
core_breakdown,1000,500,100,1,91,94,9094,2.916,2.031,0.023,0.199,3.325,0.008,REVOKED
core_breakdown,1000,500,100,1,91,95,9095,2.905,1.973,0.021,0.193,3.374,0.006,REVOKED
core_breakdown,1000,500,100,1,91,96,9096,2.963,2.021,0.022,0.193,3.261,0.007,REVOKED
core_breakdown,1000,500,100,1,91,97,9097,2.915,2.017,0.027,0.196,3.294,0.018,REVOKED
core_breakdown,1000,500,100,1,91,98,9098,2.923,2.021,0.02,0.191,3.315,0.006,REVOKED
core_breakdown,1000,500,100,1,91,99,9099,2.916,2.004,0.023,0.198,3.269,0.006,REVOKED
core_breakdown,1000,500,100,1,91,100,9100,2.921,2.009,0.022,0.189,3.301,0.006,REVOKED
core_breakdown,1000,500,100,2,92,1,9101,6.695,4.066,0.287,0.542,6.596,0.067,REVOKED
core_breakdown,1000,500,100,2,92,2,9102,6.265,4.145,0.138,0.406,5.548,0.032,REVOKED
core_breakdown,1000,500,100,2,92,3,9103,4.782,3.216,0.09,0.324,5.204,0.026,REVOKED
core_breakdown,1000,500,100,2,92,4,9104,4.429,2.997,0.076,0.212,4.06,0.014,REVOKED
core_breakdown,1000,500,100,2,92,5,9105,3.728,2.533,0.059,0.261,4.075,0.013,REVOKED
core_breakdown,1000,500,100,2,92,6,9106,3.39,2.257,0.038,0.224,3.658,0.008,REVOKED
core_breakdown,1000,500,100,2,92,7,9107,3.337,2.261,0.036,0.219,3.559,0.009,REVOKED
core_breakdown,1000,500,100,2,92,8,9108,3.179,2.176,0.037,0.215,3.533,0.007,REVOKED
core_breakdown,1000,500,100,2,92,9,9109,3.137,2.145,0.027,0.197,3.557,0.016,REVOKED
core_breakdown,1000,500,100,2,92,10,9110,3.312,2.197,0.071,0.212,3.616,0.009,REVOKED
core_breakdown,1000,500,100,2,92,11,9111,3.134,2.108,0.039,0.21,3.415,0.007,REVOKED
core_breakdown,1000,500,100,2,92,12,9112,3.039,2.056,0.027,0.211,3.035,0.008,REVOKED
core_breakdown,1000,500,100,2,92,13,9113,2.732,1.819,0.033,0.194,3.862,0.008,REVOKED
core_breakdown,1000,500,100,2,92,14,9114,2.581,1.742,0.026,0.203,3.064,0.007,REVOKED
core_breakdown,1000,500,100,2,92,15,9115,2.597,1.745,0.033,0.18,2.995,0.007,REVOKED
core_breakdown,1000,500,100,2,92,16,9116,2.624,1.777,0.027,0.173,3.018,0.006,REVOKED
core_breakdown,1000,500,100,2,92,17,9117,2.639,1.789,0.027,0.176,2.952,0.005,REVOKED
core_breakdown,1000,500,100,2,92,18,9118,2.576,1.758,0.028,0.184,2.995,0.007,REVOKED
core_breakdown,1000,500,100,2,92,19,9119,2.578,1.753,0.025,0.183,2.92,0.006,REVOKED
core_breakdown,1000,500,100,2,92,20,9120,2.552,1.739,0.024,0.176,3.02,0.006,REVOKED
core_breakdown,1000,500,100,2,92,21,9121,2.599,1.773,0.026,0.182,2.982,0.005,REVOKED
core_breakdown,1000,500,100,2,92,22,9122,2.569,1.717,0.024,0.176,3.018,0.006,REVOKED
core_breakdown,1000,500,100,2,92,23,9123,2.634,1.778,0.025,0.196,3.312,0.006,REVOKED
core_breakdown,1000,500,100,2,92,24,9124,2.982,2.034,0.022,0.199,3.3,0.005,REVOKED
core_breakdown,1000,500,100,2,92,25,9125,2.979,2.056,0.026,0.195,3.324,0.008,REVOKED
core_breakdown,1000,500,100,2,92,26,9126,2.926,2.002,0.021,0.229,3.283,0.006,REVOKED
core_breakdown,1000,500,100,2,92,27,9127,2.947,2.039,0.02,0.196,3.323,0.005,REVOKED
core_breakdown,1000,500,100,2,92,28,9128,2.958,2.059,0.018,0.192,3.373,0.006,REVOKED
core_breakdown,1000,500,100,2,92,29,9129,2.959,1.994,0.023,0.191,3.414,0.007,REVOKED
core_breakdown,1000,500,100,2,92,30,9130,2.906,1.981,0.02,0.205,3.457,0.006,REVOKED
core_breakdown,1000,500,100,2,92,31,9131,3.052,2.049,0.028,0.202,3.275,0.006,REVOKED
core_breakdown,1000,500,100,2,92,32,9132,3.151,2.084,0.023,0.197,3.273,0.007,REVOKED
core_breakdown,1000,500,100,2,92,33,9133,2.893,1.991,0.025,0.211,3.292,0.006,REVOKED
core_breakdown,1000,500,100,2,92,34,9134,2.949,2.006,0.023,0.197,3.291,0.007,REVOKED
core_breakdown,1000,500,100,2,92,35,9135,2.99,2.068,0.026,0.194,3.334,0.007,REVOKED
core_breakdown,1000,500,100,2,92,36,9136,2.996,2.063,0.024,0.241,3.311,0.006,REVOKED
core_breakdown,1000,500,100,2,92,37,9137,2.93,2.031,0.022,0.19,3.309,0.006,REVOKED
core_breakdown,1000,500,100,2,92,38,9138,2.891,1.968,0.022,0.205,3.247,0.006,REVOKED
core_breakdown,1000,500,100,2,92,39,9139,3.158,2.221,0.021,0.201,3.324,0.006,REVOKED
core_breakdown,1000,500,100,2,92,40,9140,2.944,2.017,0.02,0.189,3.291,0.006,REVOKED
core_breakdown,1000,500,100,2,92,41,9141,2.971,2.016,0.026,0.198,3.252,0.006,REVOKED
core_breakdown,1000,500,100,2,92,42,9142,2.951,2.029,0.027,0.199,3.339,0.006,REVOKED
core_breakdown,1000,500,100,2,92,43,9143,2.935,2.001,0.024,0.211,3.281,0.006,REVOKED
core_breakdown,1000,500,100,2,92,44,9144,2.896,2.005,0.019,0.206,3.204,0.005,REVOKED
core_breakdown,1000,500,100,2,92,45,9145,2.891,1.993,0.022,0.184,3.3,0.005,REVOKED
core_breakdown,1000,500,100,2,92,46,9146,2.934,2.016,0.027,0.198,3.33,0.006,REVOKED
core_breakdown,1000,500,100,2,92,47,9147,2.936,2.008,0.02,0.197,3.336,0.005,REVOKED
core_breakdown,1000,500,100,2,92,48,9148,2.958,2.05,0.02,0.205,3.288,0.007,REVOKED
core_breakdown,1000,500,100,2,92,49,9149,2.946,2.012,0.024,0.192,3.301,0.011,REVOKED
core_breakdown,1000,500,100,2,92,50,9150,2.962,2.051,0.022,0.197,3.271,0.006,REVOKED
core_breakdown,1000,500,100,2,92,51,9151,2.967,2.069,0.027,0.2,3.229,0.008,REVOKED
core_breakdown,1000,500,100,2,92,52,9152,2.837,1.956,0.026,0.174,4.495,0.008,REVOKED
core_breakdown,1000,500,100,2,92,53,9153,3.07,2.08,0.032,0.202,3.326,0.007,REVOKED
core_breakdown,1000,500,100,2,92,54,9154,2.933,2.014,0.025,0.206,3.303,0.006,REVOKED
core_breakdown,1000,500,100,2,92,55,9155,2.903,1.999,0.028,0.172,2.904,0.006,REVOKED
core_breakdown,1000,500,100,2,92,56,9156,2.547,1.714,0.026,0.178,2.849,0.006,REVOKED
core_breakdown,1000,500,100,2,92,57,9157,2.551,1.713,0.025,0.167,2.93,0.006,REVOKED
core_breakdown,1000,500,100,2,92,58,9158,2.613,1.797,0.024,0.171,2.867,0.006,REVOKED
core_breakdown,1000,500,100,2,92,59,9159,2.519,1.706,0.024,0.177,2.858,0.006,REVOKED
core_breakdown,1000,500,100,2,92,60,9160,2.497,1.701,0.021,0.162,2.902,0.005,REVOKED
core_breakdown,1000,500,100,2,92,61,9161,2.509,1.712,0.023,0.158,2.93,0.006,REVOKED
core_breakdown,1000,500,100,2,92,62,9162,2.536,1.739,0.022,0.162,2.937,0.006,REVOKED
core_breakdown,1000,500,100,2,92,63,9163,2.596,1.792,0.025,0.218,2.949,0.005,REVOKED
core_breakdown,1000,500,100,2,92,64,9164,2.546,1.721,0.024,0.178,2.915,0.011,REVOKED
core_breakdown,1000,500,100,2,92,65,9165,2.53,1.728,0.023,0.199,2.878,0.006,REVOKED
core_breakdown,1000,500,100,2,92,66,9166,2.533,1.75,0.023,0.185,3.021,0.005,REVOKED
core_breakdown,1000,500,100,2,92,67,9167,2.546,1.735,0.02,0.176,2.872,0.006,REVOKED
core_breakdown,1000,500,100,2,92,68,9168,2.563,1.757,0.027,0.182,2.863,0.006,REVOKED
core_breakdown,1000,500,100,2,92,69,9169,2.486,1.711,0.025,0.207,2.991,0.008,REVOKED
core_breakdown,1000,500,100,2,92,70,9170,2.323,1.592,0.03,0.15,3.096,0.008,REVOKED
core_breakdown,1000,500,100,2,92,71,9171,2.857,2.015,0.034,0.172,3.103,0.009,REVOKED
core_breakdown,1000,500,100,2,92,72,9172,2.908,2.031,0.028,0.193,3.502,0.01,REVOKED
core_breakdown,1000,500,100,2,92,73,9173,3.062,2.108,0.029,0.201,3.463,0.01,REVOKED
core_breakdown,1000,500,100,2,92,74,9174,3.117,2.152,0.029,0.205,3.6,0.011,REVOKED
core_breakdown,1000,500,100,2,92,75,9175,3.038,2.084,0.029,0.199,3.423,0.011,REVOKED
core_breakdown,1000,500,100,2,92,76,9176,3.065,2.09,0.028,0.2,3.528,0.01,REVOKED
core_breakdown,1000,500,100,2,92,77,9177,3.102,2.069,0.044,0.222,3.573,0.011,REVOKED
core_breakdown,1000,500,100,2,92,78,9178,2.993,2.154,0.032,0.172,2.823,0.008,REVOKED
core_breakdown,1000,500,100,2,92,79,9179,2.274,1.512,0.024,0.16,2.929,0.007,REVOKED
core_breakdown,1000,500,100,2,92,80,9180,2.534,1.742,0.029,0.183,2.969,0.006,REVOKED
core_breakdown,1000,500,100,2,92,81,9181,2.602,1.787,0.025,0.177,3.085,0.008,REVOKED
core_breakdown,1000,500,100,2,92,82,9182,2.679,1.826,0.024,0.18,2.966,0.011,REVOKED
core_breakdown,1000,500,100,2,92,83,9183,2.632,1.764,0.022,0.182,3.079,0.01,REVOKED
core_breakdown,1000,500,100,2,92,84,9184,2.635,1.815,0.023,0.193,3.061,0.01,REVOKED
core_breakdown,1000,500,100,2,92,85,9185,2.68,1.821,0.024,0.199,3.069,0.006,REVOKED
core_breakdown,1000,500,100,2,92,86,9186,2.433,1.629,0.023,0.152,2.623,0.007,REVOKED
core_breakdown,1000,500,100,2,92,87,9187,2.668,1.781,0.021,0.176,2.979,0.006,REVOKED
core_breakdown,1000,500,100,2,92,88,9188,2.589,1.751,0.02,0.17,3.04,0.006,REVOKED
core_breakdown,1000,500,100,2,92,89,9189,2.58,1.77,0.021,0.176,2.949,0.006,REVOKED
core_breakdown,1000,500,100,2,92,90,9190,2.656,1.769,0.025,0.167,3.007,0.006,REVOKED
core_breakdown,1000,500,100,2,92,91,9191,2.592,1.778,0.019,0.171,3.275,0.006,REVOKED
core_breakdown,1000,500,100,2,92,92,9192,2.877,1.983,0.025,0.188,2.887,0.006,REVOKED
core_breakdown,1000,500,100,2,92,93,9193,2.511,1.717,0.023,0.178,2.901,0.006,REVOKED
core_breakdown,1000,500,100,2,92,94,9194,2.602,1.799,0.026,0.173,2.966,0.009,REVOKED
core_breakdown,1000,500,100,2,92,95,9195,2.555,1.728,0.022,0.199,2.892,0.005,REVOKED
core_breakdown,1000,500,100,2,92,96,9196,2.643,1.797,0.02,0.187,2.956,0.006,REVOKED
core_breakdown,1000,500,100,2,92,97,9197,2.506,1.719,0.02,0.175,3.023,0.02,REVOKED
core_breakdown,1000,500,100,2,92,98,9198,2.553,1.74,0.021,0.176,2.927,0.006,REVOKED
core_breakdown,1000,500,100,2,92,99,9199,2.543,1.729,0.025,0.202,3.065,0.006,REVOKED
core_breakdown,1000,500,100,2,92,100,9200,2.723,1.874,0.03,0.231,3.242,0.006,REVOKED
core_breakdown,1000,500,100,3,93,1,9201,5.083,3.177,0.151,0.395,5.39,0.027,REVOKED
core_breakdown,1000,500,100,3,93,2,9202,3.843,2.625,0.051,0.252,4.055,0.01,REVOKED
core_breakdown,1000,500,100,3,93,3,9203,3.612,2.474,0.028,0.262,4.306,0.009,REVOKED
core_breakdown,1000,500,100,3,93,4,9204,3.895,2.646,0.029,0.247,4.249,0.007,REVOKED
core_breakdown,1000,500,100,3,93,5,9205,3.769,2.579,0.025,0.228,3.885,0.007,REVOKED
core_breakdown,1000,500,100,3,93,6,9206,3.525,2.457,0.022,0.241,4.015,0.006,REVOKED
core_breakdown,1000,500,100,3,93,7,9207,3.561,2.447,0.022,0.243,3.959,0.008,REVOKED
core_breakdown,1000,500,100,3,93,8,9208,3.482,2.395,0.03,0.232,4.153,0.007,REVOKED
core_breakdown,1000,500,100,3,93,9,9209,3.5,2.407,0.024,0.231,3.877,0.006,REVOKED
core_breakdown,1000,500,100,3,93,10,9210,3.438,2.375,0.02,0.235,3.696,0.006,REVOKED
core_breakdown,1000,500,100,3,93,11,9211,3.382,2.283,0.025,0.223,3.333,0.007,REVOKED
core_breakdown,1000,500,100,3,93,12,9212,3.025,2.057,0.031,0.199,3.357,0.007,REVOKED
core_breakdown,1000,500,100,3,93,13,9213,3.009,2.047,0.023,0.221,3.328,0.008,REVOKED
core_breakdown,1000,500,100,3,93,14,9214,2.917,2.01,0.022,0.194,3.408,0.005,REVOKED
core_breakdown,1000,500,100,3,93,15,9215,2.998,2.054,0.022,0.204,3.337,0.006,REVOKED
core_breakdown,1000,500,100,3,93,16,9216,2.963,2.039,0.023,0.196,3.26,0.006,REVOKED
core_breakdown,1000,500,100,3,93,17,9217,2.995,2.044,0.028,0.208,3.293,0.006,REVOKED
core_breakdown,1000,500,100,3,93,18,9218,3.045,2.107,0.022,0.195,3.41,0.007,REVOKED
core_breakdown,1000,500,100,3,93,19,9219,2.862,1.964,0.023,0.21,3.275,0.005,REVOKED
core_breakdown,1000,500,100,3,93,20,9220,2.931,1.996,0.022,0.229,3.204,0.006,REVOKED
core_breakdown,1000,500,100,3,93,21,9221,2.85,1.963,0.023,0.199,3.288,0.005,REVOKED
core_breakdown,1000,500,100,3,93,22,9222,2.852,1.94,0.02,0.222,3.222,0.006,REVOKED
core_breakdown,1000,500,100,3,93,23,9223,2.895,1.983,0.023,0.211,3.259,0.005,REVOKED
core_breakdown,1000,500,100,3,93,24,9224,2.975,2.009,0.025,0.192,3.322,0.005,REVOKED
core_breakdown,1000,500,100,3,93,25,9225,2.979,2.044,0.022,0.192,3.279,0.023,REVOKED
core_breakdown,1000,500,100,3,93,26,9226,2.957,2.018,0.025,0.211,3.261,0.006,REVOKED
core_breakdown,1000,500,100,3,93,27,9227,2.982,2.069,0.026,0.202,3.361,0.006,REVOKED
core_breakdown,1000,500,100,3,93,28,9228,2.929,2.016,0.023,0.202,3.272,0.005,REVOKED
core_breakdown,1000,500,100,3,93,29,9229,2.921,1.985,0.022,0.22,3.361,0.007,REVOKED
core_breakdown,1000,500,100,3,93,30,9230,2.97,2.061,0.022,0.214,3.297,0.005,REVOKED
core_breakdown,1000,500,100,3,93,31,9231,2.989,2.051,0.024,0.201,3.318,0.006,REVOKED
core_breakdown,1000,500,100,3,93,32,9232,2.91,2.005,0.026,0.197,3.264,0.005,REVOKED
core_breakdown,1000,500,100,3,93,33,9233,2.962,2.004,0.023,0.211,3.316,0.007,REVOKED
core_breakdown,1000,500,100,3,93,34,9234,2.973,2.049,0.024,0.209,3.267,0.006,REVOKED
core_breakdown,1000,500,100,3,93,35,9235,2.909,2.016,0.022,0.192,3.326,0.006,REVOKED
core_breakdown,1000,500,100,3,93,36,9236,3.03,2.029,0.026,0.211,3.287,0.006,REVOKED
core_breakdown,1000,500,100,3,93,37,9237,2.954,2.017,0.024,0.187,3.302,0.007,REVOKED
core_breakdown,1000,500,100,3,93,38,9238,2.966,2.038,0.025,0.187,3.317,0.007,REVOKED
core_breakdown,1000,500,100,3,93,39,9239,2.932,1.991,0.024,0.194,3.277,0.006,REVOKED
core_breakdown,1000,500,100,3,93,40,9240,2.974,2.045,0.024,0.202,3.353,0.006,REVOKED
core_breakdown,1000,500,100,3,93,41,9241,2.907,2.011,0.022,0.199,3.287,0.006,REVOKED
core_breakdown,1000,500,100,3,93,42,9242,2.926,1.974,0.022,0.233,3.2,0.006,REVOKED
core_breakdown,1000,500,100,3,93,43,9243,2.936,2.023,0.024,0.192,3.295,0.005,REVOKED
core_breakdown,1000,500,100,3,93,44,9244,2.924,1.999,0.02,0.218,3.311,0.006,REVOKED
core_breakdown,1000,500,100,3,93,45,9245,3.007,2.081,0.024,0.193,3.253,0.006,REVOKED
core_breakdown,1000,500,100,3,93,46,9246,2.882,1.978,0.021,0.2,3.269,0.005,REVOKED
core_breakdown,1000,500,100,3,93,47,9247,2.89,1.975,0.025,0.22,3.267,0.007,REVOKED
core_breakdown,1000,500,100,3,93,48,9248,2.929,2.009,0.022,0.198,3.243,0.006,REVOKED
core_breakdown,1000,500,100,3,93,49,9249,2.891,2.002,0.027,0.199,3.323,0.012,REVOKED
core_breakdown,1000,500,100,3,93,50,9250,2.917,2.014,0.027,0.19,3.268,0.005,REVOKED
core_breakdown,1000,500,100,3,93,51,9251,2.967,2.011,0.022,0.208,3.275,0.005,REVOKED
core_breakdown,1000,500,100,3,93,52,9252,2.949,2.018,0.02,0.201,3.199,0.005,REVOKED
core_breakdown,1000,500,100,3,93,53,9253,2.834,1.974,0.02,0.189,3.388,0.007,REVOKED
core_breakdown,1000,500,100,3,93,54,9254,2.885,1.967,0.022,0.196,3.348,0.006,REVOKED
core_breakdown,1000,500,100,3,93,55,9255,2.931,1.997,0.02,0.185,3.263,0.015,REVOKED
core_breakdown,1000,500,100,3,93,56,9256,2.6,1.798,0.022,0.175,3.01,0.006,REVOKED
core_breakdown,1000,500,100,3,93,57,9257,2.674,1.836,0.02,0.188,3.195,0.006,REVOKED
core_breakdown,1000,500,100,3,93,58,9258,2.589,1.763,0.024,0.166,2.937,0.006,REVOKED
core_breakdown,1000,500,100,3,93,59,9259,2.577,1.749,0.021,0.163,3.059,0.006,REVOKED
core_breakdown,1000,500,100,3,93,60,9260,2.548,1.729,0.021,0.177,3.099,0.007,REVOKED
core_breakdown,1000,500,100,3,93,61,9261,2.541,1.722,0.026,0.189,2.94,0.006,REVOKED
core_breakdown,1000,500,100,3,93,62,9262,2.659,1.824,0.026,0.176,2.942,0.006,REVOKED
core_breakdown,1000,500,100,3,93,63,9263,2.51,1.7,0.022,0.169,2.93,0.005,REVOKED
core_breakdown,1000,500,100,3,93,64,9264,2.58,1.766,0.021,0.19,2.91,0.006,REVOKED
core_breakdown,1000,500,100,3,93,65,9265,2.605,1.764,0.025,0.161,2.964,0.006,REVOKED
core_breakdown,1000,500,100,3,93,66,9266,2.58,1.777,0.022,0.171,2.936,0.006,REVOKED
core_breakdown,1000,500,100,3,93,67,9267,2.552,1.753,0.024,0.179,2.931,0.006,REVOKED
core_breakdown,1000,500,100,3,93,68,9268,2.741,1.772,0.023,0.195,3.264,0.006,REVOKED
core_breakdown,1000,500,100,3,93,69,9269,3.102,2.172,0.025,0.194,3.296,0.006,REVOKED
core_breakdown,1000,500,100,3,93,70,9270,2.918,2.014,0.02,0.203,3.258,0.005,REVOKED
core_breakdown,1000,500,100,3,93,71,9271,2.944,2.025,0.022,0.192,3.32,0.005,REVOKED
core_breakdown,1000,500,100,3,93,72,9272,2.93,2.026,0.025,0.193,3.278,0.006,REVOKED
core_breakdown,1000,500,100,3,93,73,9273,2.93,2.018,0.023,0.196,3.323,0.006,REVOKED
core_breakdown,1000,500,100,3,93,74,9274,2.901,1.99,0.025,0.203,3.269,0.006,REVOKED
core_breakdown,1000,500,100,3,93,75,9275,2.952,2.028,0.027,0.188,3.34,0.006,REVOKED
core_breakdown,1000,500,100,3,93,76,9276,2.952,2.02,0.023,0.209,3.242,0.007,REVOKED
core_breakdown,1000,500,100,3,93,77,9277,2.916,2.013,0.022,0.191,3.253,0.006,REVOKED
core_breakdown,1000,500,100,3,93,78,9278,2.872,1.972,0.021,0.199,3.286,0.006,REVOKED
core_breakdown,1000,500,100,3,93,79,9279,2.917,2.004,0.024,0.192,3.296,0.006,REVOKED
core_breakdown,1000,500,100,3,93,80,9280,2.987,2.032,0.022,0.2,3.28,0.006,REVOKED
core_breakdown,1000,500,100,3,93,81,9281,2.957,2.02,0.023,0.193,3.57,0.008,REVOKED
core_breakdown,1000,500,100,3,93,82,9282,3.328,2.298,0.035,0.209,3.525,0.008,REVOKED
core_breakdown,1000,500,100,3,93,83,9283,3.188,2.207,0.028,0.228,3.75,0.011,REVOKED
core_breakdown,1000,500,100,3,93,84,9284,3.238,2.205,0.038,0.229,3.819,0.008,REVOKED
core_breakdown,1000,500,100,3,93,85,9285,3.405,2.339,0.033,0.252,4.485,0.008,REVOKED
core_breakdown,1000,500,100,3,93,86,9286,3.763,2.557,0.032,0.261,4.009,0.007,REVOKED
core_breakdown,1000,500,100,3,93,87,9287,3.346,2.271,0.034,0.226,3.676,0.008,REVOKED
core_breakdown,1000,500,100,3,93,88,9288,3.424,2.256,0.035,0.247,4.08,0.008,REVOKED
core_breakdown,1000,500,100,3,93,89,9289,3.272,2.165,0.034,0.23,3.455,0.008,REVOKED
core_breakdown,1000,500,100,3,93,90,9290,2.948,1.998,0.031,0.2,3.447,0.009,REVOKED
core_breakdown,1000,500,100,3,93,91,9291,3.536,2.374,0.035,0.209,3.868,0.01,REVOKED
core_breakdown,1000,500,100,3,93,92,9292,3.263,2.256,0.035,0.201,3.669,0.007,REVOKED
core_breakdown,1000,500,100,3,93,93,9293,3.405,2.249,0.032,0.233,3.831,0.008,REVOKED
core_breakdown,1000,500,100,3,93,94,9294,3.693,2.389,0.049,0.179,3.252,0.009,REVOKED
core_breakdown,1000,500,100,3,93,95,9295,2.618,1.784,0.034,0.171,3.218,0.017,REVOKED
core_breakdown,1000,500,100,3,93,96,9296,2.56,1.74,0.026,0.195,2.902,0.008,REVOKED
core_breakdown,1000,500,100,3,93,97,9297,2.641,1.814,0.031,0.181,2.879,0.014,REVOKED
core_breakdown,1000,500,100,3,93,98,9298,2.525,1.71,0.025,0.186,2.95,0.006,REVOKED
core_breakdown,1000,500,100,3,93,99,9299,2.502,1.707,0.026,0.178,2.953,0.007,REVOKED
core_breakdown,1000,500,100,3,93,100,9300,2.575,1.743,0.026,0.19,2.887,0.006,REVOKED
core_breakdown,1000,500,100,4,94,1,9301,4.547,2.562,0.119,0.329,5.141,0.022,REVOKED
core_breakdown,1000,500,100,4,94,2,9302,3.6,2.431,0.044,0.254,3.904,0.008,REVOKED
core_breakdown,1000,500,100,4,94,3,9303,3.55,2.415,0.027,0.233,3.679,0.008,REVOKED
core_breakdown,1000,500,100,4,94,4,9304,3.197,2.228,0.021,0.209,3.444,0.007,REVOKED
core_breakdown,1000,500,100,4,94,5,9305,3.049,2.126,0.02,0.233,3.554,0.007,REVOKED
core_breakdown,1000,500,100,4,94,6,9306,2.97,2.031,0.036,0.213,3.473,0.006,REVOKED
core_breakdown,1000,500,100,4,94,7,9307,3.0,2.043,0.022,0.209,3.403,0.007,REVOKED
core_breakdown,1000,500,100,4,94,8,9308,3.137,2.12,0.022,0.225,3.523,0.005,REVOKED
core_breakdown,1000,500,100,4,94,9,9309,3.065,2.038,0.021,0.186,3.464,0.006,REVOKED
core_breakdown,1000,500,100,4,94,10,9310,3.083,2.107,0.029,0.205,3.633,0.006,REVOKED
core_breakdown,1000,500,100,4,94,11,9311,3.065,2.091,0.021,0.208,3.435,0.005,REVOKED
core_breakdown,1000,500,100,4,94,12,9312,3.081,2.135,0.021,0.218,3.494,0.006,REVOKED
core_breakdown,1000,500,100,4,94,13,9313,3.06,2.126,0.027,0.221,3.084,0.007,REVOKED
core_breakdown,1000,500,100,4,94,14,9314,2.679,1.826,0.025,0.166,3.098,0.006,REVOKED
core_breakdown,1000,500,100,4,94,15,9315,2.656,1.801,0.027,0.194,3.343,0.008,REVOKED
core_breakdown,1000,500,100,4,94,16,9316,2.805,1.907,0.029,0.187,3.081,0.007,REVOKED
core_breakdown,1000,500,100,4,94,17,9317,2.757,1.865,0.026,0.165,3.052,0.006,REVOKED
core_breakdown,1000,500,100,4,94,18,9318,2.667,1.817,0.026,0.177,3.184,0.006,REVOKED
core_breakdown,1000,500,100,4,94,19,9319,2.722,1.859,0.029,0.162,2.954,0.006,REVOKED
core_breakdown,1000,500,100,4,94,20,9320,2.935,2.033,0.028,0.177,2.859,0.007,REVOKED
core_breakdown,1000,500,100,4,94,21,9321,2.565,1.76,0.026,0.192,2.997,0.006,REVOKED
core_breakdown,1000,500,100,4,94,22,9322,2.563,1.754,0.024,0.167,2.975,0.006,REVOKED
core_breakdown,1000,500,100,4,94,23,9323,2.521,1.703,0.024,0.19,2.915,0.007,REVOKED
core_breakdown,1000,500,100,4,94,24,9324,2.543,1.705,0.025,0.901,2.995,0.006,REVOKED
core_breakdown,1000,500,100,4,94,25,9325,2.456,1.675,0.022,0.183,2.851,0.008,REVOKED
core_breakdown,1000,500,100,4,94,26,9326,2.704,1.794,0.024,0.201,2.922,0.006,REVOKED
core_breakdown,1000,500,100,4,94,27,9327,2.488,1.685,0.023,0.175,2.908,0.005,REVOKED
core_breakdown,1000,500,100,4,94,28,9328,2.469,1.684,0.022,0.168,2.9,0.006,REVOKED
core_breakdown,1000,500,100,4,94,29,9329,2.538,1.74,0.025,0.171,2.909,0.005,REVOKED
core_breakdown,1000,500,100,4,94,30,9330,2.546,1.763,0.022,0.186,2.917,0.006,REVOKED
core_breakdown,1000,500,100,4,94,31,9331,2.571,1.737,0.023,0.187,2.973,0.005,REVOKED
core_breakdown,1000,500,100,4,94,32,9332,2.506,1.692,0.022,0.182,2.952,0.006,REVOKED
core_breakdown,1000,500,100,4,94,33,9333,2.566,1.744,0.023,0.18,3.008,0.006,REVOKED
core_breakdown,1000,500,100,4,94,34,9334,2.589,1.769,0.022,0.172,3.075,0.006,REVOKED
core_breakdown,1000,500,100,4,94,35,9335,2.497,1.69,0.027,0.17,2.899,0.006,REVOKED
core_breakdown,1000,500,100,4,94,36,9336,2.621,1.763,0.021,0.171,2.892,0.006,REVOKED
core_breakdown,1000,500,100,4,94,37,9337,2.558,1.775,0.02,0.177,2.912,0.006,REVOKED
core_breakdown,1000,500,100,4,94,38,9338,2.504,1.703,0.025,0.164,3.026,0.006,REVOKED
core_breakdown,1000,500,100,4,94,39,9339,2.556,1.696,0.024,0.165,2.859,0.006,REVOKED
core_breakdown,1000,500,100,4,94,40,9340,2.527,1.725,0.028,0.171,2.824,0.009,REVOKED
core_breakdown,1000,500,100,4,94,41,9341,2.617,1.827,0.023,0.178,2.973,0.005,REVOKED
core_breakdown,1000,500,100,4,94,42,9342,2.497,1.71,0.022,0.174,2.882,0.006,REVOKED
core_breakdown,1000,500,100,4,94,43,9343,2.538,1.725,0.024,0.163,2.886,0.006,REVOKED
core_breakdown,1000,500,100,4,94,44,9344,2.577,1.785,0.023,0.184,2.908,0.006,REVOKED
core_breakdown,1000,500,100,4,94,45,9345,2.536,1.716,0.024,0.169,2.949,0.005,REVOKED
core_breakdown,1000,500,100,4,94,46,9346,2.654,1.822,0.022,0.18,2.849,0.006,REVOKED
core_breakdown,1000,500,100,4,94,47,9347,2.559,1.761,0.02,0.163,2.929,0.006,REVOKED
core_breakdown,1000,500,100,4,94,48,9348,2.557,1.759,0.023,0.192,3.012,0.006,REVOKED
core_breakdown,1000,500,100,4,94,49,9349,2.659,1.824,0.022,0.183,2.953,0.01,REVOKED
core_breakdown,1000,500,100,4,94,50,9350,2.591,1.815,0.024,0.178,2.904,0.007,REVOKED
core_breakdown,1000,500,100,4,94,51,9351,2.643,1.814,0.022,0.177,3.033,0.006,REVOKED
core_breakdown,1000,500,100,4,94,52,9352,2.832,1.61,0.026,0.147,2.459,0.009,REVOKED
core_breakdown,1000,500,100,4,94,53,9353,2.604,1.788,0.024,0.173,2.967,0.005,REVOKED
core_breakdown,1000,500,100,4,94,54,9354,2.533,1.693,0.025,0.168,2.961,0.005,REVOKED
core_breakdown,1000,500,100,4,94,55,9355,2.496,1.71,0.02,0.171,2.875,0.006,REVOKED
core_breakdown,1000,500,100,4,94,56,9356,2.566,1.74,0.022,0.164,2.831,0.006,REVOKED
core_breakdown,1000,500,100,4,94,57,9357,2.533,1.735,0.027,0.173,2.93,0.006,REVOKED
core_breakdown,1000,500,100,4,94,58,9358,2.53,1.733,0.024,0.169,2.936,0.006,REVOKED
core_breakdown,1000,500,100,4,94,59,9359,2.55,1.746,0.025,0.175,2.927,0.006,REVOKED
core_breakdown,1000,500,100,4,94,60,9360,2.541,1.741,0.023,0.168,2.945,0.006,REVOKED
core_breakdown,1000,500,100,4,94,61,9361,2.537,1.723,0.023,0.187,2.878,0.006,REVOKED
core_breakdown,1000,500,100,4,94,62,9362,2.558,1.752,0.023,0.155,2.9,0.006,REVOKED
core_breakdown,1000,500,100,4,94,63,9363,2.589,1.788,0.022,0.171,2.887,0.006,REVOKED
core_breakdown,1000,500,100,4,94,64,9364,2.554,1.696,0.022,0.178,2.937,0.006,REVOKED
core_breakdown,1000,500,100,4,94,65,9365,2.467,1.695,0.021,0.164,2.936,0.006,REVOKED
core_breakdown,1000,500,100,4,94,66,9366,2.563,1.718,0.025,0.174,2.892,0.006,REVOKED
core_breakdown,1000,500,100,4,94,67,9367,2.569,1.743,0.024,0.186,2.868,0.006,REVOKED
core_breakdown,1000,500,100,4,94,68,9368,2.55,1.754,0.023,0.184,2.864,0.006,REVOKED
core_breakdown,1000,500,100,4,94,69,9369,2.505,1.69,0.022,0.172,2.891,0.006,REVOKED
core_breakdown,1000,500,100,4,94,70,9370,2.545,1.722,0.024,0.175,2.919,0.005,REVOKED
core_breakdown,1000,500,100,4,94,71,9371,2.504,1.742,0.02,0.17,2.82,0.006,REVOKED
core_breakdown,1000,500,100,4,94,72,9372,2.541,1.733,0.022,0.158,2.965,0.005,REVOKED
core_breakdown,1000,500,100,4,94,73,9373,2.525,1.712,0.024,0.168,11.77,0.007,REVOKED
core_breakdown,1000,500,100,4,94,74,9374,2.539,1.736,0.022,0.159,2.948,0.006,REVOKED
core_breakdown,1000,500,100,4,94,75,9375,2.496,1.688,0.02,0.172,2.975,0.006,REVOKED
core_breakdown,1000,500,100,4,94,76,9376,2.321,1.594,0.027,0.144,2.578,0.006,REVOKED
core_breakdown,1000,500,100,4,94,77,9377,2.207,1.508,0.021,0.149,2.43,0.005,REVOKED
core_breakdown,1000,500,100,4,94,78,9378,2.42,1.695,0.021,0.182,2.921,0.005,REVOKED
core_breakdown,1000,500,100,4,94,79,9379,2.526,1.738,0.024,0.175,3.341,0.005,REVOKED
core_breakdown,1000,500,100,4,94,80,9380,2.878,1.978,0.025,0.187,3.29,0.008,REVOKED
core_breakdown,1000,500,100,4,94,81,9381,2.916,1.995,0.023,0.204,3.202,0.005,REVOKED
core_breakdown,1000,500,100,4,94,82,9382,2.913,2.01,0.021,0.187,3.178,0.005,REVOKED
core_breakdown,1000,500,100,4,94,83,9383,2.849,1.954,0.024,0.195,3.207,0.005,REVOKED
core_breakdown,1000,500,100,4,94,84,9384,2.966,2.021,0.022,0.192,3.157,0.005,REVOKED
core_breakdown,1000,500,100,4,94,85,9385,2.895,2.002,0.021,0.193,3.305,0.005,REVOKED
core_breakdown,1000,500,100,4,94,86,9386,2.912,2.002,0.025,0.188,3.315,0.006,REVOKED
core_breakdown,1000,500,100,4,94,87,9387,2.869,1.983,0.024,0.194,3.429,0.007,REVOKED
core_breakdown,1000,500,100,4,94,88,9388,2.891,1.989,0.026,0.193,3.298,0.006,REVOKED
core_breakdown,1000,500,100,4,94,89,9389,2.846,1.946,0.021,0.191,3.311,0.006,REVOKED
core_breakdown,1000,500,100,4,94,90,9390,2.93,1.999,0.024,0.213,3.31,0.006,REVOKED
core_breakdown,1000,500,100,4,94,91,9391,2.852,1.95,0.026,0.195,3.226,0.006,REVOKED
core_breakdown,1000,500,100,4,94,92,9392,2.924,1.985,0.023,0.192,3.328,0.006,REVOKED
core_breakdown,1000,500,100,4,94,93,9393,2.943,2.03,0.024,0.2,3.235,0.006,REVOKED
core_breakdown,1000,500,100,4,94,94,9394,2.874,1.953,0.022,0.206,3.327,0.006,REVOKED
core_breakdown,1000,500,100,4,94,95,9395,2.928,2.002,0.024,0.191,3.221,0.006,REVOKED
core_breakdown,1000,500,100,4,94,96,9396,2.981,2.058,0.022,0.201,3.413,0.013,REVOKED
core_breakdown,1000,500,100,4,94,97,9397,3.012,2.065,0.025,0.214,3.258,0.015,REVOKED
core_breakdown,1000,500,100,4,94,98,9398,2.816,1.932,0.024,0.203,3.367,0.006,REVOKED
core_breakdown,1000,500,100,4,94,99,9399,2.967,2.049,0.023,0.193,3.299,0.006,REVOKED
core_breakdown,1000,500,100,4,94,100,9400,2.818,1.934,0.021,0.2,3.26,0.006,REVOKED
core_breakdown,1000,500,100,5,95,1,9401,6.487,4.098,0.29,0.507,7.424,0.059,REVOKED
core_breakdown,1000,500,100,5,95,2,9402,6.327,4.127,0.136,0.391,6.116,0.027,REVOKED
core_breakdown,1000,500,100,5,95,3,9403,5.106,3.418,0.088,0.328,5.308,0.021,REVOKED
core_breakdown,1000,500,100,5,95,4,9404,4.686,3.186,0.053,0.298,4.653,0.014,REVOKED
core_breakdown,1000,500,100,5,95,5,9405,4.071,2.837,0.081,0.262,4.043,0.015,REVOKED
core_breakdown,1000,500,100,5,95,6,9406,3.694,2.524,0.041,0.244,4.012,0.01,REVOKED
core_breakdown,1000,500,100,5,95,7,9407,3.676,2.506,0.043,0.243,4.05,0.009,REVOKED
core_breakdown,1000,500,100,5,95,8,9408,3.587,2.443,0.034,0.228,3.864,0.008,REVOKED
core_breakdown,1000,500,100,5,95,9,9409,3.549,2.443,0.032,0.225,3.921,0.012,REVOKED
core_breakdown,1000,500,100,5,95,10,9410,3.689,2.498,0.067,0.234,3.866,0.01,REVOKED
core_breakdown,1000,500,100,5,95,11,9411,3.478,2.363,0.045,0.231,3.872,0.007,REVOKED
core_breakdown,1000,500,100,5,95,12,9412,3.38,2.303,0.037,0.236,3.738,0.006,REVOKED
core_breakdown,1000,500,100,5,95,13,9413,3.353,2.298,0.03,0.225,3.781,0.016,REVOKED
core_breakdown,1000,500,100,5,95,14,9414,3.02,2.064,0.038,0.197,3.402,0.009,REVOKED
core_breakdown,1000,500,100,5,95,15,9415,3.009,2.079,0.039,0.192,3.341,0.009,REVOKED
core_breakdown,1000,500,100,5,95,16,9416,3.038,2.078,0.029,0.202,3.372,0.006,REVOKED
core_breakdown,1000,500,100,5,95,17,9417,2.983,2.042,0.025,0.202,3.425,0.008,REVOKED
core_breakdown,1000,500,100,5,95,18,9418,2.961,2.024,0.025,0.199,3.365,0.008,REVOKED
core_breakdown,1000,500,100,5,95,19,9419,2.929,1.999,0.033,0.195,3.284,0.006,REVOKED
core_breakdown,1000,500,100,5,95,20,9420,2.953,2.009,0.024,0.214,3.29,0.006,REVOKED
core_breakdown,1000,500,100,5,95,21,9421,2.955,2.027,0.025,0.189,3.103,0.007,REVOKED
core_breakdown,1000,500,100,5,95,22,9422,2.595,1.784,0.021,0.176,2.905,0.007,REVOKED
core_breakdown,1000,500,100,5,95,23,9423,2.554,1.748,0.02,0.161,2.973,0.006,REVOKED
core_breakdown,1000,500,100,5,95,24,9424,2.55,1.732,0.024,0.181,3.026,0.006,REVOKED
core_breakdown,1000,500,100,5,95,25,9425,2.542,1.731,0.025,0.185,2.904,0.009,REVOKED
core_breakdown,1000,500,100,5,95,26,9426,2.902,2.007,0.025,0.214,3.265,0.006,REVOKED
core_breakdown,1000,500,100,5,95,27,9427,2.93,1.991,0.024,0.197,3.228,0.005,REVOKED
core_breakdown,1000,500,100,5,95,28,9428,2.996,2.034,0.026,0.195,3.374,0.006,REVOKED
core_breakdown,1000,500,100,5,95,29,9429,2.988,2.042,0.022,0.194,3.304,0.005,REVOKED
core_breakdown,1000,500,100,5,95,30,9430,2.972,2.039,0.026,0.209,3.236,0.005,REVOKED
core_breakdown,1000,500,100,5,95,31,9431,2.983,2.041,0.022,0.192,3.321,0.007,REVOKED
core_breakdown,1000,500,100,5,95,32,9432,2.984,2.029,0.024,0.196,3.294,0.007,REVOKED
core_breakdown,1000,500,100,5,95,33,9433,2.936,2.013,0.024,0.201,3.317,0.006,REVOKED
core_breakdown,1000,500,100,5,95,34,9434,2.912,1.989,0.022,0.21,3.315,0.006,REVOKED
core_breakdown,1000,500,100,5,95,35,9435,2.946,1.995,0.023,0.188,3.309,0.005,REVOKED
core_breakdown,1000,500,100,5,95,36,9436,2.977,2.035,0.023,0.197,3.31,0.005,REVOKED
core_breakdown,1000,500,100,5,95,37,9437,2.955,1.991,0.03,0.195,3.357,0.006,REVOKED
core_breakdown,1000,500,100,5,95,38,9438,2.943,1.997,0.021,0.192,3.256,0.006,REVOKED
core_breakdown,1000,500,100,5,95,39,9439,3.014,2.059,0.02,0.19,3.29,0.006,REVOKED
core_breakdown,1000,500,100,5,95,40,9440,2.966,2.031,0.019,0.202,3.335,0.005,REVOKED
core_breakdown,1000,500,100,5,95,41,9441,2.929,1.972,0.024,0.192,3.296,0.005,REVOKED
core_breakdown,1000,500,100,5,95,42,9442,3.006,2.086,0.027,0.233,3.554,0.008,REVOKED
core_breakdown,1000,500,100,5,95,43,9443,3.484,2.471,0.035,0.202,3.677,0.008,REVOKED
core_breakdown,1000,500,100,5,95,44,9444,3.906,2.568,0.038,0.222,7.283,0.012,REVOKED
core_breakdown,1000,500,100,5,95,45,9445,3.087,2.091,0.041,0.208,3.464,0.007,REVOKED
core_breakdown,1000,500,100,5,95,46,9446,2.985,2.017,0.027,0.194,3.231,0.007,REVOKED
core_breakdown,1000,500,100,5,95,47,9447,2.592,1.775,0.027,0.174,2.914,0.007,REVOKED
core_breakdown,1000,500,100,5,95,48,9448,2.561,1.763,0.025,0.187,3.002,0.007,REVOKED
core_breakdown,1000,500,100,5,95,49,9449,2.569,1.741,0.025,0.192,3.001,0.01,REVOKED
core_breakdown,1000,500,100,5,95,50,9450,2.576,1.759,0.021,0.177,2.912,0.006,REVOKED
core_breakdown,1000,500,100,5,95,51,9451,2.61,1.786,0.029,0.179,2.956,0.006,REVOKED
core_breakdown,1000,500,100,5,95,52,9452,2.591,1.743,0.025,0.197,2.903,0.006,REVOKED
core_breakdown,1000,500,100,5,95,53,9453,2.502,1.721,0.023,0.189,2.939,0.006,REVOKED
core_breakdown,1000,500,100,5,95,54,9454,2.581,1.741,0.024,0.164,2.983,0.006,REVOKED
core_breakdown,1000,500,100,5,95,55,9455,2.478,1.704,0.023,0.177,2.965,0.006,REVOKED
core_breakdown,1000,500,100,5,95,56,9456,2.536,1.732,0.022,0.187,3.008,0.006,REVOKED
core_breakdown,1000,500,100,5,95,57,9457,2.575,1.753,0.023,0.195,2.942,0.006,REVOKED
core_breakdown,1000,500,100,5,95,58,9458,2.472,1.68,0.021,0.182,2.938,0.006,REVOKED
core_breakdown,1000,500,100,5,95,59,9459,3.16,2.341,0.025,0.191,3.267,0.007,REVOKED
core_breakdown,1000,500,100,5,95,60,9460,2.904,1.986,0.029,0.201,3.328,0.006,REVOKED
core_breakdown,1000,500,100,5,95,61,9461,4.466,3.516,0.024,0.206,3.334,0.006,REVOKED
core_breakdown,1000,500,100,5,95,62,9462,2.869,1.968,0.019,0.197,3.248,0.006,REVOKED
core_breakdown,1000,500,100,5,95,63,9463,2.873,1.944,0.024,0.194,3.207,0.006,REVOKED
core_breakdown,1000,500,100,5,95,64,9464,2.89,1.98,0.025,0.194,3.277,0.006,REVOKED
core_breakdown,1000,500,100,5,95,65,9465,2.926,2.003,0.024,0.205,3.293,0.006,REVOKED
core_breakdown,1000,500,100,5,95,66,9466,2.867,1.967,0.022,0.198,3.29,0.006,REVOKED
core_breakdown,1000,500,100,5,95,67,9467,2.876,1.982,0.022,0.196,3.253,0.005,REVOKED
core_breakdown,1000,500,100,5,95,68,9468,2.883,1.971,0.022,0.219,3.249,0.006,REVOKED
core_breakdown,1000,500,100,5,95,69,9469,2.957,2.023,0.022,0.202,3.255,0.006,REVOKED
core_breakdown,1000,500,100,5,95,70,9470,2.876,1.978,0.025,0.188,3.189,0.006,REVOKED
core_breakdown,1000,500,100,5,95,71,9471,2.903,1.997,0.021,0.187,3.368,0.005,REVOKED
core_breakdown,1000,500,100,5,95,72,9472,3.066,2.074,0.023,0.21,3.358,0.012,REVOKED
core_breakdown,1000,500,100,5,95,73,9473,3.019,2.041,0.022,0.227,3.354,0.005,REVOKED
core_breakdown,1000,500,100,5,95,74,9474,2.961,1.998,0.025,0.237,3.392,0.006,REVOKED
core_breakdown,1000,500,100,5,95,75,9475,2.956,2.047,0.021,0.212,3.352,0.006,REVOKED
core_breakdown,1000,500,100,5,95,76,9476,3.034,2.093,0.022,0.221,3.313,0.005,REVOKED
core_breakdown,1000,500,100,5,95,77,9477,2.946,2.013,0.023,0.204,3.299,0.006,REVOKED
core_breakdown,1000,500,100,5,95,78,9478,2.915,2.006,0.021,0.204,3.258,0.006,REVOKED
core_breakdown,1000,500,100,5,95,79,9479,2.91,1.973,0.024,0.194,3.345,0.006,REVOKED
core_breakdown,1000,500,100,5,95,80,9480,2.887,1.974,0.022,0.197,3.301,0.006,REVOKED
core_breakdown,1000,500,100,5,95,81,9481,2.962,2.006,0.027,0.239,3.244,0.005,REVOKED
core_breakdown,1000,500,100,5,95,82,9482,2.945,2.028,0.022,0.194,3.328,0.006,REVOKED
core_breakdown,1000,500,100,5,95,83,9483,2.91,1.993,0.025,0.235,3.284,0.007,REVOKED
core_breakdown,1000,500,100,5,95,84,9484,2.921,2.023,0.024,0.194,3.279,0.006,REVOKED
core_breakdown,1000,500,100,5,95,85,9485,2.932,2.017,0.023,0.193,3.283,0.007,REVOKED
core_breakdown,1000,500,100,5,95,86,9486,2.949,2.042,0.023,0.208,3.311,0.006,REVOKED
core_breakdown,1000,500,100,5,95,87,9487,2.877,1.966,0.028,0.181,3.259,0.005,REVOKED
core_breakdown,1000,500,100,5,95,88,9488,2.913,1.979,0.025,0.205,3.263,0.011,REVOKED
core_breakdown,1000,500,100,5,95,89,9489,2.973,2.046,0.023,0.199,3.221,0.006,REVOKED
core_breakdown,1000,500,100,5,95,90,9490,2.942,2.0,0.024,0.198,3.278,0.006,REVOKED
core_breakdown,1000,500,100,5,95,91,9491,2.895,1.978,0.021,0.216,3.261,0.007,REVOKED
core_breakdown,1000,500,100,5,95,92,9492,2.917,2.0,0.023,0.189,3.322,0.005,REVOKED
core_breakdown,1000,500,100,5,95,93,9493,2.953,1.98,0.025,0.191,3.301,0.006,REVOKED
core_breakdown,1000,500,100,5,95,94,9494,2.957,2.022,0.023,0.188,3.237,0.006,REVOKED
core_breakdown,1000,500,100,5,95,95,9495,2.997,2.073,0.025,0.188,3.249,0.005,REVOKED
core_breakdown,1000,500,100,5,95,96,9496,2.926,2.026,0.022,0.211,3.239,0.005,REVOKED
core_breakdown,1000,500,100,5,95,97,9497,2.904,1.991,0.023,0.196,3.288,0.015,REVOKED
core_breakdown,1000,500,100,5,95,98,9498,2.966,2.047,0.025,0.193,3.244,0.006,REVOKED
core_breakdown,1000,500,100,5,95,99,9499,2.954,2.016,0.019,0.209,3.314,0.006,REVOKED
core_breakdown,1000,500,100,5,95,100,9500,2.887,2.008,0.025,0.198,3.244,0.006,REVOKED
core_breakdown,1000,500,100,6,96,1,9501,6.42,4.077,0.255,0.501,7.371,0.063,REVOKED
core_breakdown,1000,500,100,6,96,2,9502,6.681,4.416,0.154,0.365,5.321,0.024,REVOKED
core_breakdown,1000,500,100,6,96,3,9503,4.085,2.774,0.05,0.273,4.193,0.011,REVOKED
core_breakdown,1000,500,100,6,96,4,9504,3.667,2.483,0.044,0.242,4.031,0.008,REVOKED
core_breakdown,1000,500,100,6,96,5,9505,3.634,2.499,0.036,0.251,4.038,0.01,REVOKED
core_breakdown,1000,500,100,6,96,6,9506,3.636,2.482,0.039,0.243,4.012,0.007,REVOKED
core_breakdown,1000,500,100,6,96,7,9507,3.521,2.432,0.03,0.226,3.895,0.008,REVOKED
core_breakdown,1000,500,100,6,96,8,9508,3.504,2.386,0.034,0.224,3.851,0.007,REVOKED
core_breakdown,1000,500,100,6,96,9,9509,3.531,2.434,0.032,0.228,3.889,0.009,REVOKED
core_breakdown,1000,500,100,6,96,10,9510,3.448,2.359,0.037,0.229,3.806,0.008,REVOKED
core_breakdown,1000,500,100,6,96,11,9511,3.455,2.35,0.034,0.235,3.883,0.008,REVOKED
core_breakdown,1000,500,100,6,96,12,9512,3.392,2.323,0.026,0.227,3.707,0.006,REVOKED
core_breakdown,1000,500,100,6,96,13,9513,3.316,2.252,0.026,0.23,3.558,0.019,REVOKED
core_breakdown,1000,500,100,6,96,14,9514,3.081,2.078,0.051,0.179,3.378,0.01,REVOKED
core_breakdown,1000,500,100,6,96,15,9515,2.948,2.026,0.028,0.199,3.386,0.008,REVOKED
core_breakdown,1000,500,100,6,96,16,9516,2.925,2.02,0.028,0.199,3.332,0.006,REVOKED
core_breakdown,1000,500,100,6,96,17,9517,2.972,2.044,0.022,0.237,3.318,0.006,REVOKED
core_breakdown,1000,500,100,6,96,18,9518,2.936,2.004,0.021,0.213,3.362,0.007,REVOKED
core_breakdown,1000,500,100,6,96,19,9519,2.997,2.045,0.026,0.194,3.346,0.006,REVOKED
core_breakdown,1000,500,100,6,96,20,9520,2.925,1.99,0.022,0.181,3.333,0.005,REVOKED
core_breakdown,1000,500,100,6,96,21,9521,2.99,2.038,0.026,0.209,3.315,0.006,REVOKED
core_breakdown,1000,500,100,6,96,22,9522,2.911,1.993,0.024,0.193,3.325,0.007,REVOKED
core_breakdown,1000,500,100,6,96,23,9523,2.912,1.999,0.023,0.207,3.303,0.006,REVOKED
core_breakdown,1000,500,100,6,96,24,9524,2.937,2.009,0.02,0.193,3.281,0.008,REVOKED
core_breakdown,1000,500,100,6,96,25,9525,2.972,2.046,0.021,0.204,3.388,0.009,REVOKED
core_breakdown,1000,500,100,6,96,26,9526,2.893,1.968,0.022,0.2,3.268,0.005,REVOKED
core_breakdown,1000,500,100,6,96,27,9527,2.956,2.03,0.022,0.191,3.341,0.006,REVOKED
core_breakdown,1000,500,100,6,96,28,9528,2.902,2.0,0.024,0.191,3.363,0.006,REVOKED
core_breakdown,1000,500,100,6,96,29,9529,2.929,2.023,0.019,0.194,3.326,0.006,REVOKED
core_breakdown,1000,500,100,6,96,30,9530,2.956,2.001,0.026,0.193,3.248,0.005,REVOKED
core_breakdown,1000,500,100,6,96,31,9531,2.858,1.949,0.025,0.174,2.973,0.005,REVOKED
core_breakdown,1000,500,100,6,96,32,9532,2.613,1.784,0.023,0.168,2.954,0.006,REVOKED
core_breakdown,1000,500,100,6,96,33,9533,2.527,1.716,0.026,0.178,2.908,0.005,REVOKED
core_breakdown,1000,500,100,6,96,34,9534,2.591,1.791,0.021,0.171,2.995,0.005,REVOKED
core_breakdown,1000,500,100,6,96,35,9535,2.563,1.743,0.026,0.172,2.94,0.006,REVOKED
core_breakdown,1000,500,100,6,96,36,9536,2.574,1.771,0.022,0.196,3.789,0.007,REVOKED
core_breakdown,1000,500,100,6,96,37,9537,2.587,1.739,0.027,0.176,2.954,0.006,REVOKED
core_breakdown,1000,500,100,6,96,38,9538,2.591,1.753,0.022,0.184,2.969,0.006,REVOKED
core_breakdown,1000,500,100,6,96,39,9539,2.592,1.756,0.02,0.171,2.971,0.005,REVOKED
core_breakdown,1000,500,100,6,96,40,9540,2.587,1.776,0.018,0.185,3.009,0.005,REVOKED
core_breakdown,1000,500,100,6,96,41,9541,2.547,1.746,0.019,0.186,2.992,0.006,REVOKED
core_breakdown,1000,500,100,6,96,42,9542,2.598,1.775,0.027,0.168,2.866,0.005,REVOKED
core_breakdown,1000,500,100,6,96,43,9543,2.583,1.782,0.023,0.177,2.971,0.006,REVOKED
core_breakdown,1000,500,100,6,96,44,9544,2.564,1.742,0.022,0.177,2.908,0.005,REVOKED
core_breakdown,1000,500,100,6,96,45,9545,2.558,1.754,0.026,0.187,2.941,0.007,REVOKED
core_breakdown,1000,500,100,6,96,46,9546,2.596,1.772,0.02,0.167,2.906,0.006,REVOKED
core_breakdown,1000,500,100,6,96,47,9547,2.533,1.747,0.024,0.161,2.927,0.006,REVOKED
core_breakdown,1000,500,100,6,96,48,9548,2.569,1.741,0.024,0.175,2.958,0.005,REVOKED
core_breakdown,1000,500,100,6,96,49,9549,2.644,1.803,0.022,0.169,2.933,0.008,REVOKED
core_breakdown,1000,500,100,6,96,50,9550,2.658,1.895,0.022,0.177,2.941,0.005,REVOKED
core_breakdown,1000,500,100,6,96,51,9551,2.589,1.778,0.021,0.179,2.896,0.006,REVOKED
core_breakdown,1000,500,100,6,96,52,9552,2.527,1.715,0.027,0.191,2.867,0.006,REVOKED
core_breakdown,1000,500,100,6,96,53,9553,2.622,1.779,0.021,0.172,2.974,0.006,REVOKED
core_breakdown,1000,500,100,6,96,54,9554,2.597,1.771,0.019,0.181,2.922,0.006,REVOKED
core_breakdown,1000,500,100,6,96,55,9555,2.574,1.764,0.025,0.176,2.913,0.006,REVOKED
core_breakdown,1000,500,100,6,96,56,9556,2.517,1.734,0.018,0.177,2.908,0.006,REVOKED
core_breakdown,1000,500,100,6,96,57,9557,2.555,1.748,0.019,0.184,2.963,0.005,REVOKED
core_breakdown,1000,500,100,6,96,58,9558,2.624,1.792,0.027,0.166,2.943,0.006,REVOKED
core_breakdown,1000,500,100,6,96,59,9559,2.553,1.735,0.018,0.195,2.95,0.006,REVOKED
core_breakdown,1000,500,100,6,96,60,9560,2.583,1.79,0.025,0.173,2.886,0.006,REVOKED
core_breakdown,1000,500,100,6,96,61,9561,2.568,1.759,0.027,0.167,2.945,0.005,REVOKED
core_breakdown,1000,500,100,6,96,62,9562,2.567,1.757,0.025,0.183,2.922,0.006,REVOKED
core_breakdown,1000,500,100,6,96,63,9563,2.606,1.78,0.021,0.187,3.064,0.006,REVOKED
core_breakdown,1000,500,100,6,96,64,9564,2.578,1.759,0.024,0.17,2.953,0.005,REVOKED
core_breakdown,1000,500,100,6,96,65,9565,2.559,1.749,0.022,0.177,2.864,0.006,REVOKED
core_breakdown,1000,500,100,6,96,66,9566,2.594,1.759,0.019,0.182,2.924,0.005,REVOKED
core_breakdown,1000,500,100,6,96,67,9567,2.56,1.739,0.021,0.166,2.938,0.008,REVOKED
core_breakdown,1000,500,100,6,96,68,9568,2.551,1.745,0.021,0.174,2.872,0.005,REVOKED
core_breakdown,1000,500,100,6,96,69,9569,2.641,1.735,0.027,0.193,2.971,0.006,REVOKED
core_breakdown,1000,500,100,6,96,70,9570,2.605,1.774,0.025,0.183,2.986,0.007,REVOKED
core_breakdown,1000,500,100,6,96,71,9571,2.623,1.835,0.023,0.177,2.967,0.006,REVOKED
core_breakdown,1000,500,100,6,96,72,9572,2.525,1.747,0.024,0.196,2.926,0.005,REVOKED
core_breakdown,1000,500,100,6,96,73,9573,2.533,1.737,0.025,0.182,3.047,0.006,REVOKED
core_breakdown,1000,500,100,6,96,74,9574,2.589,1.741,0.021,0.184,3.025,0.006,REVOKED
core_breakdown,1000,500,100,6,96,75,9575,2.597,1.78,0.023,0.187,2.906,0.006,REVOKED
core_breakdown,1000,500,100,6,96,76,9576,2.607,1.789,0.021,0.167,2.897,0.006,REVOKED
core_breakdown,1000,500,100,6,96,77,9577,2.55,1.761,0.022,0.188,2.953,0.006,REVOKED
core_breakdown,1000,500,100,6,96,78,9578,2.589,1.778,0.019,0.196,3.078,0.005,REVOKED
core_breakdown,1000,500,100,6,96,79,9579,2.491,1.728,0.025,0.182,2.942,0.006,REVOKED
core_breakdown,1000,500,100,6,96,80,9580,2.602,1.77,0.022,0.169,2.953,0.006,REVOKED
core_breakdown,1000,500,100,6,96,81,9581,2.606,1.775,0.02,0.163,3.001,0.006,REVOKED
core_breakdown,1000,500,100,6,96,82,9582,2.611,1.759,0.025,0.18,2.939,0.005,REVOKED
core_breakdown,1000,500,100,6,96,83,9583,2.537,1.755,0.021,0.174,2.915,0.006,REVOKED
core_breakdown,1000,500,100,6,96,84,9584,2.528,1.717,0.024,0.184,2.903,0.005,REVOKED
core_breakdown,1000,500,100,6,96,85,9585,2.5,1.697,0.023,0.176,2.877,0.006,REVOKED
core_breakdown,1000,500,100,6,96,86,9586,2.519,1.714,0.022,0.18,3.481,0.006,REVOKED
core_breakdown,1000,500,100,6,96,87,9587,2.986,2.035,0.025,0.225,3.361,0.006,REVOKED
core_breakdown,1000,500,100,6,96,88,9588,2.988,2.054,0.026,0.193,3.259,0.006,REVOKED
core_breakdown,1000,500,100,6,96,89,9589,2.941,2.021,0.023,0.191,3.269,0.005,REVOKED
core_breakdown,1000,500,100,6,96,90,9590,2.914,2.004,0.025,0.204,3.265,0.006,REVOKED
core_breakdown,1000,500,100,6,96,91,9591,2.903,1.993,0.024,0.192,3.315,0.007,REVOKED
core_breakdown,1000,500,100,6,96,92,9592,2.946,2.037,0.021,0.212,3.302,0.006,REVOKED
core_breakdown,1000,500,100,6,96,93,9593,2.902,1.987,0.023,0.196,3.279,0.006,REVOKED
core_breakdown,1000,500,100,6,96,94,9594,2.891,1.987,0.024,0.213,3.246,0.005,REVOKED
core_breakdown,1000,500,100,6,96,95,9595,2.916,1.993,0.023,0.188,3.244,0.007,REVOKED
core_breakdown,1000,500,100,6,96,96,9596,3.29,1.991,0.021,0.197,3.285,0.005,REVOKED
core_breakdown,1000,500,100,6,96,97,9597,2.896,1.975,0.026,0.195,3.294,0.019,REVOKED
core_breakdown,1000,500,100,6,96,98,9598,2.937,2.036,0.02,0.186,3.308,0.005,REVOKED
core_breakdown,1000,500,100,6,96,99,9599,2.942,1.981,0.022,0.194,3.33,0.005,REVOKED
core_breakdown,1000,500,100,6,96,100,9600,2.906,1.976,0.023,0.207,3.299,0.011,REVOKED
core_breakdown,1000,500,100,7,97,1,9601,5.548,3.473,0.277,0.381,7.515,0.065,REVOKED
core_breakdown,1000,500,100,7,97,2,9602,5.385,3.544,0.101,0.357,5.473,0.023,REVOKED
core_breakdown,1000,500,100,7,97,3,9603,4.447,2.998,0.074,0.306,4.591,0.014,REVOKED
core_breakdown,1000,500,100,7,97,4,9604,3.371,2.251,0.041,0.223,3.637,0.008,REVOKED
core_breakdown,1000,500,100,7,97,5,9605,3.197,2.188,0.035,0.204,3.537,0.007,REVOKED
core_breakdown,1000,500,100,7,97,6,9606,3.208,2.156,0.032,0.251,3.836,0.006,REVOKED
core_breakdown,1000,500,100,7,97,7,9607,3.165,2.145,0.044,0.245,3.588,0.014,REVOKED
core_breakdown,1000,500,100,7,97,8,9608,3.161,2.165,0.023,0.218,3.639,0.009,REVOKED
core_breakdown,1000,500,100,7,97,9,9609,3.276,2.249,0.03,0.224,3.568,0.006,REVOKED
core_breakdown,1000,500,100,7,97,10,9610,3.199,2.179,0.025,0.207,3.57,0.006,REVOKED
core_breakdown,1000,500,100,7,97,11,9611,3.255,2.232,0.033,0.206,3.475,0.006,REVOKED
core_breakdown,1000,500,100,7,97,12,9612,3.218,2.207,0.02,0.224,3.528,0.007,REVOKED
core_breakdown,1000,500,100,7,97,13,9613,3.084,2.085,0.028,0.212,3.415,0.008,REVOKED
core_breakdown,1000,500,100,7,97,14,9614,3.076,2.145,0.02,0.224,3.473,0.006,REVOKED
core_breakdown,1000,500,100,7,97,15,9615,3.014,2.049,0.03,0.209,3.399,0.006,REVOKED
core_breakdown,1000,500,100,7,97,16,9616,3.07,2.126,0.018,0.214,3.381,0.006,REVOKED
core_breakdown,1000,500,100,7,97,17,9617,3.019,2.058,0.024,0.208,3.312,0.006,REVOKED
core_breakdown,1000,500,100,7,97,18,9618,2.65,1.831,0.025,0.181,3.035,0.006,REVOKED
core_breakdown,1000,500,100,7,97,19,9619,2.663,1.825,0.021,0.201,2.967,0.007,REVOKED
core_breakdown,1000,500,100,7,97,20,9620,2.597,1.772,0.024,0.19,3.036,0.006,REVOKED
core_breakdown,1000,500,100,7,97,21,9621,2.623,1.789,0.031,0.181,3.009,0.005,REVOKED
core_breakdown,1000,500,100,7,97,22,9622,2.651,1.834,0.021,0.19,3.005,0.006,REVOKED
core_breakdown,1000,500,100,7,97,23,9623,2.64,1.822,0.026,0.186,3.01,0.008,REVOKED
core_breakdown,1000,500,100,7,97,24,9624,2.608,1.809,0.024,0.198,3.05,0.006,REVOKED
core_breakdown,1000,500,100,7,97,25,9625,2.612,1.784,0.023,0.195,2.998,0.009,REVOKED
core_breakdown,1000,500,100,7,97,26,9626,2.832,1.909,0.025,0.182,3.026,0.006,REVOKED
core_breakdown,1000,500,100,7,97,27,9627,2.618,1.784,0.023,0.163,2.943,0.006,REVOKED
core_breakdown,1000,500,100,7,97,28,9628,2.641,1.772,0.03,0.177,2.93,0.006,REVOKED
core_breakdown,1000,500,100,7,97,29,9629,2.548,1.735,0.025,0.172,2.938,0.006,REVOKED
core_breakdown,1000,500,100,7,97,30,9630,2.654,1.798,0.021,0.174,2.98,0.005,REVOKED
core_breakdown,1000,500,100,7,97,31,9631,2.596,1.783,0.025,0.168,3.013,0.006,REVOKED
core_breakdown,1000,500,100,7,97,32,9632,2.57,1.736,0.022,0.194,3.095,0.006,REVOKED
core_breakdown,1000,500,100,7,97,33,9633,2.64,1.756,0.023,0.168,3.05,0.005,REVOKED
core_breakdown,1000,500,100,7,97,34,9634,2.527,1.736,0.022,0.177,2.957,0.006,REVOKED
core_breakdown,1000,500,100,7,97,35,9635,2.617,1.754,0.024,0.177,2.993,0.006,REVOKED
core_breakdown,1000,500,100,7,97,36,9636,2.553,1.708,0.022,0.345,2.92,0.009,REVOKED
core_breakdown,1000,500,100,7,97,37,9637,2.539,1.752,0.028,0.174,2.919,0.005,REVOKED
core_breakdown,1000,500,100,7,97,38,9638,2.691,1.852,0.025,0.18,2.978,0.006,REVOKED
core_breakdown,1000,500,100,7,97,39,9639,2.541,1.74,0.021,0.175,3.061,0.005,REVOKED
core_breakdown,1000,500,100,7,97,40,9640,2.587,1.807,0.023,0.177,2.992,0.006,REVOKED
core_breakdown,1000,500,100,7,97,41,9641,2.506,1.702,0.027,0.173,3.041,0.006,REVOKED
core_breakdown,1000,500,100,7,97,42,9642,2.528,1.729,0.021,0.193,2.958,0.006,REVOKED
core_breakdown,1000,500,100,7,97,43,9643,2.583,1.764,0.023,0.187,2.964,0.006,REVOKED
core_breakdown,1000,500,100,7,97,44,9644,2.619,1.763,0.024,0.188,2.955,0.005,REVOKED
core_breakdown,1000,500,100,7,97,45,9645,2.624,1.791,0.024,0.168,3.133,0.005,REVOKED
core_breakdown,1000,500,100,7,97,46,9646,2.568,1.75,0.024,0.174,2.921,0.007,REVOKED
core_breakdown,1000,500,100,7,97,47,9647,2.553,1.744,0.021,0.172,2.889,0.005,REVOKED
core_breakdown,1000,500,100,7,97,48,9648,2.622,1.807,0.026,0.173,2.961,0.005,REVOKED
core_breakdown,1000,500,100,7,97,49,9649,2.658,1.804,0.023,0.19,2.92,0.011,REVOKED
core_breakdown,1000,500,100,7,97,50,9650,2.563,1.735,0.019,0.171,2.995,0.005,REVOKED
core_breakdown,1000,500,100,7,97,51,9651,2.591,1.751,0.023,0.176,2.921,0.006,REVOKED
core_breakdown,1000,500,100,7,97,52,9652,2.519,1.736,0.024,0.179,3.008,0.006,REVOKED
core_breakdown,1000,500,100,7,97,53,9653,2.567,1.765,0.021,0.205,2.982,0.005,REVOKED
core_breakdown,1000,500,100,7,97,54,9654,2.583,1.75,0.022,0.173,3.017,0.006,REVOKED
core_breakdown,1000,500,100,7,97,55,9655,2.574,1.753,0.024,0.19,2.967,0.006,REVOKED
core_breakdown,1000,500,100,7,97,56,9656,2.561,1.754,0.02,0.178,2.892,0.005,REVOKED
core_breakdown,1000,500,100,7,97,57,9657,2.516,1.692,0.026,0.177,2.998,0.006,REVOKED
core_breakdown,1000,500,100,7,97,58,9658,2.559,1.739,0.023,0.171,2.928,0.005,REVOKED
core_breakdown,1000,500,100,7,97,59,9659,2.596,1.754,0.022,0.171,2.877,0.006,REVOKED
core_breakdown,1000,500,100,7,97,60,9660,2.588,1.759,0.021,0.174,3.109,0.007,REVOKED
core_breakdown,1000,500,100,7,97,61,9661,2.477,1.681,0.02,0.169,2.953,0.005,REVOKED
core_breakdown,1000,500,100,7,97,62,9662,2.519,1.701,0.021,0.161,2.885,0.007,REVOKED
core_breakdown,1000,500,100,7,97,63,9663,2.583,1.751,0.025,0.194,2.929,0.005,REVOKED
core_breakdown,1000,500,100,7,97,64,9664,2.549,1.754,0.023,0.166,2.946,0.007,REVOKED
core_breakdown,1000,500,100,7,97,65,9665,2.618,1.786,0.023,0.178,2.933,0.005,REVOKED
core_breakdown,1000,500,100,7,97,66,9666,2.539,1.715,0.022,0.193,2.905,0.011,REVOKED
core_breakdown,1000,500,100,7,97,67,9667,2.582,1.783,0.023,0.188,2.889,0.006,REVOKED
core_breakdown,1000,500,100,7,97,68,9668,2.691,1.764,0.025,0.19,2.923,0.006,REVOKED
core_breakdown,1000,500,100,7,97,69,9669,2.626,1.807,0.022,0.162,2.851,0.006,REVOKED
core_breakdown,1000,500,100,7,97,70,9670,2.555,1.739,0.023,0.172,3.03,0.006,REVOKED
core_breakdown,1000,500,100,7,97,71,9671,2.567,1.74,0.025,0.177,2.96,0.005,REVOKED
core_breakdown,1000,500,100,7,97,72,9672,2.55,1.735,0.024,0.177,3.009,0.006,REVOKED
core_breakdown,1000,500,100,7,97,73,9673,2.532,1.715,0.025,0.19,2.928,0.005,REVOKED
core_breakdown,1000,500,100,7,97,74,9674,2.615,1.796,0.021,0.169,2.922,0.006,REVOKED
core_breakdown,1000,500,100,7,97,75,9675,2.609,1.77,0.02,0.161,2.985,0.005,REVOKED
core_breakdown,1000,500,100,7,97,76,9676,2.549,1.729,0.025,0.182,2.932,0.006,REVOKED
core_breakdown,1000,500,100,7,97,77,9677,2.581,1.772,0.022,0.209,2.964,0.006,REVOKED
core_breakdown,1000,500,100,7,97,78,9678,2.565,1.735,0.023,0.18,2.903,0.006,REVOKED
core_breakdown,1000,500,100,7,97,79,9679,2.612,1.78,0.025,0.176,2.951,0.006,REVOKED
core_breakdown,1000,500,100,7,97,80,9680,2.615,1.776,0.021,0.181,2.958,0.005,REVOKED
core_breakdown,1000,500,100,7,97,81,9681,2.557,1.73,0.025,0.173,2.961,0.006,REVOKED
core_breakdown,1000,500,100,7,97,82,9682,2.514,1.688,0.021,0.168,3.002,0.005,REVOKED
core_breakdown,1000,500,100,7,97,83,9683,2.644,1.766,0.021,0.173,2.904,0.009,REVOKED
core_breakdown,1000,500,100,7,97,84,9684,2.56,1.755,0.023,0.17,2.99,0.006,REVOKED
core_breakdown,1000,500,100,7,97,85,9685,2.559,1.76,0.021,0.178,2.928,0.005,REVOKED
core_breakdown,1000,500,100,7,97,86,9686,2.58,1.776,0.025,0.173,2.925,0.006,REVOKED
core_breakdown,1000,500,100,7,97,87,9687,2.553,1.747,0.023,0.19,3.0,0.006,REVOKED
core_breakdown,1000,500,100,7,97,88,9688,2.589,1.757,0.026,0.175,2.965,0.006,REVOKED
core_breakdown,1000,500,100,7,97,89,9689,2.503,1.712,0.022,0.201,2.907,0.006,REVOKED
core_breakdown,1000,500,100,7,97,90,9690,2.559,1.746,0.023,0.216,2.93,0.006,REVOKED
core_breakdown,1000,500,100,7,97,91,9691,2.493,1.715,0.022,0.182,2.905,0.005,REVOKED
core_breakdown,1000,500,100,7,97,92,9692,2.544,1.695,0.022,0.205,2.892,0.005,REVOKED
core_breakdown,1000,500,100,7,97,93,9693,2.589,1.781,0.024,0.174,2.947,0.006,REVOKED
core_breakdown,1000,500,100,7,97,94,9694,2.537,1.74,0.021,0.173,2.944,0.005,REVOKED
core_breakdown,1000,500,100,7,97,95,9695,2.559,1.747,0.021,0.18,2.892,0.007,REVOKED
core_breakdown,1000,500,100,7,97,96,9696,2.507,1.723,0.021,0.179,2.902,0.006,REVOKED
core_breakdown,1000,500,100,7,97,97,9697,2.549,1.74,0.021,0.18,2.912,0.014,REVOKED
core_breakdown,1000,500,100,7,97,98,9698,2.57,1.728,0.025,0.189,2.947,0.008,REVOKED
core_breakdown,1000,500,100,7,97,99,9699,2.576,1.77,0.02,0.239,3.092,0.006,REVOKED
core_breakdown,1000,500,100,7,97,100,9700,2.599,1.755,0.023,0.174,2.964,0.006,REVOKED
core_breakdown,1000,500,100,8,98,1,9701,6.789,4.057,0.303,0.496,7.256,0.061,REVOKED
core_breakdown,1000,500,100,8,98,2,9702,6.316,4.112,0.134,0.394,6.222,0.036,REVOKED
core_breakdown,1000,500,100,8,98,3,9703,4.861,3.318,0.045,0.314,5.078,0.023,REVOKED
core_breakdown,1000,500,100,8,98,4,9704,4.325,2.848,0.103,0.306,4.213,0.01,REVOKED
core_breakdown,1000,500,100,8,98,5,9705,3.287,2.261,0.04,0.233,3.79,0.01,REVOKED
core_breakdown,1000,500,100,8,98,6,9706,3.263,2.232,0.026,0.205,3.932,0.007,REVOKED
core_breakdown,1000,500,100,8,98,7,9707,3.612,2.439,0.031,0.264,3.863,0.007,REVOKED
core_breakdown,1000,500,100,8,98,8,9708,3.374,2.304,0.034,0.214,3.721,0.007,REVOKED
core_breakdown,1000,500,100,8,98,9,9709,3.63,2.5,0.064,0.257,3.842,0.011,REVOKED
core_breakdown,1000,500,100,8,98,10,9710,3.416,2.326,0.037,0.211,3.68,0.006,REVOKED
core_breakdown,1000,500,100,8,98,11,9711,3.285,2.21,0.026,0.207,3.678,0.007,REVOKED
core_breakdown,1000,500,100,8,98,12,9712,3.333,2.272,0.029,0.218,3.676,0.006,REVOKED
core_breakdown,1000,500,100,8,98,13,9713,3.442,2.352,0.028,0.242,3.697,0.007,REVOKED
core_breakdown,1000,500,100,8,98,14,9714,3.27,2.213,0.021,0.224,3.603,0.006,REVOKED
core_breakdown,1000,500,100,8,98,15,9715,3.31,2.241,0.026,0.227,3.776,0.005,REVOKED
core_breakdown,1000,500,100,8,98,16,9716,3.361,2.306,0.021,0.237,3.644,0.005,REVOKED
core_breakdown,1000,500,100,8,98,17,9717,3.328,2.268,0.019,0.24,3.658,0.006,REVOKED
core_breakdown,1000,500,100,8,98,18,9718,3.274,2.251,0.026,0.228,3.611,0.008,REVOKED
core_breakdown,1000,500,100,8,98,19,9719,3.232,2.226,0.019,0.23,3.615,0.005,REVOKED
core_breakdown,1000,500,100,8,98,20,9720,3.407,2.341,0.024,0.241,3.611,0.005,REVOKED
core_breakdown,1000,500,100,8,98,21,9721,3.096,2.091,0.027,0.204,3.482,0.007,REVOKED
core_breakdown,1000,500,100,8,98,22,9722,3.085,2.078,0.024,0.215,3.406,0.006,REVOKED
core_breakdown,1000,500,100,8,98,23,9723,3.063,2.101,0.024,0.214,3.392,0.006,REVOKED
core_breakdown,1000,500,100,8,98,24,9724,3.102,2.097,0.024,0.222,3.375,0.005,REVOKED
core_breakdown,1000,500,100,8,98,25,9725,2.978,2.02,0.027,0.214,3.222,0.007,REVOKED
core_breakdown,1000,500,100,8,98,26,9726,2.923,2.02,0.019,0.204,18.677,0.008,REVOKED
core_breakdown,1000,500,100,8,98,27,9727,2.949,2.02,0.033,0.195,3.341,0.006,REVOKED
core_breakdown,1000,500,100,8,98,28,9728,2.963,2.017,0.02,0.197,3.292,0.017,REVOKED
core_breakdown,1000,500,100,8,98,29,9729,2.986,2.075,0.019,0.206,3.302,0.006,REVOKED
core_breakdown,1000,500,100,8,98,30,9730,2.865,1.929,0.032,0.173,2.971,0.006,REVOKED
core_breakdown,1000,500,100,8,98,31,9731,2.588,1.775,0.028,0.182,2.932,0.006,REVOKED
core_breakdown,1000,500,100,8,98,32,9732,2.604,1.768,0.027,0.172,2.888,0.011,REVOKED
core_breakdown,1000,500,100,8,98,33,9733,2.587,1.764,0.022,0.2,3.104,0.006,REVOKED
core_breakdown,1000,500,100,8,98,34,9734,2.628,1.778,0.025,0.177,3.002,0.005,REVOKED
core_breakdown,1000,500,100,8,98,35,9735,2.529,1.693,0.021,0.18,3.056,0.006,REVOKED
core_breakdown,1000,500,100,8,98,36,9736,2.572,1.738,0.02,0.166,2.891,0.006,REVOKED
core_breakdown,1000,500,100,8,98,37,9737,2.587,1.74,0.022,0.175,2.953,0.006,REVOKED
core_breakdown,1000,500,100,8,98,38,9738,2.587,1.753,0.025,0.171,3.018,0.005,REVOKED
core_breakdown,1000,500,100,8,98,39,9739,2.555,1.743,0.02,0.183,2.939,0.006,REVOKED
core_breakdown,1000,500,100,8,98,40,9740,2.529,1.722,0.023,0.159,2.955,0.005,REVOKED
core_breakdown,1000,500,100,8,98,41,9741,2.632,1.842,0.021,0.171,3.003,0.006,REVOKED
core_breakdown,1000,500,100,8,98,42,9742,2.621,1.774,0.028,0.176,2.927,0.006,REVOKED
core_breakdown,1000,500,100,8,98,43,9743,2.601,1.741,0.025,0.179,2.964,0.006,REVOKED
core_breakdown,1000,500,100,8,98,44,9744,2.518,1.733,0.024,0.158,2.925,0.006,REVOKED
core_breakdown,1000,500,100,8,98,45,9745,2.538,1.722,0.025,0.18,3.006,0.006,REVOKED
core_breakdown,1000,500,100,8,98,46,9746,2.587,1.77,0.021,0.179,2.918,0.006,REVOKED
core_breakdown,1000,500,100,8,98,47,9747,2.569,1.72,0.022,0.195,3.313,0.005,REVOKED
core_breakdown,1000,500,100,8,98,48,9748,2.945,2.009,0.02,0.207,4.066,0.007,REVOKED
core_breakdown,1000,500,100,8,98,49,9749,2.942,2.002,0.021,0.201,3.263,0.008,REVOKED
core_breakdown,1000,500,100,8,98,50,9750,2.933,2.036,0.019,0.195,3.325,0.006,REVOKED
core_breakdown,1000,500,100,8,98,51,9751,2.976,2.042,0.021,0.2,3.229,0.005,REVOKED
core_breakdown,1000,500,100,8,98,52,9752,2.904,1.991,0.019,0.206,3.243,0.006,REVOKED
core_breakdown,1000,500,100,8,98,53,9753,3.102,2.138,0.027,0.201,3.301,0.006,REVOKED
core_breakdown,1000,500,100,8,98,54,9754,2.96,2.038,0.024,0.192,3.263,0.007,REVOKED
core_breakdown,1000,500,100,8,98,55,9755,2.525,1.721,0.022,0.184,3.111,0.005,REVOKED
core_breakdown,1000,500,100,8,98,56,9756,2.593,1.755,0.022,0.158,2.927,0.006,REVOKED
core_breakdown,1000,500,100,8,98,57,9757,2.556,1.706,0.023,0.174,2.965,0.006,REVOKED
core_breakdown,1000,500,100,8,98,58,9758,2.635,1.782,0.02,0.182,3.012,0.006,REVOKED
core_breakdown,1000,500,100,8,98,59,9759,2.557,1.736,0.026,0.184,3.063,0.005,REVOKED
core_breakdown,1000,500,100,8,98,60,9760,2.66,1.841,0.026,0.179,2.952,0.005,REVOKED
core_breakdown,1000,500,100,8,98,61,9761,2.599,1.761,0.022,0.176,2.989,0.005,REVOKED
core_breakdown,1000,500,100,8,98,62,9762,2.533,1.728,0.024,0.174,2.958,0.006,REVOKED
core_breakdown,1000,500,100,8,98,63,9763,2.655,1.809,0.026,0.182,3.024,0.006,REVOKED
core_breakdown,1000,500,100,8,98,64,9764,2.583,1.734,0.025,0.175,3.035,0.007,REVOKED
core_breakdown,1000,500,100,8,98,65,9765,2.65,1.782,0.025,0.169,3.042,0.006,REVOKED
core_breakdown,1000,500,100,8,98,66,9766,3.005,2.05,0.023,0.19,3.251,0.007,REVOKED
core_breakdown,1000,500,100,8,98,67,9767,2.958,2.031,0.025,0.193,3.317,0.008,REVOKED
core_breakdown,1000,500,100,8,98,68,9768,2.984,2.05,0.022,0.206,3.416,0.006,REVOKED
core_breakdown,1000,500,100,8,98,69,9769,2.922,2.025,0.021,0.196,3.317,0.006,REVOKED
core_breakdown,1000,500,100,8,98,70,9770,2.986,2.02,0.021,0.207,3.264,0.006,REVOKED
core_breakdown,1000,500,100,8,98,71,9771,2.936,2.023,0.02,0.197,3.426,0.006,REVOKED
core_breakdown,1000,500,100,8,98,72,9772,2.954,2.034,0.027,0.193,3.248,0.005,REVOKED
core_breakdown,1000,500,100,8,98,73,9773,2.981,2.038,0.025,0.194,3.341,0.008,REVOKED
core_breakdown,1000,500,100,8,98,74,9774,2.945,2.026,0.023,0.184,3.294,0.005,REVOKED
core_breakdown,1000,500,100,8,98,75,9775,2.943,2.02,0.023,0.189,3.326,0.005,REVOKED
core_breakdown,1000,500,100,8,98,76,9776,2.937,2.011,0.024,0.199,3.339,0.005,REVOKED
core_breakdown,1000,500,100,8,98,77,9777,2.925,1.998,0.02,0.202,3.292,0.005,REVOKED
core_breakdown,1000,500,100,8,98,78,9778,2.942,2.02,0.019,0.195,3.296,0.005,REVOKED
core_breakdown,1000,500,100,8,98,79,9779,2.926,2.0,0.019,0.207,3.275,0.005,REVOKED
core_breakdown,1000,500,100,8,98,80,9780,2.898,1.978,0.024,0.191,3.267,0.006,REVOKED
core_breakdown,1000,500,100,8,98,81,9781,2.957,2.041,0.021,0.202,3.303,0.006,REVOKED
core_breakdown,1000,500,100,8,98,82,9782,2.748,1.853,0.025,0.172,2.992,0.005,REVOKED
core_breakdown,1000,500,100,8,98,83,9783,2.58,1.75,0.022,0.184,3.023,0.005,REVOKED
core_breakdown,1000,500,100,8,98,84,9784,2.654,1.8,0.026,0.203,2.942,0.006,REVOKED
core_breakdown,1000,500,100,8,98,85,9785,2.536,1.738,0.023,0.174,2.982,0.005,REVOKED
core_breakdown,1000,500,100,8,98,86,9786,2.593,1.742,0.025,0.197,2.935,0.011,REVOKED
core_breakdown,1000,500,100,8,98,87,9787,2.554,1.728,0.024,0.175,2.91,0.005,REVOKED
core_breakdown,1000,500,100,8,98,88,9788,2.557,1.732,0.023,0.186,3.038,0.006,REVOKED
core_breakdown,1000,500,100,8,98,89,9789,2.545,1.726,0.021,0.183,2.967,0.005,REVOKED
core_breakdown,1000,500,100,8,98,90,9790,2.619,1.774,0.02,0.173,2.97,0.006,REVOKED
core_breakdown,1000,500,100,8,98,91,9791,2.571,1.722,0.021,0.179,2.911,0.006,REVOKED
core_breakdown,1000,500,100,8,98,92,9792,2.577,1.752,0.019,0.179,2.998,0.007,REVOKED
core_breakdown,1000,500,100,8,98,93,9793,2.504,1.675,0.027,0.176,3.044,0.006,REVOKED
core_breakdown,1000,500,100,8,98,94,9794,2.563,1.769,0.023,0.173,2.985,0.006,REVOKED
core_breakdown,1000,500,100,8,98,95,9795,2.523,1.712,0.02,0.174,2.946,0.005,REVOKED
core_breakdown,1000,500,100,8,98,96,9796,2.563,1.744,0.024,0.168,2.96,0.005,REVOKED
core_breakdown,1000,500,100,8,98,97,9797,2.622,1.782,0.023,0.187,2.877,0.024,REVOKED
core_breakdown,1000,500,100,8,98,98,9798,2.636,1.816,0.019,0.179,2.981,0.006,REVOKED
core_breakdown,1000,500,100,8,98,99,9799,2.643,1.83,0.023,0.185,2.975,0.006,REVOKED
core_breakdown,1000,500,100,8,98,100,9800,2.574,1.754,0.021,0.172,3.001,0.006,REVOKED
core_breakdown,1000,500,100,9,99,1,9801,6.579,3.811,0.284,0.453,6.336,0.059,REVOKED
core_breakdown,1000,500,100,9,99,2,9802,5.967,3.938,0.133,0.375,6.076,0.027,REVOKED
core_breakdown,1000,500,100,9,99,3,9803,4.84,3.212,0.076,0.32,5.163,0.023,REVOKED
core_breakdown,1000,500,100,9,99,4,9804,4.414,2.985,0.078,0.298,4.599,0.011,REVOKED
core_breakdown,1000,500,100,9,99,5,9805,3.684,2.484,0.052,0.253,4.121,0.012,REVOKED
core_breakdown,1000,500,100,9,99,6,9806,3.537,2.385,0.04,0.228,3.696,0.008,REVOKED
core_breakdown,1000,500,100,9,99,7,9807,3.281,2.226,0.039,0.224,3.629,0.008,REVOKED
core_breakdown,1000,500,100,9,99,8,9808,3.238,2.212,0.035,0.221,3.578,0.007,REVOKED
core_breakdown,1000,500,100,9,99,9,9809,3.208,2.201,0.033,0.201,3.724,0.014,REVOKED
core_breakdown,1000,500,100,9,99,10,9810,3.293,2.235,0.047,0.216,3.599,0.009,REVOKED
core_breakdown,1000,500,100,9,99,11,9811,3.173,2.168,0.028,0.231,3.553,0.009,REVOKED
core_breakdown,1000,500,100,9,99,12,9812,3.239,2.15,0.028,0.23,3.478,0.006,REVOKED
core_breakdown,1000,500,100,9,99,13,9813,3.089,2.104,0.027,0.247,3.565,0.01,REVOKED
core_breakdown,1000,500,100,9,99,14,9814,3.067,2.066,0.025,0.172,3.122,0.007,REVOKED
core_breakdown,1000,500,100,9,99,15,9815,2.728,1.873,0.029,0.175,2.969,0.006,REVOKED
core_breakdown,1000,500,100,9,99,16,9816,2.635,1.771,0.034,0.199,2.962,0.006,REVOKED
core_breakdown,1000,500,100,9,99,17,9817,2.614,1.771,0.022,0.179,3.0,0.007,REVOKED
core_breakdown,1000,500,100,9,99,18,9818,2.825,1.976,0.027,0.191,2.965,0.006,REVOKED
core_breakdown,1000,500,100,9,99,19,9819,2.693,1.856,0.026,0.197,2.97,0.006,REVOKED
core_breakdown,1000,500,100,9,99,20,9820,2.621,1.717,0.025,0.184,3.278,0.007,REVOKED
core_breakdown,1000,500,100,9,99,21,9821,3.194,2.118,0.028,0.155,2.885,0.007,REVOKED
core_breakdown,1000,500,100,9,99,22,9822,2.631,1.798,0.031,0.174,3.013,0.006,REVOKED
core_breakdown,1000,500,100,9,99,23,9823,2.598,1.802,0.023,0.173,3.035,0.007,REVOKED
core_breakdown,1000,500,100,9,99,24,9824,2.553,1.703,0.023,0.175,2.976,0.006,REVOKED
core_breakdown,1000,500,100,9,99,25,9825,2.555,1.752,0.022,0.194,2.964,0.008,REVOKED
core_breakdown,1000,500,100,9,99,26,9826,2.619,1.761,0.028,0.179,2.929,0.008,REVOKED
core_breakdown,1000,500,100,9,99,27,9827,2.527,1.71,0.021,0.18,2.944,0.006,REVOKED
core_breakdown,1000,500,100,9,99,28,9828,2.565,1.76,0.026,0.177,2.913,0.006,REVOKED
core_breakdown,1000,500,100,9,99,29,9829,2.549,1.733,0.024,0.174,2.937,0.006,REVOKED
core_breakdown,1000,500,100,9,99,30,9830,2.52,1.7,0.026,0.187,2.892,0.005,REVOKED
core_breakdown,1000,500,100,9,99,31,9831,2.527,1.717,0.026,0.174,2.922,0.005,REVOKED
core_breakdown,1000,500,100,9,99,32,9832,2.541,1.738,0.021,0.176,2.934,0.005,REVOKED
core_breakdown,1000,500,100,9,99,33,9833,2.52,1.724,0.023,0.176,3.03,0.006,REVOKED
core_breakdown,1000,500,100,9,99,34,9834,2.56,1.745,0.021,0.172,2.905,0.006,REVOKED
core_breakdown,1000,500,100,9,99,35,9835,2.556,1.73,0.027,0.162,2.914,0.007,REVOKED
core_breakdown,1000,500,100,9,99,36,9836,2.926,1.968,0.026,0.194,3.255,0.006,REVOKED
core_breakdown,1000,500,100,9,99,37,9837,2.918,2.006,0.021,0.206,3.283,0.006,REVOKED
core_breakdown,1000,500,100,9,99,38,9838,2.925,2.008,0.026,0.207,3.213,0.005,REVOKED
core_breakdown,1000,500,100,9,99,39,9839,2.813,1.944,0.019,0.188,3.214,0.005,REVOKED
core_breakdown,1000,500,100,9,99,40,9840,2.904,2.019,0.025,0.191,3.27,0.005,REVOKED
core_breakdown,1000,500,100,9,99,41,9841,2.911,1.999,0.024,0.184,3.228,0.006,REVOKED
core_breakdown,1000,500,100,9,99,42,9842,2.887,1.976,0.026,0.193,3.278,0.005,REVOKED
core_breakdown,1000,500,100,9,99,43,9843,3.006,2.034,0.023,0.208,3.299,0.005,REVOKED
core_breakdown,1000,500,100,9,99,44,9844,3.018,2.09,0.021,0.199,3.467,0.006,REVOKED
core_breakdown,1000,500,100,9,99,45,9845,3.055,2.098,0.024,0.186,3.481,0.006,REVOKED
core_breakdown,1000,500,100,9,99,46,9846,3.07,2.111,0.024,0.223,3.29,0.005,REVOKED
core_breakdown,1000,500,100,9,99,47,9847,3.02,2.1,0.022,0.213,3.385,0.006,REVOKED
core_breakdown,1000,500,100,9,99,48,9848,2.926,1.982,0.022,0.198,3.304,0.007,REVOKED
core_breakdown,1000,500,100,9,99,49,9849,2.932,2.008,0.021,0.216,3.251,0.009,REVOKED
core_breakdown,1000,500,100,9,99,50,9850,2.944,2.009,0.024,0.19,3.315,0.011,REVOKED
core_breakdown,1000,500,100,9,99,51,9851,2.91,1.989,0.019,0.189,3.257,0.007,REVOKED
core_breakdown,1000,500,100,9,99,52,9852,2.902,2.0,0.022,0.186,3.321,0.005,REVOKED
core_breakdown,1000,500,100,9,99,53,9853,2.944,2.009,0.02,0.206,3.361,0.006,REVOKED
core_breakdown,1000,500,100,9,99,54,9854,2.917,1.993,0.026,0.193,3.292,0.005,REVOKED
core_breakdown,1000,500,100,9,99,55,9855,2.928,1.997,0.021,0.188,3.248,0.006,REVOKED
core_breakdown,1000,500,100,9,99,56,9856,2.923,2.002,0.023,0.19,3.287,0.006,REVOKED
core_breakdown,1000,500,100,9,99,57,9857,2.908,1.97,0.025,0.198,3.33,0.006,REVOKED
core_breakdown,1000,500,100,9,99,58,9858,2.907,1.992,0.024,0.207,3.363,0.006,REVOKED
core_breakdown,1000,500,100,9,99,59,9859,3.031,2.063,0.022,0.196,3.385,0.005,REVOKED
core_breakdown,1000,500,100,9,99,60,9860,2.941,2.01,0.023,0.189,3.351,0.006,REVOKED
core_breakdown,1000,500,100,9,99,61,9861,2.925,2.007,0.025,0.194,3.336,0.006,REVOKED
core_breakdown,1000,500,100,9,99,62,9862,2.915,1.998,0.022,0.19,3.251,0.005,REVOKED
core_breakdown,1000,500,100,9,99,63,9863,2.915,2.015,0.024,0.206,3.305,0.006,REVOKED
core_breakdown,1000,500,100,9,99,64,9864,2.94,2.014,0.023,0.193,3.274,0.005,REVOKED
core_breakdown,1000,500,100,9,99,65,9865,2.883,1.991,0.021,0.192,3.236,0.006,REVOKED
core_breakdown,1000,500,100,9,99,66,9866,2.939,2.047,0.021,0.212,3.327,0.005,REVOKED
core_breakdown,1000,500,100,9,99,67,9867,2.978,2.017,0.019,0.191,3.326,0.006,REVOKED
core_breakdown,1000,500,100,9,99,68,9868,3.014,2.066,0.022,0.195,3.272,0.007,REVOKED
core_breakdown,1000,500,100,9,99,69,9869,2.879,1.98,0.022,0.193,3.228,0.005,REVOKED
core_breakdown,1000,500,100,9,99,70,9870,2.911,2.017,0.027,0.192,3.32,0.006,REVOKED
core_breakdown,1000,500,100,9,99,71,9871,2.984,2.017,0.023,0.198,3.296,0.006,REVOKED
core_breakdown,1000,500,100,9,99,72,9872,2.913,1.998,0.023,0.196,3.279,0.006,REVOKED
core_breakdown,1000,500,100,9,99,73,9873,2.946,2.034,0.021,0.195,3.344,0.006,REVOKED
core_breakdown,1000,500,100,9,99,74,9874,2.888,1.969,0.024,0.226,3.33,0.006,REVOKED
core_breakdown,1000,500,100,9,99,75,9875,2.961,2.033,0.024,0.187,3.304,0.005,REVOKED
core_breakdown,1000,500,100,9,99,76,9876,2.911,2.012,0.023,0.192,3.26,0.006,REVOKED
core_breakdown,1000,500,100,9,99,77,9877,2.928,2.001,0.02,0.197,3.217,0.006,REVOKED
core_breakdown,1000,500,100,9,99,78,9878,2.9,1.979,0.025,0.195,3.252,0.006,REVOKED
core_breakdown,1000,500,100,9,99,79,9879,2.922,2.009,0.019,0.182,3.265,0.005,REVOKED
core_breakdown,1000,500,100,9,99,80,9880,3.003,2.021,0.024,0.189,3.48,0.006,REVOKED
core_breakdown,1000,500,100,9,99,81,9881,2.919,2.0,0.025,0.192,3.275,0.007,REVOKED
core_breakdown,1000,500,100,9,99,82,9882,2.905,1.984,0.025,0.201,3.322,0.006,REVOKED
core_breakdown,1000,500,100,9,99,83,9883,2.91,1.995,0.024,0.199,3.248,0.006,REVOKED
core_breakdown,1000,500,100,9,99,84,9884,2.934,2.02,0.021,0.191,3.27,0.006,REVOKED
core_breakdown,1000,500,100,9,99,85,9885,2.927,2.005,0.028,0.197,3.353,0.006,REVOKED
core_breakdown,1000,500,100,9,99,86,9886,2.895,1.965,0.022,0.195,3.275,0.006,REVOKED
core_breakdown,1000,500,100,9,99,87,9887,3.199,2.12,0.021,0.194,3.233,0.006,REVOKED
core_breakdown,1000,500,100,9,99,88,9888,3.036,2.093,0.024,0.202,3.282,0.007,REVOKED
core_breakdown,1000,500,100,9,99,89,9889,2.956,1.992,0.024,0.192,3.332,0.006,REVOKED
core_breakdown,1000,500,100,9,99,90,9890,2.881,1.966,0.023,0.194,3.284,0.005,REVOKED
core_breakdown,1000,500,100,9,99,91,9891,2.891,1.987,0.021,0.195,3.262,0.006,REVOKED
core_breakdown,1000,500,100,9,99,92,9892,2.868,1.932,0.021,0.192,3.243,0.005,REVOKED
core_breakdown,1000,500,100,9,99,93,9893,2.928,2.02,0.026,0.19,3.367,0.006,REVOKED
core_breakdown,1000,500,100,9,99,94,9894,2.91,2.005,0.023,0.2,3.233,0.005,REVOKED
core_breakdown,1000,500,100,9,99,95,9895,2.978,2.009,0.024,0.189,3.182,0.006,REVOKED
core_breakdown,1000,500,100,9,99,96,9896,2.92,1.997,0.022,0.189,3.288,0.006,REVOKED
core_breakdown,1000,500,100,9,99,97,9897,2.918,1.989,0.025,0.198,3.329,0.017,REVOKED
core_breakdown,1000,500,100,9,99,98,9898,2.936,2.002,0.021,0.201,3.277,0.006,REVOKED
core_breakdown,1000,500,100,9,99,99,9899,2.915,1.972,0.024,0.193,3.255,0.006,REVOKED
core_breakdown,1000,500,100,9,99,100,9900,2.958,2.006,0.022,0.195,3.173,0.006,REVOKED
core_breakdown,1000,500,100,10,100,1,9901,6.495,3.82,0.237,0.458,6.873,0.048,REVOKED
core_breakdown,1000,500,100,10,100,2,9902,5.947,3.939,0.136,0.406,5.923,0.022,REVOKED
core_breakdown,1000,500,100,10,100,3,9903,4.148,2.775,0.07,0.301,4.368,0.015,REVOKED
core_breakdown,1000,500,100,10,100,4,9904,3.687,2.459,0.048,0.226,3.707,0.01,REVOKED
core_breakdown,1000,500,100,10,100,5,9905,3.268,2.213,0.038,0.203,3.645,0.008,REVOKED
core_breakdown,1000,500,100,10,100,6,9906,3.24,2.207,0.031,0.206,3.481,0.007,REVOKED
core_breakdown,1000,500,100,10,100,7,9907,3.158,2.155,0.033,0.217,3.392,0.005,REVOKED
core_breakdown,1000,500,100,10,100,8,9908,3.174,2.157,0.068,0.221,3.503,0.011,REVOKED
core_breakdown,1000,500,100,10,100,9,9909,3.083,2.11,0.027,0.215,3.429,0.009,REVOKED
core_breakdown,1000,500,100,10,100,10,9910,3.03,2.06,0.034,0.187,3.399,0.006,REVOKED
core_breakdown,1000,500,100,10,100,11,9911,3.145,2.139,0.025,0.213,3.482,0.006,REVOKED
core_breakdown,1000,500,100,10,100,12,9912,2.984,2.042,0.021,0.209,3.102,0.007,REVOKED
core_breakdown,1000,500,100,10,100,13,9913,2.594,1.735,0.025,0.171,2.949,0.008,REVOKED
core_breakdown,1000,500,100,10,100,14,9914,2.625,1.76,0.021,0.211,2.983,0.007,REVOKED
core_breakdown,1000,500,100,10,100,15,9915,2.617,1.811,0.028,0.174,3.019,0.007,REVOKED
core_breakdown,1000,500,100,10,100,16,9916,2.608,1.78,0.024,0.19,2.932,0.005,REVOKED
core_breakdown,1000,500,100,10,100,17,9917,2.574,1.761,0.023,0.179,3.041,0.007,REVOKED
core_breakdown,1000,500,100,10,100,18,9918,2.614,1.763,0.022,0.172,3.02,0.006,REVOKED
core_breakdown,1000,500,100,10,100,19,9919,2.594,1.768,0.027,0.185,2.994,0.008,REVOKED
core_breakdown,1000,500,100,10,100,20,9920,2.536,1.73,0.024,0.171,2.98,0.006,REVOKED
core_breakdown,1000,500,100,10,100,21,9921,2.583,1.784,0.021,0.156,2.971,0.006,REVOKED
core_breakdown,1000,500,100,10,100,22,9922,2.6,1.766,0.02,0.178,2.936,0.005,REVOKED
core_breakdown,1000,500,100,10,100,23,9923,2.598,1.73,0.026,0.168,2.989,0.005,REVOKED
core_breakdown,1000,500,100,10,100,24,9924,2.626,1.823,0.02,0.181,2.938,0.007,REVOKED
core_breakdown,1000,500,100,10,100,25,9925,2.587,1.765,0.025,0.183,2.997,0.008,REVOKED
core_breakdown,1000,500,100,10,100,26,9926,2.581,1.78,0.024,0.172,2.976,0.006,REVOKED
core_breakdown,1000,500,100,10,100,27,9927,2.598,1.766,0.022,0.165,2.97,0.006,REVOKED
core_breakdown,1000,500,100,10,100,28,9928,2.613,1.779,0.026,0.166,3.005,0.006,REVOKED
core_breakdown,1000,500,100,10,100,29,9929,2.608,1.776,0.023,0.178,3.044,0.005,REVOKED
core_breakdown,1000,500,100,10,100,30,9930,2.524,1.687,0.022,0.185,2.972,0.005,REVOKED
core_breakdown,1000,500,100,10,100,31,9931,2.609,1.772,0.025,0.194,3.066,0.005,REVOKED
core_breakdown,1000,500,100,10,100,32,9932,2.546,1.732,0.03,0.181,2.984,0.006,REVOKED
core_breakdown,1000,500,100,10,100,33,9933,2.618,1.791,0.025,0.173,2.991,0.006,REVOKED
core_breakdown,1000,500,100,10,100,34,9934,2.61,1.801,0.021,0.183,2.997,0.006,REVOKED
core_breakdown,1000,500,100,10,100,35,9935,2.579,1.733,0.024,0.193,2.937,0.006,REVOKED
core_breakdown,1000,500,100,10,100,36,9936,2.599,1.811,0.025,0.177,2.941,0.006,REVOKED
core_breakdown,1000,500,100,10,100,37,9937,2.608,1.797,0.025,0.164,2.969,0.005,REVOKED
core_breakdown,1000,500,100,10,100,38,9938,2.513,1.738,0.024,0.172,2.906,0.007,REVOKED
core_breakdown,1000,500,100,10,100,39,9939,2.612,1.757,0.023,0.177,2.965,0.005,REVOKED
core_breakdown,1000,500,100,10,100,40,9940,2.776,1.948,0.024,0.176,3.338,0.009,REVOKED
core_breakdown,1000,500,100,10,100,41,9941,2.544,1.65,0.029,0.183,2.816,0.008,REVOKED
core_breakdown,1000,500,100,10,100,42,9942,2.828,1.932,0.029,0.188,3.175,0.007,REVOKED
core_breakdown,1000,500,100,10,100,43,9943,2.779,1.913,0.021,0.179,3.216,0.007,REVOKED
core_breakdown,1000,500,100,10,100,44,9944,2.852,1.99,0.028,0.192,3.239,0.005,REVOKED
core_breakdown,1000,500,100,10,100,45,9945,3.127,2.276,0.027,0.161,2.74,0.006,REVOKED
core_breakdown,1000,500,100,10,100,46,9946,3.12,2.178,0.035,0.193,3.027,0.008,REVOKED
core_breakdown,1000,500,100,10,100,47,9947,2.618,1.789,0.026,0.177,3.024,0.007,REVOKED
core_breakdown,1000,500,100,10,100,48,9948,2.522,1.717,0.026,0.228,2.994,0.006,REVOKED
core_breakdown,1000,500,100,10,100,49,9949,2.562,1.735,0.023,0.186,2.985,0.013,REVOKED
core_breakdown,1000,500,100,10,100,50,9950,2.525,1.728,0.021,0.176,2.926,0.006,REVOKED
core_breakdown,1000,500,100,10,100,51,9951,2.578,1.761,0.027,0.193,2.979,0.005,REVOKED
core_breakdown,1000,500,100,10,100,52,9952,2.572,1.734,0.02,0.174,2.927,0.006,REVOKED
core_breakdown,1000,500,100,10,100,53,9953,2.597,1.774,0.022,0.185,3.019,0.006,REVOKED
core_breakdown,1000,500,100,10,100,54,9954,2.701,1.792,0.027,0.181,2.954,0.007,REVOKED
core_breakdown,1000,500,100,10,100,55,9955,2.609,1.785,0.021,0.196,3.043,0.006,REVOKED
core_breakdown,1000,500,100,10,100,56,9956,2.521,1.727,0.025,0.174,3.045,0.007,REVOKED
core_breakdown,1000,500,100,10,100,57,9957,2.54,1.727,0.022,0.172,3.014,0.006,REVOKED
core_breakdown,1000,500,100,10,100,58,9958,2.561,1.763,0.023,0.167,2.978,0.005,REVOKED
core_breakdown,1000,500,100,10,100,59,9959,2.574,1.747,0.022,0.172,3.853,0.006,REVOKED
core_breakdown,1000,500,100,10,100,60,9960,2.55,1.748,0.023,0.167,2.908,0.006,REVOKED
core_breakdown,1000,500,100,10,100,61,9961,2.58,1.759,0.024,0.193,2.992,0.006,REVOKED
core_breakdown,1000,500,100,10,100,62,9962,2.523,1.721,0.021,0.16,2.961,0.005,REVOKED
core_breakdown,1000,500,100,10,100,63,9963,2.559,1.741,0.026,0.171,3.008,0.005,REVOKED
core_breakdown,1000,500,100,10,100,64,9964,2.55,1.746,0.021,0.177,2.967,0.005,REVOKED
core_breakdown,1000,500,100,10,100,65,9965,2.601,1.798,0.021,0.169,3.001,0.006,REVOKED
core_breakdown,1000,500,100,10,100,66,9966,2.535,1.728,0.023,0.176,3.043,0.008,REVOKED
core_breakdown,1000,500,100,10,100,67,9967,2.55,1.733,0.028,0.178,2.943,0.005,REVOKED
core_breakdown,1000,500,100,10,100,68,9968,2.562,1.74,0.021,0.169,3.036,0.006,REVOKED
core_breakdown,1000,500,100,10,100,69,9969,2.604,1.775,0.019,0.162,3.142,0.005,REVOKED
core_breakdown,1000,500,100,10,100,70,9970,2.411,1.62,0.018,0.148,2.567,0.007,REVOKED
core_breakdown,1000,500,100,10,100,71,9971,2.5,1.691,0.027,0.184,3.079,0.006,REVOKED
core_breakdown,1000,500,100,10,100,72,9972,2.536,1.708,0.022,0.187,2.974,0.005,REVOKED
core_breakdown,1000,500,100,10,100,73,9973,2.594,1.808,0.024,0.197,3.01,0.006,REVOKED
core_breakdown,1000,500,100,10,100,74,9974,2.556,1.752,0.021,0.169,2.976,0.005,REVOKED
core_breakdown,1000,500,100,10,100,75,9975,2.519,1.699,0.023,0.162,2.877,0.006,REVOKED
core_breakdown,1000,500,100,10,100,76,9976,2.579,1.746,0.023,0.18,2.931,0.006,REVOKED
core_breakdown,1000,500,100,10,100,77,9977,2.659,1.834,0.021,0.178,2.946,0.006,REVOKED
core_breakdown,1000,500,100,10,100,78,9978,2.569,1.759,0.02,0.179,2.91,0.005,REVOKED
core_breakdown,1000,500,100,10,100,79,9979,2.514,1.72,0.025,0.17,2.918,0.005,REVOKED
core_breakdown,1000,500,100,10,100,80,9980,2.601,1.825,0.024,0.175,2.998,0.008,REVOKED
core_breakdown,1000,500,100,10,100,81,9981,2.555,1.737,0.024,0.172,3.009,0.006,REVOKED
core_breakdown,1000,500,100,10,100,82,9982,2.601,1.78,0.023,0.178,2.947,0.006,REVOKED
core_breakdown,1000,500,100,10,100,83,9983,2.578,1.781,0.022,0.178,3.046,0.008,REVOKED
core_breakdown,1000,500,100,10,100,84,9984,2.519,1.727,0.023,0.191,2.985,0.006,REVOKED
core_breakdown,1000,500,100,10,100,85,9985,2.579,1.77,0.025,0.165,2.918,0.006,REVOKED
core_breakdown,1000,500,100,10,100,86,9986,2.56,1.763,0.023,0.179,2.91,0.005,REVOKED
core_breakdown,1000,500,100,10,100,87,9987,2.568,1.769,0.022,0.165,2.85,0.006,REVOKED
core_breakdown,1000,500,100,10,100,88,9988,2.498,1.704,0.025,0.17,2.857,0.006,REVOKED
core_breakdown,1000,500,100,10,100,89,9989,2.588,1.804,0.025,0.187,3.017,0.005,REVOKED
core_breakdown,1000,500,100,10,100,90,9990,2.522,1.677,0.021,0.165,2.972,0.005,REVOKED
core_breakdown,1000,500,100,10,100,91,9991,2.616,1.786,0.022,0.171,2.853,0.006,REVOKED
core_breakdown,1000,500,100,10,100,92,9992,2.613,1.787,0.023,0.206,2.943,0.011,REVOKED
core_breakdown,1000,500,100,10,100,93,9993,2.595,1.77,0.025,0.18,2.937,0.006,REVOKED
core_breakdown,1000,500,100,10,100,94,9994,2.54,1.738,0.023,0.182,2.947,0.006,REVOKED
core_breakdown,1000,500,100,10,100,95,9995,2.521,1.754,0.024,0.189,2.928,0.005,REVOKED
core_breakdown,1000,500,100,10,100,96,9996,2.652,1.809,0.026,0.183,2.918,0.006,REVOKED
core_breakdown,1000,500,100,10,100,97,9997,2.622,1.786,0.023,0.171,2.877,0.018,REVOKED
core_breakdown,1000,500,100,10,100,98,9998,2.58,1.778,0.021,0.176,2.977,0.006,REVOKED
core_breakdown,1000,500,100,10,100,99,9999,2.574,1.76,0.022,0.19,2.982,0.006,REVOKED
core_breakdown,1000,500,100,10,100,100,10000,2.62,1.775,0.021,0.19,2.948,0.006,REVOKED
core_breakdown,1000,500,100,11,101,1,10001,5.655,3.462,0.32,0.437,5.906,0.039,REVOKED
core_breakdown,1000,500,100,11,101,2,10002,6.508,4.277,0.14,0.404,6.406,0.025,REVOKED
core_breakdown,1000,500,100,11,101,3,10003,4.58,3.048,0.088,0.29,4.816,0.018,REVOKED
core_breakdown,1000,500,100,11,101,4,10004,4.142,2.928,0.076,0.254,4.271,0.017,REVOKED
core_breakdown,1000,500,100,11,101,5,10005,3.41,2.378,0.043,0.223,3.661,0.009,REVOKED
core_breakdown,1000,500,100,11,101,6,10006,3.321,2.229,0.046,0.229,3.777,0.01,REVOKED
core_breakdown,1000,500,100,11,101,7,10007,3.251,2.206,0.037,0.199,3.457,0.007,REVOKED
core_breakdown,1000,500,100,11,101,8,10008,3.082,2.093,0.029,0.198,3.416,0.01,REVOKED
core_breakdown,1000,500,100,11,101,9,10009,3.061,2.057,0.071,0.22,3.089,0.015,REVOKED
core_breakdown,1000,500,100,11,101,10,10010,2.661,1.811,0.038,0.183,2.977,0.008,REVOKED
core_breakdown,1000,500,100,11,101,11,10011,2.633,1.814,0.025,0.182,2.96,0.008,REVOKED
core_breakdown,1000,500,100,11,101,12,10012,2.562,1.743,0.029,0.179,2.997,0.007,REVOKED
core_breakdown,1000,500,100,11,101,13,10013,2.535,1.711,0.021,0.168,2.9,0.008,REVOKED
core_breakdown,1000,500,100,11,101,14,10014,2.562,1.744,0.029,0.187,2.986,0.006,REVOKED
core_breakdown,1000,500,100,11,101,15,10015,2.592,1.758,0.026,0.166,2.972,0.007,REVOKED
core_breakdown,1000,500,100,11,101,16,10016,2.581,1.751,0.041,0.178,2.953,0.006,REVOKED
core_breakdown,1000,500,100,11,101,17,10017,2.657,1.823,0.024,0.17,3.046,0.007,REVOKED
core_breakdown,1000,500,100,11,101,18,10018,2.587,1.755,0.024,0.172,2.966,0.006,REVOKED
core_breakdown,1000,500,100,11,101,19,10019,2.588,1.763,0.023,0.181,2.935,0.005,REVOKED
core_breakdown,1000,500,100,11,101,20,10020,2.591,1.735,0.027,0.178,2.978,0.005,REVOKED
core_breakdown,1000,500,100,11,101,21,10021,2.607,1.767,0.026,0.188,2.926,0.006,REVOKED
core_breakdown,1000,500,100,11,101,22,10022,2.576,1.769,0.023,0.174,2.941,0.005,REVOKED
core_breakdown,1000,500,100,11,101,23,10023,2.528,1.735,0.024,0.179,2.955,0.006,REVOKED
core_breakdown,1000,500,100,11,101,24,10024,2.699,1.858,0.021,0.179,3.048,0.006,REVOKED
core_breakdown,1000,500,100,11,101,25,10025,2.574,1.751,0.027,0.195,2.968,0.008,REVOKED
core_breakdown,1000,500,100,11,101,26,10026,2.532,1.738,0.024,0.191,2.993,0.005,REVOKED
core_breakdown,1000,500,100,11,101,27,10027,2.579,1.768,0.021,0.171,2.964,0.005,REVOKED
core_breakdown,1000,500,100,11,101,28,10028,2.651,1.827,0.024,0.163,2.902,0.005,REVOKED
core_breakdown,1000,500,100,11,101,29,10029,2.561,1.75,0.021,0.168,2.91,0.006,REVOKED
core_breakdown,1000,500,100,11,101,30,10030,2.87,1.912,0.025,0.175,2.995,0.008,REVOKED
core_breakdown,1000,500,100,11,101,31,10031,2.835,1.972,0.031,0.199,3.419,0.007,REVOKED
core_breakdown,1000,500,100,11,101,32,10032,3.163,2.166,0.028,0.206,3.172,0.009,REVOKED
core_breakdown,1000,500,100,11,101,33,10033,2.722,1.744,0.027,0.182,3.402,0.008,REVOKED
core_breakdown,1000,500,100,11,101,34,10034,3.04,2.032,0.036,0.314,3.968,0.01,REVOKED
core_breakdown,1000,500,100,11,101,35,10035,3.13,2.125,0.032,0.228,3.706,0.008,REVOKED
core_breakdown,1000,500,100,11,101,36,10036,2.857,1.964,0.031,0.196,2.991,0.008,REVOKED
core_breakdown,1000,500,100,11,101,37,10037,2.334,1.58,0.034,0.231,3.477,0.008,REVOKED
core_breakdown,1000,500,100,11,101,38,10038,3.216,2.209,0.037,0.205,3.359,0.007,REVOKED
core_breakdown,1000,500,100,11,101,39,10039,2.913,1.994,0.029,0.226,3.706,0.009,REVOKED
core_breakdown,1000,500,100,11,101,40,10040,2.996,2.03,0.035,0.234,3.717,0.008,REVOKED
core_breakdown,1000,500,100,11,101,41,10041,3.184,2.228,0.036,0.248,3.599,0.008,REVOKED
core_breakdown,1000,500,100,11,101,42,10042,3.111,2.055,0.035,0.242,4.208,0.008,REVOKED
core_breakdown,1000,500,100,11,101,43,10043,3.521,2.42,0.039,0.199,4.019,0.01,REVOKED
core_breakdown,1000,500,100,11,101,44,10044,3.001,2.016,0.034,0.199,3.101,0.007,REVOKED
core_breakdown,1000,500,100,11,101,45,10045,2.626,1.772,0.028,0.173,3.22,0.007,REVOKED
core_breakdown,1000,500,100,11,101,46,10046,2.587,1.751,0.035,0.16,2.898,0.006,REVOKED
core_breakdown,1000,500,100,11,101,47,10047,2.608,1.773,0.025,0.175,2.982,0.007,REVOKED
core_breakdown,1000,500,100,11,101,48,10048,2.549,1.768,0.025,0.18,2.886,0.006,REVOKED
core_breakdown,1000,500,100,11,101,49,10049,2.588,1.77,0.026,0.192,2.939,0.01,REVOKED
core_breakdown,1000,500,100,11,101,50,10050,2.612,1.749,0.025,0.182,2.921,0.007,REVOKED
core_breakdown,1000,500,100,11,101,51,10051,2.501,1.715,0.024,0.17,2.985,0.006,REVOKED
core_breakdown,1000,500,100,11,101,52,10052,2.535,1.717,0.027,0.174,2.94,0.006,REVOKED
core_breakdown,1000,500,100,11,101,53,10053,2.537,1.754,0.026,0.158,2.913,0.006,REVOKED
core_breakdown,1000,500,100,11,101,54,10054,2.58,1.752,0.025,0.174,2.982,0.005,REVOKED
core_breakdown,1000,500,100,11,101,55,10055,2.519,1.714,0.022,0.178,2.969,0.006,REVOKED
core_breakdown,1000,500,100,11,101,56,10056,2.559,1.745,0.02,0.178,2.904,0.005,REVOKED
core_breakdown,1000,500,100,11,101,57,10057,2.49,1.694,0.019,0.17,2.903,0.009,REVOKED
core_breakdown,1000,500,100,11,101,58,10058,2.526,1.742,0.023,0.173,2.924,0.005,REVOKED
core_breakdown,1000,500,100,11,101,59,10059,2.556,1.747,0.025,0.178,2.919,0.006,REVOKED
core_breakdown,1000,500,100,11,101,60,10060,2.549,1.766,0.022,0.181,3.036,0.006,REVOKED
core_breakdown,1000,500,100,11,101,61,10061,2.634,1.793,0.021,0.171,3.078,0.005,REVOKED
core_breakdown,1000,500,100,11,101,62,10062,2.556,1.754,0.024,0.174,3.014,0.005,REVOKED
core_breakdown,1000,500,100,11,101,63,10063,2.611,1.733,0.02,0.186,3.021,0.005,REVOKED
core_breakdown,1000,500,100,11,101,64,10064,2.676,1.818,0.022,0.166,3.042,0.005,REVOKED
core_breakdown,1000,500,100,11,101,65,10065,2.604,1.752,0.019,0.211,3.078,0.007,REVOKED
core_breakdown,1000,500,100,11,101,66,10066,2.669,1.806,0.025,0.176,2.867,0.006,REVOKED
core_breakdown,1000,500,100,11,101,67,10067,2.565,1.753,0.019,0.168,2.961,0.006,REVOKED
core_breakdown,1000,500,100,11,101,68,10068,2.582,1.729,0.025,0.185,3.018,0.007,REVOKED
core_breakdown,1000,500,100,11,101,69,10069,2.531,1.704,0.027,0.188,2.916,0.007,REVOKED
core_breakdown,1000,500,100,11,101,70,10070,2.563,1.784,0.021,0.169,2.862,0.006,REVOKED
core_breakdown,1000,500,100,11,101,71,10071,2.526,1.722,0.023,0.182,3.034,0.006,REVOKED
core_breakdown,1000,500,100,11,101,72,10072,2.57,1.746,0.025,0.173,2.924,0.006,REVOKED
core_breakdown,1000,500,100,11,101,73,10073,2.487,1.705,0.023,0.191,3.055,0.006,REVOKED
core_breakdown,1000,500,100,11,101,74,10074,2.621,1.819,0.021,0.165,2.931,0.006,REVOKED
core_breakdown,1000,500,100,11,101,75,10075,2.612,1.79,0.024,0.183,3.027,0.007,REVOKED
core_breakdown,1000,500,100,11,101,76,10076,2.656,1.81,0.023,0.189,2.984,0.006,REVOKED
core_breakdown,1000,500,100,11,101,77,10077,2.564,1.755,0.021,0.191,2.951,0.006,REVOKED
core_breakdown,1000,500,100,11,101,78,10078,2.594,1.77,0.023,0.179,2.855,0.006,REVOKED
core_breakdown,1000,500,100,11,101,79,10079,2.579,1.768,0.021,0.17,2.86,0.006,REVOKED
core_breakdown,1000,500,100,11,101,80,10080,2.59,1.749,0.025,0.178,2.956,0.006,REVOKED
core_breakdown,1000,500,100,11,101,81,10081,2.527,1.716,0.026,0.172,2.937,0.006,REVOKED
core_breakdown,1000,500,100,11,101,82,10082,2.49,1.71,0.023,0.178,2.947,0.007,REVOKED
core_breakdown,1000,500,100,11,101,83,10083,2.627,1.779,0.024,0.182,2.906,0.011,REVOKED
core_breakdown,1000,500,100,11,101,84,10084,2.635,1.763,0.019,0.176,2.913,0.006,REVOKED
core_breakdown,1000,500,100,11,101,85,10085,2.513,1.716,0.022,0.18,2.932,0.005,REVOKED
core_breakdown,1000,500,100,11,101,86,10086,2.562,1.736,0.025,0.162,2.935,0.006,REVOKED
core_breakdown,1000,500,100,11,101,87,10087,2.553,1.738,0.019,0.182,2.975,0.006,REVOKED
core_breakdown,1000,500,100,11,101,88,10088,2.589,1.717,0.025,0.187,2.95,0.005,REVOKED
core_breakdown,1000,500,100,11,101,89,10089,2.648,1.791,0.025,0.161,2.636,0.004,REVOKED
core_breakdown,1000,500,100,11,101,90,10090,2.224,1.501,0.02,0.175,2.863,0.006,REVOKED
core_breakdown,1000,500,100,11,101,91,10091,2.535,1.721,0.023,0.175,3.014,0.005,REVOKED
core_breakdown,1000,500,100,11,101,92,10092,2.613,1.776,0.023,0.169,2.932,0.005,REVOKED
core_breakdown,1000,500,100,11,101,93,10093,2.554,1.707,0.022,0.172,2.937,0.006,REVOKED
core_breakdown,1000,500,100,11,101,94,10094,2.593,1.766,0.022,0.17,2.902,0.005,REVOKED
core_breakdown,1000,500,100,11,101,95,10095,2.532,1.742,0.025,0.174,3.07,0.005,REVOKED
core_breakdown,1000,500,100,11,101,96,10096,2.58,1.754,0.022,0.183,2.881,0.006,REVOKED
core_breakdown,1000,500,100,11,101,97,10097,2.531,1.739,0.022,0.184,2.939,0.016,REVOKED
core_breakdown,1000,500,100,11,101,98,10098,2.538,1.773,0.021,0.186,2.909,0.005,REVOKED
core_breakdown,1000,500,100,11,101,99,10099,2.57,1.725,0.022,0.187,2.905,0.006,REVOKED
core_breakdown,1000,500,100,11,101,100,10100,2.52,1.735,0.025,0.168,2.836,0.005,REVOKED
core_breakdown,1000,500,100,12,102,1,10101,7.445,5.295,0.303,0.501,7.17,0.066,REVOKED
core_breakdown,1000,500,100,12,102,2,10102,5.151,3.459,0.107,0.321,5.014,0.022,REVOKED
core_breakdown,1000,500,100,12,102,3,10103,3.831,2.563,0.061,0.262,4.206,0.015,REVOKED
core_breakdown,1000,500,100,12,102,4,10104,3.655,2.464,0.052,0.225,3.707,0.009,REVOKED
core_breakdown,1000,500,100,12,102,5,10105,3.286,2.244,0.037,0.222,3.7,0.008,REVOKED
core_breakdown,1000,500,100,12,102,6,10106,3.403,2.324,0.04,0.242,3.63,0.008,REVOKED
core_breakdown,1000,500,100,12,102,7,10107,3.113,2.112,0.025,0.194,3.465,0.006,REVOKED
core_breakdown,1000,500,100,12,102,8,10108,3.266,2.211,0.08,0.235,3.606,0.014,REVOKED
core_breakdown,1000,500,100,12,102,9,10109,3.165,2.162,0.035,0.213,3.43,0.008,REVOKED
core_breakdown,1000,500,100,12,102,10,10110,3.145,2.144,0.035,0.205,3.45,0.006,REVOKED
core_breakdown,1000,500,100,12,102,11,10111,3.114,2.133,0.022,0.211,3.431,0.007,REVOKED
core_breakdown,1000,500,100,12,102,12,10112,2.967,2.047,0.021,0.222,3.453,0.007,REVOKED
core_breakdown,1000,500,100,12,102,13,10113,3.008,2.066,0.019,0.189,3.069,0.008,REVOKED
core_breakdown,1000,500,100,12,102,14,10114,2.652,1.786,0.029,0.176,2.99,0.007,REVOKED
core_breakdown,1000,500,100,12,102,15,10115,2.673,1.809,0.025,0.172,2.991,0.008,REVOKED
core_breakdown,1000,500,100,12,102,16,10116,2.578,1.766,0.027,0.18,2.948,0.006,REVOKED
core_breakdown,1000,500,100,12,102,17,10117,2.612,1.779,0.024,0.17,2.934,0.007,REVOKED
core_breakdown,1000,500,100,12,102,18,10118,2.645,1.788,0.024,0.189,3.029,0.005,REVOKED
core_breakdown,1000,500,100,12,102,19,10119,2.635,1.766,0.031,0.179,2.943,0.006,REVOKED
core_breakdown,1000,500,100,12,102,20,10120,2.574,1.751,0.024,0.191,2.947,0.005,REVOKED
core_breakdown,1000,500,100,12,102,21,10121,2.749,1.857,0.032,0.169,3.02,0.007,REVOKED
core_breakdown,1000,500,100,12,102,22,10122,2.581,1.754,0.023,0.202,2.944,0.005,REVOKED
core_breakdown,1000,500,100,12,102,23,10123,2.553,1.742,0.024,0.18,3.059,0.006,REVOKED
core_breakdown,1000,500,100,12,102,24,10124,2.991,2.053,0.023,0.192,3.348,0.005,REVOKED
core_breakdown,1000,500,100,12,102,25,10125,2.968,2.028,0.022,0.195,3.312,0.008,REVOKED
core_breakdown,1000,500,100,12,102,26,10126,2.942,2.005,0.025,0.228,3.28,0.005,REVOKED
core_breakdown,1000,500,100,12,102,27,10127,2.994,2.021,0.022,0.192,3.272,0.006,REVOKED
core_breakdown,1000,500,100,12,102,28,10128,2.913,1.989,0.022,0.198,3.298,0.007,REVOKED
core_breakdown,1000,500,100,12,102,29,10129,2.943,2.038,0.028,0.201,3.373,0.006,REVOKED
core_breakdown,1000,500,100,12,102,30,10130,2.95,2.037,0.024,0.193,3.292,0.006,REVOKED
core_breakdown,1000,500,100,12,102,31,10131,2.972,2.027,0.021,0.201,3.263,0.009,REVOKED
core_breakdown,1000,500,100,12,102,32,10132,2.988,2.043,0.019,0.198,3.445,0.006,REVOKED
core_breakdown,1000,500,100,12,102,33,10133,3.104,2.047,0.025,0.201,3.397,0.006,REVOKED
core_breakdown,1000,500,100,12,102,34,10134,2.921,1.993,0.022,0.197,3.348,0.006,REVOKED
core_breakdown,1000,500,100,12,102,35,10135,3.083,2.149,0.027,0.2,3.392,0.006,REVOKED
core_breakdown,1000,500,100,12,102,36,10136,3.001,2.04,0.027,0.2,3.37,0.007,REVOKED
core_breakdown,1000,500,100,12,102,37,10137,2.951,2.015,0.025,0.207,3.294,0.006,REVOKED
core_breakdown,1000,500,100,12,102,38,10138,2.929,1.984,0.023,0.208,3.323,0.008,REVOKED
core_breakdown,1000,500,100,12,102,39,10139,2.929,2.012,0.023,0.2,3.295,0.008,REVOKED
core_breakdown,1000,500,100,12,102,40,10140,3.015,2.083,0.022,0.226,3.28,0.006,REVOKED
core_breakdown,1000,500,100,12,102,41,10141,2.955,2.018,0.024,0.2,3.279,0.006,REVOKED
core_breakdown,1000,500,100,12,102,42,10142,2.924,2.002,0.024,0.2,3.294,0.007,REVOKED
core_breakdown,1000,500,100,12,102,43,10143,2.902,1.96,0.024,0.212,3.246,0.006,REVOKED
core_breakdown,1000,500,100,12,102,44,10144,2.957,2.027,0.032,0.21,3.26,0.006,REVOKED
core_breakdown,1000,500,100,12,102,45,10145,3.23,2.247,0.027,0.218,3.257,0.006,REVOKED
core_breakdown,1000,500,100,12,102,46,10146,2.881,1.983,0.023,0.188,3.28,0.005,REVOKED
core_breakdown,1000,500,100,12,102,47,10147,2.916,1.995,0.024,0.194,3.265,0.007,REVOKED
core_breakdown,1000,500,100,12,102,48,10148,2.415,1.66,0.019,0.17,3.058,0.006,REVOKED
core_breakdown,1000,500,100,12,102,49,10149,2.897,1.988,0.022,0.176,3.207,0.01,REVOKED
core_breakdown,1000,500,100,12,102,50,10150,2.906,2.008,0.02,0.212,3.191,0.005,REVOKED
core_breakdown,1000,500,100,12,102,51,10151,2.872,1.992,0.02,0.179,3.282,0.006,REVOKED
core_breakdown,1000,500,100,12,102,52,10152,2.871,1.967,0.019,0.206,3.258,0.006,REVOKED
core_breakdown,1000,500,100,12,102,53,10153,2.869,1.972,0.024,0.192,3.282,0.006,REVOKED
core_breakdown,1000,500,100,12,102,54,10154,2.902,2.003,0.024,0.19,3.208,0.006,REVOKED
core_breakdown,1000,500,100,12,102,55,10155,2.894,1.99,0.024,0.191,3.334,0.006,REVOKED
core_breakdown,1000,500,100,12,102,56,10156,2.936,1.988,0.025,0.2,3.293,0.006,REVOKED
core_breakdown,1000,500,100,12,102,57,10157,2.966,2.04,0.023,0.197,3.231,0.006,REVOKED
core_breakdown,1000,500,100,12,102,58,10158,2.967,2.009,0.021,0.201,3.364,0.005,REVOKED
core_breakdown,1000,500,100,12,102,59,10159,2.96,2.029,0.026,0.212,3.32,0.006,REVOKED
core_breakdown,1000,500,100,12,102,60,10160,2.917,1.997,0.02,0.191,3.273,0.006,REVOKED
core_breakdown,1000,500,100,12,102,61,10161,2.938,2.015,0.02,0.194,3.311,0.006,REVOKED
core_breakdown,1000,500,100,12,102,62,10162,2.926,2.013,0.021,0.192,3.296,0.006,REVOKED
core_breakdown,1000,500,100,12,102,63,10163,3.005,2.071,0.026,0.212,3.41,0.005,REVOKED
core_breakdown,1000,500,100,12,102,64,10164,3.059,2.081,0.023,0.227,3.454,0.006,REVOKED
core_breakdown,1000,500,100,12,102,65,10165,2.976,2.002,0.021,0.208,3.443,0.006,REVOKED
core_breakdown,1000,500,100,12,102,66,10166,3.081,2.121,0.025,0.217,3.365,0.006,REVOKED
core_breakdown,1000,500,100,12,102,67,10167,3.023,2.024,0.02,0.211,3.387,0.005,REVOKED
core_breakdown,1000,500,100,12,102,68,10168,3.03,2.043,0.024,0.208,3.337,0.006,REVOKED
core_breakdown,1000,500,100,12,102,69,10169,2.97,2.01,0.027,0.194,4.112,0.006,REVOKED
core_breakdown,1000,500,100,12,102,70,10170,2.952,2.037,0.024,0.197,3.304,0.005,REVOKED
core_breakdown,1000,500,100,12,102,71,10171,2.897,1.978,0.02,0.194,3.311,0.006,REVOKED
core_breakdown,1000,500,100,12,102,72,10172,2.935,2.012,0.019,0.211,3.259,0.006,REVOKED
core_breakdown,1000,500,100,12,102,73,10173,2.966,2.061,0.022,0.188,3.383,0.006,REVOKED
core_breakdown,1000,500,100,12,102,74,10174,3.039,2.038,0.025,0.189,3.163,0.005,REVOKED
core_breakdown,1000,500,100,12,102,75,10175,2.567,1.766,0.021,0.182,2.963,0.005,REVOKED
core_breakdown,1000,500,100,12,102,76,10176,3.011,2.064,0.025,0.205,3.274,0.005,REVOKED
core_breakdown,1000,500,100,12,102,77,10177,3.007,2.071,0.022,0.2,3.268,0.006,REVOKED
core_breakdown,1000,500,100,12,102,78,10178,2.899,1.999,0.021,0.223,3.252,0.008,REVOKED
core_breakdown,1000,500,100,12,102,79,10179,2.956,2.053,0.024,0.197,3.318,0.006,REVOKED
core_breakdown,1000,500,100,12,102,80,10180,2.935,2.042,0.02,0.202,3.345,0.005,REVOKED
core_breakdown,1000,500,100,12,102,81,10181,2.915,1.987,0.02,0.19,3.3,0.005,REVOKED
core_breakdown,1000,500,100,12,102,82,10182,2.888,1.989,0.022,0.202,3.378,0.005,REVOKED
core_breakdown,1000,500,100,12,102,83,10183,2.957,2.044,0.02,0.218,3.364,0.018,REVOKED
core_breakdown,1000,500,100,12,102,84,10184,2.935,2.006,0.027,0.207,3.338,0.006,REVOKED
core_breakdown,1000,500,100,12,102,85,10185,2.94,2.021,0.02,0.196,3.273,0.01,REVOKED
core_breakdown,1000,500,100,12,102,86,10186,2.938,2.033,0.019,0.19,3.304,0.005,REVOKED
core_breakdown,1000,500,100,12,102,87,10187,2.949,2.045,0.019,0.202,3.34,0.005,REVOKED
core_breakdown,1000,500,100,12,102,88,10188,2.978,2.06,0.021,0.189,3.318,0.005,REVOKED
core_breakdown,1000,500,100,12,102,89,10189,2.991,2.044,0.019,0.238,3.32,0.006,REVOKED
core_breakdown,1000,500,100,12,102,90,10190,2.97,2.027,0.025,0.195,3.292,0.005,REVOKED
core_breakdown,1000,500,100,12,102,91,10191,2.951,2.022,0.019,0.195,3.225,0.005,REVOKED
core_breakdown,1000,500,100,12,102,92,10192,2.945,2.014,0.019,0.193,3.308,0.005,REVOKED
core_breakdown,1000,500,100,12,102,93,10193,2.957,2.024,0.02,0.196,3.27,0.005,REVOKED
core_breakdown,1000,500,100,12,102,94,10194,2.947,2.019,0.019,0.191,3.334,0.006,REVOKED
core_breakdown,1000,500,100,12,102,95,10195,2.938,2.022,0.026,0.182,3.261,0.005,REVOKED
core_breakdown,1000,500,100,12,102,96,10196,3.068,2.124,0.02,0.19,3.429,0.005,REVOKED
core_breakdown,1000,500,100,12,102,97,10197,2.946,2.026,0.026,0.191,3.191,0.012,REVOKED
core_breakdown,1000,500,100,12,102,98,10198,3.034,1.993,0.02,0.229,3.565,0.008,REVOKED
core_breakdown,1000,500,100,12,102,99,10199,3.104,2.144,0.026,0.207,3.471,0.007,REVOKED
core_breakdown,1000,500,100,12,102,100,10200,3.965,2.585,0.036,0.25,3.316,0.008,REVOKED
core_breakdown,1000,500,100,13,103,1,10201,7.028,4.726,0.314,0.496,7.182,0.068,REVOKED
core_breakdown,1000,500,100,13,103,2,10202,5.647,3.753,0.131,0.347,5.698,0.03,REVOKED
core_breakdown,1000,500,100,13,103,3,10203,4.759,3.113,0.093,0.256,3.835,0.014,REVOKED
core_breakdown,1000,500,100,13,103,4,10204,3.887,2.454,0.052,0.229,4.039,0.008,REVOKED
core_breakdown,1000,500,100,13,103,5,10205,3.506,2.346,0.027,0.239,3.892,0.007,REVOKED
core_breakdown,1000,500,100,13,103,6,10206,3.305,2.19,0.04,0.216,3.566,0.01,REVOKED
core_breakdown,1000,500,100,13,103,7,10207,3.101,2.083,0.039,0.22,3.464,0.005,REVOKED
core_breakdown,1000,500,100,13,103,8,10208,2.977,2.037,0.028,0.189,3.335,0.005,REVOKED
core_breakdown,1000,500,100,13,103,9,10209,3.195,2.212,0.057,0.238,3.669,0.014,REVOKED
core_breakdown,1000,500,100,13,103,10,10210,3.221,2.174,0.038,0.238,3.65,0.008,REVOKED
core_breakdown,1000,500,100,13,103,11,10211,3.28,2.244,0.023,0.203,3.597,0.006,REVOKED
core_breakdown,1000,500,100,13,103,12,10212,3.126,2.139,0.02,0.21,3.304,0.006,REVOKED
core_breakdown,1000,500,100,13,103,13,10213,3.025,2.062,0.019,0.234,3.369,0.009,REVOKED
core_breakdown,1000,500,100,13,103,14,10214,2.924,1.979,0.033,0.212,3.283,0.006,REVOKED
core_breakdown,1000,500,100,13,103,15,10215,2.929,1.992,0.031,0.201,3.303,0.005,REVOKED
core_breakdown,1000,500,100,13,103,16,10216,2.923,1.983,0.022,0.207,3.47,0.007,REVOKED
core_breakdown,1000,500,100,13,103,17,10217,3.282,2.232,0.021,0.221,3.725,0.006,REVOKED
core_breakdown,1000,500,100,13,103,18,10218,3.422,2.336,0.029,0.223,3.649,0.006,REVOKED
core_breakdown,1000,500,100,13,103,19,10219,2.994,2.062,0.019,0.203,3.379,0.006,REVOKED
core_breakdown,1000,500,100,13,103,20,10220,3.117,2.123,0.023,0.189,3.409,0.006,REVOKED
core_breakdown,1000,500,100,13,103,21,10221,3.001,2.031,0.024,0.192,3.465,0.005,REVOKED
core_breakdown,1000,500,100,13,103,22,10222,3.009,2.057,0.021,0.198,3.309,0.006,REVOKED
core_breakdown,1000,500,100,13,103,23,10223,2.722,1.883,0.027,0.172,3.082,0.005,REVOKED
core_breakdown,1000,500,100,13,103,24,10224,2.581,1.716,0.024,0.191,2.981,0.005,REVOKED
core_breakdown,1000,500,100,13,103,25,10225,2.576,1.756,0.023,0.18,2.984,0.009,REVOKED
core_breakdown,1000,500,100,13,103,26,10226,2.576,1.734,0.028,0.169,2.964,0.007,REVOKED
core_breakdown,1000,500,100,13,103,27,10227,2.617,1.799,0.024,0.193,2.905,0.006,REVOKED
core_breakdown,1000,500,100,13,103,28,10228,2.65,1.806,0.027,0.179,2.963,0.005,REVOKED
core_breakdown,1000,500,100,13,103,29,10229,2.639,1.712,0.024,0.164,3.063,0.005,REVOKED
core_breakdown,1000,500,100,13,103,30,10230,2.63,1.806,0.023,0.179,2.968,0.006,REVOKED
core_breakdown,1000,500,100,13,103,31,10231,2.62,1.772,0.023,0.198,2.965,0.012,REVOKED
core_breakdown,1000,500,100,13,103,32,10232,2.631,1.804,0.028,0.188,2.93,0.006,REVOKED
core_breakdown,1000,500,100,13,103,33,10233,2.575,1.775,0.023,0.185,2.933,0.012,REVOKED
core_breakdown,1000,500,100,13,103,34,10234,2.601,1.816,0.021,0.171,3.005,0.006,REVOKED
core_breakdown,1000,500,100,13,103,35,10235,2.558,1.72,0.025,0.175,3.051,0.006,REVOKED
core_breakdown,1000,500,100,13,103,36,10236,2.595,1.774,0.022,0.179,3.056,0.006,REVOKED
core_breakdown,1000,500,100,13,103,37,10237,2.572,1.769,0.027,0.198,3.007,0.006,REVOKED
core_breakdown,1000,500,100,13,103,38,10238,2.575,1.76,0.025,0.178,3.121,0.007,REVOKED
core_breakdown,1000,500,100,13,103,39,10239,2.953,2.024,0.026,0.198,3.299,0.006,REVOKED
core_breakdown,1000,500,100,13,103,40,10240,2.92,2.018,0.025,0.201,3.274,0.006,REVOKED
core_breakdown,1000,500,100,13,103,41,10241,2.963,2.044,0.023,0.206,3.295,0.005,REVOKED
core_breakdown,1000,500,100,13,103,42,10242,2.986,2.055,0.025,0.199,3.264,0.006,REVOKED
core_breakdown,1000,500,100,13,103,43,10243,2.958,2.021,0.022,0.194,3.313,0.006,REVOKED
core_breakdown,1000,500,100,13,103,44,10244,3.007,2.069,0.025,0.209,3.25,0.006,REVOKED
core_breakdown,1000,500,100,13,103,45,10245,2.955,2.042,0.023,0.19,3.34,0.005,REVOKED
core_breakdown,1000,500,100,13,103,46,10246,2.953,2.033,0.023,0.191,3.296,0.006,REVOKED
core_breakdown,1000,500,100,13,103,47,10247,2.962,2.008,0.026,0.195,3.346,0.005,REVOKED
core_breakdown,1000,500,100,13,103,48,10248,2.987,2.038,0.024,0.203,3.284,0.006,REVOKED
core_breakdown,1000,500,100,13,103,49,10249,2.986,2.079,0.02,0.189,3.304,0.013,REVOKED
core_breakdown,1000,500,100,13,103,50,10250,2.918,2.007,0.024,0.195,3.294,0.005,REVOKED
core_breakdown,1000,500,100,13,103,51,10251,2.921,1.983,0.024,0.188,3.335,0.006,REVOKED
core_breakdown,1000,500,100,13,103,52,10252,2.946,2.028,0.024,0.187,3.326,0.012,REVOKED
core_breakdown,1000,500,100,13,103,53,10253,2.897,1.976,0.024,0.204,3.312,0.006,REVOKED
core_breakdown,1000,500,100,13,103,54,10254,3.211,2.294,0.023,0.196,3.338,0.006,REVOKED
core_breakdown,1000,500,100,13,103,55,10255,2.963,2.036,0.023,0.195,3.275,0.005,REVOKED
core_breakdown,1000,500,100,13,103,56,10256,2.97,2.076,0.021,0.211,3.28,0.006,REVOKED
core_breakdown,1000,500,100,13,103,57,10257,2.961,2.048,0.024,0.196,3.278,0.006,REVOKED
core_breakdown,1000,500,100,13,103,58,10258,3.125,2.134,0.022,0.188,3.275,0.006,REVOKED
core_breakdown,1000,500,100,13,103,59,10259,2.85,1.939,0.021,0.2,3.315,0.006,REVOKED
core_breakdown,1000,500,100,13,103,60,10260,2.986,2.048,0.022,0.203,3.302,0.005,REVOKED
core_breakdown,1000,500,100,13,103,61,10261,2.915,2.01,0.02,0.191,3.322,0.006,REVOKED
core_breakdown,1000,500,100,13,103,62,10262,2.956,2.005,0.023,0.198,3.306,0.006,REVOKED
core_breakdown,1000,500,100,13,103,63,10263,2.984,2.05,0.023,0.203,3.356,0.006,REVOKED
core_breakdown,1000,500,100,13,103,64,10264,2.934,2.01,0.02,0.199,3.38,0.006,REVOKED
core_breakdown,1000,500,100,13,103,65,10265,2.954,2.015,0.026,0.19,3.295,0.006,REVOKED
core_breakdown,1000,500,100,13,103,66,10266,2.879,1.95,0.022,0.192,3.259,0.006,REVOKED
core_breakdown,1000,500,100,13,103,67,10267,2.932,2.013,0.022,0.205,3.327,0.006,REVOKED
core_breakdown,1000,500,100,13,103,68,10268,2.91,2.003,0.02,0.213,3.314,0.007,REVOKED
core_breakdown,1000,500,100,13,103,69,10269,2.993,2.046,0.019,0.219,3.356,0.005,REVOKED
core_breakdown,1000,500,100,13,103,70,10270,2.976,2.04,0.028,0.196,3.345,0.006,REVOKED
core_breakdown,1000,500,100,13,103,71,10271,2.98,2.002,0.024,0.194,3.284,0.006,REVOKED
core_breakdown,1000,500,100,13,103,72,10272,2.983,2.055,0.025,0.19,3.263,0.007,REVOKED
core_breakdown,1000,500,100,13,103,73,10273,2.941,2.0,0.023,0.192,3.299,0.006,REVOKED
core_breakdown,1000,500,100,13,103,74,10274,2.899,1.997,0.02,0.192,3.268,0.006,REVOKED
core_breakdown,1000,500,100,13,103,75,10275,2.929,2.025,0.025,0.199,3.318,0.005,REVOKED
core_breakdown,1000,500,100,13,103,76,10276,2.898,1.989,0.024,0.2,3.31,0.006,REVOKED
core_breakdown,1000,500,100,13,103,77,10277,2.945,2.048,0.023,0.195,3.316,0.005,REVOKED
core_breakdown,1000,500,100,13,103,78,10278,2.868,1.959,0.022,0.191,3.228,0.006,REVOKED
core_breakdown,1000,500,100,13,103,79,10279,3.025,2.108,0.019,0.202,3.322,0.006,REVOKED
core_breakdown,1000,500,100,13,103,80,10280,2.912,2.002,0.021,0.192,3.284,0.005,REVOKED
core_breakdown,1000,500,100,13,103,81,10281,2.936,2.014,0.022,0.191,3.274,0.006,REVOKED
core_breakdown,1000,500,100,13,103,82,10282,2.918,1.964,0.025,0.202,3.325,0.006,REVOKED
core_breakdown,1000,500,100,13,103,83,10283,2.974,2.022,0.022,0.199,3.346,0.005,REVOKED
core_breakdown,1000,500,100,13,103,84,10284,2.977,2.068,0.021,0.199,3.278,0.016,REVOKED
core_breakdown,1000,500,100,13,103,85,10285,2.888,1.998,0.025,0.19,3.364,0.006,REVOKED
core_breakdown,1000,500,100,13,103,86,10286,2.903,2.008,0.02,0.184,3.291,0.007,REVOKED
core_breakdown,1000,500,100,13,103,87,10287,2.948,2.011,0.025,0.21,3.308,0.005,REVOKED
core_breakdown,1000,500,100,13,103,88,10288,2.935,2.028,0.024,0.21,3.267,0.005,REVOKED
core_breakdown,1000,500,100,13,103,89,10289,3.012,2.076,0.023,0.181,3.275,0.006,REVOKED
core_breakdown,1000,500,100,13,103,90,10290,2.933,2.013,0.022,0.202,3.26,0.008,REVOKED
core_breakdown,1000,500,100,13,103,91,10291,2.925,1.981,0.023,0.187,3.303,0.006,REVOKED
core_breakdown,1000,500,100,13,103,92,10292,2.967,2.033,0.024,0.196,3.237,0.005,REVOKED
core_breakdown,1000,500,100,13,103,93,10293,2.945,2.039,0.022,0.185,3.321,0.006,REVOKED
core_breakdown,1000,500,100,13,103,94,10294,2.949,1.99,0.024,0.194,3.267,0.006,REVOKED
core_breakdown,1000,500,100,13,103,95,10295,2.986,2.046,0.02,0.198,3.404,0.007,REVOKED
core_breakdown,1000,500,100,13,103,96,10296,2.883,1.97,0.026,0.239,3.318,0.007,REVOKED
core_breakdown,1000,500,100,13,103,97,10297,2.908,1.962,0.019,0.201,3.232,0.018,REVOKED
core_breakdown,1000,500,100,13,103,98,10298,2.928,2.028,0.021,0.198,3.301,0.006,REVOKED
core_breakdown,1000,500,100,13,103,99,10299,2.964,2.044,0.022,0.209,3.349,0.006,REVOKED
core_breakdown,1000,500,100,13,103,100,10300,3.05,2.01,0.021,0.2,3.315,0.006,REVOKED
core_breakdown,1000,500,100,14,104,1,10301,6.463,4.186,0.284,0.446,7.07,0.055,REVOKED
core_breakdown,1000,500,100,14,104,2,10302,6.127,4.037,0.138,0.403,6.295,0.029,REVOKED
core_breakdown,1000,500,100,14,104,3,10303,5.087,3.438,0.106,0.332,4.222,0.019,REVOKED
core_breakdown,1000,500,100,14,104,4,10304,4.483,3.027,0.047,0.264,4.089,0.009,REVOKED
core_breakdown,1000,500,100,14,104,5,10305,3.644,2.491,0.037,0.234,3.996,0.008,REVOKED
core_breakdown,1000,500,100,14,104,6,10306,3.625,2.453,0.041,0.235,4.003,0.009,REVOKED
core_breakdown,1000,500,100,14,104,7,10307,3.607,2.46,0.036,0.243,3.998,0.007,REVOKED
core_breakdown,1000,500,100,14,104,8,10308,3.744,2.569,0.049,0.237,3.829,0.009,REVOKED
core_breakdown,1000,500,100,14,104,9,10309,3.544,2.416,0.035,0.22,3.96,0.009,REVOKED
core_breakdown,1000,500,100,14,104,10,10310,3.52,2.39,0.037,0.221,3.791,0.006,REVOKED
core_breakdown,1000,500,100,14,104,11,10311,3.445,2.368,0.027,0.228,3.807,0.008,REVOKED
core_breakdown,1000,500,100,14,104,12,10312,3.434,2.323,0.033,0.213,3.78,0.015,REVOKED
core_breakdown,1000,500,100,14,104,13,10313,3.152,2.101,0.054,0.218,3.445,0.011,REVOKED
core_breakdown,1000,500,100,14,104,14,10314,3.057,2.036,0.029,0.209,4.706,0.013,REVOKED
core_breakdown,1000,500,100,14,104,15,10315,2.984,2.037,0.037,0.209,3.398,0.006,REVOKED
core_breakdown,1000,500,100,14,104,16,10316,2.92,1.989,0.027,0.219,3.44,0.006,REVOKED
core_breakdown,1000,500,100,14,104,17,10317,2.658,1.828,0.028,0.195,3.024,0.006,REVOKED
core_breakdown,1000,500,100,14,104,18,10318,2.592,1.763,0.024,0.174,2.93,0.007,REVOKED
core_breakdown,1000,500,100,14,104,19,10319,2.602,1.773,0.021,0.17,3.219,0.006,REVOKED
core_breakdown,1000,500,100,14,104,20,10320,2.935,2.018,0.023,0.207,3.361,0.006,REVOKED
core_breakdown,1000,500,100,14,104,21,10321,2.976,2.05,0.034,0.194,3.284,0.012,REVOKED
core_breakdown,1000,500,100,14,104,22,10322,2.921,1.995,0.025,0.225,3.255,0.006,REVOKED
core_breakdown,1000,500,100,14,104,23,10323,3.337,2.435,0.024,0.196,3.578,0.007,REVOKED
core_breakdown,1000,500,100,14,104,24,10324,3.037,2.093,0.031,0.196,3.334,0.007,REVOKED
core_breakdown,1000,500,100,14,104,25,10325,2.991,2.023,0.023,0.202,3.321,0.008,REVOKED
core_breakdown,1000,500,100,14,104,26,10326,2.896,1.984,0.032,0.2,3.271,0.01,REVOKED
core_breakdown,1000,500,100,14,104,27,10327,2.916,1.97,0.023,0.195,3.305,0.006,REVOKED
core_breakdown,1000,500,100,14,104,28,10328,3.003,2.066,0.026,0.192,3.376,0.006,REVOKED
core_breakdown,1000,500,100,14,104,29,10329,2.915,2.021,0.021,0.199,3.386,0.006,REVOKED
core_breakdown,1000,500,100,14,104,30,10330,2.921,1.989,0.019,0.198,3.37,0.006,REVOKED
core_breakdown,1000,500,100,14,104,31,10331,3.154,2.187,0.041,0.223,3.386,0.008,REVOKED
core_breakdown,1000,500,100,14,104,32,10332,2.926,1.991,0.026,0.219,3.287,0.006,REVOKED
core_breakdown,1000,500,100,14,104,33,10333,2.963,2.008,0.025,0.202,3.22,0.006,REVOKED
core_breakdown,1000,500,100,14,104,34,10334,2.932,2.009,0.023,0.19,3.253,0.006,REVOKED
core_breakdown,1000,500,100,14,104,35,10335,2.947,2.011,0.023,0.192,3.279,0.005,REVOKED
core_breakdown,1000,500,100,14,104,36,10336,2.907,1.981,0.024,0.208,3.324,0.007,REVOKED
core_breakdown,1000,500,100,14,104,37,10337,2.972,2.026,0.026,0.193,3.217,0.006,REVOKED
core_breakdown,1000,500,100,14,104,38,10338,2.997,2.083,0.022,0.211,3.318,0.006,REVOKED
core_breakdown,1000,500,100,14,104,39,10339,3.149,2.117,0.023,0.194,3.512,0.007,REVOKED
core_breakdown,1000,500,100,14,104,40,10340,3.058,2.103,0.021,0.225,3.489,0.006,REVOKED
core_breakdown,1000,500,100,14,104,41,10341,3.08,2.109,0.02,0.203,3.386,0.006,REVOKED
core_breakdown,1000,500,100,14,104,42,10342,3.014,2.055,0.019,0.219,3.415,0.006,REVOKED
core_breakdown,1000,500,100,14,104,43,10343,2.967,2.002,0.022,0.212,3.35,0.008,REVOKED
core_breakdown,1000,500,100,14,104,44,10344,2.95,2.013,0.022,0.193,3.377,0.006,REVOKED
core_breakdown,1000,500,100,14,104,45,10345,2.967,2.036,0.021,0.19,3.3,0.006,REVOKED
core_breakdown,1000,500,100,14,104,46,10346,3.024,2.079,0.03,0.193,3.333,0.006,REVOKED
core_breakdown,1000,500,100,14,104,47,10347,2.938,2.0,0.021,0.199,3.331,0.007,REVOKED
core_breakdown,1000,500,100,14,104,48,10348,2.942,1.987,0.019,0.204,3.325,0.005,REVOKED
core_breakdown,1000,500,100,14,104,49,10349,2.952,2.034,0.021,0.193,3.27,0.012,REVOKED
core_breakdown,1000,500,100,14,104,50,10350,3.03,2.089,0.019,0.194,3.374,0.006,REVOKED
core_breakdown,1000,500,100,14,104,51,10351,3.065,2.098,0.028,0.196,3.332,0.006,REVOKED
core_breakdown,1000,500,100,14,104,52,10352,2.954,2.033,0.022,0.226,3.261,0.005,REVOKED
core_breakdown,1000,500,100,14,104,53,10353,2.962,2.03,0.023,0.197,3.297,0.006,REVOKED
core_breakdown,1000,500,100,14,104,54,10354,2.983,2.042,0.022,0.218,3.314,0.006,REVOKED
core_breakdown,1000,500,100,14,104,55,10355,2.937,2.02,0.021,0.204,3.318,0.006,REVOKED
core_breakdown,1000,500,100,14,104,56,10356,2.96,2.017,0.02,0.209,3.333,0.006,REVOKED
core_breakdown,1000,500,100,14,104,57,10357,2.959,2.028,0.026,0.196,3.35,0.005,REVOKED
core_breakdown,1000,500,100,14,104,58,10358,2.958,2.037,0.019,0.193,3.289,0.007,REVOKED
core_breakdown,1000,500,100,14,104,59,10359,2.937,2.015,0.018,0.204,3.327,0.005,REVOKED
core_breakdown,1000,500,100,14,104,60,10360,2.956,2.007,0.022,0.185,3.349,0.006,REVOKED
core_breakdown,1000,500,100,14,104,61,10361,2.986,2.07,0.024,0.194,3.305,0.005,REVOKED
core_breakdown,1000,500,100,14,104,62,10362,2.999,2.052,0.022,0.201,3.369,0.006,REVOKED
core_breakdown,1000,500,100,14,104,63,10363,2.948,1.988,0.02,0.202,3.398,0.006,REVOKED
core_breakdown,1000,500,100,14,104,64,10364,3.024,2.094,0.018,0.203,3.335,0.007,REVOKED
core_breakdown,1000,500,100,14,104,65,10365,2.991,2.05,0.028,0.195,3.303,0.006,REVOKED
core_breakdown,1000,500,100,14,104,66,10366,2.989,2.041,0.025,0.191,3.334,0.006,REVOKED
core_breakdown,1000,500,100,14,104,67,10367,2.991,2.039,0.024,0.207,3.295,0.006,REVOKED
core_breakdown,1000,500,100,14,104,68,10368,3.026,2.042,0.025,0.22,3.411,0.006,REVOKED
core_breakdown,1000,500,100,14,104,69,10369,2.974,2.017,0.022,0.195,3.296,0.005,REVOKED
core_breakdown,1000,500,100,14,104,70,10370,2.932,1.987,0.019,0.197,3.377,0.006,REVOKED
core_breakdown,1000,500,100,14,104,71,10371,2.946,2.031,0.025,0.201,3.51,0.006,REVOKED
core_breakdown,1000,500,100,14,104,72,10372,2.952,2.023,0.019,0.209,3.347,0.007,REVOKED
core_breakdown,1000,500,100,14,104,73,10373,2.94,2.031,0.022,0.208,3.35,0.006,REVOKED
core_breakdown,1000,500,100,14,104,74,10374,2.952,1.999,0.025,0.194,3.362,0.006,REVOKED
core_breakdown,1000,500,100,14,104,75,10375,2.921,2.01,0.023,0.215,3.356,0.007,REVOKED
core_breakdown,1000,500,100,14,104,76,10376,2.903,1.983,0.022,0.193,3.359,0.006,REVOKED
core_breakdown,1000,500,100,14,104,77,10377,2.974,2.05,0.02,0.195,3.269,0.005,REVOKED
core_breakdown,1000,500,100,14,104,78,10378,2.981,2.02,0.024,0.201,3.277,0.006,REVOKED
core_breakdown,1000,500,100,14,104,79,10379,2.973,2.028,0.027,0.208,3.26,0.013,REVOKED
core_breakdown,1000,500,100,14,104,80,10380,2.951,2.033,0.023,0.202,3.363,0.006,REVOKED
core_breakdown,1000,500,100,14,104,81,10381,2.976,2.058,0.021,0.196,4.071,0.007,REVOKED
core_breakdown,1000,500,100,14,104,82,10382,3.001,2.063,0.02,0.198,3.361,0.005,REVOKED
core_breakdown,1000,500,100,14,104,83,10383,3.028,2.088,0.025,0.198,3.345,0.01,REVOKED
core_breakdown,1000,500,100,14,104,84,10384,2.944,2.005,0.021,0.208,3.381,0.005,REVOKED
core_breakdown,1000,500,100,14,104,85,10385,3.006,2.078,0.021,0.218,3.37,0.006,REVOKED
core_breakdown,1000,500,100,14,104,86,10386,2.933,2.008,0.025,0.197,3.344,0.006,REVOKED
core_breakdown,1000,500,100,14,104,87,10387,2.941,2.006,0.021,0.199,3.337,0.006,REVOKED
core_breakdown,1000,500,100,14,104,88,10388,2.912,2.002,0.023,0.185,3.358,0.005,REVOKED
core_breakdown,1000,500,100,14,104,89,10389,2.924,1.994,0.021,0.205,3.333,0.006,REVOKED
core_breakdown,1000,500,100,14,104,90,10390,2.952,2.008,0.019,0.193,3.291,0.005,REVOKED
core_breakdown,1000,500,100,14,104,91,10391,3.053,2.131,0.025,0.196,3.296,0.005,REVOKED
core_breakdown,1000,500,100,14,104,92,10392,3.01,2.061,0.023,0.212,3.296,0.011,REVOKED
core_breakdown,1000,500,100,14,104,93,10393,2.979,2.057,0.02,0.188,3.32,0.006,REVOKED
core_breakdown,1000,500,100,14,104,94,10394,2.979,2.065,0.022,0.212,3.387,0.005,REVOKED
core_breakdown,1000,500,100,14,104,95,10395,2.993,2.039,0.034,0.195,3.367,0.005,REVOKED
core_breakdown,1000,500,100,14,104,96,10396,2.981,2.059,0.025,0.199,3.375,0.005,REVOKED
core_breakdown,1000,500,100,14,104,97,10397,3.057,2.114,0.02,0.191,3.327,0.017,REVOKED
core_breakdown,1000,500,100,14,104,98,10398,2.945,2.014,0.026,0.199,3.243,0.006,REVOKED
core_breakdown,1000,500,100,14,104,99,10399,2.909,1.993,0.02,0.191,3.282,0.005,REVOKED
core_breakdown,1000,500,100,14,104,100,10400,2.953,2.048,0.022,0.207,3.302,0.006,REVOKED
core_breakdown,1000,500,100,15,105,1,10401,7.733,4.021,0.278,0.577,8.397,0.067,REVOKED
core_breakdown,1000,500,100,15,105,2,10402,5.532,3.506,0.12,0.37,5.616,0.026,REVOKED
core_breakdown,1000,500,100,15,105,3,10403,4.654,3.139,0.076,0.31,4.932,0.019,REVOKED
core_breakdown,1000,500,100,15,105,4,10404,4.19,2.773,0.085,0.293,4.854,0.008,REVOKED
core_breakdown,1000,500,100,15,105,5,10405,4.564,3.268,0.094,0.274,4.16,0.009,REVOKED
core_breakdown,1000,500,100,15,105,6,10406,3.656,2.474,0.042,0.247,3.934,0.008,REVOKED
core_breakdown,1000,500,100,15,105,7,10407,3.571,2.45,0.031,0.226,3.754,0.005,REVOKED
core_breakdown,1000,500,100,15,105,8,10408,3.648,2.471,0.035,0.227,3.814,0.008,REVOKED
core_breakdown,1000,500,100,15,105,9,10409,3.48,2.379,0.036,0.233,3.824,0.006,REVOKED
core_breakdown,1000,500,100,15,105,10,10410,3.405,2.311,0.034,0.25,3.74,0.007,REVOKED
core_breakdown,1000,500,100,15,105,11,10411,3.348,2.286,0.041,0.228,3.808,0.015,REVOKED
core_breakdown,1000,500,100,15,105,12,10412,3.06,2.091,0.048,0.225,3.449,0.009,REVOKED
core_breakdown,1000,500,100,15,105,13,10413,2.969,2.013,0.031,0.214,3.404,0.009,REVOKED
core_breakdown,1000,500,100,15,105,14,10414,2.99,2.003,0.035,0.199,3.379,0.009,REVOKED
core_breakdown,1000,500,100,15,105,15,10415,3.01,2.019,0.024,0.222,3.397,0.007,REVOKED
core_breakdown,1000,500,100,15,105,16,10416,2.92,1.998,0.025,0.19,3.403,0.006,REVOKED
core_breakdown,1000,500,100,15,105,17,10417,3.024,2.052,0.024,0.202,3.307,0.007,REVOKED
core_breakdown,1000,500,100,15,105,18,10418,2.933,2.005,0.031,0.201,3.293,0.006,REVOKED
core_breakdown,1000,500,100,15,105,19,10419,2.981,2.053,0.022,0.193,3.407,0.006,REVOKED
core_breakdown,1000,500,100,15,105,20,10420,2.96,2.006,0.024,0.212,3.34,0.007,REVOKED
core_breakdown,1000,500,100,15,105,21,10421,2.923,2.021,0.022,0.196,3.364,0.007,REVOKED
core_breakdown,1000,500,100,15,105,22,10422,2.895,1.976,0.024,0.161,2.931,0.006,REVOKED
core_breakdown,1000,500,100,15,105,23,10423,2.631,1.774,0.034,0.167,2.997,0.006,REVOKED
core_breakdown,1000,500,100,15,105,24,10424,2.669,1.828,0.022,0.186,3.093,0.006,REVOKED
core_breakdown,1000,500,100,15,105,25,10425,2.589,1.745,0.028,0.188,2.942,0.008,REVOKED
core_breakdown,1000,500,100,15,105,26,10426,2.557,1.726,0.029,0.16,2.982,0.006,REVOKED
core_breakdown,1000,500,100,15,105,27,10427,2.67,1.78,0.023,0.231,3.034,0.007,REVOKED
core_breakdown,1000,500,100,15,105,28,10428,2.554,1.746,0.025,0.18,2.965,0.007,REVOKED
core_breakdown,1000,500,100,15,105,29,10429,2.62,1.796,0.027,0.171,2.942,0.006,REVOKED
core_breakdown,1000,500,100,15,105,30,10430,2.52,1.71,0.021,0.184,2.894,0.006,REVOKED
core_breakdown,1000,500,100,15,105,31,10431,2.555,1.727,0.026,0.187,3.214,0.006,REVOKED
core_breakdown,1000,500,100,15,105,32,10432,2.844,1.968,0.027,0.178,2.983,0.006,REVOKED
core_breakdown,1000,500,100,15,105,33,10433,2.564,1.744,0.025,0.185,3.073,0.005,REVOKED
core_breakdown,1000,500,100,15,105,34,10434,2.632,1.761,0.021,0.175,2.962,0.005,REVOKED
core_breakdown,1000,500,100,15,105,35,10435,2.653,1.786,0.024,0.173,2.943,0.006,REVOKED
core_breakdown,1000,500,100,15,105,36,10436,2.613,1.784,0.023,0.175,2.917,0.006,REVOKED
core_breakdown,1000,500,100,15,105,37,10437,2.62,1.793,0.02,0.183,2.873,0.006,REVOKED
core_breakdown,1000,500,100,15,105,38,10438,2.537,1.756,0.024,0.179,2.995,0.006,REVOKED
core_breakdown,1000,500,100,15,105,39,10439,2.551,1.751,0.023,0.173,3.018,0.006,REVOKED
core_breakdown,1000,500,100,15,105,40,10440,2.557,1.744,0.02,0.181,2.926,0.006,REVOKED
core_breakdown,1000,500,100,15,105,41,10441,2.628,1.782,0.023,0.189,3.006,0.006,REVOKED
core_breakdown,1000,500,100,15,105,42,10442,2.501,1.697,0.021,0.169,2.943,0.006,REVOKED
core_breakdown,1000,500,100,15,105,43,10443,2.645,1.777,0.02,0.182,2.979,0.005,REVOKED
core_breakdown,1000,500,100,15,105,44,10444,2.534,1.704,0.023,0.177,2.987,0.006,REVOKED
core_breakdown,1000,500,100,15,105,45,10445,2.613,1.797,0.022,0.186,2.925,0.006,REVOKED
core_breakdown,1000,500,100,15,105,46,10446,2.636,1.781,0.027,0.183,2.911,0.012,REVOKED
core_breakdown,1000,500,100,15,105,47,10447,2.64,1.835,0.024,0.223,3.0,0.005,REVOKED
core_breakdown,1000,500,100,15,105,48,10448,2.57,1.752,0.022,0.171,3.005,0.006,REVOKED
core_breakdown,1000,500,100,15,105,49,10449,2.537,1.735,0.025,0.172,2.943,0.009,REVOKED
core_breakdown,1000,500,100,15,105,50,10450,2.561,1.759,0.025,0.169,2.998,0.006,REVOKED
core_breakdown,1000,500,100,15,105,51,10451,2.657,1.839,0.025,0.176,2.941,0.005,REVOKED
core_breakdown,1000,500,100,15,105,52,10452,2.544,1.726,0.023,0.167,2.911,0.008,REVOKED
core_breakdown,1000,500,100,15,105,53,10453,2.558,1.739,0.023,0.158,2.981,0.005,REVOKED
core_breakdown,1000,500,100,15,105,54,10454,2.57,1.74,0.022,0.179,2.99,0.006,REVOKED
core_breakdown,1000,500,100,15,105,55,10455,2.574,1.727,0.024,0.184,3.072,0.006,REVOKED
core_breakdown,1000,500,100,15,105,56,10456,2.627,1.799,0.022,0.169,2.882,0.005,REVOKED
core_breakdown,1000,500,100,15,105,57,10457,2.545,1.752,0.024,0.18,3.017,0.006,REVOKED
core_breakdown,1000,500,100,15,105,58,10458,2.52,1.762,0.022,0.174,2.967,0.005,REVOKED
core_breakdown,1000,500,100,15,105,59,10459,2.568,1.763,0.027,0.178,3.105,0.006,REVOKED
core_breakdown,1000,500,100,15,105,60,10460,2.563,1.756,0.023,0.17,3.03,0.005,REVOKED
core_breakdown,1000,500,100,15,105,61,10461,2.825,1.986,0.022,0.186,3.249,0.006,REVOKED
core_breakdown,1000,500,100,15,105,62,10462,2.613,1.785,0.024,0.175,3.007,0.006,REVOKED
core_breakdown,1000,500,100,15,105,63,10463,2.534,1.738,0.024,0.195,2.974,0.006,REVOKED
core_breakdown,1000,500,100,15,105,64,10464,2.633,1.768,0.026,0.174,2.964,0.005,REVOKED
core_breakdown,1000,500,100,15,105,65,10465,2.6,1.749,0.027,0.161,2.966,0.005,REVOKED
core_breakdown,1000,500,100,15,105,66,10466,2.492,1.715,0.023,0.177,3.001,0.01,REVOKED
core_breakdown,1000,500,100,15,105,67,10467,2.537,1.731,0.025,0.181,2.892,0.005,REVOKED
core_breakdown,1000,500,100,15,105,68,10468,2.535,1.726,0.024,0.175,2.962,0.006,REVOKED
core_breakdown,1000,500,100,15,105,69,10469,2.609,1.752,0.02,0.33,3.017,0.006,REVOKED
core_breakdown,1000,500,100,15,105,70,10470,2.571,1.766,0.025,0.169,2.908,0.005,REVOKED
core_breakdown,1000,500,100,15,105,71,10471,2.566,1.706,0.024,0.172,2.958,0.005,REVOKED
core_breakdown,1000,500,100,15,105,72,10472,2.584,1.762,0.025,0.186,2.986,0.005,REVOKED
core_breakdown,1000,500,100,15,105,73,10473,2.587,1.758,0.023,0.181,2.984,0.006,REVOKED
core_breakdown,1000,500,100,15,105,74,10474,2.609,1.799,0.023,0.182,2.908,0.006,REVOKED
core_breakdown,1000,500,100,15,105,75,10475,2.604,1.762,0.024,0.204,2.999,0.005,REVOKED
core_breakdown,1000,500,100,15,105,76,10476,2.551,1.746,0.022,0.181,3.005,0.005,REVOKED
core_breakdown,1000,500,100,15,105,77,10477,2.563,1.776,0.022,0.18,3.146,0.006,REVOKED
core_breakdown,1000,500,100,15,105,78,10478,2.963,2.065,0.024,0.192,3.282,0.005,REVOKED
core_breakdown,1000,500,100,15,105,79,10479,2.976,1.982,0.028,0.22,3.302,0.005,REVOKED
core_breakdown,1000,500,100,15,105,80,10480,2.939,2.027,0.022,0.197,3.258,0.009,REVOKED
core_breakdown,1000,500,100,15,105,81,10481,2.946,2.01,0.021,0.227,3.346,0.005,REVOKED
core_breakdown,1000,500,100,15,105,82,10482,2.925,2.011,0.02,0.207,3.298,0.006,REVOKED
core_breakdown,1000,500,100,15,105,83,10483,2.91,2.003,0.024,0.201,3.009,0.006,REVOKED
core_breakdown,1000,500,100,15,105,84,10484,2.601,1.777,0.02,0.182,2.947,0.006,REVOKED
core_breakdown,1000,500,100,15,105,85,10485,2.646,1.819,0.02,0.159,2.965,0.006,REVOKED
core_breakdown,1000,500,100,15,105,86,10486,2.565,1.741,0.022,0.179,2.953,0.006,REVOKED
core_breakdown,1000,500,100,15,105,87,10487,2.498,1.735,0.026,0.167,2.947,0.005,REVOKED
core_breakdown,1000,500,100,15,105,88,10488,2.575,1.788,0.021,0.182,2.932,0.008,REVOKED
core_breakdown,1000,500,100,15,105,89,10489,2.602,1.78,0.019,0.19,2.905,0.005,REVOKED
core_breakdown,1000,500,100,15,105,90,10490,2.946,2.029,0.024,0.202,3.327,0.006,REVOKED
core_breakdown,1000,500,100,15,105,91,10491,2.895,1.963,0.027,0.185,3.27,0.006,REVOKED
core_breakdown,1000,500,100,15,105,92,10492,2.895,1.974,0.02,0.191,3.354,0.006,REVOKED
core_breakdown,1000,500,100,15,105,93,10493,2.981,2.059,0.02,0.192,3.291,0.011,REVOKED
core_breakdown,1000,500,100,15,105,94,10494,2.874,1.977,0.024,0.189,3.4,0.005,REVOKED
core_breakdown,1000,500,100,15,105,95,10495,2.918,2.032,0.022,0.199,3.276,0.006,REVOKED
core_breakdown,1000,500,100,15,105,96,10496,2.9,1.995,0.021,0.207,3.217,0.006,REVOKED
core_breakdown,1000,500,100,15,105,97,10497,2.934,2.014,0.026,0.198,3.352,0.016,REVOKED
core_breakdown,1000,500,100,15,105,98,10498,2.993,2.024,0.02,0.201,3.279,0.006,REVOKED
core_breakdown,1000,500,100,15,105,99,10499,2.92,2.018,0.023,0.197,3.265,0.006,REVOKED
core_breakdown,1000,500,100,15,105,100,10500,2.884,1.993,0.021,0.19,3.331,0.006,REVOKED
core_breakdown,1000,500,100,16,106,1,10501,6.649,4.313,0.284,0.453,7.1,0.065,REVOKED
core_breakdown,1000,500,100,16,106,2,10502,5.628,3.726,0.113,0.407,5.885,0.031,REVOKED
core_breakdown,1000,500,100,16,106,3,10503,4.002,2.499,0.041,0.311,4.597,0.021,REVOKED
core_breakdown,1000,500,100,16,106,4,10504,4.554,3.117,0.033,0.321,5.28,0.017,REVOKED
core_breakdown,1000,500,100,16,106,5,10505,4.184,2.721,0.057,0.269,4.297,0.012,REVOKED
core_breakdown,1000,500,100,16,106,6,10506,4.113,2.804,0.049,0.267,4.402,0.017,REVOKED
core_breakdown,1000,500,100,16,106,7,10507,4.032,2.725,0.052,0.262,4.338,0.009,REVOKED
core_breakdown,1000,500,100,16,106,8,10508,3.673,2.493,0.035,0.237,3.974,0.006,REVOKED
core_breakdown,1000,500,100,16,106,9,10509,3.432,2.331,0.027,0.218,3.791,0.01,REVOKED
core_breakdown,1000,500,100,16,106,10,10510,4.211,3.058,0.041,0.251,3.969,0.01,REVOKED
core_breakdown,1000,500,100,16,106,11,10511,3.352,2.29,0.036,0.229,3.753,0.006,REVOKED
core_breakdown,1000,500,100,16,106,12,10512,3.387,2.315,0.034,0.234,3.773,0.007,REVOKED
core_breakdown,1000,500,100,16,106,13,10513,3.272,2.218,0.029,0.211,3.664,0.008,REVOKED
core_breakdown,1000,500,100,16,106,14,10514,3.232,2.21,0.029,0.231,3.629,0.007,REVOKED
core_breakdown,1000,500,100,16,106,15,10515,3.21,2.189,0.03,0.229,3.474,0.012,REVOKED
core_breakdown,1000,500,100,16,106,16,10516,3.071,2.109,0.043,0.208,3.394,0.008,REVOKED
core_breakdown,1000,500,100,16,106,17,10517,2.933,2.003,0.029,0.194,3.294,0.006,REVOKED
core_breakdown,1000,500,100,16,106,18,10518,2.919,1.976,0.03,0.195,3.32,0.009,REVOKED
core_breakdown,1000,500,100,16,106,19,10519,2.881,1.983,0.033,0.195,3.309,0.006,REVOKED
core_breakdown,1000,500,100,16,106,20,10520,2.926,2.008,0.026,0.204,3.327,0.006,REVOKED
core_breakdown,1000,500,100,16,106,21,10521,2.91,1.978,0.027,0.204,3.31,0.005,REVOKED
core_breakdown,1000,500,100,16,106,22,10522,3.025,2.079,0.027,0.192,3.277,0.007,REVOKED
core_breakdown,1000,500,100,16,106,23,10523,2.899,1.975,0.024,0.218,3.271,0.007,REVOKED
core_breakdown,1000,500,100,16,106,24,10524,2.948,1.98,0.025,0.195,3.25,0.006,REVOKED
core_breakdown,1000,500,100,16,106,25,10525,3.009,2.07,0.022,0.205,3.402,0.008,REVOKED
core_breakdown,1000,500,100,16,106,26,10526,3.005,2.04,0.024,0.209,3.47,0.006,REVOKED
core_breakdown,1000,500,100,16,106,27,10527,2.984,2.009,0.019,0.209,3.383,0.005,REVOKED
core_breakdown,1000,500,100,16,106,28,10528,3.107,2.104,0.025,0.215,3.497,0.006,REVOKED
core_breakdown,1000,500,100,16,106,29,10529,3.083,2.094,0.022,0.201,3.399,0.007,REVOKED
core_breakdown,1000,500,100,16,106,30,10530,3.029,2.1,0.026,0.204,3.284,0.006,REVOKED
core_breakdown,1000,500,100,16,106,31,10531,2.936,2.031,0.022,0.187,3.311,0.006,REVOKED
core_breakdown,1000,500,100,16,106,32,10532,2.891,1.972,0.023,0.191,3.291,0.009,REVOKED
core_breakdown,1000,500,100,16,106,33,10533,2.946,2.017,0.024,0.208,3.354,0.005,REVOKED
core_breakdown,1000,500,100,16,106,34,10534,2.976,2.068,0.024,0.212,3.28,0.006,REVOKED
core_breakdown,1000,500,100,16,106,35,10535,2.943,2.011,0.025,0.238,3.448,0.005,REVOKED
core_breakdown,1000,500,100,16,106,36,10536,2.946,1.995,0.022,0.191,3.293,0.006,REVOKED
core_breakdown,1000,500,100,16,106,37,10537,2.999,2.052,0.028,0.199,3.314,0.006,REVOKED
core_breakdown,1000,500,100,16,106,38,10538,3.075,2.063,0.022,0.219,3.275,0.006,REVOKED
core_breakdown,1000,500,100,16,106,39,10539,2.959,2.034,0.025,0.188,3.248,0.007,REVOKED
core_breakdown,1000,500,100,16,106,40,10540,2.938,2.036,0.02,0.201,3.338,0.006,REVOKED
core_breakdown,1000,500,100,16,106,41,10541,2.935,2.029,0.022,0.213,3.297,0.005,REVOKED
core_breakdown,1000,500,100,16,106,42,10542,2.974,2.058,0.024,0.199,3.323,0.006,REVOKED
core_breakdown,1000,500,100,16,106,43,10543,2.86,1.958,0.022,0.198,3.321,0.007,REVOKED
core_breakdown,1000,500,100,16,106,44,10544,2.94,2.025,0.019,0.194,3.308,0.005,REVOKED
core_breakdown,1000,500,100,16,106,45,10545,2.745,1.807,0.022,0.167,3.042,0.005,REVOKED
core_breakdown,1000,500,100,16,106,46,10546,2.932,2.035,0.021,0.191,3.316,0.006,REVOKED
core_breakdown,1000,500,100,16,106,47,10547,2.9,1.998,0.025,0.196,3.26,0.005,REVOKED
core_breakdown,1000,500,100,16,106,48,10548,2.92,1.968,0.021,0.192,3.308,0.006,REVOKED
core_breakdown,1000,500,100,16,106,49,10549,2.953,2.0,0.026,0.212,3.241,0.011,REVOKED
core_breakdown,1000,500,100,16,106,50,10550,2.909,1.988,0.02,0.203,3.327,0.006,REVOKED
core_breakdown,1000,500,100,16,106,51,10551,3.212,2.235,0.036,0.211,3.614,0.006,REVOKED
core_breakdown,1000,500,100,16,106,52,10552,2.933,2.017,0.027,0.206,3.539,0.007,REVOKED
core_breakdown,1000,500,100,16,106,53,10553,3.252,2.239,0.035,0.229,3.767,0.011,REVOKED
core_breakdown,1000,500,100,16,106,54,10554,3.185,2.13,0.037,0.227,3.65,0.008,REVOKED
core_breakdown,1000,500,100,16,106,55,10555,3.266,2.241,0.032,0.216,3.53,0.008,REVOKED
core_breakdown,1000,500,100,16,106,56,10556,3.18,2.178,0.028,0.207,3.662,0.007,REVOKED
core_breakdown,1000,500,100,16,106,57,10557,3.19,2.167,0.027,0.209,3.573,0.008,REVOKED
core_breakdown,1000,500,100,16,106,58,10558,2.982,2.056,0.024,0.211,3.347,0.007,REVOKED
core_breakdown,1000,500,100,16,106,59,10559,2.959,2.018,0.027,0.199,3.324,0.007,REVOKED
core_breakdown,1000,500,100,16,106,60,10560,3.003,2.044,0.028,0.211,3.41,0.007,REVOKED
core_breakdown,1000,500,100,16,106,61,10561,2.943,2.001,0.025,0.198,3.33,0.007,REVOKED
core_breakdown,1000,500,100,16,106,62,10562,3.01,2.047,0.025,0.184,3.299,0.006,REVOKED
core_breakdown,1000,500,100,16,106,63,10563,2.912,1.992,0.025,0.189,3.308,0.007,REVOKED
core_breakdown,1000,500,100,16,106,64,10564,2.933,2.016,0.022,0.205,3.309,0.005,REVOKED
core_breakdown,1000,500,100,16,106,65,10565,2.937,2.006,0.023,0.207,3.464,0.011,REVOKED
core_breakdown,1000,500,100,16,106,66,10566,2.924,2.031,0.028,0.208,3.284,0.011,REVOKED
core_breakdown,1000,500,100,16,106,67,10567,2.918,1.982,0.023,0.191,3.308,0.005,REVOKED
core_breakdown,1000,500,100,16,106,68,10568,2.884,1.979,0.023,0.204,3.313,0.005,REVOKED
core_breakdown,1000,500,100,16,106,69,10569,2.887,1.983,0.028,0.201,3.265,0.007,REVOKED
core_breakdown,1000,500,100,16,106,70,10570,2.942,2.012,0.024,0.198,3.207,0.006,REVOKED
core_breakdown,1000,500,100,16,106,71,10571,2.544,1.722,0.02,0.199,3.316,0.006,REVOKED
core_breakdown,1000,500,100,16,106,72,10572,2.887,1.995,0.02,0.202,3.282,0.006,REVOKED
core_breakdown,1000,500,100,16,106,73,10573,2.614,1.778,0.022,0.191,3.054,0.006,REVOKED
core_breakdown,1000,500,100,16,106,74,10574,2.534,1.751,0.024,0.181,2.963,0.006,REVOKED
core_breakdown,1000,500,100,16,106,75,10575,2.633,1.784,0.021,0.186,3.251,0.006,REVOKED
core_breakdown,1000,500,100,16,106,76,10576,2.952,2.019,0.028,0.212,3.386,0.006,REVOKED
core_breakdown,1000,500,100,16,106,77,10577,2.905,1.998,0.022,0.215,3.351,0.006,REVOKED
core_breakdown,1000,500,100,16,106,78,10578,2.927,2.011,0.023,0.197,3.313,0.005,REVOKED
core_breakdown,1000,500,100,16,106,79,10579,2.918,2.009,0.026,0.201,3.288,0.006,REVOKED
core_breakdown,1000,500,100,16,106,80,10580,2.965,2.037,0.023,0.191,3.305,0.006,REVOKED
core_breakdown,1000,500,100,16,106,81,10581,2.93,2.031,0.02,0.189,3.344,0.006,REVOKED
core_breakdown,1000,500,100,16,106,82,10582,2.934,2.017,0.025,0.193,3.312,0.006,REVOKED
core_breakdown,1000,500,100,16,106,83,10583,2.956,2.0,0.02,0.194,3.456,0.007,REVOKED
core_breakdown,1000,500,100,16,106,84,10584,2.966,2.032,0.024,0.196,3.297,0.006,REVOKED
core_breakdown,1000,500,100,16,106,85,10585,2.958,2.021,0.021,0.219,3.302,0.006,REVOKED
core_breakdown,1000,500,100,16,106,86,10586,2.946,2.012,0.027,0.19,3.359,0.006,REVOKED
core_breakdown,1000,500,100,16,106,87,10587,2.958,2.01,0.025,0.197,3.338,0.006,REVOKED
core_breakdown,1000,500,100,16,106,88,10588,2.915,1.99,0.02,0.194,3.411,0.006,REVOKED
core_breakdown,1000,500,100,16,106,89,10589,2.974,2.014,0.019,0.193,3.345,0.008,REVOKED
core_breakdown,1000,500,100,16,106,90,10590,2.976,2.042,0.024,0.195,3.335,0.006,REVOKED
core_breakdown,1000,500,100,16,106,91,10591,2.94,2.035,0.02,0.2,3.397,0.006,REVOKED
core_breakdown,1000,500,100,16,106,92,10592,2.933,2.032,0.022,0.195,3.347,0.005,REVOKED
core_breakdown,1000,500,100,16,106,93,10593,2.941,2.016,0.031,0.21,3.372,0.005,REVOKED
core_breakdown,1000,500,100,16,106,94,10594,2.973,2.038,0.02,0.204,3.317,0.006,REVOKED
core_breakdown,1000,500,100,16,106,95,10595,2.964,2.042,0.02,0.224,3.322,0.006,REVOKED
core_breakdown,1000,500,100,16,106,96,10596,2.896,1.961,0.023,0.201,3.405,0.006,REVOKED
core_breakdown,1000,500,100,16,106,97,10597,2.903,2.003,0.023,0.25,3.249,0.013,REVOKED
core_breakdown,1000,500,100,16,106,98,10598,2.913,1.976,0.023,0.189,3.359,0.005,REVOKED
core_breakdown,1000,500,100,16,106,99,10599,3.033,2.099,0.025,0.193,3.348,0.006,REVOKED
core_breakdown,1000,500,100,16,106,100,10600,2.951,2.016,0.02,0.194,3.362,0.008,REVOKED
core_breakdown,1000,500,100,17,107,1,10601,6.567,4.019,0.305,0.467,6.835,0.06,REVOKED
core_breakdown,1000,500,100,17,107,2,10602,6.353,4.225,0.14,0.4,6.108,0.028,REVOKED
core_breakdown,1000,500,100,17,107,3,10603,4.618,3.042,0.089,0.319,5.088,0.018,REVOKED
core_breakdown,1000,500,100,17,107,4,10604,4.48,3.0,0.051,0.223,4.485,0.012,REVOKED
core_breakdown,1000,500,100,17,107,5,10605,4.072,2.771,0.053,0.265,4.297,0.006,REVOKED
core_breakdown,1000,500,100,17,107,6,10606,4.007,2.754,0.037,0.242,4.058,0.007,REVOKED
core_breakdown,1000,500,100,17,107,7,10607,3.597,2.461,0.038,0.262,3.846,0.009,REVOKED
core_breakdown,1000,500,100,17,107,8,10608,3.518,2.379,0.037,0.231,3.815,0.007,REVOKED
core_breakdown,1000,500,100,17,107,9,10609,3.506,2.376,0.032,0.235,4.069,0.014,REVOKED
core_breakdown,1000,500,100,17,107,10,10610,3.702,2.428,0.035,0.232,3.82,0.007,REVOKED
core_breakdown,1000,500,100,17,107,11,10611,3.373,2.298,0.048,0.225,3.667,0.011,REVOKED
core_breakdown,1000,500,100,17,107,12,10612,3.271,2.184,0.064,0.227,3.393,0.014,REVOKED
core_breakdown,1000,500,100,17,107,13,10613,2.984,2.027,0.026,0.204,3.364,0.011,REVOKED
core_breakdown,1000,500,100,17,107,14,10614,2.959,1.992,0.039,0.202,3.354,0.008,REVOKED
core_breakdown,1000,500,100,17,107,15,10615,2.931,1.994,0.033,0.21,3.301,0.006,REVOKED
core_breakdown,1000,500,100,17,107,16,10616,2.992,2.054,0.025,0.191,3.236,0.008,REVOKED
core_breakdown,1000,500,100,17,107,17,10617,2.568,1.752,0.029,0.18,2.924,0.007,REVOKED
core_breakdown,1000,500,100,17,107,18,10618,2.659,1.793,0.025,0.181,3.013,0.007,REVOKED
core_breakdown,1000,500,100,17,107,19,10619,2.697,1.843,0.025,0.174,2.993,0.006,REVOKED
core_breakdown,1000,500,100,17,107,20,10620,2.578,1.758,0.023,0.177,2.913,0.007,REVOKED
core_breakdown,1000,500,100,17,107,21,10621,2.612,1.811,0.025,0.162,2.987,0.007,REVOKED
core_breakdown,1000,500,100,17,107,22,10622,2.589,1.745,0.022,0.207,3.003,0.006,REVOKED
core_breakdown,1000,500,100,17,107,23,10623,2.582,1.73,0.021,0.178,3.037,0.006,REVOKED
core_breakdown,1000,500,100,17,107,24,10624,2.597,1.785,0.027,0.18,2.922,0.006,REVOKED
core_breakdown,1000,500,100,17,107,25,10625,2.625,1.741,0.024,0.177,3.014,0.008,REVOKED
core_breakdown,1000,500,100,17,107,26,10626,2.615,1.783,0.021,0.18,3.202,0.011,REVOKED
core_breakdown,1000,500,100,17,107,27,10627,2.603,1.754,0.026,0.174,2.884,0.006,REVOKED
core_breakdown,1000,500,100,17,107,28,10628,2.56,1.719,0.025,0.181,2.937,0.006,REVOKED
core_breakdown,1000,500,100,17,107,29,10629,2.668,1.811,0.022,0.163,3.005,0.006,REVOKED
core_breakdown,1000,500,100,17,107,30,10630,2.599,1.774,0.025,0.183,2.888,0.007,REVOKED
core_breakdown,1000,500,100,17,107,31,10631,2.567,1.719,0.023,0.176,2.932,0.006,REVOKED
core_breakdown,1000,500,100,17,107,32,10632,2.542,1.756,0.02,0.177,2.906,0.005,REVOKED
core_breakdown,1000,500,100,17,107,33,10633,2.608,1.799,0.022,0.179,2.956,0.005,REVOKED
core_breakdown,1000,500,100,17,107,34,10634,2.63,1.742,0.024,0.174,3.04,0.007,REVOKED
core_breakdown,1000,500,100,17,107,35,10635,2.805,1.946,0.029,0.201,3.295,0.008,REVOKED
core_breakdown,1000,500,100,17,107,36,10636,2.912,1.978,0.035,0.203,3.295,0.007,REVOKED
core_breakdown,1000,500,100,17,107,37,10637,2.803,1.936,0.026,0.187,3.32,0.009,REVOKED
core_breakdown,1000,500,100,17,107,38,10638,2.966,1.999,0.042,0.19,3.574,0.007,REVOKED
core_breakdown,1000,500,100,17,107,39,10639,2.978,2.053,0.033,0.206,4.334,0.009,REVOKED
core_breakdown,1000,500,100,17,107,40,10640,3.171,2.163,0.032,0.201,4.019,0.008,REVOKED
core_breakdown,1000,500,100,17,107,41,10641,2.891,1.918,0.031,0.207,3.298,0.008,REVOKED
core_breakdown,1000,500,100,17,107,42,10642,2.922,1.999,0.029,0.225,3.426,0.008,REVOKED
core_breakdown,1000,500,100,17,107,43,10643,3.15,2.227,0.03,0.196,3.411,0.009,REVOKED
core_breakdown,1000,500,100,17,107,44,10644,3.016,2.063,0.032,0.273,3.508,0.008,REVOKED
core_breakdown,1000,500,100,17,107,45,10645,3.146,2.161,0.035,0.245,3.861,0.009,REVOKED
core_breakdown,1000,500,100,17,107,46,10646,3.357,2.353,0.039,0.219,3.8,0.009,REVOKED
core_breakdown,1000,500,100,17,107,47,10647,3.092,2.132,0.032,0.252,4.455,0.009,REVOKED
core_breakdown,1000,500,100,17,107,48,10648,3.757,2.572,0.04,0.215,4.431,0.011,REVOKED
core_breakdown,1000,500,100,17,107,49,10649,2.693,1.814,0.035,0.182,3.048,0.017,REVOKED
core_breakdown,1000,500,100,17,107,50,10650,2.553,1.679,0.034,0.259,3.159,0.007,REVOKED
core_breakdown,1000,500,100,17,107,51,10651,2.544,1.729,0.026,0.186,2.981,0.007,REVOKED
core_breakdown,1000,500,100,17,107,52,10652,2.64,1.793,0.025,0.179,2.988,0.006,REVOKED
core_breakdown,1000,500,100,17,107,53,10653,2.66,1.838,0.025,0.165,3.02,0.007,REVOKED
core_breakdown,1000,500,100,17,107,54,10654,2.532,1.721,0.023,0.172,3.099,0.006,REVOKED
core_breakdown,1000,500,100,17,107,55,10655,2.59,1.746,0.029,0.169,2.901,0.006,REVOKED
core_breakdown,1000,500,100,17,107,56,10656,2.593,1.756,0.024,0.172,2.978,0.006,REVOKED
core_breakdown,1000,500,100,17,107,57,10657,2.543,1.732,0.026,0.177,3.028,0.006,REVOKED
core_breakdown,1000,500,100,17,107,58,10658,2.518,1.73,0.022,0.166,2.974,0.007,REVOKED
core_breakdown,1000,500,100,17,107,59,10659,2.523,1.696,0.024,0.17,2.965,0.006,REVOKED
core_breakdown,1000,500,100,17,107,60,10660,2.572,1.767,0.023,0.189,3.011,0.006,REVOKED
core_breakdown,1000,500,100,17,107,61,10661,2.512,1.68,0.021,0.172,2.998,0.006,REVOKED
core_breakdown,1000,500,100,17,107,62,10662,2.605,1.828,0.025,0.17,2.936,0.006,REVOKED
core_breakdown,1000,500,100,17,107,63,10663,2.593,1.765,0.023,0.19,2.968,0.005,REVOKED
core_breakdown,1000,500,100,17,107,64,10664,2.643,1.793,0.03,0.167,3.149,0.006,REVOKED
core_breakdown,1000,500,100,17,107,65,10665,2.667,1.808,0.023,0.168,3.019,0.006,REVOKED
core_breakdown,1000,500,100,17,107,66,10666,2.577,1.759,0.021,0.176,3.011,0.005,REVOKED
core_breakdown,1000,500,100,17,107,67,10667,2.7,1.851,0.026,0.183,3.007,0.006,REVOKED
core_breakdown,1000,500,100,17,107,68,10668,2.695,1.839,0.026,0.176,3.178,0.006,REVOKED
core_breakdown,1000,500,100,17,107,69,10669,2.687,1.863,0.022,0.177,3.097,0.006,REVOKED
core_breakdown,1000,500,100,17,107,70,10670,2.903,1.988,0.028,0.209,3.29,0.008,REVOKED
core_breakdown,1000,500,100,17,107,71,10671,2.957,2.032,0.023,0.203,3.288,0.006,REVOKED
core_breakdown,1000,500,100,17,107,72,10672,3.022,2.062,0.026,0.195,3.283,0.007,REVOKED
core_breakdown,1000,500,100,17,107,73,10673,2.976,2.055,0.024,0.216,3.328,0.005,REVOKED
core_breakdown,1000,500,100,17,107,74,10674,3.131,2.111,0.025,0.199,3.337,0.006,REVOKED
core_breakdown,1000,500,100,17,107,75,10675,2.894,1.988,0.021,0.195,3.293,0.006,REVOKED
core_breakdown,1000,500,100,17,107,76,10676,3.021,2.08,0.024,0.192,3.238,0.006,REVOKED
core_breakdown,1000,500,100,17,107,77,10677,2.616,1.76,0.023,0.184,2.997,0.005,REVOKED
core_breakdown,1000,500,100,17,107,78,10678,2.554,1.776,0.021,0.201,2.969,0.011,REVOKED
core_breakdown,1000,500,100,17,107,79,10679,2.541,1.699,0.027,0.191,2.953,0.007,REVOKED
core_breakdown,1000,500,100,17,107,80,10680,2.578,1.782,0.021,0.162,2.997,0.009,REVOKED
core_breakdown,1000,500,100,17,107,81,10681,2.532,1.728,0.023,0.162,2.919,0.006,REVOKED
core_breakdown,1000,500,100,17,107,82,10682,2.592,1.766,0.024,0.16,3.02,0.006,REVOKED
core_breakdown,1000,500,100,17,107,83,10683,2.59,1.75,0.022,0.168,2.957,0.006,REVOKED
core_breakdown,1000,500,100,17,107,84,10684,2.784,1.895,0.023,0.161,3.015,0.005,REVOKED
core_breakdown,1000,500,100,17,107,85,10685,2.369,1.584,0.024,0.153,2.713,0.006,REVOKED
core_breakdown,1000,500,100,17,107,86,10686,2.592,1.758,0.023,0.194,2.902,0.006,REVOKED
core_breakdown,1000,500,100,17,107,87,10687,2.549,1.727,0.024,0.191,2.973,0.006,REVOKED
core_breakdown,1000,500,100,17,107,88,10688,2.671,1.809,0.023,0.174,2.942,0.006,REVOKED
core_breakdown,1000,500,100,17,107,89,10689,2.544,1.758,0.021,0.17,2.949,0.006,REVOKED
core_breakdown,1000,500,100,17,107,90,10690,2.58,1.716,0.023,0.189,2.92,0.005,REVOKED
core_breakdown,1000,500,100,17,107,91,10691,2.608,1.783,0.022,0.172,3.295,0.005,REVOKED
core_breakdown,1000,500,100,17,107,92,10692,2.431,1.664,0.022,0.158,2.546,0.007,REVOKED
core_breakdown,1000,500,100,17,107,93,10693,2.497,1.679,0.023,0.191,2.964,0.005,REVOKED
core_breakdown,1000,500,100,17,107,94,10694,2.564,1.769,0.021,0.161,2.958,0.006,REVOKED
core_breakdown,1000,500,100,17,107,95,10695,2.593,1.763,0.02,0.186,3.006,0.006,REVOKED
core_breakdown,1000,500,100,17,107,96,10696,2.556,1.763,0.019,0.175,2.928,0.006,REVOKED
core_breakdown,1000,500,100,17,107,97,10697,2.499,1.735,0.019,0.167,2.949,0.017,REVOKED
core_breakdown,1000,500,100,17,107,98,10698,2.607,1.76,0.026,0.18,3.034,0.005,REVOKED
core_breakdown,1000,500,100,17,107,99,10699,2.628,1.803,0.021,0.192,2.915,0.005,REVOKED
core_breakdown,1000,500,100,17,107,100,10700,2.647,1.808,0.026,0.19,2.941,0.019,REVOKED
core_breakdown,1000,500,100,18,108,1,10701,5.883,3.345,0.291,0.473,6.077,0.05,REVOKED
core_breakdown,1000,500,100,18,108,2,10702,6.912,4.126,0.144,0.403,6.055,0.029,REVOKED
core_breakdown,1000,500,100,18,108,3,10703,5.053,3.364,0.098,0.734,5.817,0.021,REVOKED
core_breakdown,1000,500,100,18,108,4,10704,3.754,2.585,0.079,0.261,3.893,0.018,REVOKED
core_breakdown,1000,500,100,18,108,5,10705,3.385,2.293,0.052,0.239,3.712,0.011,REVOKED
core_breakdown,1000,500,100,18,108,6,10706,3.25,2.21,0.036,0.204,3.467,0.006,REVOKED
core_breakdown,1000,500,100,18,108,7,10707,3.205,2.129,0.077,0.242,3.974,0.015,REVOKED
core_breakdown,1000,500,100,18,108,8,10708,3.489,2.373,0.039,0.22,3.908,0.008,REVOKED
core_breakdown,1000,500,100,18,108,9,10709,3.257,2.213,0.036,0.226,3.618,0.006,REVOKED
core_breakdown,1000,500,100,18,108,10,10710,3.23,2.21,0.026,0.222,3.421,0.007,REVOKED
core_breakdown,1000,500,100,18,108,11,10711,3.149,2.147,0.025,0.202,3.438,0.007,REVOKED
core_breakdown,1000,500,100,18,108,12,10712,3.12,2.117,0.026,0.227,3.389,0.006,REVOKED
core_breakdown,1000,500,100,18,108,13,10713,2.931,2.005,0.025,0.188,3.123,0.015,REVOKED
core_breakdown,1000,500,100,18,108,14,10714,2.645,1.821,0.022,0.154,3.016,0.007,REVOKED
core_breakdown,1000,500,100,18,108,15,10715,2.662,1.819,0.026,0.209,3.07,0.008,REVOKED
core_breakdown,1000,500,100,18,108,16,10716,2.57,1.757,0.026,0.203,2.989,0.006,REVOKED
core_breakdown,1000,500,100,18,108,17,10717,2.595,1.759,0.026,0.174,2.935,0.007,REVOKED
core_breakdown,1000,500,100,18,108,18,10718,2.709,1.813,0.024,0.178,2.978,0.008,REVOKED
core_breakdown,1000,500,100,18,108,19,10719,2.583,1.767,0.025,0.183,2.967,0.005,REVOKED
core_breakdown,1000,500,100,18,108,20,10720,2.972,2.068,0.026,0.195,3.347,0.006,REVOKED
core_breakdown,1000,500,100,18,108,21,10721,2.981,2.03,0.021,0.209,3.325,0.006,REVOKED
core_breakdown,1000,500,100,18,108,22,10722,3.059,2.076,0.026,0.194,3.345,0.006,REVOKED
core_breakdown,1000,500,100,18,108,23,10723,3.878,2.16,0.029,0.211,3.463,0.006,REVOKED
core_breakdown,1000,500,100,18,108,24,10724,3.015,2.068,0.028,0.198,3.384,0.006,REVOKED
core_breakdown,1000,500,100,18,108,25,10725,2.935,1.994,0.021,0.205,3.382,0.008,REVOKED
core_breakdown,1000,500,100,18,108,26,10726,3.013,2.072,0.018,0.198,3.36,0.005,REVOKED
core_breakdown,1000,500,100,18,108,27,10727,2.915,1.985,0.023,0.193,3.36,0.005,REVOKED
core_breakdown,1000,500,100,18,108,28,10728,2.963,2.037,0.02,0.205,3.492,0.007,REVOKED
core_breakdown,1000,500,100,18,108,29,10729,2.967,2.01,0.025,0.193,3.406,0.006,REVOKED
core_breakdown,1000,500,100,18,108,30,10730,2.928,2.004,0.03,0.19,3.31,0.006,REVOKED
core_breakdown,1000,500,100,18,108,31,10731,2.946,2.03,0.021,0.196,3.271,0.006,REVOKED
core_breakdown,1000,500,100,18,108,32,10732,2.933,2.023,0.027,0.197,3.406,0.005,REVOKED
core_breakdown,1000,500,100,18,108,33,10733,3.211,2.181,0.036,0.227,3.439,0.006,REVOKED
core_breakdown,1000,500,100,18,108,34,10734,2.981,2.069,0.023,0.204,3.453,0.008,REVOKED
core_breakdown,1000,500,100,18,108,35,10735,3.089,2.138,0.027,0.196,3.347,0.006,REVOKED
core_breakdown,1000,500,100,18,108,36,10736,3.025,2.074,0.025,0.204,3.376,0.006,REVOKED
core_breakdown,1000,500,100,18,108,37,10737,3.094,2.105,0.022,0.224,3.349,0.006,REVOKED
core_breakdown,1000,500,100,18,108,38,10738,3.096,2.108,0.026,0.204,3.325,0.005,REVOKED
core_breakdown,1000,500,100,18,108,39,10739,2.922,2.006,0.023,0.203,3.34,0.005,REVOKED
core_breakdown,1000,500,100,18,108,40,10740,3.021,2.088,0.023,0.189,3.279,0.005,REVOKED
core_breakdown,1000,500,100,18,108,41,10741,3.0,2.027,0.024,0.199,3.37,0.005,REVOKED
core_breakdown,1000,500,100,18,108,42,10742,2.898,1.985,0.024,0.195,3.308,0.005,REVOKED
core_breakdown,1000,500,100,18,108,43,10743,2.945,2.029,0.021,0.201,3.377,0.005,REVOKED
core_breakdown,1000,500,100,18,108,44,10744,3.018,2.109,0.024,0.2,3.297,0.006,REVOKED
core_breakdown,1000,500,100,18,108,45,10745,2.996,2.064,0.02,0.194,3.313,0.006,REVOKED
core_breakdown,1000,500,100,18,108,46,10746,2.973,2.054,0.027,0.203,3.298,0.006,REVOKED
core_breakdown,1000,500,100,18,108,47,10747,2.986,2.039,0.024,0.195,3.33,0.006,REVOKED
core_breakdown,1000,500,100,18,108,48,10748,2.998,2.052,0.021,0.193,3.353,0.006,REVOKED
core_breakdown,1000,500,100,18,108,49,10749,2.905,1.986,0.019,0.194,3.312,0.015,REVOKED
core_breakdown,1000,500,100,18,108,50,10750,3.041,2.115,0.025,0.192,3.245,0.005,REVOKED
core_breakdown,1000,500,100,18,108,51,10751,2.979,2.054,0.024,0.196,3.378,0.008,REVOKED
core_breakdown,1000,500,100,18,108,52,10752,3.005,2.076,0.024,0.203,3.376,0.006,REVOKED
core_breakdown,1000,500,100,18,108,53,10753,2.971,2.03,0.026,0.209,3.275,0.006,REVOKED
core_breakdown,1000,500,100,18,108,54,10754,2.936,2.003,0.021,0.195,3.373,0.005,REVOKED
core_breakdown,1000,500,100,18,108,55,10755,2.987,2.078,0.022,0.237,3.305,0.006,REVOKED
core_breakdown,1000,500,100,18,108,56,10756,2.941,2.011,0.022,0.203,3.382,0.005,REVOKED
core_breakdown,1000,500,100,18,108,57,10757,2.946,2.002,0.027,0.206,3.358,0.006,REVOKED
core_breakdown,1000,500,100,18,108,58,10758,2.961,2.026,0.022,0.203,3.324,0.006,REVOKED
core_breakdown,1000,500,100,18,108,59,10759,2.925,2.029,0.022,0.198,3.354,0.005,REVOKED
core_breakdown,1000,500,100,18,108,60,10760,2.934,2.015,0.021,0.191,3.365,0.006,REVOKED
core_breakdown,1000,500,100,18,108,61,10761,2.941,2.017,0.021,0.196,3.308,0.005,REVOKED
core_breakdown,1000,500,100,18,108,62,10762,2.964,2.021,0.02,0.203,3.333,0.006,REVOKED
core_breakdown,1000,500,100,18,108,63,10763,2.909,1.988,0.02,0.21,3.31,0.006,REVOKED
core_breakdown,1000,500,100,18,108,64,10764,2.886,1.984,0.028,0.201,3.287,0.006,REVOKED
core_breakdown,1000,500,100,18,108,65,10765,2.965,2.015,0.024,0.212,3.277,0.006,REVOKED
core_breakdown,1000,500,100,18,108,66,10766,2.932,2.015,0.019,0.219,3.321,0.006,REVOKED
core_breakdown,1000,500,100,18,108,67,10767,2.959,2.029,0.018,0.208,3.356,0.006,REVOKED
core_breakdown,1000,500,100,18,108,68,10768,2.938,2.039,0.021,0.201,3.311,0.006,REVOKED
core_breakdown,1000,500,100,18,108,69,10769,2.92,1.977,0.02,0.194,3.38,0.006,REVOKED
core_breakdown,1000,500,100,18,108,70,10770,2.874,1.976,0.02,0.201,3.34,0.007,REVOKED
core_breakdown,1000,500,100,18,108,71,10771,2.946,2.039,0.022,0.197,3.381,0.006,REVOKED
core_breakdown,1000,500,100,18,108,72,10772,2.925,1.988,0.034,0.195,3.337,0.008,REVOKED
core_breakdown,1000,500,100,18,108,73,10773,2.942,2.004,0.02,0.192,3.34,0.006,REVOKED
core_breakdown,1000,500,100,18,108,74,10774,3.011,2.085,0.026,0.194,3.446,0.006,REVOKED
core_breakdown,1000,500,100,18,108,75,10775,2.958,2.03,0.021,0.196,3.36,0.006,REVOKED
core_breakdown,1000,500,100,18,108,76,10776,2.933,1.995,0.025,0.247,3.365,0.007,REVOKED
core_breakdown,1000,500,100,18,108,77,10777,2.995,2.046,0.023,0.256,3.313,0.007,REVOKED
core_breakdown,1000,500,100,18,108,78,10778,2.999,2.07,0.019,0.2,3.361,0.006,REVOKED
core_breakdown,1000,500,100,18,108,79,10779,2.986,2.051,0.025,0.207,3.343,0.006,REVOKED
core_breakdown,1000,500,100,18,108,80,10780,2.942,2.015,0.023,0.211,3.364,0.006,REVOKED
core_breakdown,1000,500,100,18,108,81,10781,2.988,2.066,0.023,0.217,3.359,0.006,REVOKED
core_breakdown,1000,500,100,18,108,82,10782,2.927,2.005,0.021,0.195,3.296,0.006,REVOKED
core_breakdown,1000,500,100,18,108,83,10783,3.019,2.067,0.024,0.206,3.296,0.006,REVOKED
core_breakdown,1000,500,100,18,108,84,10784,2.939,2.027,0.02,0.207,3.258,0.006,REVOKED
core_breakdown,1000,500,100,18,108,85,10785,2.97,2.015,0.022,0.202,3.309,0.006,REVOKED
core_breakdown,1000,500,100,18,108,86,10786,2.962,2.065,0.024,0.186,3.266,0.008,REVOKED
core_breakdown,1000,500,100,18,108,87,10787,2.984,2.055,0.019,0.197,3.33,0.006,REVOKED
core_breakdown,1000,500,100,18,108,88,10788,3.012,2.063,0.022,0.198,3.47,0.006,REVOKED
core_breakdown,1000,500,100,18,108,89,10789,3.047,2.065,0.026,0.187,3.303,0.006,REVOKED
core_breakdown,1000,500,100,18,108,90,10790,2.932,1.996,0.025,0.192,3.35,0.006,REVOKED
core_breakdown,1000,500,100,18,108,91,10791,2.979,2.066,0.024,0.195,3.287,0.005,REVOKED
core_breakdown,1000,500,100,18,108,92,10792,2.937,1.998,0.024,0.216,3.287,0.006,REVOKED
core_breakdown,1000,500,100,18,108,93,10793,2.942,2.021,0.022,0.2,3.347,0.006,REVOKED
core_breakdown,1000,500,100,18,108,94,10794,2.924,2.008,0.019,0.204,3.267,0.006,REVOKED
core_breakdown,1000,500,100,18,108,95,10795,3.033,2.123,0.024,0.2,3.337,0.007,REVOKED
core_breakdown,1000,500,100,18,108,96,10796,2.963,2.029,0.023,0.202,3.474,0.006,REVOKED
core_breakdown,1000,500,100,18,108,97,10797,2.916,1.985,0.02,0.203,3.461,0.019,REVOKED
core_breakdown,1000,500,100,18,108,98,10798,2.934,1.994,0.018,0.197,3.357,0.006,REVOKED
core_breakdown,1000,500,100,18,108,99,10799,2.976,2.034,0.024,0.209,3.374,0.006,REVOKED
core_breakdown,1000,500,100,18,108,100,10800,2.983,2.039,0.028,0.187,3.334,0.005,REVOKED
core_breakdown,1000,500,100,19,109,1,10801,4.895,3.203,0.164,0.314,5.39,0.03,REVOKED
core_breakdown,1000,500,100,19,109,2,10802,4.655,3.105,0.098,0.303,5.15,0.022,REVOKED
core_breakdown,1000,500,100,19,109,3,10803,4.426,2.995,0.056,0.27,4.252,0.022,REVOKED
core_breakdown,1000,500,100,19,109,4,10804,3.994,2.686,0.092,0.273,4.079,0.011,REVOKED
core_breakdown,1000,500,100,19,109,5,10805,3.569,2.422,0.053,0.221,3.937,0.01,REVOKED
core_breakdown,1000,500,100,19,109,6,10806,3.512,2.382,0.042,0.231,3.858,0.007,REVOKED
core_breakdown,1000,500,100,19,109,7,10807,3.463,2.358,0.034,0.219,3.636,0.006,REVOKED
core_breakdown,1000,500,100,19,109,8,10808,3.24,2.217,0.026,0.215,3.55,0.007,REVOKED
core_breakdown,1000,500,100,19,109,9,10809,3.442,2.373,0.035,0.228,3.646,0.006,REVOKED
core_breakdown,1000,500,100,19,109,10,10810,3.372,2.249,0.077,0.225,3.406,0.014,REVOKED
core_breakdown,1000,500,100,19,109,11,10811,3.018,2.07,0.038,0.217,3.386,0.007,REVOKED
core_breakdown,1000,500,100,19,109,12,10812,3.094,2.117,0.027,0.247,3.519,0.009,REVOKED
core_breakdown,1000,500,100,19,109,13,10813,3.095,2.119,0.031,0.223,3.435,0.009,REVOKED
core_breakdown,1000,500,100,19,109,14,10814,3.045,2.038,0.027,0.203,3.393,0.005,REVOKED
core_breakdown,1000,500,100,19,109,15,10815,2.99,2.058,0.033,0.214,3.312,0.005,REVOKED
core_breakdown,1000,500,100,19,109,16,10816,3.008,2.031,0.028,0.226,3.099,0.007,REVOKED
core_breakdown,1000,500,100,19,109,17,10817,2.626,1.791,0.024,0.171,3.004,0.006,REVOKED
core_breakdown,1000,500,100,19,109,18,10818,2.61,1.781,0.024,0.176,2.962,0.006,REVOKED
core_breakdown,1000,500,100,19,109,19,10819,2.651,1.813,0.025,0.173,3.031,0.006,REVOKED
core_breakdown,1000,500,100,19,109,20,10820,2.653,1.806,0.023,0.182,2.961,0.005,REVOKED
core_breakdown,1000,500,100,19,109,21,10821,2.597,1.761,0.02,0.204,2.94,0.005,REVOKED
core_breakdown,1000,500,100,19,109,22,10822,2.617,1.799,0.023,0.187,2.953,0.005,REVOKED
core_breakdown,1000,500,100,19,109,23,10823,2.536,1.728,0.029,0.179,2.969,0.007,REVOKED
core_breakdown,1000,500,100,19,109,24,10824,2.656,1.811,0.024,0.176,2.986,0.006,REVOKED
core_breakdown,1000,500,100,19,109,25,10825,2.596,1.718,0.02,0.175,3.006,0.008,REVOKED
core_breakdown,1000,500,100,19,109,26,10826,2.645,1.798,0.024,0.178,2.957,0.006,REVOKED
core_breakdown,1000,500,100,19,109,27,10827,2.635,1.842,0.025,0.212,3.081,0.006,REVOKED
core_breakdown,1000,500,100,19,109,28,10828,2.694,1.869,0.024,0.194,3.274,0.006,REVOKED
core_breakdown,1000,500,100,19,109,29,10829,2.952,2.029,0.026,0.21,3.279,0.006,REVOKED
core_breakdown,1000,500,100,19,109,30,10830,2.51,1.755,0.022,0.173,2.896,0.005,REVOKED
core_breakdown,1000,500,100,19,109,31,10831,2.741,1.926,0.022,0.205,3.216,0.006,REVOKED
core_breakdown,1000,500,100,19,109,32,10832,2.605,1.76,0.027,0.182,2.967,0.006,REVOKED
core_breakdown,1000,500,100,19,109,33,10833,2.515,1.739,0.024,0.158,3.004,0.006,REVOKED
core_breakdown,1000,500,100,19,109,34,10834,2.684,1.799,0.023,0.166,3.056,0.006,REVOKED
core_breakdown,1000,500,100,19,109,35,10835,2.669,1.782,0.023,0.182,2.95,0.006,REVOKED
core_breakdown,1000,500,100,19,109,36,10836,2.567,1.743,0.024,0.178,3.005,0.006,REVOKED
core_breakdown,1000,500,100,19,109,37,10837,2.497,1.711,0.022,0.166,2.948,0.005,REVOKED
core_breakdown,1000,500,100,19,109,38,10838,2.522,1.692,0.022,0.182,3.011,0.006,REVOKED
core_breakdown,1000,500,100,19,109,39,10839,2.591,1.789,0.022,0.178,2.997,0.006,REVOKED
core_breakdown,1000,500,100,19,109,40,10840,2.523,1.734,0.023,0.199,3.002,0.005,REVOKED
core_breakdown,1000,500,100,19,109,41,10841,2.612,1.829,0.024,0.177,3.002,0.005,REVOKED
core_breakdown,1000,500,100,19,109,42,10842,2.689,1.784,0.021,0.179,2.982,0.006,REVOKED
core_breakdown,1000,500,100,19,109,43,10843,2.588,1.737,0.029,0.173,2.973,0.006,REVOKED
core_breakdown,1000,500,100,19,109,44,10844,2.598,1.758,0.023,0.181,2.89,0.006,REVOKED
core_breakdown,1000,500,100,19,109,45,10845,2.517,1.723,0.022,0.175,2.938,0.006,REVOKED
core_breakdown,1000,500,100,19,109,46,10846,2.513,1.706,0.019,0.2,2.926,0.006,REVOKED
core_breakdown,1000,500,100,19,109,47,10847,2.543,1.738,0.02,0.175,2.979,0.005,REVOKED
core_breakdown,1000,500,100,19,109,48,10848,2.595,1.723,0.026,0.164,2.941,0.007,REVOKED
core_breakdown,1000,500,100,19,109,49,10849,2.628,1.829,0.022,0.175,2.973,0.01,REVOKED
core_breakdown,1000,500,100,19,109,50,10850,2.575,1.726,0.022,0.186,2.992,0.005,REVOKED
core_breakdown,1000,500,100,19,109,51,10851,2.602,1.773,0.019,0.183,2.939,0.011,REVOKED
core_breakdown,1000,500,100,19,109,52,10852,2.555,1.735,0.022,0.178,2.949,0.005,REVOKED
core_breakdown,1000,500,100,19,109,53,10853,2.544,1.745,0.02,0.196,3.018,0.005,REVOKED
core_breakdown,1000,500,100,19,109,54,10854,2.622,1.79,0.023,0.179,2.947,0.006,REVOKED
core_breakdown,1000,500,100,19,109,55,10855,2.639,1.771,0.03,0.182,3.074,0.005,REVOKED
core_breakdown,1000,500,100,19,109,56,10856,2.639,1.817,0.024,0.19,2.97,0.006,REVOKED
core_breakdown,1000,500,100,19,109,57,10857,2.699,1.825,0.022,0.191,3.782,0.007,REVOKED
core_breakdown,1000,500,100,19,109,58,10858,3.046,2.051,0.022,0.214,3.341,0.006,REVOKED
core_breakdown,1000,500,100,19,109,59,10859,2.98,2.06,0.019,0.198,3.258,0.006,REVOKED
core_breakdown,1000,500,100,19,109,60,10860,2.633,1.782,0.041,0.179,2.974,0.006,REVOKED
core_breakdown,1000,500,100,19,109,61,10861,2.53,1.711,0.02,0.178,3.015,0.007,REVOKED
core_breakdown,1000,500,100,19,109,62,10862,2.58,1.791,0.025,0.178,3.007,0.006,REVOKED
core_breakdown,1000,500,100,19,109,63,10863,2.475,1.66,0.021,0.183,2.933,0.005,REVOKED
core_breakdown,1000,500,100,19,109,64,10864,2.698,1.809,0.02,0.169,2.91,0.007,REVOKED
core_breakdown,1000,500,100,19,109,65,10865,2.611,1.757,0.026,0.161,3.07,0.005,REVOKED
core_breakdown,1000,500,100,19,109,66,10866,2.541,1.726,0.027,0.17,2.999,0.006,REVOKED
core_breakdown,1000,500,100,19,109,67,10867,2.606,1.757,0.025,0.172,2.964,0.006,REVOKED
core_breakdown,1000,500,100,19,109,68,10868,2.625,1.758,0.023,0.175,2.953,0.006,REVOKED
core_breakdown,1000,500,100,19,109,69,10869,2.935,1.998,0.024,0.209,3.42,0.006,REVOKED
core_breakdown,1000,500,100,19,109,70,10870,2.959,2.021,0.021,0.188,3.34,0.007,REVOKED
core_breakdown,1000,500,100,19,109,71,10871,3.0,2.065,0.025,0.17,3.037,0.006,REVOKED
core_breakdown,1000,500,100,19,109,72,10872,2.565,1.749,0.026,0.172,2.997,0.006,REVOKED
core_breakdown,1000,500,100,19,109,73,10873,2.585,1.744,0.021,0.195,2.986,0.006,REVOKED
core_breakdown,1000,500,100,19,109,74,10874,2.601,1.744,0.018,0.174,2.952,0.005,REVOKED
core_breakdown,1000,500,100,19,109,75,10875,2.562,1.757,0.025,0.172,2.942,0.006,REVOKED
core_breakdown,1000,500,100,19,109,76,10876,2.604,1.756,0.018,0.18,2.916,0.011,REVOKED
core_breakdown,1000,500,100,19,109,77,10877,2.603,1.798,0.027,0.185,2.902,0.006,REVOKED
core_breakdown,1000,500,100,19,109,78,10878,2.596,1.778,0.02,0.177,2.993,0.006,REVOKED
core_breakdown,1000,500,100,19,109,79,10879,2.567,1.754,0.022,0.194,2.921,0.006,REVOKED
core_breakdown,1000,500,100,19,109,80,10880,2.606,1.785,0.021,0.172,2.964,0.006,REVOKED
core_breakdown,1000,500,100,19,109,81,10881,2.553,1.728,0.019,0.17,2.917,0.006,REVOKED
core_breakdown,1000,500,100,19,109,82,10882,2.553,1.73,0.02,0.163,2.977,0.005,REVOKED
core_breakdown,1000,500,100,19,109,83,10883,2.57,1.734,0.024,0.176,2.912,0.007,REVOKED
core_breakdown,1000,500,100,19,109,84,10884,2.702,1.9,0.026,0.183,2.962,0.005,REVOKED
core_breakdown,1000,500,100,19,109,85,10885,2.586,1.761,0.023,0.163,2.935,0.006,REVOKED
core_breakdown,1000,500,100,19,109,86,10886,2.799,1.993,0.025,0.174,2.987,0.006,REVOKED
core_breakdown,1000,500,100,19,109,87,10887,2.576,1.772,0.021,0.172,2.974,0.006,REVOKED
core_breakdown,1000,500,100,19,109,88,10888,2.626,1.798,0.019,0.16,2.901,0.006,REVOKED
core_breakdown,1000,500,100,19,109,89,10889,2.612,1.808,0.023,0.174,2.933,0.005,REVOKED
core_breakdown,1000,500,100,19,109,90,10890,2.587,1.759,0.026,0.175,3.06,0.005,REVOKED
core_breakdown,1000,500,100,19,109,91,10891,2.632,1.784,0.022,0.171,3.005,0.007,REVOKED
core_breakdown,1000,500,100,19,109,92,10892,2.588,1.776,0.022,0.195,3.138,0.006,REVOKED
core_breakdown,1000,500,100,19,109,93,10893,2.59,1.77,0.02,0.178,3.08,0.006,REVOKED
core_breakdown,1000,500,100,19,109,94,10894,2.584,1.758,0.02,0.177,2.999,0.006,REVOKED
core_breakdown,1000,500,100,19,109,95,10895,2.569,1.754,0.019,0.184,3.032,0.006,REVOKED
core_breakdown,1000,500,100,19,109,96,10896,2.586,1.752,0.019,0.18,2.989,0.007,REVOKED
core_breakdown,1000,500,100,19,109,97,10897,2.611,1.783,0.018,0.173,2.985,0.019,REVOKED
core_breakdown,1000,500,100,19,109,98,10898,2.577,1.741,0.022,0.174,3.004,0.005,REVOKED
core_breakdown,1000,500,100,19,109,99,10899,2.583,1.757,0.025,0.179,2.989,0.006,REVOKED
core_breakdown,1000,500,100,19,109,100,10900,2.624,1.8,0.02,0.168,3.04,0.006,REVOKED
core_breakdown,1000,500,100,20,110,1,10901,7.256,4.356,0.249,0.49,7.265,0.064,REVOKED
core_breakdown,1000,500,100,20,110,2,10902,5.16,3.316,0.141,0.372,5.93,0.031,REVOKED
core_breakdown,1000,500,100,20,110,3,10903,4.781,3.23,0.083,0.326,4.95,0.019,REVOKED
core_breakdown,1000,500,100,20,110,4,10904,4.169,2.793,0.063,0.271,4.223,0.012,REVOKED
core_breakdown,1000,500,100,20,110,5,10905,3.803,2.563,0.056,0.246,3.794,0.008,REVOKED
core_breakdown,1000,500,100,20,110,6,10906,3.259,2.2,0.038,0.241,3.736,0.009,REVOKED
core_breakdown,1000,500,100,20,110,7,10907,3.289,2.219,0.039,0.224,3.672,0.008,REVOKED
core_breakdown,1000,500,100,20,110,8,10908,3.227,2.186,0.038,0.214,3.706,0.008,REVOKED
core_breakdown,1000,500,100,20,110,9,10909,3.283,2.203,0.036,0.216,3.597,0.007,REVOKED
core_breakdown,1000,500,100,20,110,10,10910,3.146,2.121,0.028,0.208,3.626,0.014,REVOKED
core_breakdown,1000,500,100,20,110,11,10911,3.395,2.266,0.069,0.204,3.623,0.008,REVOKED
core_breakdown,1000,500,100,20,110,12,10912,3.141,2.146,0.035,0.2,3.459,0.008,REVOKED
core_breakdown,1000,500,100,20,110,13,10913,3.093,2.105,0.026,0.211,3.477,0.008,REVOKED
core_breakdown,1000,500,100,20,110,14,10914,3.005,2.032,0.034,0.222,3.347,0.006,REVOKED
core_breakdown,1000,500,100,20,110,15,10915,2.987,2.037,0.027,0.212,3.011,0.006,REVOKED
core_breakdown,1000,500,100,20,110,16,10916,2.595,1.731,0.024,0.165,2.881,0.007,REVOKED
core_breakdown,1000,500,100,20,110,17,10917,2.562,1.759,0.025,0.184,3.019,0.006,REVOKED
core_breakdown,1000,500,100,20,110,18,10918,2.638,1.762,0.025,0.192,3.014,0.006,REVOKED
core_breakdown,1000,500,100,20,110,19,10919,2.519,1.702,0.027,0.169,2.959,0.005,REVOKED
core_breakdown,1000,500,100,20,110,20,10920,2.532,1.731,0.023,0.184,2.879,0.008,REVOKED
core_breakdown,1000,500,100,20,110,21,10921,2.58,1.732,0.026,0.211,2.997,0.006,REVOKED
core_breakdown,1000,500,100,20,110,22,10922,2.524,1.707,0.022,0.16,2.976,0.006,REVOKED
core_breakdown,1000,500,100,20,110,23,10923,2.563,1.719,0.029,0.163,2.956,0.006,REVOKED
core_breakdown,1000,500,100,20,110,24,10924,2.514,1.72,0.026,0.193,3.029,0.006,REVOKED
core_breakdown,1000,500,100,20,110,25,10925,2.676,1.854,0.025,0.188,3.07,0.009,REVOKED
core_breakdown,1000,500,100,20,110,26,10926,2.757,1.903,0.023,0.194,3.118,0.006,REVOKED
core_breakdown,1000,500,100,20,110,27,10927,2.716,1.872,0.028,0.189,3.103,0.012,REVOKED
core_breakdown,1000,500,100,20,110,28,10928,2.635,1.805,0.024,0.175,3.124,0.006,REVOKED
core_breakdown,1000,500,100,20,110,29,10929,2.596,1.743,0.03,0.18,3.087,0.006,REVOKED
core_breakdown,1000,500,100,20,110,30,10930,2.534,1.685,0.021,0.168,3.402,0.007,REVOKED
core_breakdown,1000,500,100,20,110,31,10931,2.989,2.034,0.023,0.196,3.409,0.006,REVOKED
core_breakdown,1000,500,100,20,110,32,10932,2.924,2.006,0.028,0.18,3.013,0.006,REVOKED
core_breakdown,1000,500,100,20,110,33,10933,2.608,1.786,0.021,0.178,2.992,0.006,REVOKED
core_breakdown,1000,500,100,20,110,34,10934,2.594,1.744,0.023,0.171,3.13,0.006,REVOKED
core_breakdown,1000,500,100,20,110,35,10935,2.217,1.497,0.027,0.153,2.673,0.005,REVOKED
core_breakdown,1000,500,100,20,110,36,10936,2.712,1.879,0.025,0.217,3.268,0.008,REVOKED
core_breakdown,1000,500,100,20,110,37,10937,2.472,1.673,0.03,0.236,2.86,0.006,REVOKED
core_breakdown,1000,500,100,20,110,38,10938,2.455,1.681,0.021,0.158,2.961,0.005,REVOKED
core_breakdown,1000,500,100,20,110,39,10939,2.951,2.03,0.02,0.2,3.456,0.011,REVOKED
core_breakdown,1000,500,100,20,110,40,10940,2.957,2.053,0.021,0.203,3.262,0.006,REVOKED
core_breakdown,1000,500,100,20,110,41,10941,2.86,1.951,0.026,0.199,3.213,0.007,REVOKED
core_breakdown,1000,500,100,20,110,42,10942,2.892,1.985,0.021,0.191,3.303,0.006,REVOKED
core_breakdown,1000,500,100,20,110,43,10943,2.855,1.945,0.029,0.191,3.268,0.006,REVOKED
core_breakdown,1000,500,100,20,110,44,10944,2.874,1.953,0.024,0.201,3.242,0.006,REVOKED
core_breakdown,1000,500,100,20,110,45,10945,2.89,1.992,0.024,0.199,3.34,0.007,REVOKED
core_breakdown,1000,500,100,20,110,46,10946,2.923,2.004,0.024,0.198,3.278,0.006,REVOKED
core_breakdown,1000,500,100,20,110,47,10947,2.939,2.005,0.021,0.19,3.289,0.008,REVOKED
core_breakdown,1000,500,100,20,110,48,10948,2.882,1.996,0.027,0.184,3.295,0.006,REVOKED
core_breakdown,1000,500,100,20,110,49,10949,2.868,1.966,0.024,0.186,3.335,0.009,REVOKED
core_breakdown,1000,500,100,20,110,50,10950,2.956,2.004,0.022,0.196,3.2,0.006,REVOKED
core_breakdown,1000,500,100,20,110,51,10951,2.918,2.001,0.024,0.204,3.2,0.006,REVOKED
core_breakdown,1000,500,100,20,110,52,10952,2.961,2.024,0.025,0.194,3.273,0.006,REVOKED
core_breakdown,1000,500,100,20,110,53,10953,2.963,2.011,0.021,0.219,3.481,0.005,REVOKED
core_breakdown,1000,500,100,20,110,54,10954,2.904,1.988,0.024,0.168,2.839,0.006,REVOKED
core_breakdown,1000,500,100,20,110,55,10955,2.918,2.016,0.026,0.209,3.297,0.006,REVOKED
core_breakdown,1000,500,100,20,110,56,10956,2.984,2.041,0.023,0.202,3.294,0.014,REVOKED
core_breakdown,1000,500,100,20,110,57,10957,3.024,2.056,0.023,0.218,3.534,0.006,REVOKED
core_breakdown,1000,500,100,20,110,58,10958,3.058,2.11,0.025,0.198,3.346,0.005,REVOKED
core_breakdown,1000,500,100,20,110,59,10959,2.969,2.019,0.021,0.204,3.324,0.006,REVOKED
core_breakdown,1000,500,100,20,110,60,10960,3.074,2.077,0.02,0.206,3.401,0.006,REVOKED
core_breakdown,1000,500,100,20,110,61,10961,2.651,1.79,0.024,0.186,3.078,0.007,REVOKED
core_breakdown,1000,500,100,20,110,62,10962,2.645,1.795,0.021,0.181,2.955,0.005,REVOKED
core_breakdown,1000,500,100,20,110,63,10963,2.6,1.777,0.021,0.182,2.964,0.006,REVOKED
core_breakdown,1000,500,100,20,110,64,10964,2.619,1.825,0.023,0.189,2.985,0.005,REVOKED
core_breakdown,1000,500,100,20,110,65,10965,2.617,1.818,0.02,0.172,3.03,0.006,REVOKED
core_breakdown,1000,500,100,20,110,66,10966,2.514,1.718,0.024,0.171,2.973,0.006,REVOKED
core_breakdown,1000,500,100,20,110,67,10967,2.578,1.779,0.021,0.188,3.079,0.005,REVOKED
core_breakdown,1000,500,100,20,110,68,10968,2.668,1.804,0.019,0.18,2.955,0.007,REVOKED
core_breakdown,1000,500,100,20,110,69,10969,2.599,1.764,0.024,0.2,2.99,0.006,REVOKED
core_breakdown,1000,500,100,20,110,70,10970,2.597,1.758,0.028,0.173,2.96,0.006,REVOKED
core_breakdown,1000,500,100,20,110,71,10971,2.588,1.719,0.023,0.183,2.971,0.005,REVOKED
core_breakdown,1000,500,100,20,110,72,10972,2.588,1.719,0.024,0.168,2.922,0.006,REVOKED
core_breakdown,1000,500,100,20,110,73,10973,2.545,1.738,0.023,0.177,2.99,0.006,REVOKED
core_breakdown,1000,500,100,20,110,74,10974,2.621,1.796,0.022,0.173,3.381,0.007,REVOKED
core_breakdown,1000,500,100,20,110,75,10975,2.6,1.746,0.025,0.172,2.918,0.006,REVOKED
core_breakdown,1000,500,100,20,110,76,10976,2.563,1.768,0.022,0.16,2.966,0.006,REVOKED
core_breakdown,1000,500,100,20,110,77,10977,2.556,1.711,0.024,0.17,2.898,0.006,REVOKED
core_breakdown,1000,500,100,20,110,78,10978,2.54,1.741,0.025,0.171,2.909,0.006,REVOKED
core_breakdown,1000,500,100,20,110,79,10979,2.527,1.748,0.023,0.184,2.898,0.005,REVOKED
core_breakdown,1000,500,100,20,110,80,10980,2.522,1.694,0.022,0.174,2.949,0.005,REVOKED
core_breakdown,1000,500,100,20,110,81,10981,2.612,1.768,0.021,0.171,2.92,0.006,REVOKED
core_breakdown,1000,500,100,20,110,82,10982,2.848,1.988,0.033,0.216,2.923,0.006,REVOKED
core_breakdown,1000,500,100,20,110,83,10983,2.132,1.451,0.026,0.139,2.876,0.007,REVOKED
core_breakdown,1000,500,100,20,110,84,10984,2.531,1.742,0.027,0.178,2.908,0.006,REVOKED
core_breakdown,1000,500,100,20,110,85,10985,2.535,1.711,0.021,0.189,2.873,0.006,REVOKED
core_breakdown,1000,500,100,20,110,86,10986,2.545,1.762,0.023,0.176,2.973,0.011,REVOKED
core_breakdown,1000,500,100,20,110,87,10987,2.523,1.742,0.026,0.174,2.887,0.005,REVOKED
core_breakdown,1000,500,100,20,110,88,10988,2.514,1.693,0.024,0.197,2.999,0.006,REVOKED
core_breakdown,1000,500,100,20,110,89,10989,2.534,1.734,0.024,0.165,2.989,0.006,REVOKED
core_breakdown,1000,500,100,20,110,90,10990,2.636,1.841,0.022,0.178,3.009,0.007,REVOKED
core_breakdown,1000,500,100,20,110,91,10991,2.491,1.723,0.023,0.187,2.846,0.006,REVOKED
core_breakdown,1000,500,100,20,110,92,10992,2.608,1.752,0.023,0.184,2.972,0.006,REVOKED
core_breakdown,1000,500,100,20,110,93,10993,2.595,1.799,0.022,0.156,2.936,0.006,REVOKED
core_breakdown,1000,500,100,20,110,94,10994,2.539,1.73,0.028,0.171,3.008,0.006,REVOKED
core_breakdown,1000,500,100,20,110,95,10995,2.485,1.681,0.021,0.168,2.875,0.006,REVOKED
core_breakdown,1000,500,100,20,110,96,10996,2.589,1.758,0.022,0.192,2.997,0.006,REVOKED
core_breakdown,1000,500,100,20,110,97,10997,2.56,1.75,0.022,0.174,2.908,0.013,REVOKED
core_breakdown,1000,500,100,20,110,98,10998,2.558,1.741,0.025,0.179,3.053,0.006,REVOKED
core_breakdown,1000,500,100,20,110,99,10999,2.557,1.758,0.022,0.162,2.968,0.006,REVOKED
core_breakdown,1000,500,100,20,110,100,11000,2.531,1.737,0.023,0.181,2.931,0.006,REVOKED
core_breakdown,1000,500,100,21,111,1,11001,6.576,4.163,0.299,0.508,6.624,0.066,REVOKED
core_breakdown,1000,500,100,21,111,2,11002,6.323,4.184,0.135,0.4,6.268,0.03,REVOKED
core_breakdown,1000,500,100,21,111,3,11003,5.139,3.485,0.083,0.329,5.084,0.013,REVOKED
core_breakdown,1000,500,100,21,111,4,11004,4.097,2.772,0.051,0.271,4.219,0.01,REVOKED
core_breakdown,1000,500,100,21,111,5,11005,3.762,2.529,0.052,0.247,4.125,0.01,REVOKED
core_breakdown,1000,500,100,21,111,6,11006,3.674,2.496,0.037,0.246,3.939,0.007,REVOKED
core_breakdown,1000,500,100,21,111,7,11007,3.48,2.38,0.03,0.232,3.73,0.006,REVOKED
core_breakdown,1000,500,100,21,111,8,11008,3.397,2.341,0.025,0.224,3.901,0.008,REVOKED
core_breakdown,1000,500,100,21,111,9,11009,3.459,2.353,0.038,0.227,3.786,0.007,REVOKED
core_breakdown,1000,500,100,21,111,10,11010,3.418,2.344,0.03,0.22,3.713,0.007,REVOKED
core_breakdown,1000,500,100,21,111,11,11011,3.408,2.327,0.029,0.228,3.763,0.016,REVOKED
core_breakdown,1000,500,100,21,111,12,11012,3.051,2.064,0.049,0.212,3.423,0.009,REVOKED
core_breakdown,1000,500,100,21,111,13,11013,3.0,2.077,0.031,0.203,3.308,0.009,REVOKED
core_breakdown,1000,500,100,21,111,14,11014,2.968,2.026,0.023,0.195,3.399,0.007,REVOKED
core_breakdown,1000,500,100,21,111,15,11015,3.003,2.055,0.029,0.201,3.288,0.007,REVOKED
core_breakdown,1000,500,100,21,111,16,11016,2.932,2.002,0.035,0.191,3.203,0.007,REVOKED
core_breakdown,1000,500,100,21,111,17,11017,2.962,2.011,0.021,0.977,3.368,0.006,REVOKED
core_breakdown,1000,500,100,21,111,18,11018,2.968,2.005,0.026,0.201,3.39,0.006,REVOKED
core_breakdown,1000,500,100,21,111,19,11019,2.965,2.02,0.031,0.197,3.328,0.007,REVOKED
core_breakdown,1000,500,100,21,111,20,11020,2.926,1.978,0.023,0.222,3.277,0.006,REVOKED
core_breakdown,1000,500,100,21,111,21,11021,2.957,1.997,0.027,0.202,3.329,0.006,REVOKED
core_breakdown,1000,500,100,21,111,22,11022,2.953,2.024,0.023,0.211,3.381,0.006,REVOKED
core_breakdown,1000,500,100,21,111,23,11023,2.928,2.001,0.023,0.214,3.367,0.006,REVOKED
core_breakdown,1000,500,100,21,111,24,11024,2.888,1.993,0.023,0.198,3.397,0.01,REVOKED
core_breakdown,1000,500,100,21,111,25,11025,3.016,2.069,0.023,0.197,3.391,0.011,REVOKED
core_breakdown,1000,500,100,21,111,26,11026,2.969,2.039,0.024,0.206,3.329,0.007,REVOKED
core_breakdown,1000,500,100,21,111,27,11027,2.92,2.002,0.023,0.194,3.308,0.006,REVOKED
core_breakdown,1000,500,100,21,111,28,11028,3.03,2.069,0.027,0.192,3.324,0.005,REVOKED
core_breakdown,1000,500,100,21,111,29,11029,3.035,2.08,0.025,0.192,3.373,0.006,REVOKED
core_breakdown,1000,500,100,21,111,30,11030,2.952,2.031,0.022,0.213,3.266,0.007,REVOKED
core_breakdown,1000,500,100,21,111,31,11031,2.919,2.001,0.021,0.188,3.34,0.005,REVOKED
core_breakdown,1000,500,100,21,111,32,11032,2.901,2.002,0.019,0.202,3.28,0.005,REVOKED
core_breakdown,1000,500,100,21,111,33,11033,2.894,1.962,0.022,0.199,3.308,0.006,REVOKED
core_breakdown,1000,500,100,21,111,34,11034,3.001,2.067,0.028,0.192,3.258,0.006,REVOKED
core_breakdown,1000,500,100,21,111,35,11035,2.991,2.056,0.026,0.203,3.214,0.006,REVOKED
core_breakdown,1000,500,100,21,111,36,11036,2.918,1.996,0.023,0.198,3.388,0.02,REVOKED
core_breakdown,1000,500,100,21,111,37,11037,2.958,2.041,0.02,0.197,3.307,0.006,REVOKED
core_breakdown,1000,500,100,21,111,38,11038,2.974,2.046,0.024,0.215,3.349,0.008,REVOKED
core_breakdown,1000,500,100,21,111,39,11039,2.943,2.013,0.018,0.196,3.347,0.006,REVOKED
core_breakdown,1000,500,100,21,111,40,11040,2.994,2.011,0.018,0.237,3.379,0.006,REVOKED
core_breakdown,1000,500,100,21,111,41,11041,2.97,2.019,0.031,0.206,3.354,0.006,REVOKED
core_breakdown,1000,500,100,21,111,42,11042,2.96,2.042,0.023,0.194,3.261,0.005,REVOKED
core_breakdown,1000,500,100,21,111,43,11043,2.923,1.997,0.024,0.197,3.315,0.005,REVOKED
core_breakdown,1000,500,100,21,111,44,11044,2.941,1.998,0.024,0.2,3.252,0.006,REVOKED
core_breakdown,1000,500,100,21,111,45,11045,2.944,2.033,0.026,0.203,3.263,0.006,REVOKED
core_breakdown,1000,500,100,21,111,46,11046,3.187,2.209,0.026,0.197,3.366,0.006,REVOKED
core_breakdown,1000,500,100,21,111,47,11047,2.941,2.026,0.024,0.194,3.371,0.006,REVOKED
core_breakdown,1000,500,100,21,111,48,11048,3.026,2.044,0.024,0.198,3.307,0.006,REVOKED
core_breakdown,1000,500,100,21,111,49,11049,2.943,2.031,0.023,0.191,3.288,0.01,REVOKED
core_breakdown,1000,500,100,21,111,50,11050,2.967,2.046,0.026,0.193,3.361,0.006,REVOKED
core_breakdown,1000,500,100,21,111,51,11051,2.949,1.974,0.026,0.195,3.318,0.005,REVOKED
core_breakdown,1000,500,100,21,111,52,11052,2.949,2.023,0.022,0.192,3.366,0.006,REVOKED
core_breakdown,1000,500,100,21,111,53,11053,2.943,1.983,0.026,0.191,3.325,0.005,REVOKED
core_breakdown,1000,500,100,21,111,54,11054,2.949,2.049,0.024,0.196,3.199,0.006,REVOKED
core_breakdown,1000,500,100,21,111,55,11055,2.946,2.018,0.026,0.212,3.311,0.005,REVOKED
core_breakdown,1000,500,100,21,111,56,11056,2.912,2.002,0.024,0.197,3.287,0.005,REVOKED
core_breakdown,1000,500,100,21,111,57,11057,2.954,2.021,0.02,0.193,5.067,0.009,REVOKED
core_breakdown,1000,500,100,21,111,58,11058,3.092,2.087,0.033,0.211,3.359,0.007,REVOKED
core_breakdown,1000,500,100,21,111,59,11059,2.967,2.023,0.023,0.2,3.413,0.007,REVOKED
core_breakdown,1000,500,100,21,111,60,11060,2.987,2.046,0.03,0.2,3.289,0.007,REVOKED
core_breakdown,1000,500,100,21,111,61,11061,2.896,1.993,0.021,0.179,3.294,0.006,REVOKED
core_breakdown,1000,500,100,21,111,62,11062,2.944,2.032,0.022,0.191,3.288,0.006,REVOKED
core_breakdown,1000,500,100,21,111,63,11063,2.925,1.994,0.023,0.195,3.278,0.006,REVOKED
core_breakdown,1000,500,100,21,111,64,11064,2.909,1.98,0.021,0.194,3.25,0.006,REVOKED
core_breakdown,1000,500,100,21,111,65,11065,2.939,1.989,0.02,0.202,3.327,0.006,REVOKED
core_breakdown,1000,500,100,21,111,66,11066,2.914,2.001,0.021,0.191,3.346,0.006,REVOKED
core_breakdown,1000,500,100,21,111,67,11067,2.907,1.969,0.027,0.192,3.287,0.006,REVOKED
core_breakdown,1000,500,100,21,111,68,11068,2.895,1.997,0.021,0.196,3.336,0.006,REVOKED
core_breakdown,1000,500,100,21,111,69,11069,2.904,1.992,0.026,0.206,3.239,0.006,REVOKED
core_breakdown,1000,500,100,21,111,70,11070,2.945,2.027,0.024,0.191,3.31,0.006,REVOKED
core_breakdown,1000,500,100,21,111,71,11071,2.88,1.968,0.025,0.189,3.306,0.006,REVOKED
core_breakdown,1000,500,100,21,111,72,11072,2.933,1.983,0.021,0.203,3.305,0.005,REVOKED
core_breakdown,1000,500,100,21,111,73,11073,2.892,1.948,0.025,0.193,3.274,0.01,REVOKED
core_breakdown,1000,500,100,21,111,74,11074,2.961,2.032,0.023,0.212,3.468,0.005,REVOKED
core_breakdown,1000,500,100,21,111,75,11075,3.062,2.092,0.021,0.206,3.435,0.006,REVOKED
core_breakdown,1000,500,100,21,111,76,11076,3.019,2.044,0.026,0.198,3.441,0.006,REVOKED
core_breakdown,1000,500,100,21,111,77,11077,3.031,2.045,0.024,0.24,3.391,0.006,REVOKED
core_breakdown,1000,500,100,21,111,78,11078,3.019,2.027,0.024,0.205,3.4,0.005,REVOKED
core_breakdown,1000,500,100,21,111,79,11079,3.041,2.081,0.022,0.212,3.422,0.005,REVOKED
core_breakdown,1000,500,100,21,111,80,11080,3.016,2.047,0.022,0.199,3.333,0.006,REVOKED
core_breakdown,1000,500,100,21,111,81,11081,2.924,2.01,0.025,0.198,3.272,0.006,REVOKED
core_breakdown,1000,500,100,21,111,82,11082,2.9,2.007,0.022,0.201,3.363,0.005,REVOKED
core_breakdown,1000,500,100,21,111,83,11083,2.985,2.021,0.023,0.21,3.281,0.007,REVOKED
core_breakdown,1000,500,100,21,111,84,11084,2.943,2.014,0.021,0.188,3.3,0.006,REVOKED
core_breakdown,1000,500,100,21,111,85,11085,2.947,2.022,0.02,0.192,3.411,0.007,REVOKED
core_breakdown,1000,500,100,21,111,86,11086,2.911,2.0,0.025,0.191,3.132,0.006,REVOKED
core_breakdown,1000,500,100,21,111,87,11087,2.614,1.791,0.023,0.166,3.014,0.006,REVOKED
core_breakdown,1000,500,100,21,111,88,11088,2.721,1.83,0.022,0.192,3.373,0.006,REVOKED
core_breakdown,1000,500,100,21,111,89,11089,2.967,2.054,0.027,0.226,3.32,0.006,REVOKED
core_breakdown,1000,500,100,21,111,90,11090,2.936,2.012,0.02,0.189,3.324,0.013,REVOKED
core_breakdown,1000,500,100,21,111,91,11091,2.892,1.978,0.024,0.192,3.349,0.006,REVOKED
core_breakdown,1000,500,100,21,111,92,11092,2.935,2.032,0.022,0.198,3.327,0.006,REVOKED
core_breakdown,1000,500,100,21,111,93,11093,2.933,2.006,0.02,0.199,3.319,0.005,REVOKED
core_breakdown,1000,500,100,21,111,94,11094,2.92,2.004,0.028,0.2,3.374,0.006,REVOKED
core_breakdown,1000,500,100,21,111,95,11095,2.885,1.992,0.02,0.198,3.316,0.006,REVOKED
core_breakdown,1000,500,100,21,111,96,11096,2.966,2.042,0.026,0.206,3.226,0.006,REVOKED
core_breakdown,1000,500,100,21,111,97,11097,2.92,1.996,0.024,0.209,3.324,0.017,REVOKED
core_breakdown,1000,500,100,21,111,98,11098,2.954,2.032,0.021,0.195,3.256,0.006,REVOKED
core_breakdown,1000,500,100,21,111,99,11099,2.773,1.848,0.02,0.168,3.003,0.006,REVOKED
core_breakdown,1000,500,100,21,111,100,11100,2.66,1.81,0.022,0.177,2.947,0.005,REVOKED
core_breakdown,1000,500,100,22,112,1,11101,6.089,3.891,0.284,0.456,6.915,0.051,REVOKED
core_breakdown,1000,500,100,22,112,2,11102,4.946,3.458,0.123,0.327,5.342,0.025,REVOKED
core_breakdown,1000,500,100,22,112,3,11103,4.403,2.855,0.079,0.252,3.926,0.016,REVOKED
core_breakdown,1000,500,100,22,112,4,11104,3.306,2.236,0.05,0.227,3.648,0.014,REVOKED
core_breakdown,1000,500,100,22,112,5,11105,3.013,2.049,0.04,0.223,3.576,0.007,REVOKED
core_breakdown,1000,500,100,22,112,6,11106,3.154,2.144,0.029,0.199,3.42,0.006,REVOKED
core_breakdown,1000,500,100,22,112,7,11107,3.13,2.076,0.03,0.235,3.859,0.012,REVOKED
core_breakdown,1000,500,100,22,112,8,11108,3.119,2.126,0.043,0.215,3.483,0.006,REVOKED
core_breakdown,1000,500,100,22,112,9,11109,3.062,2.094,0.025,0.208,3.078,0.007,REVOKED
core_breakdown,1000,500,100,22,112,10,11110,2.68,1.835,0.023,0.173,2.936,0.007,REVOKED
core_breakdown,1000,500,100,22,112,11,11111,2.608,1.785,0.026,0.222,2.974,0.006,REVOKED
core_breakdown,1000,500,100,22,112,12,11112,2.599,1.763,0.026,0.181,3.028,0.006,REVOKED
core_breakdown,1000,500,100,22,112,13,11113,2.65,1.817,0.028,0.183,2.879,0.007,REVOKED
core_breakdown,1000,500,100,22,112,14,11114,2.63,1.784,0.03,0.188,2.927,0.007,REVOKED
core_breakdown,1000,500,100,22,112,15,11115,2.607,1.808,0.023,0.202,3.293,0.006,REVOKED
core_breakdown,1000,500,100,22,112,16,11116,2.941,2.025,0.025,0.193,3.297,0.005,REVOKED
core_breakdown,1000,500,100,22,112,17,11117,2.915,2.014,0.021,0.203,3.294,0.005,REVOKED
core_breakdown,1000,500,100,22,112,18,11118,2.944,2.007,0.024,0.203,3.043,0.006,REVOKED
core_breakdown,1000,500,100,22,112,19,11119,2.858,2.004,0.02,0.188,3.286,0.007,REVOKED
core_breakdown,1000,500,100,22,112,20,11120,2.938,1.982,0.029,0.191,3.322,0.005,REVOKED
core_breakdown,1000,500,100,22,112,21,11121,2.989,2.045,0.025,0.215,3.381,0.006,REVOKED
core_breakdown,1000,500,100,22,112,22,11122,2.902,1.982,0.022,0.199,3.237,0.007,REVOKED
core_breakdown,1000,500,100,22,112,23,11123,2.634,1.759,0.019,0.172,3.05,0.007,REVOKED
core_breakdown,1000,500,100,22,112,24,11124,2.577,1.769,0.018,0.215,3.357,0.005,REVOKED
core_breakdown,1000,500,100,22,112,25,11125,2.969,2.024,0.029,0.201,3.327,0.01,REVOKED
core_breakdown,1000,500,100,22,112,26,11126,2.901,1.994,0.025,0.21,3.386,0.006,REVOKED
core_breakdown,1000,500,100,22,112,27,11127,2.954,2.015,0.024,0.197,3.312,0.005,REVOKED
core_breakdown,1000,500,100,22,112,28,11128,2.97,2.047,0.019,0.192,3.409,0.005,REVOKED
core_breakdown,1000,500,100,22,112,29,11129,2.901,1.999,0.018,0.189,3.434,0.005,REVOKED
core_breakdown,1000,500,100,22,112,30,11130,2.915,1.99,0.027,0.19,3.326,0.005,REVOKED
core_breakdown,1000,500,100,22,112,31,11131,2.926,2.017,0.019,0.198,3.299,0.006,REVOKED
core_breakdown,1000,500,100,22,112,32,11132,3.003,2.059,0.025,0.188,3.413,0.006,REVOKED
core_breakdown,1000,500,100,22,112,33,11133,2.93,2.027,0.025,0.193,3.364,0.006,REVOKED
core_breakdown,1000,500,100,22,112,34,11134,2.902,1.986,0.021,0.207,3.272,0.006,REVOKED
core_breakdown,1000,500,100,22,112,35,11135,2.967,2.03,0.026,0.2,3.27,0.006,REVOKED
core_breakdown,1000,500,100,22,112,36,11136,2.898,1.984,0.024,0.195,3.353,0.005,REVOKED
core_breakdown,1000,500,100,22,112,37,11137,2.932,2.006,0.022,0.193,3.371,0.006,REVOKED
core_breakdown,1000,500,100,22,112,38,11138,2.917,2.014,0.019,0.188,3.282,0.007,REVOKED
core_breakdown,1000,500,100,22,112,39,11139,3.013,2.076,0.022,0.2,3.266,0.005,REVOKED
core_breakdown,1000,500,100,22,112,40,11140,2.982,2.077,0.02,0.188,3.288,0.006,REVOKED
core_breakdown,1000,500,100,22,112,41,11141,2.904,2.005,0.018,0.189,3.33,0.006,REVOKED
core_breakdown,1000,500,100,22,112,42,11142,2.957,1.994,0.025,0.198,3.336,0.006,REVOKED
core_breakdown,1000,500,100,22,112,43,11143,2.953,2.039,0.02,0.2,3.328,0.005,REVOKED
core_breakdown,1000,500,100,22,112,44,11144,2.939,2.015,0.021,0.203,3.336,0.006,REVOKED
core_breakdown,1000,500,100,22,112,45,11145,2.912,1.99,0.026,0.195,3.394,0.006,REVOKED
core_breakdown,1000,500,100,22,112,46,11146,2.922,2.015,0.02,0.216,3.329,0.006,REVOKED
core_breakdown,1000,500,100,22,112,47,11147,2.908,1.97,0.019,0.189,3.331,0.005,REVOKED
core_breakdown,1000,500,100,22,112,48,11148,2.996,2.02,0.029,0.197,3.283,0.006,REVOKED
core_breakdown,1000,500,100,22,112,49,11149,2.911,2.003,0.024,0.195,3.316,0.014,REVOKED
core_breakdown,1000,500,100,22,112,50,11150,2.973,2.059,0.021,0.196,3.317,0.006,REVOKED
core_breakdown,1000,500,100,22,112,51,11151,2.968,2.065,0.02,0.197,3.321,0.005,REVOKED
core_breakdown,1000,500,100,22,112,52,11152,2.967,2.029,0.024,0.19,3.284,0.006,REVOKED
core_breakdown,1000,500,100,22,112,53,11153,2.98,2.068,0.027,0.188,3.285,0.006,REVOKED
core_breakdown,1000,500,100,22,112,54,11154,2.898,2.005,0.019,0.198,3.34,0.006,REVOKED
core_breakdown,1000,500,100,22,112,55,11155,2.882,2.0,0.023,0.198,3.246,0.006,REVOKED
core_breakdown,1000,500,100,22,112,56,11156,2.927,2.021,0.024,0.187,3.322,0.006,REVOKED
core_breakdown,1000,500,100,22,112,57,11157,2.855,1.942,0.023,0.194,3.368,0.006,REVOKED
core_breakdown,1000,500,100,22,112,58,11158,2.934,2.02,0.024,0.194,3.328,0.006,REVOKED
core_breakdown,1000,500,100,22,112,59,11159,2.975,2.037,0.027,0.192,3.292,0.006,REVOKED
core_breakdown,1000,500,100,22,112,60,11160,2.907,1.984,0.023,0.186,3.324,0.005,REVOKED
core_breakdown,1000,500,100,22,112,61,11161,2.909,2.02,0.023,0.188,3.239,0.006,REVOKED
core_breakdown,1000,500,100,22,112,62,11162,2.965,2.052,0.023,0.19,3.302,0.005,REVOKED
core_breakdown,1000,500,100,22,112,63,11163,2.986,2.066,0.025,0.205,3.342,0.006,REVOKED
core_breakdown,1000,500,100,22,112,64,11164,2.965,2.034,0.021,0.222,3.293,0.006,REVOKED
core_breakdown,1000,500,100,22,112,65,11165,2.994,2.096,0.019,0.198,3.348,0.005,REVOKED
core_breakdown,1000,500,100,22,112,66,11166,2.953,2.011,0.021,0.2,3.324,0.006,REVOKED
core_breakdown,1000,500,100,22,112,67,11167,2.989,2.077,0.028,0.202,3.279,0.005,REVOKED
core_breakdown,1000,500,100,22,112,68,11168,3.25,2.288,0.025,0.198,3.324,0.006,REVOKED
core_breakdown,1000,500,100,22,112,69,11169,2.944,1.995,0.027,0.197,3.331,0.006,REVOKED
core_breakdown,1000,500,100,22,112,70,11170,2.963,2.042,0.021,0.189,3.303,0.006,REVOKED
core_breakdown,1000,500,100,22,112,71,11171,3.028,2.118,0.021,0.193,3.518,0.007,REVOKED
core_breakdown,1000,500,100,22,112,72,11172,2.87,1.977,0.033,0.191,3.371,0.009,REVOKED
core_breakdown,1000,500,100,22,112,73,11173,2.942,2.012,0.032,0.188,3.224,0.008,REVOKED
core_breakdown,1000,500,100,22,112,74,11174,2.834,1.924,0.03,0.192,3.314,0.007,REVOKED
core_breakdown,1000,500,100,22,112,75,11175,2.774,1.933,0.025,0.23,3.255,0.008,REVOKED
core_breakdown,1000,500,100,22,112,76,11176,2.733,1.852,0.023,0.176,3.524,0.009,REVOKED
core_breakdown,1000,500,100,22,112,77,11177,2.656,1.787,0.03,0.197,3.054,0.006,REVOKED
core_breakdown,1000,500,100,22,112,78,11178,2.595,1.767,0.023,0.173,2.983,0.006,REVOKED
core_breakdown,1000,500,100,22,112,79,11179,2.564,1.738,0.024,0.178,2.999,0.006,REVOKED
core_breakdown,1000,500,100,22,112,80,11180,2.657,1.758,0.024,0.172,2.932,0.006,REVOKED
core_breakdown,1000,500,100,22,112,81,11181,2.585,1.766,0.023,0.174,2.934,0.006,REVOKED
core_breakdown,1000,500,100,22,112,82,11182,3.01,2.072,0.024,0.191,3.343,0.008,REVOKED
core_breakdown,1000,500,100,22,112,83,11183,2.946,2.017,0.022,0.21,3.355,0.007,REVOKED
core_breakdown,1000,500,100,22,112,84,11184,2.966,2.054,0.021,0.198,3.292,0.006,REVOKED
core_breakdown,1000,500,100,22,112,85,11185,2.945,2.004,0.027,0.205,3.338,0.007,REVOKED
core_breakdown,1000,500,100,22,112,86,11186,2.959,2.023,0.024,0.194,3.307,0.005,REVOKED
core_breakdown,1000,500,100,22,112,87,11187,2.596,1.771,0.02,0.18,2.979,0.005,REVOKED
core_breakdown,1000,500,100,22,112,88,11188,2.651,1.828,0.025,0.174,3.007,0.007,REVOKED
core_breakdown,1000,500,100,22,112,89,11189,2.567,1.725,0.022,0.171,2.939,0.006,REVOKED
core_breakdown,1000,500,100,22,112,90,11190,2.587,1.786,0.022,0.168,2.965,0.007,REVOKED
core_breakdown,1000,500,100,22,112,91,11191,2.579,1.77,0.02,0.182,2.966,0.01,REVOKED
core_breakdown,1000,500,100,22,112,92,11192,2.6,1.771,0.025,0.18,2.958,0.007,REVOKED
core_breakdown,1000,500,100,22,112,93,11193,2.75,1.954,0.025,0.18,2.935,0.007,REVOKED
core_breakdown,1000,500,100,22,112,94,11194,2.686,1.865,0.025,0.201,3.35,0.007,REVOKED
core_breakdown,1000,500,100,22,112,95,11195,2.924,2.024,0.025,0.191,3.394,0.006,REVOKED
core_breakdown,1000,500,100,22,112,96,11196,2.912,2.023,0.022,0.188,3.36,0.006,REVOKED
core_breakdown,1000,500,100,22,112,97,11197,2.968,2.028,0.027,0.207,3.335,0.021,REVOKED
core_breakdown,1000,500,100,22,112,98,11198,2.932,2.042,0.023,0.206,3.359,0.006,REVOKED
core_breakdown,1000,500,100,22,112,99,11199,2.896,1.988,0.022,0.195,3.295,0.006,REVOKED
core_breakdown,1000,500,100,22,112,100,11200,2.931,2.012,0.021,0.189,3.368,0.006,REVOKED
core_breakdown,1000,500,100,23,113,1,11201,7.047,4.318,0.277,0.435,8.381,0.062,REVOKED
core_breakdown,1000,500,100,23,113,2,11202,5.331,3.378,0.141,0.366,6.332,0.035,REVOKED
core_breakdown,1000,500,100,23,113,3,11203,4.895,3.233,0.117,0.272,4.291,0.02,REVOKED
core_breakdown,1000,500,100,23,113,4,11204,4.086,2.766,0.056,0.273,4.594,0.02,REVOKED
core_breakdown,1000,500,100,23,113,5,11205,4.236,2.811,0.098,0.314,4.478,0.015,REVOKED
core_breakdown,1000,500,100,23,113,6,11206,4.093,2.793,0.065,0.269,4.456,0.012,REVOKED
core_breakdown,1000,500,100,23,113,7,11207,4.09,2.763,0.063,0.263,4.054,0.008,REVOKED
core_breakdown,1000,500,100,23,113,8,11208,3.586,2.434,0.036,0.238,4.11,0.01,REVOKED
core_breakdown,1000,500,100,23,113,9,11209,3.634,2.478,0.035,0.238,4.02,0.008,REVOKED
core_breakdown,1000,500,100,23,113,10,11210,3.58,2.449,0.032,0.23,3.854,0.007,REVOKED
core_breakdown,1000,500,100,23,113,11,11211,3.515,2.401,0.037,0.236,3.94,0.009,REVOKED
core_breakdown,1000,500,100,23,113,12,11212,3.474,2.336,0.027,0.231,3.807,0.014,REVOKED
core_breakdown,1000,500,100,23,113,13,11213,3.112,2.058,0.072,0.208,3.356,0.009,REVOKED
core_breakdown,1000,500,100,23,113,14,11214,3.05,2.092,0.031,0.207,3.364,0.008,REVOKED
core_breakdown,1000,500,100,23,113,15,11215,3.05,2.084,0.032,0.199,3.371,0.006,REVOKED
core_breakdown,1000,500,100,23,113,16,11216,3.037,2.101,0.031,0.206,3.336,0.006,REVOKED
core_breakdown,1000,500,100,23,113,17,11217,2.953,2.012,0.023,0.198,3.31,0.005,REVOKED
core_breakdown,1000,500,100,23,113,18,11218,2.988,2.054,0.026,0.191,3.354,0.007,REVOKED
core_breakdown,1000,500,100,23,113,19,11219,2.928,1.988,0.034,0.197,3.325,0.006,REVOKED
core_breakdown,1000,500,100,23,113,20,11220,2.968,2.06,0.02,0.192,3.288,0.005,REVOKED
core_breakdown,1000,500,100,23,113,21,11221,2.968,2.053,0.026,0.208,3.298,0.007,REVOKED
core_breakdown,1000,500,100,23,113,22,11222,2.979,1.993,0.024,0.201,3.355,0.006,REVOKED
core_breakdown,1000,500,100,23,113,23,11223,3.002,2.047,0.022,0.31,3.5,0.007,REVOKED
core_breakdown,1000,500,100,23,113,24,11224,3.013,2.053,0.028,0.196,3.478,0.007,REVOKED
core_breakdown,1000,500,100,23,113,25,11225,3.026,2.086,0.023,0.19,3.484,0.01,REVOKED
core_breakdown,1000,500,100,23,113,26,11226,3.016,2.079,0.032,0.199,3.346,0.006,REVOKED
core_breakdown,1000,500,100,23,113,27,11227,3.017,2.049,0.025,0.196,4.179,0.006,REVOKED
core_breakdown,1000,500,100,23,113,28,11228,3.029,2.087,0.031,0.198,3.295,0.006,REVOKED
core_breakdown,1000,500,100,23,113,29,11229,2.974,2.023,0.026,0.18,3.35,0.006,REVOKED
core_breakdown,1000,500,100,23,113,30,11230,2.95,2.018,0.024,0.192,3.355,0.006,REVOKED
core_breakdown,1000,500,100,23,113,31,11231,2.912,1.974,0.022,0.211,3.336,0.006,REVOKED
core_breakdown,1000,500,100,23,113,32,11232,2.933,1.991,0.021,0.216,3.438,0.006,REVOKED
core_breakdown,1000,500,100,23,113,33,11233,2.95,1.978,0.025,0.197,3.375,0.006,REVOKED
core_breakdown,1000,500,100,23,113,34,11234,2.946,2.014,0.02,0.2,3.347,0.007,REVOKED
core_breakdown,1000,500,100,23,113,35,11235,2.952,2.027,0.025,0.196,3.347,0.007,REVOKED
core_breakdown,1000,500,100,23,113,36,11236,2.93,2.016,0.022,0.201,3.471,0.006,REVOKED
core_breakdown,1000,500,100,23,113,37,11237,2.924,1.992,0.022,0.192,3.269,0.005,REVOKED
core_breakdown,1000,500,100,23,113,38,11238,2.946,2.021,0.028,0.193,3.312,0.004,REVOKED
core_breakdown,1000,500,100,23,113,39,11239,2.944,2.038,0.022,0.201,3.382,0.006,REVOKED
core_breakdown,1000,500,100,23,113,40,11240,2.911,1.994,0.025,0.194,3.346,0.006,REVOKED
core_breakdown,1000,500,100,23,113,41,11241,2.908,2.013,0.024,0.203,3.345,0.006,REVOKED
core_breakdown,1000,500,100,23,113,42,11242,3.007,2.08,0.021,0.221,3.34,0.006,REVOKED
core_breakdown,1000,500,100,23,113,43,11243,2.978,2.008,0.028,0.205,3.3,0.005,REVOKED
core_breakdown,1000,500,100,23,113,44,11244,2.964,2.071,0.023,0.206,3.295,0.006,REVOKED
core_breakdown,1000,500,100,23,113,45,11245,2.938,2.008,0.022,0.194,3.327,0.005,REVOKED
core_breakdown,1000,500,100,23,113,46,11246,2.917,2.007,0.02,0.19,3.303,0.006,REVOKED
core_breakdown,1000,500,100,23,113,47,11247,2.907,1.991,0.023,0.197,3.301,0.005,REVOKED
core_breakdown,1000,500,100,23,113,48,11248,2.946,2.019,0.027,0.196,3.228,0.006,REVOKED
core_breakdown,1000,500,100,23,113,49,11249,3.027,2.07,0.024,0.191,3.37,0.011,REVOKED
core_breakdown,1000,500,100,23,113,50,11250,2.926,1.997,0.027,0.213,3.39,0.006,REVOKED
core_breakdown,1000,500,100,23,113,51,11251,3.176,2.108,0.03,0.218,3.711,0.008,REVOKED
core_breakdown,1000,500,100,23,113,52,11252,2.639,1.765,0.032,0.181,3.493,0.007,REVOKED
core_breakdown,1000,500,100,23,113,53,11253,2.931,1.895,0.033,0.204,3.452,0.01,REVOKED
core_breakdown,1000,500,100,23,113,54,11254,3.266,2.215,0.036,0.217,3.816,0.008,REVOKED
core_breakdown,1000,500,100,23,113,55,11255,3.828,2.706,0.038,0.3,4.409,0.008,REVOKED
core_breakdown,1000,500,100,23,113,56,11256,4.008,2.893,0.035,0.223,3.665,0.008,REVOKED
core_breakdown,1000,500,100,23,113,57,11257,2.893,2.002,0.031,0.183,3.71,0.008,REVOKED
core_breakdown,1000,500,100,23,113,58,11258,3.365,2.318,0.039,0.206,4.04,0.008,REVOKED
core_breakdown,1000,500,100,23,113,59,11259,3.331,2.25,0.036,0.23,3.902,0.008,REVOKED
core_breakdown,1000,500,100,23,113,60,11260,3.38,2.304,0.03,0.253,4.039,0.008,REVOKED
core_breakdown,1000,500,100,23,113,61,11261,3.768,2.369,0.037,0.257,4.314,0.008,REVOKED
core_breakdown,1000,500,100,23,113,62,11262,3.767,2.692,0.038,0.282,4.364,0.008,REVOKED
core_breakdown,1000,500,100,23,113,63,11263,3.755,2.517,0.036,0.317,4.28,0.009,REVOKED
core_breakdown,1000,500,100,23,113,64,11264,2.965,2.025,0.035,0.185,3.382,0.008,REVOKED
core_breakdown,1000,500,100,23,113,65,11265,3.157,2.165,0.027,0.202,3.384,0.007,REVOKED
core_breakdown,1000,500,100,23,113,66,11266,2.961,2.027,0.029,0.21,3.397,0.007,REVOKED
core_breakdown,1000,500,100,23,113,67,11267,2.933,2.006,0.024,0.197,3.325,0.006,REVOKED
core_breakdown,1000,500,100,23,113,68,11268,2.951,2.031,0.024,0.196,3.423,0.006,REVOKED
core_breakdown,1000,500,100,23,113,69,11269,2.926,2.006,0.025,0.191,3.315,0.006,REVOKED
core_breakdown,1000,500,100,23,113,70,11270,2.911,1.976,0.023,0.191,3.349,0.006,REVOKED
core_breakdown,1000,500,100,23,113,71,11271,2.958,2.051,0.022,0.193,3.307,0.005,REVOKED
core_breakdown,1000,500,100,23,113,72,11272,2.9,1.971,0.029,0.188,3.258,0.005,REVOKED
core_breakdown,1000,500,100,23,113,73,11273,2.912,1.98,0.024,0.197,3.291,0.006,REVOKED
core_breakdown,1000,500,100,23,113,74,11274,2.887,1.98,0.024,0.192,3.297,0.006,REVOKED
core_breakdown,1000,500,100,23,113,75,11275,2.93,2.006,0.021,0.186,3.313,0.007,REVOKED
core_breakdown,1000,500,100,23,113,76,11276,2.946,1.992,0.023,0.196,3.225,0.006,REVOKED
core_breakdown,1000,500,100,23,113,77,11277,2.919,1.971,0.029,0.202,3.425,0.006,REVOKED
core_breakdown,1000,500,100,23,113,78,11278,2.989,2.014,0.022,0.218,3.403,0.005,REVOKED
core_breakdown,1000,500,100,23,113,79,11279,3.011,2.061,0.026,0.198,3.333,0.007,REVOKED
core_breakdown,1000,500,100,23,113,80,11280,3.019,2.082,0.022,0.207,3.39,0.006,REVOKED
core_breakdown,1000,500,100,23,113,81,11281,3.05,2.085,0.021,0.206,3.438,0.005,REVOKED
core_breakdown,1000,500,100,23,113,82,11282,3.017,2.05,0.026,0.224,3.371,0.007,REVOKED
core_breakdown,1000,500,100,23,113,83,11283,3.002,2.029,0.025,0.189,3.346,0.006,REVOKED
core_breakdown,1000,500,100,23,113,84,11284,2.942,2.014,0.021,0.205,3.369,0.006,REVOKED
core_breakdown,1000,500,100,23,113,85,11285,2.999,2.016,0.026,0.199,3.599,0.007,REVOKED
core_breakdown,1000,500,100,23,113,86,11286,2.958,2.007,0.023,0.209,3.371,0.006,REVOKED
core_breakdown,1000,500,100,23,113,87,11287,2.906,1.987,0.024,0.192,3.412,0.006,REVOKED
core_breakdown,1000,500,100,23,113,88,11288,2.962,2.003,0.023,0.212,3.351,0.006,REVOKED
core_breakdown,1000,500,100,23,113,89,11289,2.967,2.028,0.025,0.199,3.401,0.006,REVOKED
core_breakdown,1000,500,100,23,113,90,11290,2.95,2.046,0.022,0.21,3.332,0.006,REVOKED
core_breakdown,1000,500,100,23,113,91,11291,2.939,2.026,0.024,0.192,3.32,0.005,REVOKED
core_breakdown,1000,500,100,23,113,92,11292,3.014,2.006,0.025,0.201,3.337,0.006,REVOKED
core_breakdown,1000,500,100,23,113,93,11293,2.964,2.003,0.023,0.195,3.344,0.006,REVOKED
core_breakdown,1000,500,100,23,113,94,11294,2.922,2.018,0.024,0.198,3.34,0.006,REVOKED
core_breakdown,1000,500,100,23,113,95,11295,2.897,1.991,0.024,0.19,3.332,0.005,REVOKED
core_breakdown,1000,500,100,23,113,96,11296,2.953,2.023,0.021,0.188,3.307,0.006,REVOKED
core_breakdown,1000,500,100,23,113,97,11297,2.987,2.086,0.022,0.184,3.241,0.015,REVOKED
core_breakdown,1000,500,100,23,113,98,11298,2.989,2.081,0.024,0.208,3.32,0.009,REVOKED
core_breakdown,1000,500,100,23,113,99,11299,2.979,2.032,0.022,0.201,3.342,0.006,REVOKED
core_breakdown,1000,500,100,23,113,100,11300,2.875,1.968,0.022,0.191,3.274,0.006,REVOKED
core_breakdown,1000,500,100,24,114,1,11301,5.499,3.459,0.16,0.408,6.175,0.029,REVOKED
core_breakdown,1000,500,100,24,114,2,11302,4.661,3.105,0.055,0.341,4.91,0.012,REVOKED
core_breakdown,1000,500,100,24,114,3,11303,4.014,2.72,0.032,0.27,3.911,0.011,REVOKED
core_breakdown,1000,500,100,24,114,4,11304,3.605,2.464,0.033,0.256,4.266,0.007,REVOKED
core_breakdown,1000,500,100,24,114,5,11305,3.868,2.678,0.021,0.256,4.037,0.007,REVOKED
core_breakdown,1000,500,100,24,114,6,11306,3.58,2.434,0.031,0.295,4.026,0.006,REVOKED
core_breakdown,1000,500,100,24,114,7,11307,3.551,2.444,0.024,0.223,3.88,0.007,REVOKED
core_breakdown,1000,500,100,24,114,8,11308,3.675,2.531,0.02,0.225,3.926,0.006,REVOKED
core_breakdown,1000,500,100,24,114,9,11309,3.643,2.533,0.025,0.233,4.119,0.005,REVOKED
core_breakdown,1000,500,100,24,114,10,11310,3.475,2.409,0.027,0.235,3.812,0.005,REVOKED
core_breakdown,1000,500,100,24,114,11,11311,3.413,2.304,0.021,0.27,3.716,0.005,REVOKED
core_breakdown,1000,500,100,24,114,12,11312,3.364,2.291,0.023,0.232,3.687,0.005,REVOKED
core_breakdown,1000,500,100,24,114,13,11313,3.486,2.381,0.026,0.253,3.695,0.007,REVOKED
core_breakdown,1000,500,100,24,114,14,11314,3.365,2.301,0.023,0.211,3.734,0.006,REVOKED
core_breakdown,1000,500,100,24,114,15,11315,3.304,2.253,0.021,0.229,3.614,0.005,REVOKED
core_breakdown,1000,500,100,24,114,16,11316,3.029,2.077,0.021,0.206,3.349,0.006,REVOKED
core_breakdown,1000,500,100,24,114,17,11317,2.902,2.002,0.02,0.192,3.298,0.006,REVOKED
core_breakdown,1000,500,100,24,114,18,11318,2.932,2.017,0.021,0.208,3.359,0.005,REVOKED
core_breakdown,1000,500,100,24,114,19,11319,2.931,2.031,0.019,0.195,3.285,0.005,REVOKED
core_breakdown,1000,500,100,24,114,20,11320,2.94,1.992,0.024,0.191,3.29,0.005,REVOKED
core_breakdown,1000,500,100,24,114,21,11321,2.924,1.99,0.022,0.2,3.275,0.007,REVOKED
core_breakdown,1000,500,100,24,114,22,11322,2.913,2.0,0.027,0.198,3.301,0.006,REVOKED
core_breakdown,1000,500,100,24,114,23,11323,2.944,1.994,0.027,0.214,3.399,0.006,REVOKED
core_breakdown,1000,500,100,24,114,24,11324,2.994,2.022,0.024,0.202,3.399,0.006,REVOKED
core_breakdown,1000,500,100,24,114,25,11325,2.983,2.034,0.022,0.204,3.297,0.008,REVOKED
core_breakdown,1000,500,100,24,114,26,11326,3.046,2.032,0.024,0.19,3.287,0.007,REVOKED
core_breakdown,1000,500,100,24,114,27,11327,2.978,2.059,0.026,0.203,3.344,0.006,REVOKED
core_breakdown,1000,500,100,24,114,28,11328,2.925,2.006,0.022,0.206,3.347,0.006,REVOKED
core_breakdown,1000,500,100,24,114,29,11329,2.917,2.0,0.025,0.199,3.298,0.006,REVOKED
core_breakdown,1000,500,100,24,114,30,11330,2.963,2.074,0.022,0.195,3.32,0.006,REVOKED
core_breakdown,1000,500,100,24,114,31,11331,2.928,1.978,0.027,0.232,3.376,0.006,REVOKED
core_breakdown,1000,500,100,24,114,32,11332,2.924,2.003,0.024,0.192,3.459,0.006,REVOKED
core_breakdown,1000,500,100,24,114,33,11333,2.916,2.006,0.022,0.195,3.302,0.005,REVOKED
core_breakdown,1000,500,100,24,114,34,11334,2.942,2.004,0.025,0.2,3.433,0.006,REVOKED
core_breakdown,1000,500,100,24,114,35,11335,2.971,2.046,0.026,0.203,3.429,0.005,REVOKED
core_breakdown,1000,500,100,24,114,36,11336,3.0,2.067,0.023,0.196,3.341,0.005,REVOKED
core_breakdown,1000,500,100,24,114,37,11337,2.926,1.986,0.022,0.195,3.322,0.006,REVOKED
core_breakdown,1000,500,100,24,114,38,11338,2.97,2.053,0.022,0.19,3.33,0.006,REVOKED
core_breakdown,1000,500,100,24,114,39,11339,2.921,2.02,0.022,0.195,3.343,0.007,REVOKED
core_breakdown,1000,500,100,24,114,40,11340,2.896,1.993,0.024,0.197,3.284,0.006,REVOKED
core_breakdown,1000,500,100,24,114,41,11341,3.013,2.067,0.022,0.193,3.342,0.005,REVOKED
core_breakdown,1000,500,100,24,114,42,11342,2.975,2.007,0.026,0.201,3.557,0.007,REVOKED
core_breakdown,1000,500,100,24,114,43,11343,2.968,2.046,0.024,0.193,3.303,0.006,REVOKED
core_breakdown,1000,500,100,24,114,44,11344,3.001,2.054,0.02,0.205,3.334,0.006,REVOKED
core_breakdown,1000,500,100,24,114,45,11345,2.919,1.997,0.023,0.198,3.275,0.006,REVOKED
core_breakdown,1000,500,100,24,114,46,11346,2.936,2.018,0.025,0.199,3.326,0.006,REVOKED
core_breakdown,1000,500,100,24,114,47,11347,2.92,2.004,0.028,0.192,3.312,0.007,REVOKED
core_breakdown,1000,500,100,24,114,48,11348,2.962,2.055,0.021,0.194,3.349,0.006,REVOKED
core_breakdown,1000,500,100,24,114,49,11349,2.936,1.997,0.021,0.212,3.355,0.012,REVOKED
core_breakdown,1000,500,100,24,114,50,11350,2.966,2.033,0.02,0.202,3.324,0.005,REVOKED
core_breakdown,1000,500,100,24,114,51,11351,2.928,1.995,0.025,0.197,3.282,0.006,REVOKED
core_breakdown,1000,500,100,24,114,52,11352,2.974,2.043,0.028,0.198,3.386,0.006,REVOKED
core_breakdown,1000,500,100,24,114,53,11353,2.98,2.046,0.022,0.195,3.298,0.005,REVOKED
core_breakdown,1000,500,100,24,114,54,11354,2.918,2.011,0.023,0.189,3.297,0.006,REVOKED
core_breakdown,1000,500,100,24,114,55,11355,2.963,2.02,0.02,0.199,3.447,0.006,REVOKED
core_breakdown,1000,500,100,24,114,56,11356,2.925,2.002,0.024,0.195,3.372,0.005,REVOKED
core_breakdown,1000,500,100,24,114,57,11357,2.806,1.922,0.021,0.178,3.025,0.006,REVOKED
core_breakdown,1000,500,100,24,114,58,11358,2.933,1.995,0.023,0.195,3.431,0.007,REVOKED
core_breakdown,1000,500,100,24,114,59,11359,2.893,1.984,0.024,0.199,3.333,0.006,REVOKED
core_breakdown,1000,500,100,24,114,60,11360,2.918,1.999,0.024,0.21,3.323,0.005,REVOKED
core_breakdown,1000,500,100,24,114,61,11361,3.02,2.103,0.025,0.189,3.332,0.006,REVOKED
core_breakdown,1000,500,100,24,114,62,11362,2.95,1.996,0.023,0.198,3.35,0.005,REVOKED
core_breakdown,1000,500,100,24,114,63,11363,2.968,2.03,0.025,0.191,3.313,0.006,REVOKED
core_breakdown,1000,500,100,24,114,64,11364,2.95,2.037,0.022,0.205,3.301,0.006,REVOKED
core_breakdown,1000,500,100,24,114,65,11365,2.889,1.965,0.023,0.215,3.367,0.006,REVOKED
core_breakdown,1000,500,100,24,114,66,11366,3.04,2.071,0.026,0.193,3.318,0.006,REVOKED
core_breakdown,1000,500,100,24,114,67,11367,2.909,1.995,0.02,0.206,3.311,0.005,REVOKED
core_breakdown,1000,500,100,24,114,68,11368,2.942,2.012,0.024,0.191,3.284,0.011,REVOKED
core_breakdown,1000,500,100,24,114,69,11369,2.947,1.965,0.021,0.195,3.367,0.006,REVOKED
core_breakdown,1000,500,100,24,114,70,11370,3.0,2.07,0.024,0.19,3.63,0.008,REVOKED
core_breakdown,1000,500,100,24,114,71,11371,3.182,2.182,0.035,0.215,3.669,0.007,REVOKED
core_breakdown,1000,500,100,24,114,72,11372,3.156,2.15,0.032,0.224,3.705,0.008,REVOKED
core_breakdown,1000,500,100,24,114,73,11373,3.251,2.193,0.03,0.287,3.822,0.008,REVOKED
core_breakdown,1000,500,100,24,114,74,11374,3.978,2.856,0.04,0.278,4.053,0.008,REVOKED
core_breakdown,1000,500,100,24,114,75,11375,3.968,2.816,0.034,0.222,3.795,0.009,REVOKED
core_breakdown,1000,500,100,24,114,76,11376,3.29,2.281,0.038,0.204,3.804,0.007,REVOKED
core_breakdown,1000,500,100,24,114,77,11377,3.335,2.204,0.03,0.234,3.904,0.008,REVOKED
core_breakdown,1000,500,100,24,114,78,11378,3.373,2.346,0.035,0.234,3.892,0.008,REVOKED
core_breakdown,1000,500,100,24,114,79,11379,3.543,2.443,0.033,0.216,4.426,0.01,REVOKED
core_breakdown,1000,500,100,24,114,80,11380,3.716,2.591,0.038,0.273,4.042,0.008,REVOKED
core_breakdown,1000,500,100,24,114,81,11381,4.537,3.406,0.039,0.237,4.534,0.01,REVOKED
core_breakdown,1000,500,100,24,114,82,11382,4.129,2.869,0.042,0.258,3.56,0.008,REVOKED
core_breakdown,1000,500,100,24,114,83,11383,3.005,2.063,0.028,0.209,3.618,0.007,REVOKED
core_breakdown,1000,500,100,24,114,84,11384,2.938,2.003,0.034,0.195,3.32,0.007,REVOKED
core_breakdown,1000,500,100,24,114,85,11385,2.953,2.012,0.023,0.202,3.304,0.006,REVOKED
core_breakdown,1000,500,100,24,114,86,11386,2.923,2.01,0.028,0.203,3.357,0.007,REVOKED
core_breakdown,1000,500,100,24,114,87,11387,2.935,2.023,0.029,0.213,3.316,0.006,REVOKED
core_breakdown,1000,500,100,24,114,88,11388,2.868,1.971,0.021,0.194,3.306,0.007,REVOKED
core_breakdown,1000,500,100,24,114,89,11389,2.885,1.984,0.023,0.189,3.291,0.006,REVOKED
core_breakdown,1000,500,100,24,114,90,11390,2.934,2.021,0.021,0.196,3.339,0.006,REVOKED
core_breakdown,1000,500,100,24,114,91,11391,2.923,2.003,0.026,0.196,3.289,0.006,REVOKED
core_breakdown,1000,500,100,24,114,92,11392,2.902,1.989,0.027,0.201,3.332,0.006,REVOKED
core_breakdown,1000,500,100,24,114,93,11393,2.907,1.98,0.03,0.198,3.36,0.007,REVOKED
core_breakdown,1000,500,100,24,114,94,11394,2.914,1.983,0.027,0.203,3.424,0.006,REVOKED
core_breakdown,1000,500,100,24,114,95,11395,2.952,2.03,0.021,0.191,3.308,0.006,REVOKED
core_breakdown,1000,500,100,24,114,96,11396,3.047,2.079,0.028,0.204,3.404,0.007,REVOKED
core_breakdown,1000,500,100,24,114,97,11397,2.903,1.945,0.023,0.209,3.29,0.017,REVOKED
core_breakdown,1000,500,100,24,114,98,11398,2.956,2.017,0.02,0.215,3.404,0.006,REVOKED
core_breakdown,1000,500,100,24,114,99,11399,2.991,2.05,0.02,0.198,3.461,0.006,REVOKED
core_breakdown,1000,500,100,24,114,100,11400,3.136,2.131,0.025,0.19,3.374,0.006,REVOKED
core_breakdown,1000,500,100,25,115,1,11401,6.917,4.0,0.297,0.501,7.151,0.058,REVOKED
core_breakdown,1000,500,100,25,115,2,11402,6.46,4.788,0.155,0.452,6.842,0.042,REVOKED
core_breakdown,1000,500,100,25,115,3,11403,5.599,3.675,0.104,0.354,5.277,0.02,REVOKED
core_breakdown,1000,500,100,25,115,4,11404,3.841,2.566,0.074,0.26,4.593,0.024,REVOKED
core_breakdown,1000,500,100,25,115,5,11405,3.96,2.703,0.058,0.276,4.093,0.014,REVOKED
core_breakdown,1000,500,100,25,115,6,11406,3.654,2.488,0.046,0.243,4.015,0.009,REVOKED
core_breakdown,1000,500,100,25,115,7,11407,3.623,2.478,0.038,0.249,7.919,0.011,REVOKED
core_breakdown,1000,500,100,25,115,8,11408,3.783,2.644,0.036,0.231,9.302,0.008,REVOKED
core_breakdown,1000,500,100,25,115,9,11409,3.439,2.371,0.031,0.224,3.685,0.007,REVOKED
core_breakdown,1000,500,100,25,115,10,11410,3.275,2.242,0.028,0.226,3.64,0.006,REVOKED
core_breakdown,1000,500,100,25,115,11,11411,3.238,2.196,0.025,0.243,3.639,0.006,REVOKED
core_breakdown,1000,500,100,25,115,12,11412,3.24,2.189,0.023,0.223,3.672,0.006,REVOKED
core_breakdown,1000,500,100,25,115,13,11413,3.304,2.261,0.022,0.21,3.582,0.007,REVOKED
core_breakdown,1000,500,100,25,115,14,11414,3.002,2.031,0.026,0.197,3.278,0.006,REVOKED
core_breakdown,1000,500,100,25,115,15,11415,2.94,2.022,0.022,0.198,3.279,0.005,REVOKED
core_breakdown,1000,500,100,25,115,16,11416,2.902,1.992,0.024,0.202,3.24,0.005,REVOKED
core_breakdown,1000,500,100,25,115,17,11417,2.879,1.959,0.02,0.19,3.239,0.005,REVOKED
core_breakdown,1000,500,100,25,115,18,11418,2.924,2.009,0.027,0.192,3.263,0.007,REVOKED
core_breakdown,1000,500,100,25,115,19,11419,2.93,2.005,0.028,0.193,3.257,0.013,REVOKED
core_breakdown,1000,500,100,25,115,20,11420,2.908,2.034,0.021,0.195,3.333,0.006,REVOKED
core_breakdown,1000,500,100,25,115,21,11421,2.982,2.019,0.026,0.217,3.317,0.011,REVOKED
core_breakdown,1000,500,100,25,115,22,11422,3.069,2.074,0.022,0.193,3.446,0.007,REVOKED
core_breakdown,1000,500,100,25,115,23,11423,3.002,2.049,0.027,0.215,3.52,0.006,REVOKED
core_breakdown,1000,500,100,25,115,24,11424,3.032,2.06,0.02,0.19,3.526,0.006,REVOKED
core_breakdown,1000,500,100,25,115,25,11425,3.081,2.106,0.023,0.193,3.508,0.008,REVOKED
core_breakdown,1000,500,100,25,115,26,11426,2.917,1.997,0.026,0.232,3.497,0.009,REVOKED
core_breakdown,1000,500,100,25,115,27,11427,2.985,1.982,0.025,0.227,3.539,0.006,REVOKED
core_breakdown,1000,500,100,25,115,28,11428,2.975,2.035,0.026,0.207,3.468,0.007,REVOKED
core_breakdown,1000,500,100,25,115,29,11429,2.985,2.035,0.025,0.208,3.384,0.006,REVOKED
core_breakdown,1000,500,100,25,115,30,11430,2.963,2.019,0.022,0.21,3.382,0.007,REVOKED
core_breakdown,1000,500,100,25,115,31,11431,3.052,2.039,0.025,0.202,3.768,0.007,REVOKED
core_breakdown,1000,500,100,25,115,32,11432,2.782,1.701,0.021,0.239,2.883,0.006,REVOKED
core_breakdown,1000,500,100,25,115,33,11433,2.913,1.975,0.026,0.21,3.53,0.007,REVOKED
core_breakdown,1000,500,100,25,115,34,11434,3.067,2.089,0.028,0.221,3.322,0.006,REVOKED
core_breakdown,1000,500,100,25,115,35,11435,2.93,2.015,0.024,0.19,3.359,0.007,REVOKED
core_breakdown,1000,500,100,25,115,36,11436,3.01,2.089,0.025,0.203,3.33,0.007,REVOKED
core_breakdown,1000,500,100,25,115,37,11437,3.014,2.061,0.023,0.2,3.391,0.006,REVOKED
core_breakdown,1000,500,100,25,115,38,11438,3.007,2.065,0.022,0.204,3.24,0.007,REVOKED
core_breakdown,1000,500,100,25,115,39,11439,2.863,1.747,0.029,0.182,3.156,0.006,REVOKED
core_breakdown,1000,500,100,25,115,40,11440,2.989,2.035,0.022,0.195,3.232,0.006,REVOKED
core_breakdown,1000,500,100,25,115,41,11441,2.864,1.956,0.02,0.209,3.273,0.006,REVOKED
core_breakdown,1000,500,100,25,115,42,11442,2.87,1.97,0.019,0.193,3.185,0.005,REVOKED
core_breakdown,1000,500,100,25,115,43,11443,2.911,2.006,0.022,0.189,3.192,0.006,REVOKED
core_breakdown,1000,500,100,25,115,44,11444,2.835,1.937,0.02,0.205,3.2,0.006,REVOKED
core_breakdown,1000,500,100,25,115,45,11445,2.843,1.962,0.02,0.19,3.252,0.005,REVOKED
core_breakdown,1000,500,100,25,115,46,11446,2.9,1.978,0.02,0.188,3.204,0.009,REVOKED
core_breakdown,1000,500,100,25,115,47,11447,2.911,1.984,0.027,0.205,3.256,0.005,REVOKED
core_breakdown,1000,500,100,25,115,48,11448,2.917,2.023,0.023,0.193,3.231,0.006,REVOKED
core_breakdown,1000,500,100,25,115,49,11449,2.865,1.987,0.021,0.196,3.241,0.008,REVOKED
core_breakdown,1000,500,100,25,115,50,11450,2.903,1.978,0.028,0.206,3.313,0.007,REVOKED
core_breakdown,1000,500,100,25,115,51,11451,2.924,1.979,0.021,0.198,3.232,0.006,REVOKED
core_breakdown,1000,500,100,25,115,52,11452,2.87,1.998,0.02,0.195,3.294,0.006,REVOKED
core_breakdown,1000,500,100,25,115,53,11453,2.868,1.969,0.022,0.2,3.387,0.005,REVOKED
core_breakdown,1000,500,100,25,115,54,11454,2.9,2.012,0.02,0.193,3.196,0.007,REVOKED
core_breakdown,1000,500,100,25,115,55,11455,2.964,2.025,0.022,0.211,3.401,0.005,REVOKED
core_breakdown,1000,500,100,25,115,56,11456,3.009,2.054,0.027,0.224,3.447,0.014,REVOKED
core_breakdown,1000,500,100,25,115,57,11457,3.038,2.057,0.02,0.21,3.308,0.006,REVOKED
core_breakdown,1000,500,100,25,115,58,11458,3.014,2.057,0.025,0.191,3.305,0.006,REVOKED
core_breakdown,1000,500,100,25,115,59,11459,2.989,2.048,0.025,0.212,3.269,0.006,REVOKED
core_breakdown,1000,500,100,25,115,60,11460,2.953,2.002,0.023,0.192,3.365,0.007,REVOKED
core_breakdown,1000,500,100,25,115,61,11461,3.029,2.026,0.028,0.216,3.382,0.005,REVOKED
core_breakdown,1000,500,100,25,115,62,11462,2.924,2.004,0.025,0.202,3.231,0.006,REVOKED
core_breakdown,1000,500,100,25,115,63,11463,2.972,2.054,0.021,0.189,3.28,0.005,REVOKED
core_breakdown,1000,500,100,25,115,64,11464,2.888,1.979,0.023,0.194,3.319,0.006,REVOKED
core_breakdown,1000,500,100,25,115,65,11465,2.916,2.001,0.023,0.203,3.284,0.006,REVOKED
core_breakdown,1000,500,100,25,115,66,11466,2.982,2.082,0.025,0.195,3.308,0.006,REVOKED
core_breakdown,1000,500,100,25,115,67,11467,2.971,2.02,0.026,0.2,3.241,0.006,REVOKED
core_breakdown,1000,500,100,25,115,68,11468,2.957,2.029,0.024,0.213,3.356,0.006,REVOKED
core_breakdown,1000,500,100,25,115,69,11469,2.943,2.001,0.025,0.197,3.313,0.006,REVOKED
core_breakdown,1000,500,100,25,115,70,11470,2.896,1.99,0.026,0.2,3.276,0.005,REVOKED
core_breakdown,1000,500,100,25,115,71,11471,3.042,2.134,0.024,0.198,3.283,0.006,REVOKED
core_breakdown,1000,500,100,25,115,72,11472,2.911,1.986,0.022,0.191,3.254,0.005,REVOKED
core_breakdown,1000,500,100,25,115,73,11473,2.977,2.073,0.02,0.205,3.345,0.006,REVOKED
core_breakdown,1000,500,100,25,115,74,11474,2.911,2.011,0.024,0.206,3.263,0.005,REVOKED
core_breakdown,1000,500,100,25,115,75,11475,2.864,1.96,0.021,0.192,3.247,0.006,REVOKED
core_breakdown,1000,500,100,25,115,76,11476,2.959,2.069,0.02,0.191,3.244,0.005,REVOKED
core_breakdown,1000,500,100,25,115,77,11477,2.927,2.006,0.02,0.191,3.286,0.005,REVOKED
core_breakdown,1000,500,100,25,115,78,11478,2.941,2.014,0.021,0.193,3.281,0.006,REVOKED
core_breakdown,1000,500,100,25,115,79,11479,2.884,1.99,0.025,0.195,3.302,0.006,REVOKED
core_breakdown,1000,500,100,25,115,80,11480,2.981,2.018,0.023,0.212,3.324,0.005,REVOKED
core_breakdown,1000,500,100,25,115,81,11481,2.809,1.927,0.026,0.188,2.988,0.006,REVOKED
core_breakdown,1000,500,100,25,115,82,11482,2.498,1.711,0.022,0.176,2.996,0.006,REVOKED
core_breakdown,1000,500,100,25,115,83,11483,2.556,1.713,0.023,0.182,3.0,0.005,REVOKED
core_breakdown,1000,500,100,25,115,84,11484,2.636,1.822,0.023,0.171,2.958,0.01,REVOKED
core_breakdown,1000,500,100,25,115,85,11485,2.561,1.726,0.023,0.178,3.029,0.013,REVOKED
core_breakdown,1000,500,100,25,115,86,11486,2.542,1.752,0.021,0.169,2.935,0.007,REVOKED
core_breakdown,1000,500,100,25,115,87,11487,2.54,1.746,0.025,0.179,3.177,0.006,REVOKED
core_breakdown,1000,500,100,25,115,88,11488,2.949,2.028,0.026,0.199,3.363,0.006,REVOKED
core_breakdown,1000,500,100,25,115,89,11489,2.917,1.989,0.024,0.192,3.43,0.008,REVOKED
core_breakdown,1000,500,100,25,115,90,11490,3.367,2.254,0.029,0.197,3.638,0.008,REVOKED
core_breakdown,1000,500,100,25,115,91,11491,3.132,2.128,0.025,0.194,3.599,0.007,REVOKED
core_breakdown,1000,500,100,25,115,92,11492,3.22,2.196,0.052,0.189,3.196,0.008,REVOKED
core_breakdown,1000,500,100,25,115,93,11493,3.332,2.215,0.031,0.222,3.809,0.008,REVOKED
core_breakdown,1000,500,100,25,115,94,11494,4.404,3.208,0.036,0.222,4.115,0.008,REVOKED
core_breakdown,1000,500,100,25,115,95,11495,3.694,2.554,0.034,0.221,3.72,0.008,REVOKED
core_breakdown,1000,500,100,25,115,96,11496,3.231,2.221,0.027,0.208,3.654,0.008,REVOKED
core_breakdown,1000,500,100,25,115,97,11497,3.414,2.372,0.033,0.273,3.847,0.014,REVOKED
core_breakdown,1000,500,100,25,115,98,11498,3.341,2.22,0.033,0.241,3.95,0.008,REVOKED
core_breakdown,1000,500,100,25,115,99,11499,3.6,2.453,0.034,0.258,4.484,0.009,REVOKED
core_breakdown,1000,500,100,25,115,100,11500,3.997,2.78,0.038,0.25,3.976,0.008,REVOKED
core_breakdown,1000,500,100,26,116,1,11501,5.038,3.414,0.082,0.3,5.233,0.018,REVOKED
core_breakdown,1000,500,100,26,116,2,11502,3.852,2.632,0.034,0.255,4.516,0.011,REVOKED
core_breakdown,1000,500,100,26,116,3,11503,3.85,2.58,0.031,0.253,4.161,0.008,REVOKED
core_breakdown,1000,500,100,26,116,4,11504,3.654,2.472,0.034,0.274,3.844,0.006,REVOKED
core_breakdown,1000,500,100,26,116,5,11505,3.48,2.407,0.025,0.232,3.919,0.005,REVOKED
core_breakdown,1000,500,100,26,116,6,11506,3.509,2.407,0.022,0.271,3.984,0.007,REVOKED
core_breakdown,1000,500,100,26,116,7,11507,3.597,2.452,0.026,0.251,4.092,0.006,REVOKED
core_breakdown,1000,500,100,26,116,8,11508,3.509,2.397,0.021,0.241,3.719,0.006,REVOKED
core_breakdown,1000,500,100,26,116,9,11509,3.573,2.464,0.02,0.228,3.979,0.006,REVOKED
core_breakdown,1000,500,100,26,116,10,11510,3.435,2.356,0.024,0.224,3.848,0.007,REVOKED
core_breakdown,1000,500,100,26,116,11,11511,3.615,2.454,0.03,0.223,3.771,0.006,REVOKED
core_breakdown,1000,500,100,26,116,12,11512,3.466,2.397,0.024,0.243,3.88,0.006,REVOKED
core_breakdown,1000,500,100,26,116,13,11513,3.361,2.32,0.028,0.197,3.509,0.009,REVOKED
core_breakdown,1000,500,100,26,116,14,11514,2.978,2.053,0.022,0.229,3.558,0.006,REVOKED
core_breakdown,1000,500,100,26,116,15,11515,3.078,2.09,0.024,0.192,3.33,0.006,REVOKED
core_breakdown,1000,500,100,26,116,16,11516,2.998,2.058,0.024,0.206,3.406,0.011,REVOKED
core_breakdown,1000,500,100,26,116,17,11517,2.987,2.04,0.027,0.229,3.325,0.005,REVOKED
core_breakdown,1000,500,100,26,116,18,11518,2.934,1.997,0.029,0.209,3.358,0.005,REVOKED
core_breakdown,1000,500,100,26,116,19,11519,2.997,2.058,0.026,0.206,3.31,0.006,REVOKED
core_breakdown,1000,500,100,26,116,20,11520,2.981,2.046,0.023,0.201,3.283,0.005,REVOKED
core_breakdown,1000,500,100,26,116,21,11521,2.912,2.006,0.02,0.201,3.286,0.006,REVOKED
core_breakdown,1000,500,100,26,116,22,11522,2.972,2.019,0.019,0.197,3.35,0.005,REVOKED
core_breakdown,1000,500,100,26,116,23,11523,2.965,2.021,0.028,0.21,3.348,0.006,REVOKED
core_breakdown,1000,500,100,26,116,24,11524,2.93,2.024,0.025,0.193,3.336,0.005,REVOKED
core_breakdown,1000,500,100,26,116,25,11525,3.0,2.082,0.026,0.195,3.325,0.008,REVOKED
core_breakdown,1000,500,100,26,116,26,11526,3.008,2.052,0.025,0.21,3.376,0.005,REVOKED
core_breakdown,1000,500,100,26,116,27,11527,2.932,1.985,0.026,0.199,3.324,0.007,REVOKED
core_breakdown,1000,500,100,26,116,28,11528,2.944,2.041,0.024,0.197,3.396,0.006,REVOKED
core_breakdown,1000,500,100,26,116,29,11529,2.927,1.993,0.025,0.192,3.376,0.006,REVOKED
core_breakdown,1000,500,100,26,116,30,11530,2.938,2.02,0.022,0.197,3.37,0.005,REVOKED
core_breakdown,1000,500,100,26,116,31,11531,2.977,2.049,0.023,0.198,3.323,0.005,REVOKED
core_breakdown,1000,500,100,26,116,32,11532,3.025,2.041,0.023,0.224,3.452,0.006,REVOKED
core_breakdown,1000,500,100,26,116,33,11533,2.979,1.997,0.025,0.2,3.31,0.005,REVOKED
core_breakdown,1000,500,100,26,116,34,11534,2.94,2.004,0.024,0.2,3.364,0.006,REVOKED
core_breakdown,1000,500,100,26,116,35,11535,2.967,2.039,0.024,0.194,3.322,0.006,REVOKED
core_breakdown,1000,500,100,26,116,36,11536,2.98,2.047,0.023,0.197,3.394,0.006,REVOKED
core_breakdown,1000,500,100,26,116,37,11537,2.986,2.077,0.022,0.207,3.321,0.006,REVOKED
core_breakdown,1000,500,100,26,116,38,11538,2.966,2.054,0.022,0.197,3.317,0.006,REVOKED
core_breakdown,1000,500,100,26,116,39,11539,2.96,2.083,0.024,0.197,3.322,0.007,REVOKED
core_breakdown,1000,500,100,26,116,40,11540,2.949,2.004,0.021,0.195,3.266,0.007,REVOKED
core_breakdown,1000,500,100,26,116,41,11541,2.921,2.009,0.021,0.196,3.331,0.007,REVOKED
core_breakdown,1000,500,100,26,116,42,11542,2.962,2.013,0.029,0.192,3.311,0.006,REVOKED
core_breakdown,1000,500,100,26,116,43,11543,2.965,2.013,0.022,0.203,3.313,0.006,REVOKED
core_breakdown,1000,500,100,26,116,44,11544,2.91,2.004,0.022,0.192,3.37,0.007,REVOKED
core_breakdown,1000,500,100,26,116,45,11545,2.966,2.018,0.021,0.196,3.359,0.005,REVOKED
core_breakdown,1000,500,100,26,116,46,11546,2.923,2.012,0.022,0.192,3.361,0.005,REVOKED
core_breakdown,1000,500,100,26,116,47,11547,2.876,1.976,0.022,0.195,3.338,0.006,REVOKED
core_breakdown,1000,500,100,26,116,48,11548,2.951,2.01,0.025,0.204,3.373,0.006,REVOKED
core_breakdown,1000,500,100,26,116,49,11549,3.045,2.112,0.024,0.19,3.354,0.011,REVOKED
core_breakdown,1000,500,100,26,116,50,11550,3.042,2.13,0.028,0.214,3.369,0.006,REVOKED
core_breakdown,1000,500,100,26,116,51,11551,2.93,1.994,0.022,0.204,3.358,0.006,REVOKED
core_breakdown,1000,500,100,26,116,52,11552,2.965,2.009,0.021,0.187,3.282,0.006,REVOKED
core_breakdown,1000,500,100,26,116,53,11553,2.981,2.047,0.025,0.227,3.327,0.006,REVOKED
core_breakdown,1000,500,100,26,116,54,11554,2.973,2.056,0.025,0.199,3.274,0.005,REVOKED
core_breakdown,1000,500,100,26,116,55,11555,2.903,1.989,0.02,0.192,3.375,0.006,REVOKED
core_breakdown,1000,500,100,26,116,56,11556,2.988,2.068,0.026,0.198,3.324,0.005,REVOKED
core_breakdown,1000,500,100,26,116,57,11557,2.976,2.04,0.025,0.195,3.352,0.006,REVOKED
core_breakdown,1000,500,100,26,116,58,11558,2.895,1.984,0.023,0.203,3.287,0.005,REVOKED
core_breakdown,1000,500,100,26,116,59,11559,2.902,1.983,0.024,0.204,3.272,0.006,REVOKED
core_breakdown,1000,500,100,26,116,60,11560,2.89,1.989,0.021,0.199,3.417,0.006,REVOKED
core_breakdown,1000,500,100,26,116,61,11561,2.954,1.999,0.025,0.189,3.324,0.005,REVOKED
core_breakdown,1000,500,100,26,116,62,11562,2.916,1.974,0.026,0.208,3.303,0.006,REVOKED
core_breakdown,1000,500,100,26,116,63,11563,2.938,2.009,0.023,0.196,3.339,0.006,REVOKED
core_breakdown,1000,500,100,26,116,64,11564,2.919,1.992,0.023,0.199,3.293,0.006,REVOKED
core_breakdown,1000,500,100,26,116,65,11565,2.921,2.013,0.023,0.21,3.285,0.006,REVOKED
core_breakdown,1000,500,100,26,116,66,11566,2.871,1.968,0.022,0.208,3.306,0.006,REVOKED
core_breakdown,1000,500,100,26,116,67,11567,2.957,2.068,0.02,0.192,3.345,0.006,REVOKED
core_breakdown,1000,500,100,26,116,68,11568,2.943,2.006,0.023,0.231,3.328,0.006,REVOKED
core_breakdown,1000,500,100,26,116,69,11569,2.93,2.025,0.024,0.192,3.32,0.006,REVOKED
core_breakdown,1000,500,100,26,116,70,11570,2.984,2.058,0.021,0.195,3.3,0.007,REVOKED
core_breakdown,1000,500,100,26,116,71,11571,2.978,2.058,0.021,0.194,3.315,0.005,REVOKED
core_breakdown,1000,500,100,26,116,72,11572,2.957,2.012,0.025,0.181,3.363,0.006,REVOKED
core_breakdown,1000,500,100,26,116,73,11573,2.939,2.009,0.023,0.193,3.414,0.007,REVOKED
core_breakdown,1000,500,100,26,116,74,11574,2.973,2.021,0.022,0.196,3.365,0.018,REVOKED
core_breakdown,1000,500,100,26,116,75,11575,2.925,2.014,0.025,0.188,3.341,0.006,REVOKED
core_breakdown,1000,500,100,26,116,76,11576,2.969,2.038,0.024,0.192,3.33,0.006,REVOKED
core_breakdown,1000,500,100,26,116,77,11577,2.929,2.029,0.022,0.198,3.28,0.006,REVOKED
core_breakdown,1000,500,100,26,116,78,11578,2.966,2.041,0.025,0.238,3.327,0.006,REVOKED
core_breakdown,1000,500,100,26,116,79,11579,2.976,2.03,0.021,0.239,3.346,0.007,REVOKED
core_breakdown,1000,500,100,26,116,80,11580,2.917,2.013,0.02,0.179,3.325,0.006,REVOKED
core_breakdown,1000,500,100,26,116,81,11581,3.039,2.082,0.025,0.199,3.294,0.006,REVOKED
core_breakdown,1000,500,100,26,116,82,11582,2.905,1.991,0.027,0.191,3.296,0.007,REVOKED
core_breakdown,1000,500,100,26,116,83,11583,2.966,2.033,0.023,0.199,3.417,0.007,REVOKED
core_breakdown,1000,500,100,26,116,84,11584,2.932,2.007,0.023,0.2,3.322,0.006,REVOKED
core_breakdown,1000,500,100,26,116,85,11585,2.933,2.042,0.021,0.191,3.328,0.008,REVOKED
core_breakdown,1000,500,100,26,116,86,11586,2.92,2.032,0.02,0.187,3.352,0.005,REVOKED
core_breakdown,1000,500,100,26,116,87,11587,2.939,2.018,0.026,0.197,3.316,0.005,REVOKED
core_breakdown,1000,500,100,26,116,88,11588,2.956,2.027,0.025,0.19,3.316,0.006,REVOKED
core_breakdown,1000,500,100,26,116,89,11589,3.062,2.098,0.023,0.194,3.319,0.006,REVOKED
core_breakdown,1000,500,100,26,116,90,11590,2.92,2.003,0.024,0.193,3.297,0.006,REVOKED
core_breakdown,1000,500,100,26,116,91,11591,2.965,2.049,0.021,0.205,3.311,0.005,REVOKED
core_breakdown,1000,500,100,26,116,92,11592,2.964,2.023,0.026,0.204,3.285,0.007,REVOKED
core_breakdown,1000,500,100,26,116,93,11593,2.989,2.033,0.023,0.202,3.358,0.007,REVOKED
core_breakdown,1000,500,100,26,116,94,11594,2.918,1.992,0.022,0.192,3.36,0.006,REVOKED
core_breakdown,1000,500,100,26,116,95,11595,2.916,2.002,0.022,0.184,3.361,0.005,REVOKED
core_breakdown,1000,500,100,26,116,96,11596,2.918,2.009,0.022,0.191,3.277,0.007,REVOKED
core_breakdown,1000,500,100,26,116,97,11597,2.886,1.966,0.025,0.214,3.308,0.019,REVOKED
core_breakdown,1000,500,100,26,116,98,11598,2.912,2.003,0.022,0.196,3.292,0.006,REVOKED
core_breakdown,1000,500,100,26,116,99,11599,2.878,1.967,0.02,0.19,3.351,0.006,REVOKED
core_breakdown,1000,500,100,26,116,100,11600,2.896,1.987,0.025,0.194,3.315,0.006,REVOKED
core_breakdown,1000,500,100,27,117,1,11601,7.123,4.468,0.235,0.467,8.096,0.064,REVOKED
core_breakdown,1000,500,100,27,117,2,11602,6.249,4.035,0.139,0.401,6.096,0.028,REVOKED
core_breakdown,1000,500,100,27,117,3,11603,5.153,3.482,0.082,0.333,4.932,0.009,REVOKED
core_breakdown,1000,500,100,27,117,4,11604,4.796,3.257,0.08,0.314,4.492,0.011,REVOKED
core_breakdown,1000,500,100,27,117,5,11605,3.824,2.594,0.038,0.246,4.001,0.007,REVOKED
core_breakdown,1000,500,100,27,117,6,11606,3.499,2.377,0.031,0.218,3.877,0.007,REVOKED
core_breakdown,1000,500,100,27,117,7,11607,3.525,2.416,0.034,0.22,4.084,0.016,REVOKED
core_breakdown,1000,500,100,27,117,8,11608,3.861,2.572,0.038,0.23,3.855,0.007,REVOKED
core_breakdown,1000,500,100,27,117,9,11609,3.418,2.317,0.038,0.224,3.75,0.007,REVOKED
core_breakdown,1000,500,100,27,117,10,11610,3.346,2.239,0.076,0.222,3.522,0.014,REVOKED
core_breakdown,1000,500,100,27,117,11,11611,3.197,2.216,0.032,0.26,3.785,0.008,REVOKED
core_breakdown,1000,500,100,27,117,12,11612,3.395,2.325,0.035,0.227,3.968,0.006,REVOKED
core_breakdown,1000,500,100,27,117,13,11613,3.357,2.285,0.035,0.242,3.552,0.009,REVOKED
core_breakdown,1000,500,100,27,117,14,11614,3.047,2.077,0.028,0.228,3.385,0.006,REVOKED
core_breakdown,1000,500,100,27,117,15,11615,2.991,2.046,0.027,0.198,3.371,0.009,REVOKED
core_breakdown,1000,500,100,27,117,16,11616,2.975,2.032,0.024,0.197,3.312,0.006,REVOKED
core_breakdown,1000,500,100,27,117,17,11617,2.951,1.991,0.027,0.198,3.29,0.006,REVOKED
core_breakdown,1000,500,100,27,117,18,11618,2.534,1.699,0.023,0.175,3.259,0.005,REVOKED
core_breakdown,1000,500,100,27,117,19,11619,2.907,1.995,0.025,0.207,3.328,0.005,REVOKED
core_breakdown,1000,500,100,27,117,20,11620,2.89,1.97,0.023,0.193,3.378,0.007,REVOKED
core_breakdown,1000,500,100,27,117,21,11621,3.009,2.074,0.027,0.198,3.304,0.006,REVOKED
core_breakdown,1000,500,100,27,117,22,11622,2.934,1.989,0.028,0.233,3.235,0.005,REVOKED
core_breakdown,1000,500,100,27,117,23,11623,2.941,2.035,0.025,0.19,3.341,0.006,REVOKED
core_breakdown,1000,500,100,27,117,24,11624,2.953,2.021,0.022,0.194,3.321,0.006,REVOKED
core_breakdown,1000,500,100,27,117,25,11625,2.951,2.004,0.02,0.206,3.29,0.007,REVOKED
core_breakdown,1000,500,100,27,117,26,11626,2.929,2.006,0.023,0.194,3.37,0.006,REVOKED
core_breakdown,1000,500,100,27,117,27,11627,2.955,2.04,0.026,0.198,3.447,0.006,REVOKED
core_breakdown,1000,500,100,27,117,28,11628,2.941,2.009,0.022,0.198,3.378,0.006,REVOKED
core_breakdown,1000,500,100,27,117,29,11629,2.932,2.014,0.026,0.196,3.345,0.006,REVOKED
core_breakdown,1000,500,100,27,117,30,11630,2.783,1.796,0.025,0.173,3.026,0.005,REVOKED
core_breakdown,1000,500,100,27,117,31,11631,2.903,1.977,0.025,0.205,3.301,0.006,REVOKED
core_breakdown,1000,500,100,27,117,32,11632,2.992,2.042,0.022,0.191,3.335,0.006,REVOKED
core_breakdown,1000,500,100,27,117,33,11633,3.085,2.075,0.025,0.196,3.373,0.006,REVOKED
core_breakdown,1000,500,100,27,117,34,11634,2.962,1.993,0.027,0.205,3.406,0.006,REVOKED
core_breakdown,1000,500,100,27,117,35,11635,2.933,1.98,0.026,0.19,3.359,0.006,REVOKED
core_breakdown,1000,500,100,27,117,36,11636,2.574,1.74,0.021,0.19,3.064,0.006,REVOKED
core_breakdown,1000,500,100,27,117,37,11637,2.598,1.779,0.024,0.202,2.947,0.006,REVOKED
core_breakdown,1000,500,100,27,117,38,11638,2.62,1.803,0.021,0.177,3.005,0.006,REVOKED
core_breakdown,1000,500,100,27,117,39,11639,2.634,1.748,0.02,0.179,12.779,0.006,REVOKED
core_breakdown,1000,500,100,27,117,40,11640,2.754,1.868,0.023,0.207,3.452,0.013,REVOKED
core_breakdown,1000,500,100,27,117,41,11641,2.917,1.978,0.026,0.196,3.409,0.006,REVOKED
core_breakdown,1000,500,100,27,117,42,11642,2.916,2.002,0.023,0.208,3.292,0.006,REVOKED
core_breakdown,1000,500,100,27,117,43,11643,2.965,2.036,0.026,0.189,3.359,0.007,REVOKED
core_breakdown,1000,500,100,27,117,44,11644,2.969,2.037,0.022,0.189,3.325,0.006,REVOKED
core_breakdown,1000,500,100,27,117,45,11645,2.881,1.962,0.023,0.191,3.367,0.006,REVOKED
core_breakdown,1000,500,100,27,117,46,11646,2.936,2.025,0.02,0.205,3.287,0.007,REVOKED
core_breakdown,1000,500,100,27,117,47,11647,3.039,2.121,0.023,0.261,4.25,0.007,REVOKED
core_breakdown,1000,500,100,27,117,48,11648,3.011,2.059,0.025,0.199,3.321,0.006,REVOKED
core_breakdown,1000,500,100,27,117,49,11649,2.977,2.055,0.027,0.195,3.342,0.009,REVOKED
core_breakdown,1000,500,100,27,117,50,11650,3.005,2.063,0.023,0.191,3.34,0.006,REVOKED
core_breakdown,1000,500,100,27,117,51,11651,2.896,1.997,0.025,0.196,3.369,0.006,REVOKED
core_breakdown,1000,500,100,27,117,52,11652,2.97,2.04,0.024,0.195,3.323,0.006,REVOKED
core_breakdown,1000,500,100,27,117,53,11653,2.942,2.013,0.021,0.19,3.371,0.006,REVOKED
core_breakdown,1000,500,100,27,117,54,11654,2.932,2.005,0.022,0.196,3.322,0.005,REVOKED
core_breakdown,1000,500,100,27,117,55,11655,2.93,2.029,0.022,0.192,3.355,0.006,REVOKED
core_breakdown,1000,500,100,27,117,56,11656,2.907,1.987,0.019,0.185,3.255,0.006,REVOKED
core_breakdown,1000,500,100,27,117,57,11657,3.011,2.045,0.025,0.19,3.423,0.006,REVOKED
core_breakdown,1000,500,100,27,117,58,11658,2.919,2.014,0.025,0.204,3.346,0.006,REVOKED
core_breakdown,1000,500,100,27,117,59,11659,2.866,1.959,0.026,0.191,3.311,0.008,REVOKED
core_breakdown,1000,500,100,27,117,60,11660,2.935,2.022,0.021,0.193,3.262,0.006,REVOKED
core_breakdown,1000,500,100,27,117,61,11661,2.951,2.019,0.025,0.191,3.352,0.005,REVOKED
core_breakdown,1000,500,100,27,117,62,11662,2.944,2.01,0.023,0.182,3.312,0.005,REVOKED
core_breakdown,1000,500,100,27,117,63,11663,2.988,2.031,0.021,0.203,3.248,0.006,REVOKED
core_breakdown,1000,500,100,27,117,64,11664,2.97,2.014,0.022,0.198,3.319,0.007,REVOKED
core_breakdown,1000,500,100,27,117,65,11665,2.902,1.991,0.026,0.193,3.287,0.006,REVOKED
core_breakdown,1000,500,100,27,117,66,11666,2.95,2.023,0.024,0.189,3.263,0.006,REVOKED
core_breakdown,1000,500,100,27,117,67,11667,2.913,2.023,0.022,0.201,3.284,0.007,REVOKED
core_breakdown,1000,500,100,27,117,68,11668,2.936,1.999,0.024,0.194,3.28,0.006,REVOKED
core_breakdown,1000,500,100,27,117,69,11669,2.885,1.981,0.023,0.233,3.304,0.006,REVOKED
core_breakdown,1000,500,100,27,117,70,11670,2.952,2.034,0.023,0.185,3.319,0.006,REVOKED
core_breakdown,1000,500,100,27,117,71,11671,2.935,2.006,0.022,0.193,3.252,0.006,REVOKED
core_breakdown,1000,500,100,27,117,72,11672,2.959,2.034,0.024,0.19,3.33,0.006,REVOKED
core_breakdown,1000,500,100,27,117,73,11673,2.948,2.024,0.023,0.19,3.154,0.006,REVOKED
core_breakdown,1000,500,100,27,117,74,11674,2.513,1.685,0.024,0.199,3.304,0.006,REVOKED
core_breakdown,1000,500,100,27,117,75,11675,2.935,2.028,0.02,0.194,3.269,0.006,REVOKED
core_breakdown,1000,500,100,27,117,76,11676,2.943,2.047,0.025,0.187,3.293,0.006,REVOKED
core_breakdown,1000,500,100,27,117,77,11677,2.897,1.997,0.022,0.189,3.31,0.006,REVOKED
core_breakdown,1000,500,100,27,117,78,11678,2.887,1.978,0.022,0.195,3.319,0.006,REVOKED
core_breakdown,1000,500,100,27,117,79,11679,2.933,2.046,0.02,0.192,3.336,0.012,REVOKED
core_breakdown,1000,500,100,27,117,80,11680,2.937,2.002,0.021,0.216,3.247,0.006,REVOKED
core_breakdown,1000,500,100,27,117,81,11681,2.932,2.015,0.025,0.192,3.362,0.006,REVOKED
core_breakdown,1000,500,100,27,117,82,11682,2.972,2.059,0.026,0.192,3.313,0.006,REVOKED
core_breakdown,1000,500,100,27,117,83,11683,2.912,1.995,0.021,0.19,3.329,0.01,REVOKED
core_breakdown,1000,500,100,27,117,84,11684,2.907,2.001,0.022,0.188,3.281,0.006,REVOKED
core_breakdown,1000,500,100,27,117,85,11685,2.88,1.976,0.023,0.191,3.344,0.005,REVOKED
core_breakdown,1000,500,100,27,117,86,11686,2.923,2.009,0.02,0.192,3.331,0.006,REVOKED
core_breakdown,1000,500,100,27,117,87,11687,2.985,2.071,0.022,0.203,3.347,0.005,REVOKED
core_breakdown,1000,500,100,27,117,88,11688,2.921,1.997,0.02,0.199,3.345,0.006,REVOKED
core_breakdown,1000,500,100,27,117,89,11689,2.919,2.012,0.02,0.212,3.3,0.006,REVOKED
core_breakdown,1000,500,100,27,117,90,11690,2.92,2.008,0.025,0.223,3.235,0.005,REVOKED
core_breakdown,1000,500,100,27,117,91,11691,2.879,1.98,0.022,0.197,3.384,0.006,REVOKED
core_breakdown,1000,500,100,27,117,92,11692,2.926,2.003,0.021,0.188,3.248,0.006,REVOKED
core_breakdown,1000,500,100,27,117,93,11693,2.924,2.011,0.023,0.248,3.274,0.006,REVOKED
core_breakdown,1000,500,100,27,117,94,11694,2.925,2.005,0.023,0.191,3.288,0.005,REVOKED
core_breakdown,1000,500,100,27,117,95,11695,2.916,2.011,0.02,0.198,3.312,0.007,REVOKED
core_breakdown,1000,500,100,27,117,96,11696,2.933,1.985,0.028,0.224,3.327,0.006,REVOKED
core_breakdown,1000,500,100,27,117,97,11697,3.078,2.141,0.022,0.202,3.397,0.015,REVOKED
core_breakdown,1000,500,100,27,117,98,11698,2.964,2.023,0.027,0.192,3.24,0.007,REVOKED
core_breakdown,1000,500,100,27,117,99,11699,2.984,2.051,0.022,0.194,3.246,0.005,REVOKED
core_breakdown,1000,500,100,27,117,100,11700,2.969,2.03,0.025,0.199,3.35,0.006,REVOKED
core_breakdown,1000,500,100,28,118,1,11701,6.65,4.17,0.292,0.47,6.634,0.059,REVOKED
core_breakdown,1000,500,100,28,118,2,11702,6.274,4.108,0.146,0.388,5.739,0.03,REVOKED
core_breakdown,1000,500,100,28,118,3,11703,5.211,3.519,0.081,0.354,5.233,0.019,REVOKED
core_breakdown,1000,500,100,28,118,4,11704,4.05,2.693,0.07,0.223,4.196,0.02,REVOKED
core_breakdown,1000,500,100,28,118,5,11705,4.13,2.79,0.055,0.263,4.469,0.011,REVOKED
core_breakdown,1000,500,100,28,118,6,11706,4.04,2.748,0.052,0.242,4.099,0.008,REVOKED
core_breakdown,1000,500,100,28,118,7,11707,3.604,2.458,0.041,0.238,3.971,0.008,REVOKED
core_breakdown,1000,500,100,28,118,8,11708,3.58,2.436,0.037,0.242,4.043,0.008,REVOKED
core_breakdown,1000,500,100,28,118,9,11709,3.636,2.486,0.036,0.26,3.821,0.01,REVOKED
core_breakdown,1000,500,100,28,118,10,11710,3.539,2.434,0.032,0.247,3.89,0.008,REVOKED
core_breakdown,1000,500,100,28,118,11,11711,3.581,2.442,0.032,0.223,3.883,0.007,REVOKED
core_breakdown,1000,500,100,28,118,12,11712,3.504,2.4,0.036,0.229,3.974,0.007,REVOKED
core_breakdown,1000,500,100,28,118,13,11713,3.413,2.374,0.031,0.23,3.756,0.009,REVOKED
core_breakdown,1000,500,100,28,118,14,11714,3.46,2.34,0.08,0.228,3.417,0.014,REVOKED
core_breakdown,1000,500,100,28,118,15,11715,3.042,2.059,0.044,0.198,3.361,0.009,REVOKED
core_breakdown,1000,500,100,28,118,16,11716,3.066,2.114,0.036,0.213,3.4,0.008,REVOKED
core_breakdown,1000,500,100,28,118,17,11717,3.102,2.147,0.029,0.232,3.766,0.007,REVOKED
core_breakdown,1000,500,100,28,118,18,11718,3.385,2.304,0.026,0.243,3.73,0.006,REVOKED
core_breakdown,1000,500,100,28,118,19,11719,3.376,2.324,0.027,0.229,3.585,0.005,REVOKED
core_breakdown,1000,500,100,28,118,20,11720,3.036,2.065,0.026,0.218,3.409,0.007,REVOKED
core_breakdown,1000,500,100,28,118,21,11721,2.948,1.987,0.027,0.197,3.409,0.006,REVOKED
core_breakdown,1000,500,100,28,118,22,11722,3.013,2.08,0.024,0.202,3.283,0.005,REVOKED
core_breakdown,1000,500,100,28,118,23,11723,2.983,2.057,0.028,0.193,3.303,0.007,REVOKED
core_breakdown,1000,500,100,28,118,24,11724,2.952,1.996,0.032,0.198,3.407,0.006,REVOKED
core_breakdown,1000,500,100,28,118,25,11725,2.96,2.043,0.022,0.198,3.36,0.008,REVOKED
core_breakdown,1000,500,100,28,118,26,11726,2.979,2.05,0.026,0.22,3.348,0.006,REVOKED
core_breakdown,1000,500,100,28,118,27,11727,2.932,2.009,0.023,0.212,3.355,0.009,REVOKED
core_breakdown,1000,500,100,28,118,28,11728,2.932,2.028,0.027,0.203,3.321,0.006,REVOKED
core_breakdown,1000,500,100,28,118,29,11729,2.945,2.034,0.021,0.188,3.439,0.007,REVOKED
core_breakdown,1000,500,100,28,118,30,11730,2.909,2.016,0.026,0.19,3.357,0.006,REVOKED
core_breakdown,1000,500,100,28,118,31,11731,2.937,2.006,0.022,0.204,3.387,0.006,REVOKED
core_breakdown,1000,500,100,28,118,32,11732,2.97,2.029,0.023,0.203,3.413,0.005,REVOKED
core_breakdown,1000,500,100,28,118,33,11733,2.984,2.011,0.024,0.203,3.424,0.005,REVOKED
core_breakdown,1000,500,100,28,118,34,11734,2.989,2.057,0.024,0.208,3.297,0.005,REVOKED
core_breakdown,1000,500,100,28,118,35,11735,2.912,1.998,0.024,0.189,3.368,0.005,REVOKED
core_breakdown,1000,500,100,28,118,36,11736,3.016,2.106,0.025,0.201,3.229,0.006,REVOKED
core_breakdown,1000,500,100,28,118,37,11737,2.983,2.066,0.02,0.193,3.39,0.012,REVOKED
core_breakdown,1000,500,100,28,118,38,11738,2.991,2.018,0.024,0.202,3.306,0.006,REVOKED
core_breakdown,1000,500,100,28,118,39,11739,3.02,2.096,0.028,0.197,3.363,0.007,REVOKED
core_breakdown,1000,500,100,28,118,40,11740,2.989,2.023,0.026,0.204,3.365,0.006,REVOKED
core_breakdown,1000,500,100,28,118,41,11741,3.027,2.092,0.021,0.209,3.385,0.006,REVOKED
core_breakdown,1000,500,100,28,118,42,11742,2.988,2.039,0.025,0.207,3.334,0.006,REVOKED
core_breakdown,1000,500,100,28,118,43,11743,2.979,2.043,0.022,0.209,3.291,0.006,REVOKED
core_breakdown,1000,500,100,28,118,44,11744,2.89,1.972,0.021,0.201,3.281,0.006,REVOKED
core_breakdown,1000,500,100,28,118,45,11745,3.057,2.092,0.035,0.216,3.285,0.006,REVOKED
core_breakdown,1000,500,100,28,118,46,11746,2.933,2.03,0.022,0.205,3.313,0.007,REVOKED
core_breakdown,1000,500,100,28,118,47,11747,3.029,2.071,0.025,0.194,3.232,0.006,REVOKED
core_breakdown,1000,500,100,28,118,48,11748,2.913,2.022,0.027,0.227,3.341,0.006,REVOKED
core_breakdown,1000,500,100,28,118,49,11749,2.937,1.993,0.023,0.198,3.449,0.013,REVOKED
core_breakdown,1000,500,100,28,118,50,11750,2.912,1.99,0.025,0.199,3.281,0.006,REVOKED
core_breakdown,1000,500,100,28,118,51,11751,2.867,1.939,0.025,0.196,3.439,0.006,REVOKED
core_breakdown,1000,500,100,28,118,52,11752,2.937,2.021,0.024,0.185,3.313,0.005,REVOKED
core_breakdown,1000,500,100,28,118,53,11753,2.891,1.992,0.022,0.199,3.348,0.007,REVOKED
core_breakdown,1000,500,100,28,118,54,11754,3.001,2.036,0.027,0.189,3.361,0.006,REVOKED
core_breakdown,1000,500,100,28,118,55,11755,2.971,2.038,0.025,0.192,3.388,0.006,REVOKED
core_breakdown,1000,500,100,28,118,56,11756,2.945,2.034,0.024,0.205,3.402,0.005,REVOKED
core_breakdown,1000,500,100,28,118,57,11757,2.953,1.997,0.024,0.19,3.328,0.007,REVOKED
core_breakdown,1000,500,100,28,118,58,11758,2.967,2.044,0.021,0.202,3.398,0.008,REVOKED
core_breakdown,1000,500,100,28,118,59,11759,2.933,2.002,0.02,0.195,3.351,0.006,REVOKED
core_breakdown,1000,500,100,28,118,60,11760,2.958,2.003,0.025,0.198,3.293,0.006,REVOKED
core_breakdown,1000,500,100,28,118,61,11761,2.884,1.971,0.022,0.203,3.347,0.006,REVOKED
core_breakdown,1000,500,100,28,118,62,11762,2.951,2.007,0.022,0.202,3.355,0.006,REVOKED
core_breakdown,1000,500,100,28,118,63,11763,2.98,2.042,0.022,0.208,3.398,0.006,REVOKED
core_breakdown,1000,500,100,28,118,64,11764,2.946,2.048,0.021,0.21,4.613,0.008,REVOKED
core_breakdown,1000,500,100,28,118,65,11765,3.001,2.029,0.028,0.194,3.412,0.008,REVOKED
core_breakdown,1000,500,100,28,118,66,11766,2.773,1.886,0.03,0.18,3.035,0.006,REVOKED
core_breakdown,1000,500,100,28,118,67,11767,2.586,1.736,0.024,0.209,3.495,0.008,REVOKED
core_breakdown,1000,500,100,28,118,68,11768,2.64,1.797,0.03,0.184,2.969,0.007,REVOKED
core_breakdown,1000,500,100,28,118,69,11769,2.565,1.74,0.026,0.177,3.142,0.006,REVOKED
core_breakdown,1000,500,100,28,118,70,11770,3.011,2.049,0.023,0.187,3.322,0.006,REVOKED
core_breakdown,1000,500,100,28,118,71,11771,2.947,2.003,0.029,0.2,3.287,0.007,REVOKED
core_breakdown,1000,500,100,28,118,72,11772,2.937,1.997,0.022,0.187,3.226,0.005,REVOKED
core_breakdown,1000,500,100,28,118,73,11773,2.926,2.023,0.025,0.21,3.314,0.006,REVOKED
core_breakdown,1000,500,100,28,118,74,11774,2.918,1.958,0.028,0.219,3.305,0.006,REVOKED
core_breakdown,1000,500,100,28,118,75,11775,2.915,1.994,0.021,0.204,3.285,0.006,REVOKED
core_breakdown,1000,500,100,28,118,76,11776,2.858,1.958,0.021,0.185,3.371,0.005,REVOKED
core_breakdown,1000,500,100,28,118,77,11777,2.925,2.008,0.028,0.192,3.312,0.006,REVOKED
core_breakdown,1000,500,100,28,118,78,11778,2.99,2.052,0.025,0.189,3.323,0.006,REVOKED
core_breakdown,1000,500,100,28,118,79,11779,2.893,1.988,0.023,0.189,3.329,0.005,REVOKED
core_breakdown,1000,500,100,28,118,80,11780,2.933,2.053,0.021,0.202,3.338,0.006,REVOKED
core_breakdown,1000,500,100,28,118,81,11781,2.919,2.014,0.018,0.202,3.311,0.006,REVOKED
core_breakdown,1000,500,100,28,118,82,11782,2.883,1.987,0.025,0.194,3.261,0.006,REVOKED
core_breakdown,1000,500,100,28,118,83,11783,2.949,2.009,0.021,0.204,3.36,0.006,REVOKED
core_breakdown,1000,500,100,28,118,84,11784,2.888,1.972,0.023,0.19,3.425,0.005,REVOKED
core_breakdown,1000,500,100,28,118,85,11785,3.033,2.049,0.023,0.193,3.432,0.006,REVOKED
core_breakdown,1000,500,100,28,118,86,11786,2.996,2.049,0.03,0.195,3.464,0.007,REVOKED
core_breakdown,1000,500,100,28,118,87,11787,2.99,2.029,0.02,0.204,3.436,0.006,REVOKED
core_breakdown,1000,500,100,28,118,88,11788,3.005,2.082,0.018,0.215,3.561,0.006,REVOKED
core_breakdown,1000,500,100,28,118,89,11789,3.055,2.107,0.025,0.217,3.373,0.006,REVOKED
core_breakdown,1000,500,100,28,118,90,11790,3.009,2.001,0.022,0.216,3.41,0.007,REVOKED
core_breakdown,1000,500,100,28,118,91,11791,2.959,2.047,0.023,0.203,3.349,0.006,REVOKED
core_breakdown,1000,500,100,28,118,92,11792,2.911,1.978,0.022,0.207,3.318,0.006,REVOKED
core_breakdown,1000,500,100,28,118,93,11793,2.927,1.977,0.021,0.196,3.429,0.006,REVOKED
core_breakdown,1000,500,100,28,118,94,11794,3.013,2.084,0.022,0.2,3.385,0.006,REVOKED
core_breakdown,1000,500,100,28,118,95,11795,2.971,2.021,0.024,0.199,3.325,0.006,REVOKED
core_breakdown,1000,500,100,28,118,96,11796,2.996,2.051,0.026,0.191,3.438,0.007,REVOKED
core_breakdown,1000,500,100,28,118,97,11797,2.971,2.023,0.024,0.194,3.311,0.019,REVOKED
core_breakdown,1000,500,100,28,118,98,11798,2.911,2.0,0.022,0.196,3.291,0.006,REVOKED
core_breakdown,1000,500,100,28,118,99,11799,2.955,1.997,0.025,0.203,3.378,0.005,REVOKED
core_breakdown,1000,500,100,28,118,100,11800,2.936,2.021,0.022,0.215,3.321,0.005,REVOKED
core_breakdown,1000,500,100,29,119,1,11801,6.444,4.114,0.291,0.521,7.141,0.069,REVOKED
core_breakdown,1000,500,100,29,119,2,11802,6.244,4.071,0.129,0.401,5.874,0.035,REVOKED
core_breakdown,1000,500,100,29,119,3,11803,5.068,3.348,0.122,0.348,5.359,0.024,REVOKED
core_breakdown,1000,500,100,29,119,4,11804,4.822,3.28,0.079,0.318,5.282,0.018,REVOKED
core_breakdown,1000,500,100,29,119,5,11805,4.583,3.107,0.051,0.27,4.26,0.007,REVOKED
core_breakdown,1000,500,100,29,119,6,11806,3.496,2.392,0.04,0.263,3.989,0.009,REVOKED
core_breakdown,1000,500,100,29,119,7,11807,3.558,2.441,0.039,0.316,3.888,0.011,REVOKED
core_breakdown,1000,500,100,29,119,8,11808,3.45,2.368,0.038,0.217,3.797,0.006,REVOKED
core_breakdown,1000,500,100,29,119,9,11809,3.488,2.377,0.033,0.222,3.809,0.008,REVOKED
core_breakdown,1000,500,100,29,119,10,11810,3.432,2.342,0.036,0.237,3.838,0.008,REVOKED
core_breakdown,1000,500,100,29,119,11,11811,3.52,2.422,0.042,0.236,3.83,0.006,REVOKED
core_breakdown,1000,500,100,29,119,12,11812,3.347,2.297,0.026,0.231,3.799,0.015,REVOKED
core_breakdown,1000,500,100,29,119,13,11813,3.106,2.057,0.082,0.212,3.527,0.009,REVOKED
core_breakdown,1000,500,100,29,119,14,11814,2.999,2.042,0.032,0.207,3.411,0.006,REVOKED
core_breakdown,1000,500,100,29,119,15,11815,2.995,2.05,0.029,0.199,3.254,0.008,REVOKED
core_breakdown,1000,500,100,29,119,16,11816,2.648,1.814,0.024,0.166,2.994,0.009,REVOKED
core_breakdown,1000,500,100,29,119,17,11817,2.57,1.728,0.02,0.19,3.199,0.008,REVOKED
core_breakdown,1000,500,100,29,119,18,11818,2.952,2.02,0.025,0.192,3.363,0.007,REVOKED
core_breakdown,1000,500,100,29,119,19,11819,2.998,2.051,0.03,0.204,3.293,0.007,REVOKED
core_breakdown,1000,500,100,29,119,20,11820,2.947,2.024,0.027,0.203,3.308,0.006,REVOKED
core_breakdown,1000,500,100,29,119,21,11821,2.907,1.994,0.026,0.208,2.95,0.007,REVOKED
core_breakdown,1000,500,100,29,119,22,11822,2.523,1.709,0.027,0.176,3.043,0.006,REVOKED
core_breakdown,1000,500,100,29,119,23,11823,2.594,1.774,0.021,0.182,2.962,0.006,REVOKED
core_breakdown,1000,500,100,29,119,24,11824,2.652,1.817,0.024,0.173,3.104,0.006,REVOKED
core_breakdown,1000,500,100,29,119,25,11825,2.941,1.999,0.023,0.191,3.301,0.01,REVOKED
core_breakdown,1000,500,100,29,119,26,11826,2.958,1.988,0.026,0.194,3.335,0.006,REVOKED
core_breakdown,1000,500,100,29,119,27,11827,2.993,2.06,0.022,0.186,3.384,0.006,REVOKED
core_breakdown,1000,500,100,29,119,28,11828,2.916,1.993,0.019,0.2,3.38,0.006,REVOKED
core_breakdown,1000,500,100,29,119,29,11829,2.982,2.054,0.025,0.2,3.298,0.006,REVOKED
core_breakdown,1000,500,100,29,119,30,11830,2.922,2.022,0.022,0.199,3.34,0.005,REVOKED
core_breakdown,1000,500,100,29,119,31,11831,2.958,2.024,0.035,0.195,3.332,0.007,REVOKED
core_breakdown,1000,500,100,29,119,32,11832,2.998,2.062,0.02,0.206,3.292,0.007,REVOKED
core_breakdown,1000,500,100,29,119,33,11833,3.011,2.063,0.026,0.191,3.279,0.006,REVOKED
core_breakdown,1000,500,100,29,119,34,11834,2.945,2.004,0.025,0.197,3.28,0.006,REVOKED
core_breakdown,1000,500,100,29,119,35,11835,2.898,1.972,0.023,0.192,3.535,0.006,REVOKED
core_breakdown,1000,500,100,29,119,36,11836,2.992,2.075,0.028,0.205,3.42,0.006,REVOKED
core_breakdown,1000,500,100,29,119,37,11837,2.903,1.966,0.024,0.184,3.308,0.007,REVOKED
core_breakdown,1000,500,100,29,119,38,11838,2.902,1.981,0.023,0.192,3.288,0.006,REVOKED
core_breakdown,1000,500,100,29,119,39,11839,2.959,2.04,0.023,0.2,3.333,0.006,REVOKED
core_breakdown,1000,500,100,29,119,40,11840,3.018,2.073,0.029,0.201,3.365,0.006,REVOKED
core_breakdown,1000,500,100,29,119,41,11841,3.006,2.039,0.027,0.188,3.349,0.006,REVOKED
core_breakdown,1000,500,100,29,119,42,11842,2.983,2.073,0.021,0.191,3.28,0.006,REVOKED
core_breakdown,1000,500,100,29,119,43,11843,2.922,1.997,0.024,0.189,3.322,0.006,REVOKED
core_breakdown,1000,500,100,29,119,44,11844,2.921,2.016,0.026,0.225,3.333,0.006,REVOKED
core_breakdown,1000,500,100,29,119,45,11845,2.947,2.027,0.023,0.207,3.322,0.006,REVOKED
core_breakdown,1000,500,100,29,119,46,11846,2.961,2.02,0.021,0.194,3.39,0.006,REVOKED
core_breakdown,1000,500,100,29,119,47,11847,2.887,1.98,0.021,0.192,3.241,0.006,REVOKED
core_breakdown,1000,500,100,29,119,48,11848,2.936,2.0,0.02,0.195,3.25,0.006,REVOKED
core_breakdown,1000,500,100,29,119,49,11849,2.964,2.02,0.019,0.18,3.438,0.01,REVOKED
core_breakdown,1000,500,100,29,119,50,11850,2.956,2.017,0.025,0.197,3.291,0.006,REVOKED
core_breakdown,1000,500,100,29,119,51,11851,2.888,1.978,0.024,0.212,3.346,0.007,REVOKED
core_breakdown,1000,500,100,29,119,52,11852,2.915,1.993,0.023,0.199,3.291,0.006,REVOKED
core_breakdown,1000,500,100,29,119,53,11853,2.932,2.012,0.026,0.209,3.337,0.006,REVOKED
core_breakdown,1000,500,100,29,119,54,11854,2.904,1.996,0.019,0.212,3.295,0.005,REVOKED
core_breakdown,1000,500,100,29,119,55,11855,2.906,1.997,0.018,0.191,3.288,0.005,REVOKED
core_breakdown,1000,500,100,29,119,56,11856,2.975,2.061,0.023,0.203,3.338,0.006,REVOKED
core_breakdown,1000,500,100,29,119,57,11857,2.979,2.048,0.029,0.194,3.322,0.005,REVOKED
core_breakdown,1000,500,100,29,119,58,11858,2.937,2.048,0.028,0.19,4.091,0.006,REVOKED
core_breakdown,1000,500,100,29,119,59,11859,2.978,2.023,0.026,0.211,3.321,0.006,REVOKED
core_breakdown,1000,500,100,29,119,60,11860,2.966,2.046,0.022,0.242,3.367,0.006,REVOKED
core_breakdown,1000,500,100,29,119,61,11861,2.906,1.99,0.024,0.198,3.392,0.008,REVOKED
core_breakdown,1000,500,100,29,119,62,11862,2.95,2.034,0.026,0.191,3.27,0.006,REVOKED
core_breakdown,1000,500,100,29,119,63,11863,2.931,2.018,0.021,0.196,3.331,0.005,REVOKED
core_breakdown,1000,500,100,29,119,64,11864,2.921,1.982,0.024,0.204,3.351,0.006,REVOKED
core_breakdown,1000,500,100,29,119,65,11865,2.943,2.051,0.025,0.209,3.247,0.005,REVOKED
core_breakdown,1000,500,100,29,119,66,11866,2.898,1.972,0.019,0.205,3.274,0.006,REVOKED
core_breakdown,1000,500,100,29,119,67,11867,2.961,2.058,0.021,0.188,3.275,0.006,REVOKED
core_breakdown,1000,500,100,29,119,68,11868,2.897,1.96,0.019,0.215,3.275,0.005,REVOKED
core_breakdown,1000,500,100,29,119,69,11869,2.864,1.974,0.019,0.189,3.261,0.006,REVOKED
core_breakdown,1000,500,100,29,119,70,11870,2.933,2.046,0.019,0.201,3.32,0.018,REVOKED
core_breakdown,1000,500,100,29,119,71,11871,2.946,2.036,0.026,0.202,3.653,0.006,REVOKED
core_breakdown,1000,500,100,29,119,72,11872,2.925,1.959,0.024,0.256,3.32,0.006,REVOKED
core_breakdown,1000,500,100,29,119,73,11873,2.964,2.058,0.026,0.188,3.284,0.006,REVOKED
core_breakdown,1000,500,100,29,119,74,11874,2.941,2.046,0.021,0.197,3.346,0.007,REVOKED
core_breakdown,1000,500,100,29,119,75,11875,2.923,1.999,0.018,0.191,3.453,0.006,REVOKED
core_breakdown,1000,500,100,29,119,76,11876,2.958,2.019,0.019,0.19,3.343,0.006,REVOKED
core_breakdown,1000,500,100,29,119,77,11877,2.888,1.974,0.023,0.195,3.382,0.006,REVOKED
core_breakdown,1000,500,100,29,119,78,11878,2.936,2.027,0.027,0.208,3.285,0.011,REVOKED
core_breakdown,1000,500,100,29,119,79,11879,2.9,1.993,0.022,0.221,3.316,0.006,REVOKED
core_breakdown,1000,500,100,29,119,80,11880,2.997,2.017,0.021,0.203,3.36,0.006,REVOKED
core_breakdown,1000,500,100,29,119,81,11881,2.888,1.967,0.026,0.192,3.295,0.006,REVOKED
core_breakdown,1000,500,100,29,119,82,11882,2.902,2.011,0.021,0.187,3.249,0.005,REVOKED
core_breakdown,1000,500,100,29,119,83,11883,2.895,1.985,0.024,0.245,3.32,0.006,REVOKED
core_breakdown,1000,500,100,29,119,84,11884,2.926,1.989,0.027,0.211,3.342,0.006,REVOKED
core_breakdown,1000,500,100,29,119,85,11885,2.869,1.992,0.023,0.192,3.393,0.006,REVOKED
core_breakdown,1000,500,100,29,119,86,11886,2.965,2.017,0.025,0.193,3.275,0.006,REVOKED
core_breakdown,1000,500,100,29,119,87,11887,2.909,1.99,0.024,0.196,3.569,0.007,REVOKED
core_breakdown,1000,500,100,29,119,88,11888,3.093,2.132,0.035,0.212,3.372,0.006,REVOKED
core_breakdown,1000,500,100,29,119,89,11889,2.943,2.047,0.027,0.207,3.298,0.006,REVOKED
core_breakdown,1000,500,100,29,119,90,11890,2.837,1.929,0.025,0.218,3.204,0.005,REVOKED
core_breakdown,1000,500,100,29,119,91,11891,2.892,2.007,0.021,0.186,3.28,0.006,REVOKED
core_breakdown,1000,500,100,29,119,92,11892,2.848,1.964,0.024,0.189,3.256,0.007,REVOKED
core_breakdown,1000,500,100,29,119,93,11893,2.901,1.976,0.021,0.187,3.271,0.005,REVOKED
core_breakdown,1000,500,100,29,119,94,11894,2.875,1.958,0.022,0.195,3.263,0.006,REVOKED
core_breakdown,1000,500,100,29,119,95,11895,2.829,1.911,0.021,0.188,3.227,0.007,REVOKED
core_breakdown,1000,500,100,29,119,96,11896,2.893,1.95,0.023,0.217,3.278,0.006,REVOKED
core_breakdown,1000,500,100,29,119,97,11897,2.905,1.958,0.025,0.194,12.746,0.012,REVOKED
core_breakdown,1000,500,100,29,119,98,11898,2.918,2.0,0.024,0.223,3.291,0.006,REVOKED
core_breakdown,1000,500,100,29,119,99,11899,2.9,1.988,0.026,0.197,3.373,0.005,REVOKED
core_breakdown,1000,500,100,29,119,100,11900,2.865,1.945,0.025,0.203,3.225,0.005,REVOKED
core_breakdown,1000,500,100,30,120,1,11901,7.037,4.048,0.29,0.485,6.64,0.064,REVOKED
core_breakdown,1000,500,100,30,120,2,11902,6.564,4.268,0.205,0.402,16.144,0.032,REVOKED
core_breakdown,1000,500,100,30,120,3,11903,4.834,3.239,0.067,0.307,4.944,0.013,REVOKED
core_breakdown,1000,500,100,30,120,4,11904,4.238,2.918,0.052,0.27,4.577,0.015,REVOKED
core_breakdown,1000,500,100,30,120,5,11905,4.025,2.731,0.051,0.267,4.523,0.011,REVOKED
core_breakdown,1000,500,100,30,120,6,11906,3.931,2.673,0.037,0.24,3.995,0.008,REVOKED
core_breakdown,1000,500,100,30,120,7,11907,3.554,2.452,0.028,0.218,3.987,0.011,REVOKED
core_breakdown,1000,500,100,30,120,8,11908,3.683,2.477,0.032,0.283,3.914,0.01,REVOKED
core_breakdown,1000,500,100,30,120,9,11909,3.577,2.453,0.04,0.228,3.765,0.007,REVOKED
core_breakdown,1000,500,100,30,120,10,11910,3.387,2.34,0.029,0.219,3.76,0.016,REVOKED
core_breakdown,1000,500,100,30,120,11,11911,3.17,2.145,0.057,0.213,3.402,0.01,REVOKED
core_breakdown,1000,500,100,30,120,12,11912,2.982,2.011,0.037,0.207,3.412,0.006,REVOKED
core_breakdown,1000,500,100,30,120,13,11913,3.023,2.065,0.036,0.22,3.407,0.009,REVOKED
core_breakdown,1000,500,100,30,120,14,11914,2.97,2.047,0.026,0.201,3.424,0.007,REVOKED
core_breakdown,1000,500,100,30,120,15,11915,2.998,2.067,0.028,0.202,3.39,0.006,REVOKED
core_breakdown,1000,500,100,30,120,16,11916,3.042,2.08,0.023,0.196,3.357,0.006,REVOKED
core_breakdown,1000,500,100,30,120,17,11917,2.946,2.041,0.023,0.228,3.372,0.005,REVOKED
core_breakdown,1000,500,100,30,120,18,11918,2.95,2.027,0.023,0.201,3.395,0.007,REVOKED
core_breakdown,1000,500,100,30,120,19,11919,3.025,2.045,0.03,0.203,3.378,0.005,REVOKED
core_breakdown,1000,500,100,30,120,20,11920,3.026,2.085,0.023,0.195,3.384,0.012,REVOKED
core_breakdown,1000,500,100,30,120,21,11921,2.986,2.011,0.027,0.207,3.391,0.006,REVOKED
core_breakdown,1000,500,100,30,120,22,11922,2.976,2.034,0.028,0.199,3.332,0.006,REVOKED
core_breakdown,1000,500,100,30,120,23,11923,3.183,2.256,0.022,0.215,3.05,0.006,REVOKED
core_breakdown,1000,500,100,30,120,24,11924,3.02,2.08,0.028,0.204,3.439,0.005,REVOKED
core_breakdown,1000,500,100,30,120,25,11925,2.925,2.014,0.023,0.195,3.343,0.009,REVOKED
core_breakdown,1000,500,100,30,120,26,11926,3.016,2.079,0.02,0.213,3.33,0.006,REVOKED
core_breakdown,1000,500,100,30,120,27,11927,3.0,2.06,0.025,0.193,3.395,0.006,REVOKED
core_breakdown,1000,500,100,30,120,28,11928,3.019,2.101,0.029,0.219,3.368,0.006,REVOKED
core_breakdown,1000,500,100,30,120,29,11929,3.058,2.1,0.026,0.193,3.478,0.006,REVOKED
core_breakdown,1000,500,100,30,120,30,11930,2.958,2.007,0.027,0.199,3.362,0.006,REVOKED
core_breakdown,1000,500,100,30,120,31,11931,2.995,2.057,0.025,0.219,3.45,0.007,REVOKED
core_breakdown,1000,500,100,30,120,32,11932,2.981,2.011,0.026,0.195,3.3,0.006,REVOKED
core_breakdown,1000,500,100,30,120,33,11933,3.009,2.07,0.024,0.202,3.409,0.006,REVOKED
core_breakdown,1000,500,100,30,120,34,11934,2.971,2.04,0.022,0.199,3.34,0.006,REVOKED
core_breakdown,1000,500,100,30,120,35,11935,2.95,2.05,0.024,0.2,3.36,0.006,REVOKED
core_breakdown,1000,500,100,30,120,36,11936,2.965,2.051,0.024,0.207,3.414,0.005,REVOKED
core_breakdown,1000,500,100,30,120,37,11937,2.937,2.004,0.018,0.206,3.361,0.006,REVOKED
core_breakdown,1000,500,100,30,120,38,11938,2.986,2.048,0.025,0.191,3.3,0.006,REVOKED
core_breakdown,1000,500,100,30,120,39,11939,2.951,2.029,0.023,0.199,3.37,0.007,REVOKED
core_breakdown,1000,500,100,30,120,40,11940,3.005,2.076,0.026,0.189,3.401,0.006,REVOKED
core_breakdown,1000,500,100,30,120,41,11941,2.932,1.995,0.022,0.194,3.309,0.006,REVOKED
core_breakdown,1000,500,100,30,120,42,11942,3.026,2.059,0.025,0.191,3.368,0.005,REVOKED
core_breakdown,1000,500,100,30,120,43,11943,2.99,2.058,0.026,0.194,3.362,0.006,REVOKED
core_breakdown,1000,500,100,30,120,44,11944,2.959,2.041,0.022,0.194,3.427,0.006,REVOKED
core_breakdown,1000,500,100,30,120,45,11945,2.965,2.03,0.023,0.185,3.333,0.006,REVOKED
core_breakdown,1000,500,100,30,120,46,11946,2.949,2.034,0.022,0.213,3.299,0.006,REVOKED
core_breakdown,1000,500,100,30,120,47,11947,3.062,2.15,0.025,0.215,3.338,0.006,REVOKED
core_breakdown,1000,500,100,30,120,48,11948,2.962,2.03,0.023,0.206,3.397,0.006,REVOKED
core_breakdown,1000,500,100,30,120,49,11949,2.965,2.047,0.028,0.214,3.345,0.011,REVOKED
core_breakdown,1000,500,100,30,120,50,11950,2.995,2.037,0.023,0.216,3.309,0.006,REVOKED
core_breakdown,1000,500,100,30,120,51,11951,2.945,2.022,0.024,0.198,3.382,0.007,REVOKED
core_breakdown,1000,500,100,30,120,52,11952,3.091,2.14,0.024,0.225,3.493,0.006,REVOKED
core_breakdown,1000,500,100,30,120,53,11953,3.053,2.095,0.025,0.213,3.372,0.006,REVOKED
core_breakdown,1000,500,100,30,120,54,11954,2.971,2.067,0.021,0.196,3.363,0.006,REVOKED
core_breakdown,1000,500,100,30,120,55,11955,2.968,2.052,0.021,0.196,3.332,0.005,REVOKED
core_breakdown,1000,500,100,30,120,56,11956,2.996,2.056,0.026,0.193,3.422,0.006,REVOKED
core_breakdown,1000,500,100,30,120,57,11957,3.014,2.039,0.025,0.211,3.375,0.005,REVOKED
core_breakdown,1000,500,100,30,120,58,11958,2.945,2.01,0.027,0.198,3.341,0.006,REVOKED
core_breakdown,1000,500,100,30,120,59,11959,2.942,2.021,0.024,0.196,3.352,0.006,REVOKED
core_breakdown,1000,500,100,30,120,60,11960,2.988,2.049,0.026,0.197,3.288,0.007,REVOKED
core_breakdown,1000,500,100,30,120,61,11961,3.007,2.059,0.022,0.208,3.385,0.006,REVOKED
core_breakdown,1000,500,100,30,120,62,11962,2.953,2.031,0.02,0.19,3.348,0.005,REVOKED
core_breakdown,1000,500,100,30,120,63,11963,2.961,2.021,0.022,0.196,3.354,0.006,REVOKED
core_breakdown,1000,500,100,30,120,64,11964,2.969,2.04,0.021,0.202,3.293,0.006,REVOKED
core_breakdown,1000,500,100,30,120,65,11965,2.983,2.036,0.024,0.193,3.304,0.005,REVOKED
core_breakdown,1000,500,100,30,120,66,11966,2.924,1.985,0.021,0.189,3.37,0.006,REVOKED
core_breakdown,1000,500,100,30,120,67,11967,2.984,2.043,0.022,0.191,3.332,0.006,REVOKED
core_breakdown,1000,500,100,30,120,68,11968,2.957,2.001,0.02,0.213,3.352,0.006,REVOKED
core_breakdown,1000,500,100,30,120,69,11969,2.928,2.014,0.029,0.197,3.391,0.006,REVOKED
core_breakdown,1000,500,100,30,120,70,11970,2.94,2.015,0.02,0.2,3.369,0.007,REVOKED
core_breakdown,1000,500,100,30,120,71,11971,2.929,1.989,0.019,0.202,3.384,0.006,REVOKED
core_breakdown,1000,500,100,30,120,72,11972,2.975,2.01,0.026,0.189,3.391,0.007,REVOKED
core_breakdown,1000,500,100,30,120,73,11973,3.018,2.054,0.018,0.206,3.38,0.011,REVOKED
core_breakdown,1000,500,100,30,120,74,11974,2.971,2.031,0.025,0.2,3.449,0.006,REVOKED
core_breakdown,1000,500,100,30,120,75,11975,2.929,2.029,0.018,0.197,3.344,0.008,REVOKED
core_breakdown,1000,500,100,30,120,76,11976,2.949,2.053,0.022,0.197,3.362,0.006,REVOKED
core_breakdown,1000,500,100,30,120,77,11977,2.97,2.023,0.024,0.198,3.372,0.007,REVOKED
core_breakdown,1000,500,100,30,120,78,11978,2.963,2.03,0.023,0.203,3.419,0.006,REVOKED
core_breakdown,1000,500,100,30,120,79,11979,2.944,2.027,0.025,0.204,3.307,0.007,REVOKED
core_breakdown,1000,500,100,30,120,80,11980,2.907,1.989,0.025,0.194,3.365,0.005,REVOKED
core_breakdown,1000,500,100,30,120,81,11981,2.977,2.049,0.024,0.191,3.337,0.006,REVOKED
core_breakdown,1000,500,100,30,120,82,11982,2.97,2.037,0.02,0.195,3.371,0.006,REVOKED
core_breakdown,1000,500,100,30,120,83,11983,2.938,2.017,0.022,0.201,3.266,0.006,REVOKED
core_breakdown,1000,500,100,30,120,84,11984,3.015,2.073,0.025,0.198,3.317,0.006,REVOKED
core_breakdown,1000,500,100,30,120,85,11985,2.932,2.021,0.024,0.199,3.408,0.005,REVOKED
core_breakdown,1000,500,100,30,120,86,11986,2.981,2.058,0.02,0.19,3.315,0.008,REVOKED
core_breakdown,1000,500,100,30,120,87,11987,3.043,2.103,0.023,0.2,3.368,0.006,REVOKED
core_breakdown,1000,500,100,30,120,88,11988,2.938,2.025,0.025,0.193,3.248,0.006,REVOKED
core_breakdown,1000,500,100,30,120,89,11989,2.928,2.038,0.026,0.199,3.483,0.006,REVOKED
core_breakdown,1000,500,100,30,120,90,11990,3.008,2.069,0.022,0.2,3.39,0.007,REVOKED
core_breakdown,1000,500,100,30,120,91,11991,3.034,2.115,0.024,0.233,3.205,0.007,REVOKED
core_breakdown,1000,500,100,30,120,92,11992,2.58,1.739,0.022,0.203,3.419,0.006,REVOKED
core_breakdown,1000,500,100,30,120,93,11993,2.953,2.028,0.021,0.208,3.402,0.005,REVOKED
core_breakdown,1000,500,100,30,120,94,11994,2.961,2.052,0.018,0.204,3.404,0.006,REVOKED
core_breakdown,1000,500,100,30,120,95,11995,3.017,2.06,0.026,0.212,3.393,0.006,REVOKED
core_breakdown,1000,500,100,30,120,96,11996,2.878,1.965,0.021,0.221,3.347,0.006,REVOKED
core_breakdown,1000,500,100,30,120,97,11997,2.975,2.09,0.022,0.207,3.42,0.022,REVOKED
core_breakdown,1000,500,100,30,120,98,11998,3.011,2.084,0.027,0.192,3.305,0.006,REVOKED
core_breakdown,1000,500,100,30,120,99,11999,3.002,2.068,0.024,0.195,3.339,0.006,REVOKED
core_breakdown,1000,500,100,30,120,100,12000,2.96,2.026,0.018,0.207,3.35,0.006,REVOKED
core_breakdown,1000,500,100,31,121,1,12001,6.4,4.084,0.273,0.468,7.919,0.057,REVOKED
core_breakdown,1000,500,100,31,121,2,12002,6.145,4.028,0.123,0.39,5.721,0.02,REVOKED
core_breakdown,1000,500,100,31,121,3,12003,4.363,3.032,0.087,0.324,5.26,0.02,REVOKED
core_breakdown,1000,500,100,31,121,4,12004,4.403,2.955,0.057,0.287,4.292,0.01,REVOKED
core_breakdown,1000,500,100,31,121,5,12005,3.708,2.52,0.037,0.247,4.089,0.01,REVOKED
core_breakdown,1000,500,100,31,121,6,12006,3.636,2.485,0.033,0.266,4.021,0.009,REVOKED
core_breakdown,1000,500,100,31,121,7,12007,3.601,2.472,0.048,0.246,4.013,0.008,REVOKED
core_breakdown,1000,500,100,31,121,8,12008,3.653,2.482,0.04,0.257,3.938,0.008,REVOKED
core_breakdown,1000,500,100,31,121,9,12009,3.552,2.423,0.036,0.223,3.781,0.006,REVOKED
core_breakdown,1000,500,100,31,121,10,12010,3.435,2.343,0.028,0.236,3.928,0.008,REVOKED
core_breakdown,1000,500,100,31,121,11,12011,3.571,2.437,0.078,0.23,3.508,0.017,REVOKED
core_breakdown,1000,500,100,31,121,12,12012,3.032,2.068,0.046,0.205,3.434,0.008,REVOKED
core_breakdown,1000,500,100,31,121,13,12013,2.981,2.054,0.031,0.196,3.414,0.01,REVOKED
core_breakdown,1000,500,100,31,121,14,12014,2.992,2.066,0.028,0.201,3.41,0.007,REVOKED
core_breakdown,1000,500,100,31,121,15,12015,3.065,2.154,0.027,0.199,3.461,0.006,REVOKED
core_breakdown,1000,500,100,31,121,16,12016,3.01,2.091,0.026,0.198,3.401,0.006,REVOKED
core_breakdown,1000,500,100,31,121,17,12017,3.299,2.354,0.023,0.193,3.497,0.006,REVOKED
core_breakdown,1000,500,100,31,121,18,12018,2.913,1.996,0.024,0.208,3.35,0.006,REVOKED
core_breakdown,1000,500,100,31,121,19,12019,2.944,2.012,0.031,0.188,3.313,0.006,REVOKED
core_breakdown,1000,500,100,31,121,20,12020,2.953,2.043,0.026,0.208,3.297,0.006,REVOKED
core_breakdown,1000,500,100,31,121,21,12021,2.985,2.045,0.025,0.198,3.419,0.006,REVOKED
core_breakdown,1000,500,100,31,121,22,12022,2.984,2.063,0.026,0.192,3.345,0.006,REVOKED
core_breakdown,1000,500,100,31,121,23,12023,2.964,2.039,0.019,0.194,3.383,0.006,REVOKED
core_breakdown,1000,500,100,31,121,24,12024,3.013,2.024,0.028,0.206,3.392,0.005,REVOKED
core_breakdown,1000,500,100,31,121,25,12025,2.98,2.069,0.021,0.191,3.354,0.009,REVOKED
core_breakdown,1000,500,100,31,121,26,12026,3.031,2.117,0.025,0.197,3.276,0.006,REVOKED
core_breakdown,1000,500,100,31,121,27,12027,2.934,2.026,0.026,0.195,3.359,0.006,REVOKED
core_breakdown,1000,500,100,31,121,28,12028,2.974,2.045,0.021,0.191,3.355,0.006,REVOKED
core_breakdown,1000,500,100,31,121,29,12029,2.961,2.042,0.028,0.196,3.355,0.005,REVOKED
core_breakdown,1000,500,100,31,121,30,12030,2.945,2.0,0.024,0.184,3.305,0.005,REVOKED
core_breakdown,1000,500,100,31,121,31,12031,3.008,2.027,0.025,0.206,3.308,0.007,REVOKED
core_breakdown,1000,500,100,31,121,32,12032,2.954,2.016,0.021,0.191,3.289,0.006,REVOKED
core_breakdown,1000,500,100,31,121,33,12033,2.927,1.962,0.022,0.204,3.306,0.006,REVOKED
core_breakdown,1000,500,100,31,121,34,12034,2.954,2.023,0.021,0.2,3.243,0.008,REVOKED
core_breakdown,1000,500,100,31,121,35,12035,2.969,2.049,0.028,0.206,3.291,0.006,REVOKED
core_breakdown,1000,500,100,31,121,36,12036,2.963,2.005,0.023,0.191,3.285,0.006,REVOKED
core_breakdown,1000,500,100,31,121,37,12037,2.995,2.076,0.021,0.198,3.359,0.006,REVOKED
core_breakdown,1000,500,100,31,121,38,12038,2.973,2.047,0.026,0.188,3.344,0.006,REVOKED
core_breakdown,1000,500,100,31,121,39,12039,2.925,2.008,0.025,0.199,3.404,0.006,REVOKED
core_breakdown,1000,500,100,31,121,40,12040,2.911,1.99,0.023,0.191,3.316,0.005,REVOKED
core_breakdown,1000,500,100,31,121,41,12041,3.049,2.088,0.025,0.192,3.334,0.007,REVOKED
core_breakdown,1000,500,100,31,121,42,12042,2.973,2.04,0.021,0.194,3.356,0.006,REVOKED
core_breakdown,1000,500,100,31,121,43,12043,3.106,2.15,0.022,0.216,3.345,0.007,REVOKED
core_breakdown,1000,500,100,31,121,44,12044,3.0,2.084,0.021,0.189,3.332,0.006,REVOKED
core_breakdown,1000,500,100,31,121,45,12045,2.971,2.026,0.028,0.198,3.401,0.006,REVOKED
core_breakdown,1000,500,100,31,121,46,12046,2.909,1.955,0.023,0.187,3.441,0.006,REVOKED
core_breakdown,1000,500,100,31,121,47,12047,2.975,2.002,0.025,0.215,3.349,0.007,REVOKED
core_breakdown,1000,500,100,31,121,48,12048,2.921,2.01,0.022,0.189,3.34,0.006,REVOKED
core_breakdown,1000,500,100,31,121,49,12049,2.94,1.993,0.026,0.213,3.328,0.011,REVOKED
core_breakdown,1000,500,100,31,121,50,12050,2.942,2.015,0.029,0.198,3.323,0.005,REVOKED
core_breakdown,1000,500,100,31,121,51,12051,2.897,1.992,0.021,0.19,3.327,0.006,REVOKED
core_breakdown,1000,500,100,31,121,52,12052,2.927,2.035,0.019,0.189,3.341,0.006,REVOKED
core_breakdown,1000,500,100,31,121,53,12053,2.896,1.995,0.018,0.203,3.349,0.006,REVOKED
core_breakdown,1000,500,100,31,121,54,12054,2.894,1.986,0.02,0.187,3.3,0.006,REVOKED
core_breakdown,1000,500,100,31,121,55,12055,2.92,2.013,0.025,0.195,3.412,0.006,REVOKED
core_breakdown,1000,500,100,31,121,56,12056,2.955,2.052,0.022,0.188,3.362,0.006,REVOKED
core_breakdown,1000,500,100,31,121,57,12057,2.926,1.98,0.024,0.199,3.295,0.007,REVOKED
core_breakdown,1000,500,100,31,121,58,12058,2.967,2.001,0.024,0.213,3.361,0.006,REVOKED
core_breakdown,1000,500,100,31,121,59,12059,2.901,1.981,0.025,0.193,3.274,0.006,REVOKED
core_breakdown,1000,500,100,31,121,60,12060,2.936,1.974,0.02,0.198,3.292,0.005,REVOKED
core_breakdown,1000,500,100,31,121,61,12061,2.922,1.996,0.018,0.187,3.3,0.006,REVOKED
core_breakdown,1000,500,100,31,121,62,12062,2.972,2.034,0.026,0.195,3.273,0.006,REVOKED
core_breakdown,1000,500,100,31,121,63,12063,2.933,2.046,0.019,0.198,3.27,0.006,REVOKED
core_breakdown,1000,500,100,31,121,64,12064,2.893,1.988,0.02,0.194,3.265,0.006,REVOKED
core_breakdown,1000,500,100,31,121,65,12065,3.023,2.104,0.024,0.194,3.277,0.006,REVOKED
core_breakdown,1000,500,100,31,121,66,12066,2.925,2.032,0.026,0.194,3.378,0.011,REVOKED
core_breakdown,1000,500,100,31,121,67,12067,2.972,2.042,0.018,0.204,3.328,0.007,REVOKED
core_breakdown,1000,500,100,31,121,68,12068,3.016,2.092,0.022,0.209,3.338,0.01,REVOKED
core_breakdown,1000,500,100,31,121,69,12069,2.956,2.026,0.027,0.173,4.119,0.006,REVOKED
core_breakdown,1000,500,100,31,121,70,12070,2.967,2.041,0.019,0.195,3.272,0.005,REVOKED
core_breakdown,1000,500,100,31,121,71,12071,3.014,2.059,0.027,0.21,3.342,0.005,REVOKED
core_breakdown,1000,500,100,31,121,72,12072,2.997,2.043,0.02,0.194,3.381,0.006,REVOKED
core_breakdown,1000,500,100,31,121,73,12073,2.954,2.018,0.025,0.194,3.394,0.005,REVOKED
core_breakdown,1000,500,100,31,121,74,12074,2.909,1.995,0.024,0.2,3.291,0.006,REVOKED
core_breakdown,1000,500,100,31,121,75,12075,2.974,2.048,0.02,0.186,3.276,0.006,REVOKED
core_breakdown,1000,500,100,31,121,76,12076,2.96,2.007,0.022,0.207,3.359,0.006,REVOKED
core_breakdown,1000,500,100,31,121,77,12077,2.875,1.962,0.024,0.196,3.377,0.006,REVOKED
core_breakdown,1000,500,100,31,121,78,12078,2.985,2.029,0.019,0.186,3.371,0.006,REVOKED
core_breakdown,1000,500,100,31,121,79,12079,2.983,1.983,0.023,0.194,3.305,0.006,REVOKED
core_breakdown,1000,500,100,31,121,80,12080,2.921,1.981,0.021,0.189,3.246,0.006,REVOKED
core_breakdown,1000,500,100,31,121,81,12081,2.904,1.981,0.027,0.187,3.37,0.006,REVOKED
core_breakdown,1000,500,100,31,121,82,12082,2.902,1.988,0.023,0.191,3.33,0.006,REVOKED
core_breakdown,1000,500,100,31,121,83,12083,2.939,1.979,0.032,0.204,3.258,0.006,REVOKED
core_breakdown,1000,500,100,31,121,84,12084,2.976,2.058,0.019,0.196,3.312,0.006,REVOKED
core_breakdown,1000,500,100,31,121,85,12085,3.016,2.073,0.02,0.225,3.385,0.005,REVOKED
core_breakdown,1000,500,100,31,121,86,12086,2.968,2.038,0.027,0.193,3.28,0.006,REVOKED
core_breakdown,1000,500,100,31,121,87,12087,2.908,2.006,0.019,0.184,3.302,0.006,REVOKED
core_breakdown,1000,500,100,31,121,88,12088,3.5,2.262,0.031,0.206,3.298,0.006,REVOKED
core_breakdown,1000,500,100,31,121,89,12089,3.421,2.329,0.021,0.331,3.88,0.007,REVOKED
core_breakdown,1000,500,100,31,121,90,12090,2.873,1.97,0.03,0.2,3.249,0.006,REVOKED
core_breakdown,1000,500,100,31,121,91,12091,2.858,1.937,0.02,0.198,3.171,0.006,REVOKED
core_breakdown,1000,500,100,31,121,92,12092,2.819,1.948,0.024,0.185,3.214,0.006,REVOKED
core_breakdown,1000,500,100,31,121,93,12093,2.963,2.049,0.025,0.198,3.182,0.005,REVOKED
core_breakdown,1000,500,100,31,121,94,12094,2.504,1.705,0.021,0.194,3.268,0.006,REVOKED
core_breakdown,1000,500,100,31,121,95,12095,2.914,1.98,0.027,0.196,3.28,0.006,REVOKED
core_breakdown,1000,500,100,31,121,96,12096,2.877,1.957,0.022,0.192,3.313,0.006,REVOKED
core_breakdown,1000,500,100,31,121,97,12097,2.849,1.968,0.024,0.195,3.237,0.011,REVOKED
core_breakdown,1000,500,100,31,121,98,12098,2.919,1.989,0.025,0.217,3.285,0.006,REVOKED
core_breakdown,1000,500,100,31,121,99,12099,2.878,1.979,0.024,0.191,3.322,0.006,REVOKED
core_breakdown,1000,500,100,31,121,100,12100,2.916,2.03,0.022,0.199,3.272,0.005,REVOKED
core_breakdown,1000,500,100,32,122,1,12101,6.655,3.894,0.296,0.552,6.468,0.063,REVOKED
core_breakdown,1000,500,100,32,122,2,12102,5.678,3.7,0.139,0.379,5.53,0.031,REVOKED
core_breakdown,1000,500,100,32,122,3,12103,4.42,3.003,0.075,0.251,4.001,0.02,REVOKED
core_breakdown,1000,500,100,32,122,4,12104,3.576,2.405,0.04,0.238,3.714,0.009,REVOKED
core_breakdown,1000,500,100,32,122,5,12105,3.26,2.22,0.032,0.224,3.583,0.008,REVOKED
core_breakdown,1000,500,100,32,122,6,12106,3.216,2.214,0.031,0.219,3.895,0.013,REVOKED
core_breakdown,1000,500,100,32,122,7,12107,3.365,2.326,0.077,0.205,3.632,0.015,REVOKED
core_breakdown,1000,500,100,32,122,8,12108,2.925,1.959,0.039,0.185,3.208,0.01,REVOKED
core_breakdown,1000,500,100,32,122,9,12109,3.318,2.245,0.033,0.229,3.747,0.008,REVOKED
core_breakdown,1000,500,100,32,122,10,12110,3.234,2.201,0.025,0.232,3.679,0.008,REVOKED
core_breakdown,1000,500,100,32,122,11,12111,3.151,2.147,0.037,0.227,3.793,0.009,REVOKED
core_breakdown,1000,500,100,32,122,12,12112,3.036,2.055,0.03,0.219,3.552,0.006,REVOKED
core_breakdown,1000,500,100,32,122,13,12113,2.996,2.036,0.025,0.22,3.506,0.009,REVOKED
core_breakdown,1000,500,100,32,122,14,12114,2.996,2.062,0.027,0.226,3.426,0.007,REVOKED
core_breakdown,1000,500,100,32,122,15,12115,3.045,2.075,0.024,0.209,3.307,0.006,REVOKED
core_breakdown,1000,500,100,32,122,16,12116,2.673,1.839,0.032,0.177,3.221,0.006,REVOKED
core_breakdown,1000,500,100,32,122,17,12117,2.618,1.792,0.026,0.179,3.128,0.006,REVOKED
core_breakdown,1000,500,100,32,122,18,12118,2.656,1.769,0.025,0.183,3.455,0.006,REVOKED
core_breakdown,1000,500,100,32,122,19,12119,2.976,2.052,0.025,0.193,3.346,0.006,REVOKED
core_breakdown,1000,500,100,32,122,20,12120,3.058,2.094,0.022,0.202,3.391,0.006,REVOKED
core_breakdown,1000,500,100,32,122,21,12121,2.958,2.012,0.028,0.194,3.33,0.006,REVOKED
core_breakdown,1000,500,100,32,122,22,12122,3.002,2.063,0.023,0.198,3.304,0.006,REVOKED
core_breakdown,1000,500,100,32,122,23,12123,2.957,2.02,0.025,0.206,3.326,0.006,REVOKED
core_breakdown,1000,500,100,32,122,24,12124,2.961,2.003,0.022,0.201,3.35,0.006,REVOKED
core_breakdown,1000,500,100,32,122,25,12125,2.985,2.062,0.024,0.199,3.318,0.009,REVOKED
core_breakdown,1000,500,100,32,122,26,12126,2.948,2.011,0.027,0.206,3.263,0.006,REVOKED
core_breakdown,1000,500,100,32,122,27,12127,2.968,2.054,0.023,0.207,3.395,0.006,REVOKED
core_breakdown,1000,500,100,32,122,28,12128,2.877,1.97,0.026,0.201,3.338,0.006,REVOKED
core_breakdown,1000,500,100,32,122,29,12129,2.966,2.044,0.023,0.196,3.415,0.006,REVOKED
core_breakdown,1000,500,100,32,122,30,12130,2.994,2.047,0.025,0.195,3.311,0.006,REVOKED
core_breakdown,1000,500,100,32,122,31,12131,2.947,2.058,0.02,0.215,3.335,0.006,REVOKED
core_breakdown,1000,500,100,32,122,32,12132,2.934,2.002,0.024,0.196,3.301,0.005,REVOKED
core_breakdown,1000,500,100,32,122,33,12133,2.951,2.053,0.026,0.208,3.321,0.006,REVOKED
core_breakdown,1000,500,100,32,122,34,12134,2.995,2.05,0.024,0.194,3.327,0.007,REVOKED
core_breakdown,1000,500,100,32,122,35,12135,2.955,2.005,0.023,0.2,3.411,0.006,REVOKED
core_breakdown,1000,500,100,32,122,36,12136,2.991,2.075,0.024,0.192,3.424,0.006,REVOKED
core_breakdown,1000,500,100,32,122,37,12137,3.126,2.131,0.021,0.189,3.279,0.006,REVOKED
core_breakdown,1000,500,100,32,122,38,12138,2.935,1.996,0.032,0.2,3.295,0.006,REVOKED
core_breakdown,1000,500,100,32,122,39,12139,2.933,2.009,0.023,0.21,3.296,0.005,REVOKED
core_breakdown,1000,500,100,32,122,40,12140,2.923,2.023,0.023,0.196,3.335,0.006,REVOKED
core_breakdown,1000,500,100,32,122,41,12141,2.904,1.976,0.026,0.202,3.332,0.005,REVOKED
core_breakdown,1000,500,100,32,122,42,12142,3.008,2.063,0.022,0.188,3.344,0.006,REVOKED
core_breakdown,1000,500,100,32,122,43,12143,2.995,2.072,0.024,0.213,3.382,0.006,REVOKED
core_breakdown,1000,500,100,32,122,44,12144,2.96,2.039,0.018,0.208,3.469,0.006,REVOKED
core_breakdown,1000,500,100,32,122,45,12145,2.997,2.053,0.026,0.191,3.407,0.006,REVOKED
core_breakdown,1000,500,100,32,122,46,12146,3.096,2.157,0.026,0.188,3.372,0.005,REVOKED
core_breakdown,1000,500,100,32,122,47,12147,2.95,2.021,0.021,0.214,3.401,0.005,REVOKED
core_breakdown,1000,500,100,32,122,48,12148,3.033,2.05,0.02,0.205,3.386,0.014,REVOKED
core_breakdown,1000,500,100,32,122,49,12149,2.931,2.001,0.02,0.196,3.417,0.011,REVOKED
core_breakdown,1000,500,100,32,122,50,12150,2.949,2.002,0.024,0.203,3.362,0.006,REVOKED
core_breakdown,1000,500,100,32,122,51,12151,2.936,1.999,0.025,0.218,3.248,0.01,REVOKED
core_breakdown,1000,500,100,32,122,52,12152,2.954,2.027,0.025,0.203,3.337,0.005,REVOKED
core_breakdown,1000,500,100,32,122,53,12153,3.042,2.092,0.027,0.196,3.444,0.005,REVOKED
core_breakdown,1000,500,100,32,122,54,12154,2.944,2.023,0.025,0.194,3.316,0.005,REVOKED
core_breakdown,1000,500,100,32,122,55,12155,2.976,2.051,0.021,0.214,3.356,0.006,REVOKED
core_breakdown,1000,500,100,32,122,56,12156,3.005,2.073,0.025,0.206,3.333,0.005,REVOKED
core_breakdown,1000,500,100,32,122,57,12157,2.928,1.977,0.021,0.209,3.386,0.006,REVOKED
core_breakdown,1000,500,100,32,122,58,12158,2.939,2.012,0.023,0.196,3.394,0.005,REVOKED
core_breakdown,1000,500,100,32,122,59,12159,2.954,2.029,0.026,0.218,3.301,0.007,REVOKED
core_breakdown,1000,500,100,32,122,60,12160,2.98,2.046,0.025,0.203,3.327,0.008,REVOKED
core_breakdown,1000,500,100,32,122,61,12161,2.936,2.0,0.025,0.194,3.387,0.006,REVOKED
core_breakdown,1000,500,100,32,122,62,12162,2.998,2.036,0.023,0.205,3.343,0.006,REVOKED
core_breakdown,1000,500,100,32,122,63,12163,3.051,2.078,0.023,0.199,3.381,0.006,REVOKED
core_breakdown,1000,500,100,32,122,64,12164,3.306,2.389,0.021,0.196,3.369,0.006,REVOKED
core_breakdown,1000,500,100,32,122,65,12165,2.942,2.034,0.018,0.204,3.369,0.007,REVOKED
core_breakdown,1000,500,100,32,122,66,12166,3.001,2.056,0.029,0.198,3.31,0.006,REVOKED
core_breakdown,1000,500,100,32,122,67,12167,2.97,2.061,0.027,0.204,3.343,0.006,REVOKED
core_breakdown,1000,500,100,32,122,68,12168,2.976,2.077,0.022,0.195,3.285,0.006,REVOKED
core_breakdown,1000,500,100,32,122,69,12169,2.916,1.999,0.022,0.205,3.32,0.006,REVOKED
core_breakdown,1000,500,100,32,122,70,12170,3.024,2.03,0.027,0.193,3.369,0.005,REVOKED
core_breakdown,1000,500,100,32,122,71,12171,2.961,2.022,0.025,0.193,3.332,0.006,REVOKED
core_breakdown,1000,500,100,32,122,72,12172,2.98,2.045,0.02,0.193,3.276,0.006,REVOKED
core_breakdown,1000,500,100,32,122,73,12173,2.978,2.038,0.018,0.196,3.34,0.006,REVOKED
core_breakdown,1000,500,100,32,122,74,12174,2.952,2.037,0.024,0.193,3.308,0.007,REVOKED
core_breakdown,1000,500,100,32,122,75,12175,2.983,2.085,0.018,0.204,3.373,0.006,REVOKED
core_breakdown,1000,500,100,32,122,76,12176,2.908,1.987,0.024,0.216,3.393,0.006,REVOKED
core_breakdown,1000,500,100,32,122,77,12177,3.02,2.087,0.024,0.177,3.507,0.006,REVOKED
core_breakdown,1000,500,100,32,122,78,12178,3.011,2.096,0.022,0.198,3.333,0.006,REVOKED
core_breakdown,1000,500,100,32,122,79,12179,2.966,2.036,0.028,0.199,3.283,0.006,REVOKED
core_breakdown,1000,500,100,32,122,80,12180,2.906,2.015,0.019,0.191,3.352,0.007,REVOKED
core_breakdown,1000,500,100,32,122,81,12181,2.953,2.002,0.024,0.2,3.318,0.006,REVOKED
core_breakdown,1000,500,100,32,122,82,12182,2.912,2.014,0.024,0.209,3.289,0.006,REVOKED
core_breakdown,1000,500,100,32,122,83,12183,2.969,2.044,0.025,0.241,3.369,0.006,REVOKED
core_breakdown,1000,500,100,32,122,84,12184,2.892,1.983,0.025,0.195,3.327,0.006,REVOKED
core_breakdown,1000,500,100,32,122,85,12185,2.945,2.032,0.019,0.199,3.322,0.006,REVOKED
core_breakdown,1000,500,100,32,122,86,12186,2.98,2.029,0.024,0.196,3.313,0.006,REVOKED
core_breakdown,1000,500,100,32,122,87,12187,2.976,2.071,0.022,0.197,3.392,0.006,REVOKED
core_breakdown,1000,500,100,32,122,88,12188,2.945,2.033,0.024,0.199,3.314,0.006,REVOKED
core_breakdown,1000,500,100,32,122,89,12189,2.949,2.018,0.025,0.199,3.383,0.006,REVOKED
core_breakdown,1000,500,100,32,122,90,12190,2.972,2.027,0.019,0.23,3.531,0.006,REVOKED
core_breakdown,1000,500,100,32,122,91,12191,2.963,2.046,0.022,0.23,3.39,0.007,REVOKED
core_breakdown,1000,500,100,32,122,92,12192,2.953,2.045,0.025,0.213,3.372,0.006,REVOKED
core_breakdown,1000,500,100,32,122,93,12193,3.068,2.14,0.021,0.251,3.549,0.009,REVOKED
core_breakdown,1000,500,100,32,122,94,12194,3.227,2.214,0.027,0.195,3.228,0.006,REVOKED
core_breakdown,1000,500,100,32,122,95,12195,3.079,2.133,0.021,0.164,3.188,0.009,REVOKED
core_breakdown,1000,500,100,32,122,96,12196,2.635,1.819,0.038,0.175,3.456,0.011,REVOKED
core_breakdown,1000,500,100,32,122,97,12197,3.439,2.27,0.032,0.234,3.793,0.023,REVOKED
core_breakdown,1000,500,100,32,122,98,12198,3.575,2.412,0.032,0.254,4.352,0.008,REVOKED
core_breakdown,1000,500,100,32,122,99,12199,3.228,2.182,0.033,0.195,3.149,0.007,REVOKED
core_breakdown,1000,500,100,32,122,100,12200,3.314,2.297,0.032,0.233,3.691,0.008,REVOKED
core_breakdown,1000,500,100,33,123,1,12201,3.751,2.48,0.077,0.307,4.94,0.016,REVOKED
core_breakdown,1000,500,100,33,123,2,12202,4.102,2.74,0.044,0.251,4.371,0.009,REVOKED
core_breakdown,1000,500,100,33,123,3,12203,3.763,2.573,0.032,0.223,3.945,0.008,REVOKED
core_breakdown,1000,500,100,33,123,4,12204,3.568,2.464,0.029,0.229,3.939,0.007,REVOKED
core_breakdown,1000,500,100,33,123,5,12205,3.387,2.301,0.027,0.248,3.813,0.007,REVOKED
core_breakdown,1000,500,100,33,123,6,12206,3.364,2.321,0.024,0.237,3.71,0.007,REVOKED
core_breakdown,1000,500,100,33,123,7,12207,3.325,2.278,0.022,0.24,3.633,0.006,REVOKED
core_breakdown,1000,500,100,33,123,8,12208,3.329,2.315,0.019,0.196,3.263,0.006,REVOKED
core_breakdown,1000,500,100,33,123,9,12209,2.982,2.062,0.019,0.197,3.494,0.008,REVOKED
core_breakdown,1000,500,100,33,123,10,12210,3.005,2.055,0.032,0.194,3.409,0.006,REVOKED
core_breakdown,1000,500,100,33,123,11,12211,2.945,2.032,0.021,0.215,3.275,0.007,REVOKED
core_breakdown,1000,500,100,33,123,12,12212,2.916,2.012,0.022,0.202,3.31,0.006,REVOKED
core_breakdown,1000,500,100,33,123,13,12213,2.96,2.04,0.027,0.201,3.254,0.007,REVOKED
core_breakdown,1000,500,100,33,123,14,12214,2.99,2.069,0.023,0.192,3.343,0.006,REVOKED
core_breakdown,1000,500,100,33,123,15,12215,3.036,2.05,0.02,0.219,3.388,0.006,REVOKED
core_breakdown,1000,500,100,33,123,16,12216,2.961,2.022,0.027,0.199,3.424,0.005,REVOKED
core_breakdown,1000,500,100,33,123,17,12217,3.002,2.06,0.025,0.212,3.403,0.005,REVOKED
core_breakdown,1000,500,100,33,123,18,12218,3.017,2.021,0.021,0.191,3.308,0.006,REVOKED
core_breakdown,1000,500,100,33,123,19,12219,3.002,2.066,0.02,0.193,3.389,0.006,REVOKED
core_breakdown,1000,500,100,33,123,20,12220,3.01,2.068,0.022,0.2,3.283,0.005,REVOKED
core_breakdown,1000,500,100,33,123,21,12221,3.014,2.038,0.024,0.264,3.285,0.006,REVOKED
core_breakdown,1000,500,100,33,123,22,12222,2.965,2.043,0.021,0.199,3.376,0.006,REVOKED
core_breakdown,1000,500,100,33,123,23,12223,2.957,2.037,0.024,0.195,3.364,0.006,REVOKED
core_breakdown,1000,500,100,33,123,24,12224,2.929,2.013,0.026,0.196,3.313,0.005,REVOKED
core_breakdown,1000,500,100,33,123,25,12225,3.026,2.105,0.021,0.193,3.332,0.007,REVOKED
core_breakdown,1000,500,100,33,123,26,12226,2.929,2.029,0.019,0.198,3.285,0.006,REVOKED
core_breakdown,1000,500,100,33,123,27,12227,2.928,2.028,0.019,0.192,3.313,0.006,REVOKED
core_breakdown,1000,500,100,33,123,28,12228,2.918,2.021,0.028,0.193,3.308,0.006,REVOKED
core_breakdown,1000,500,100,33,123,29,12229,2.988,2.062,0.021,0.195,3.331,0.006,REVOKED
core_breakdown,1000,500,100,33,123,30,12230,2.932,2.006,0.024,0.198,3.328,0.006,REVOKED
core_breakdown,1000,500,100,33,123,31,12231,2.939,2.011,0.023,0.204,3.342,0.006,REVOKED
core_breakdown,1000,500,100,33,123,32,12232,2.898,1.979,0.023,0.196,3.344,0.006,REVOKED
core_breakdown,1000,500,100,33,123,33,12233,2.997,2.046,0.026,0.194,3.314,0.005,REVOKED
core_breakdown,1000,500,100,33,123,34,12234,2.965,2.051,0.024,0.201,3.328,0.006,REVOKED
core_breakdown,1000,500,100,33,123,35,12235,2.921,1.996,0.025,0.191,3.287,0.006,REVOKED
core_breakdown,1000,500,100,33,123,36,12236,2.955,2.046,0.024,0.195,3.305,0.006,REVOKED
core_breakdown,1000,500,100,33,123,37,12237,2.992,2.022,0.023,0.2,3.269,0.006,REVOKED
core_breakdown,1000,500,100,33,123,38,12238,2.94,1.998,0.021,0.208,3.32,0.006,REVOKED
core_breakdown,1000,500,100,33,123,39,12239,2.925,2.012,0.023,0.202,3.332,0.005,REVOKED
core_breakdown,1000,500,100,33,123,40,12240,2.901,1.985,0.024,0.191,3.333,0.006,REVOKED
core_breakdown,1000,500,100,33,123,41,12241,2.972,2.033,0.021,0.197,3.329,0.005,REVOKED
core_breakdown,1000,500,100,33,123,42,12242,2.951,2.014,0.025,0.223,3.375,0.006,REVOKED
core_breakdown,1000,500,100,33,123,43,12243,2.932,2.031,0.021,0.203,3.376,0.006,REVOKED
core_breakdown,1000,500,100,33,123,44,12244,2.678,1.785,0.023,0.186,3.076,0.015,REVOKED
core_breakdown,1000,500,100,33,123,45,12245,2.516,1.724,0.02,0.176,2.967,0.005,REVOKED
core_breakdown,1000,500,100,33,123,46,12246,2.587,1.767,0.024,0.172,2.941,0.007,REVOKED
core_breakdown,1000,500,100,33,123,47,12247,2.553,1.705,0.026,0.172,3.03,0.005,REVOKED
core_breakdown,1000,500,100,33,123,48,12248,2.61,1.795,0.023,0.174,2.948,0.006,REVOKED
core_breakdown,1000,500,100,33,123,49,12249,2.559,1.726,0.023,0.192,3.001,0.009,REVOKED
core_breakdown,1000,500,100,33,123,50,12250,2.514,1.698,0.021,0.193,2.971,0.006,REVOKED
core_breakdown,1000,500,100,33,123,51,12251,2.813,1.95,0.025,0.197,3.274,0.007,REVOKED
core_breakdown,1000,500,100,33,123,52,12252,2.971,2.055,0.028,0.19,3.329,0.006,REVOKED
core_breakdown,1000,500,100,33,123,53,12253,2.885,1.967,0.023,0.187,3.304,0.006,REVOKED
core_breakdown,1000,500,100,33,123,54,12254,2.94,1.98,0.024,0.188,3.332,0.006,REVOKED
core_breakdown,1000,500,100,33,123,55,12255,2.881,1.972,0.025,0.19,3.381,0.005,REVOKED
core_breakdown,1000,500,100,33,123,56,12256,2.972,2.034,0.021,0.202,3.368,0.006,REVOKED
core_breakdown,1000,500,100,33,123,57,12257,2.994,2.066,0.019,0.198,3.336,0.005,REVOKED
core_breakdown,1000,500,100,33,123,58,12258,2.985,1.967,0.027,0.193,3.34,0.006,REVOKED
core_breakdown,1000,500,100,33,123,59,12259,2.916,2.016,0.023,0.203,3.346,0.006,REVOKED
core_breakdown,1000,500,100,33,123,60,12260,2.934,2.025,0.021,0.188,3.339,0.006,REVOKED
core_breakdown,1000,500,100,33,123,61,12261,2.947,2.042,0.02,0.204,3.375,0.005,REVOKED
core_breakdown,1000,500,100,33,123,62,12262,2.961,2.005,0.023,0.196,3.354,0.006,REVOKED
core_breakdown,1000,500,100,33,123,63,12263,2.914,1.958,0.021,0.198,3.29,0.006,REVOKED
core_breakdown,1000,500,100,33,123,64,12264,2.868,1.956,0.023,0.216,3.27,0.006,REVOKED
core_breakdown,1000,500,100,33,123,65,12265,2.905,2.004,0.026,0.191,3.267,0.006,REVOKED
core_breakdown,1000,500,100,33,123,66,12266,2.908,1.992,0.025,0.191,3.32,0.006,REVOKED
core_breakdown,1000,500,100,33,123,67,12267,2.923,2.014,0.021,0.208,3.338,0.006,REVOKED
core_breakdown,1000,500,100,33,123,68,12268,2.944,2.041,0.023,0.199,3.301,0.006,REVOKED
core_breakdown,1000,500,100,33,123,69,12269,2.915,1.999,0.021,0.203,3.3,0.005,REVOKED
core_breakdown,1000,500,100,33,123,70,12270,2.917,2.012,0.024,0.189,3.279,0.006,REVOKED
core_breakdown,1000,500,100,33,123,71,12271,2.933,1.993,0.025,0.201,3.251,0.005,REVOKED
core_breakdown,1000,500,100,33,123,72,12272,2.905,1.985,0.024,0.194,3.237,0.006,REVOKED
core_breakdown,1000,500,100,33,123,73,12273,2.902,1.986,0.02,0.194,3.282,0.005,REVOKED
core_breakdown,1000,500,100,33,123,74,12274,2.925,2.005,0.021,0.191,3.378,0.006,REVOKED
core_breakdown,1000,500,100,33,123,75,12275,2.927,2.007,0.023,0.185,3.254,0.006,REVOKED
core_breakdown,1000,500,100,33,123,76,12276,2.92,2.011,0.02,0.19,3.286,0.005,REVOKED
core_breakdown,1000,500,100,33,123,77,12277,2.915,2.009,0.018,0.183,3.355,0.006,REVOKED
core_breakdown,1000,500,100,33,123,78,12278,3.014,2.054,0.026,0.207,3.38,0.005,REVOKED
core_breakdown,1000,500,100,33,123,79,12279,2.935,2.027,0.021,0.194,4.072,0.007,REVOKED
core_breakdown,1000,500,100,33,123,80,12280,2.954,2.047,0.02,0.192,3.35,0.006,REVOKED
core_breakdown,1000,500,100,33,123,81,12281,2.959,2.046,0.024,0.196,3.342,0.006,REVOKED
core_breakdown,1000,500,100,33,123,82,12282,2.931,2.021,0.022,0.2,3.316,0.006,REVOKED
core_breakdown,1000,500,100,33,123,83,12283,2.965,2.034,0.019,0.197,3.327,0.009,REVOKED
core_breakdown,1000,500,100,33,123,84,12284,2.946,2.037,0.026,0.188,3.301,0.006,REVOKED
core_breakdown,1000,500,100,33,123,85,12285,2.916,1.987,0.018,0.207,3.319,0.006,REVOKED
core_breakdown,1000,500,100,33,123,86,12286,2.924,2.015,0.023,0.191,3.312,0.006,REVOKED
core_breakdown,1000,500,100,33,123,87,12287,3.137,2.183,0.026,0.189,3.283,0.006,REVOKED
core_breakdown,1000,500,100,33,123,88,12288,2.927,2.026,0.027,0.186,3.251,0.006,REVOKED
core_breakdown,1000,500,100,33,123,89,12289,2.96,2.024,0.024,0.194,3.324,0.005,REVOKED
core_breakdown,1000,500,100,33,123,90,12290,2.872,1.991,0.021,0.191,3.281,0.007,REVOKED
core_breakdown,1000,500,100,33,123,91,12291,2.968,2.038,0.023,0.192,3.324,0.007,REVOKED
core_breakdown,1000,500,100,33,123,92,12292,3.0,2.089,0.022,0.212,3.259,0.006,REVOKED
core_breakdown,1000,500,100,33,123,93,12293,2.918,1.993,0.02,0.205,3.261,0.006,REVOKED
core_breakdown,1000,500,100,33,123,94,12294,2.964,2.035,0.018,0.198,3.359,0.006,REVOKED
core_breakdown,1000,500,100,33,123,95,12295,2.948,2.017,0.026,0.198,3.34,0.005,REVOKED
core_breakdown,1000,500,100,33,123,96,12296,2.89,1.991,0.018,0.193,3.313,0.006,REVOKED
core_breakdown,1000,500,100,33,123,97,12297,2.927,2.016,0.02,0.185,3.293,0.012,REVOKED
core_breakdown,1000,500,100,33,123,98,12298,2.902,1.958,0.028,0.191,3.292,0.005,REVOKED
core_breakdown,1000,500,100,33,123,99,12299,2.944,2.03,0.02,0.196,3.329,0.006,REVOKED
core_breakdown,1000,500,100,33,123,100,12300,2.922,2.006,0.027,0.192,3.304,0.005,REVOKED
core_breakdown,1000,500,100,34,124,1,12301,7.505,4.29,0.291,0.5,7.201,0.068,REVOKED
core_breakdown,1000,500,100,34,124,2,12302,6.914,4.454,0.294,0.456,6.899,0.032,REVOKED
core_breakdown,1000,500,100,34,124,3,12303,5.245,3.551,0.094,0.322,5.078,0.015,REVOKED
core_breakdown,1000,500,100,34,124,4,12304,4.158,2.841,0.053,0.27,4.633,0.009,REVOKED
core_breakdown,1000,500,100,34,124,5,12305,3.944,2.72,0.059,0.267,4.501,0.011,REVOKED
core_breakdown,1000,500,100,34,124,6,12306,3.732,2.482,0.028,0.274,4.307,0.008,REVOKED
core_breakdown,1000,500,100,34,124,7,12307,4.14,2.943,0.043,0.244,3.873,0.008,REVOKED
core_breakdown,1000,500,100,34,124,8,12308,3.448,2.355,0.037,0.237,3.801,0.006,REVOKED
core_breakdown,1000,500,100,34,124,9,12309,3.426,2.34,0.033,0.226,4.089,0.008,REVOKED
core_breakdown,1000,500,100,34,124,10,12310,3.56,2.429,0.035,0.236,3.834,0.009,REVOKED
core_breakdown,1000,500,100,34,124,11,12311,3.56,2.447,0.048,0.231,3.876,0.008,REVOKED
core_breakdown,1000,500,100,34,124,12,12312,3.409,2.312,0.029,0.235,3.863,0.013,REVOKED
core_breakdown,1000,500,100,34,124,13,12313,3.164,2.122,0.083,0.206,3.474,0.011,REVOKED
core_breakdown,1000,500,100,34,124,14,12314,2.984,2.015,0.03,0.214,3.37,0.009,REVOKED
core_breakdown,1000,500,100,34,124,15,12315,3.024,2.101,0.023,0.202,3.402,0.009,REVOKED
core_breakdown,1000,500,100,34,124,16,12316,2.98,2.028,0.036,0.197,3.426,0.006,REVOKED
core_breakdown,1000,500,100,34,124,17,12317,2.977,2.057,0.027,0.21,3.349,0.005,REVOKED
core_breakdown,1000,500,100,34,124,18,12318,2.944,2.006,0.025,0.197,3.222,0.006,REVOKED
core_breakdown,1000,500,100,34,124,19,12319,2.685,1.852,0.029,0.176,2.983,0.007,REVOKED
core_breakdown,1000,500,100,34,124,20,12320,2.62,1.788,0.027,0.19,3.067,0.007,REVOKED
core_breakdown,1000,500,100,34,124,21,12321,2.684,1.81,0.025,0.159,2.982,0.006,REVOKED
core_breakdown,1000,500,100,34,124,22,12322,2.596,1.748,0.024,0.177,3.01,0.007,REVOKED
core_breakdown,1000,500,100,34,124,23,12323,2.62,1.793,0.032,0.178,3.046,0.006,REVOKED
core_breakdown,1000,500,100,34,124,24,12324,2.683,1.825,0.025,0.18,2.975,0.006,REVOKED
core_breakdown,1000,500,100,34,124,25,12325,2.649,1.803,0.024,0.168,2.986,0.008,REVOKED
core_breakdown,1000,500,100,34,124,26,12326,2.714,1.893,0.024,0.183,2.986,0.005,REVOKED
core_breakdown,1000,500,100,34,124,27,12327,2.625,1.796,0.025,0.165,3.129,0.006,REVOKED
core_breakdown,1000,500,100,34,124,28,12328,2.611,1.754,0.027,0.179,3.058,0.005,REVOKED
core_breakdown,1000,500,100,34,124,29,12329,2.577,1.773,0.025,0.182,3.117,0.005,REVOKED
core_breakdown,1000,500,100,34,124,30,12330,2.646,1.8,0.021,0.171,3.066,0.006,REVOKED
core_breakdown,1000,500,100,34,124,31,12331,2.625,1.741,0.022,0.174,2.981,0.006,REVOKED
core_breakdown,1000,500,100,34,124,32,12332,2.558,1.73,0.025,0.171,2.963,0.005,REVOKED
core_breakdown,1000,500,100,34,124,33,12333,2.604,1.781,0.027,0.171,3.082,0.006,REVOKED
core_breakdown,1000,500,100,34,124,34,12334,2.591,1.758,0.021,0.168,3.004,0.006,REVOKED
core_breakdown,1000,500,100,34,124,35,12335,2.609,1.762,0.026,0.182,3.044,0.007,REVOKED
core_breakdown,1000,500,100,34,124,36,12336,2.625,1.822,0.024,0.191,2.969,0.006,REVOKED
core_breakdown,1000,500,100,34,124,37,12337,2.602,1.777,0.022,0.171,3.052,0.006,REVOKED
core_breakdown,1000,500,100,34,124,38,12338,2.608,1.801,0.023,0.173,2.927,0.006,REVOKED
core_breakdown,1000,500,100,34,124,39,12339,2.611,1.766,0.023,0.171,3.006,0.006,REVOKED
core_breakdown,1000,500,100,34,124,40,12340,2.613,1.772,0.021,0.181,3.053,0.006,REVOKED
core_breakdown,1000,500,100,34,124,41,12341,2.636,1.875,0.026,0.228,3.002,0.006,REVOKED
core_breakdown,1000,500,100,34,124,42,12342,2.72,1.9,0.023,0.189,3.014,0.006,REVOKED
core_breakdown,1000,500,100,34,124,43,12343,2.606,1.774,0.026,0.177,2.989,0.005,REVOKED
core_breakdown,1000,500,100,34,124,44,12344,2.642,1.812,0.022,0.18,3.12,0.006,REVOKED
core_breakdown,1000,500,100,34,124,45,12345,2.58,1.747,0.025,0.168,2.99,0.005,REVOKED
core_breakdown,1000,500,100,34,124,46,12346,2.594,1.757,0.024,0.18,2.844,0.009,REVOKED
core_breakdown,1000,500,100,34,124,47,12347,2.551,1.728,0.023,0.196,3.405,0.007,REVOKED
core_breakdown,1000,500,100,34,124,48,12348,2.988,2.072,0.029,0.183,3.251,0.007,REVOKED
core_breakdown,1000,500,100,34,124,49,12349,2.964,2.044,0.021,0.178,3.155,0.011,REVOKED
core_breakdown,1000,500,100,34,124,50,12350,2.568,1.77,0.019,0.18,3.015,0.006,REVOKED
core_breakdown,1000,500,100,34,124,51,12351,2.551,1.734,0.026,0.166,2.95,0.006,REVOKED
core_breakdown,1000,500,100,34,124,52,12352,2.618,1.768,0.023,0.166,2.931,0.005,REVOKED
core_breakdown,1000,500,100,34,124,53,12353,2.702,1.849,0.027,0.156,3.04,0.006,REVOKED
core_breakdown,1000,500,100,34,124,54,12354,2.63,1.799,0.022,0.18,3.076,0.006,REVOKED
core_breakdown,1000,500,100,34,124,55,12355,2.705,1.825,0.023,0.161,3.193,0.006,REVOKED
core_breakdown,1000,500,100,34,124,56,12356,3.006,2.114,0.022,0.204,3.315,0.006,REVOKED
core_breakdown,1000,500,100,34,124,57,12357,2.968,2.045,0.026,0.197,3.316,0.005,REVOKED
core_breakdown,1000,500,100,34,124,58,12358,2.979,2.024,0.023,0.206,4.364,0.008,REVOKED
core_breakdown,1000,500,100,34,124,59,12359,3.177,2.13,0.033,0.211,3.344,0.006,REVOKED
core_breakdown,1000,500,100,34,124,60,12360,2.957,2.015,0.029,0.199,3.361,0.005,REVOKED
core_breakdown,1000,500,100,34,124,61,12361,2.925,2.024,0.023,0.195,3.322,0.008,REVOKED
core_breakdown,1000,500,100,34,124,62,12362,2.96,2.029,0.026,0.199,3.32,0.006,REVOKED
core_breakdown,1000,500,100,34,124,63,12363,2.969,2.016,0.029,0.192,3.37,0.006,REVOKED
core_breakdown,1000,500,100,34,124,64,12364,2.909,2.007,0.021,0.213,3.277,0.006,REVOKED
core_breakdown,1000,500,100,34,124,65,12365,2.905,1.986,0.022,0.187,3.297,0.006,REVOKED
core_breakdown,1000,500,100,34,124,66,12366,2.918,2.018,0.02,0.195,3.293,0.006,REVOKED
core_breakdown,1000,500,100,34,124,67,12367,2.895,1.97,0.019,0.192,3.25,0.006,REVOKED
core_breakdown,1000,500,100,34,124,68,12368,2.944,2.024,0.028,0.211,3.286,0.006,REVOKED
core_breakdown,1000,500,100,34,124,69,12369,2.986,2.056,0.029,0.2,3.276,0.006,REVOKED
core_breakdown,1000,500,100,34,124,70,12370,2.963,2.035,0.022,0.211,3.282,0.007,REVOKED
core_breakdown,1000,500,100,34,124,71,12371,2.88,1.986,0.026,0.187,3.305,0.005,REVOKED
core_breakdown,1000,500,100,34,124,72,12372,2.926,2.023,0.024,0.194,3.254,0.005,REVOKED
core_breakdown,1000,500,100,34,124,73,12373,2.919,2.014,0.021,0.224,3.458,0.006,REVOKED
core_breakdown,1000,500,100,34,124,74,12374,2.97,1.994,0.018,0.192,3.429,0.007,REVOKED
core_breakdown,1000,500,100,34,124,75,12375,3.024,2.073,0.024,0.207,3.445,0.006,REVOKED
core_breakdown,1000,500,100,34,124,76,12376,3.154,2.195,0.02,0.204,3.416,0.011,REVOKED
core_breakdown,1000,500,100,34,124,77,12377,3.025,2.043,0.025,0.2,3.472,0.007,REVOKED
core_breakdown,1000,500,100,34,124,78,12378,3.135,2.14,0.021,0.223,3.372,0.006,REVOKED
core_breakdown,1000,500,100,34,124,79,12379,3.05,2.056,0.023,0.198,3.319,0.006,REVOKED
core_breakdown,1000,500,100,34,124,80,12380,2.961,2.006,0.02,0.201,3.405,0.006,REVOKED
core_breakdown,1000,500,100,34,124,81,12381,3.009,2.046,0.025,0.197,3.331,0.006,REVOKED
core_breakdown,1000,500,100,34,124,82,12382,2.963,2.043,0.021,0.221,3.329,0.006,REVOKED
core_breakdown,1000,500,100,34,124,83,12383,2.982,1.995,0.023,0.197,3.358,0.006,REVOKED
core_breakdown,1000,500,100,34,124,84,12384,2.89,1.975,0.02,0.204,3.292,0.006,REVOKED
core_breakdown,1000,500,100,34,124,85,12385,2.99,2.054,0.027,0.207,3.358,0.005,REVOKED
core_breakdown,1000,500,100,34,124,86,12386,2.947,2.032,0.026,0.192,3.318,0.007,REVOKED
core_breakdown,1000,500,100,34,124,87,12387,3.023,2.069,0.025,0.194,3.333,0.006,REVOKED
core_breakdown,1000,500,100,34,124,88,12388,2.95,1.994,0.025,0.186,3.321,0.006,REVOKED
core_breakdown,1000,500,100,34,124,89,12389,2.929,2.014,0.02,0.217,3.354,0.006,REVOKED
core_breakdown,1000,500,100,34,124,90,12390,2.967,2.037,0.019,0.221,3.278,0.005,REVOKED
core_breakdown,1000,500,100,34,124,91,12391,2.942,2.022,0.024,0.19,3.318,0.005,REVOKED
core_breakdown,1000,500,100,34,124,92,12392,2.898,2.009,0.023,0.192,3.314,0.004,REVOKED
core_breakdown,1000,500,100,34,124,93,12393,2.936,2.025,0.021,0.186,3.386,0.006,REVOKED
core_breakdown,1000,500,100,34,124,94,12394,2.996,2.045,0.02,0.215,3.311,0.004,REVOKED
core_breakdown,1000,500,100,34,124,95,12395,2.93,1.998,0.026,0.203,3.301,0.006,REVOKED
core_breakdown,1000,500,100,34,124,96,12396,2.915,2.013,0.021,0.201,3.384,0.013,REVOKED
core_breakdown,1000,500,100,34,124,97,12397,2.927,1.987,0.026,0.213,3.275,0.017,REVOKED
core_breakdown,1000,500,100,34,124,98,12398,2.951,2.032,0.02,0.199,3.278,0.005,REVOKED
core_breakdown,1000,500,100,34,124,99,12399,3.005,2.072,0.019,0.197,3.329,0.006,REVOKED
core_breakdown,1000,500,100,34,124,100,12400,3.036,2.068,0.024,0.214,3.281,0.006,REVOKED
core_breakdown,1000,500,100,35,125,1,12401,6.47,4.045,0.225,0.512,6.562,0.042,REVOKED
core_breakdown,1000,500,100,35,125,2,12402,6.164,4.0,0.143,0.442,6.639,0.034,REVOKED
core_breakdown,1000,500,100,35,125,3,12403,5.167,3.483,0.098,0.263,5.414,0.017,REVOKED
core_breakdown,1000,500,100,35,125,4,12404,4.717,3.221,0.063,0.274,4.617,0.014,REVOKED
core_breakdown,1000,500,100,35,125,5,12405,4.128,2.803,0.055,0.221,3.945,0.009,REVOKED
core_breakdown,1000,500,100,35,125,6,12406,3.633,2.489,0.038,0.245,4.096,0.009,REVOKED
core_breakdown,1000,500,100,35,125,7,12407,3.681,2.494,0.045,0.25,3.818,0.007,REVOKED
core_breakdown,1000,500,100,35,125,8,12408,3.439,2.371,0.03,0.231,3.878,0.008,REVOKED
core_breakdown,1000,500,100,35,125,9,12409,3.54,2.44,0.034,0.251,3.858,0.007,REVOKED
core_breakdown,1000,500,100,35,125,10,12410,3.47,2.353,0.033,0.233,3.685,0.006,REVOKED
core_breakdown,1000,500,100,35,125,11,12411,3.328,2.237,0.071,0.225,3.509,0.014,REVOKED
core_breakdown,1000,500,100,35,125,12,12412,3.023,2.014,0.04,0.201,3.349,0.009,REVOKED
core_breakdown,1000,500,100,35,125,13,12413,3.072,2.102,0.034,0.199,3.466,0.01,REVOKED
core_breakdown,1000,500,100,35,125,14,12414,2.976,2.052,0.032,0.216,3.33,0.007,REVOKED
core_breakdown,1000,500,100,35,125,15,12415,2.968,2.051,0.026,0.192,3.399,0.007,REVOKED
core_breakdown,1000,500,100,35,125,16,12416,2.938,2.024,0.026,0.193,3.354,0.007,REVOKED
core_breakdown,1000,500,100,35,125,17,12417,2.962,2.049,0.024,0.205,3.312,0.005,REVOKED
core_breakdown,1000,500,100,35,125,18,12418,2.958,2.031,0.024,0.195,3.301,0.006,REVOKED
core_breakdown,1000,500,100,35,125,19,12419,2.947,2.026,0.02,0.205,3.259,0.006,REVOKED
core_breakdown,1000,500,100,35,125,20,12420,3.004,2.065,0.021,0.19,3.349,0.006,REVOKED
core_breakdown,1000,500,100,35,125,21,12421,3.103,2.107,0.027,0.193,3.334,0.007,REVOKED
core_breakdown,1000,500,100,35,125,22,12422,2.905,1.988,0.023,0.194,3.362,0.01,REVOKED
core_breakdown,1000,500,100,35,125,23,12423,2.986,2.039,0.027,0.209,3.315,0.006,REVOKED
core_breakdown,1000,500,100,35,125,24,12424,2.981,2.031,0.022,0.196,3.451,0.006,REVOKED
core_breakdown,1000,500,100,35,125,25,12425,2.914,2.012,0.021,0.198,3.322,0.008,REVOKED
core_breakdown,1000,500,100,35,125,26,12426,3.052,2.098,0.028,0.191,3.293,0.006,REVOKED
core_breakdown,1000,500,100,35,125,27,12427,3.099,2.159,0.025,0.198,3.357,0.006,REVOKED
core_breakdown,1000,500,100,35,125,28,12428,2.964,2.032,0.025,0.205,3.338,0.007,REVOKED
core_breakdown,1000,500,100,35,125,29,12429,2.859,1.942,0.024,0.207,3.269,0.012,REVOKED
core_breakdown,1000,500,100,35,125,30,12430,2.896,1.984,0.022,0.211,3.274,0.006,REVOKED
core_breakdown,1000,500,100,35,125,31,12431,3.019,2.078,0.024,0.212,3.131,0.006,REVOKED
core_breakdown,1000,500,100,35,125,32,12432,2.608,1.795,0.02,0.17,2.988,0.006,REVOKED
core_breakdown,1000,500,100,35,125,33,12433,2.513,1.739,0.025,0.176,2.996,0.006,REVOKED
core_breakdown,1000,500,100,35,125,34,12434,2.634,1.816,0.025,0.173,2.969,0.006,REVOKED
core_breakdown,1000,500,100,35,125,35,12435,2.514,1.719,0.022,0.182,2.973,0.006,REVOKED
core_breakdown,1000,500,100,35,125,36,12436,2.525,1.729,0.02,0.178,2.937,0.007,REVOKED
core_breakdown,1000,500,100,35,125,37,12437,2.599,1.782,0.027,0.183,2.884,0.007,REVOKED
core_breakdown,1000,500,100,35,125,38,12438,2.578,1.779,0.023,0.176,3.382,0.005,REVOKED
core_breakdown,1000,500,100,35,125,39,12439,2.987,2.012,0.022,0.191,3.372,0.006,REVOKED
core_breakdown,1000,500,100,35,125,40,12440,2.954,1.996,0.025,0.19,3.348,0.007,REVOKED
core_breakdown,1000,500,100,35,125,41,12441,2.993,2.023,0.022,0.202,3.355,0.006,REVOKED
core_breakdown,1000,500,100,35,125,42,12442,3.007,2.035,0.021,0.167,3.325,0.006,REVOKED
core_breakdown,1000,500,100,35,125,43,12443,2.944,2.0,0.023,0.191,3.272,0.006,REVOKED
core_breakdown,1000,500,100,35,125,44,12444,2.881,1.991,0.025,0.214,3.322,0.005,REVOKED
core_breakdown,1000,500,100,35,125,45,12445,2.959,2.058,0.021,0.19,3.353,0.006,REVOKED
core_breakdown,1000,500,100,35,125,46,12446,2.941,2.014,0.026,0.191,3.415,0.006,REVOKED
core_breakdown,1000,500,100,35,125,47,12447,2.981,2.043,0.026,0.188,3.377,0.006,REVOKED
core_breakdown,1000,500,100,35,125,48,12448,3.355,2.431,0.026,0.213,3.299,0.006,REVOKED
core_breakdown,1000,500,100,35,125,49,12449,2.942,2.026,0.032,0.238,3.357,0.01,REVOKED
core_breakdown,1000,500,100,35,125,50,12450,2.945,2.01,0.021,0.191,3.337,0.006,REVOKED
core_breakdown,1000,500,100,35,125,51,12451,2.961,2.026,0.029,0.197,3.241,0.005,REVOKED
core_breakdown,1000,500,100,35,125,52,12452,2.579,1.74,0.023,0.163,2.953,0.005,REVOKED
core_breakdown,1000,500,100,35,125,53,12453,2.932,2.012,0.026,0.192,3.36,0.005,REVOKED
core_breakdown,1000,500,100,35,125,54,12454,2.915,1.989,0.026,0.211,3.376,0.007,REVOKED
core_breakdown,1000,500,100,35,125,55,12455,2.941,2.034,0.025,0.185,3.423,0.006,REVOKED
core_breakdown,1000,500,100,35,125,56,12456,2.938,2.023,0.023,0.218,3.298,0.006,REVOKED
core_breakdown,1000,500,100,35,125,57,12457,2.937,2.014,0.022,0.189,3.32,0.005,REVOKED
core_breakdown,1000,500,100,35,125,58,12458,2.974,2.023,0.024,0.188,3.308,0.005,REVOKED
core_breakdown,1000,500,100,35,125,59,12459,2.95,2.004,0.022,0.198,3.321,0.005,REVOKED
core_breakdown,1000,500,100,35,125,60,12460,2.924,2.002,0.019,0.197,3.377,0.005,REVOKED
core_breakdown,1000,500,100,35,125,61,12461,2.966,2.033,0.022,0.213,3.401,0.006,REVOKED
core_breakdown,1000,500,100,35,125,62,12462,2.907,1.999,0.027,0.19,3.333,0.006,REVOKED
core_breakdown,1000,500,100,35,125,63,12463,3.059,2.029,0.023,0.196,3.282,0.006,REVOKED
core_breakdown,1000,500,100,35,125,64,12464,2.972,2.043,0.026,0.199,3.34,0.006,REVOKED
core_breakdown,1000,500,100,35,125,65,12465,2.922,2.007,0.021,0.2,3.35,0.006,REVOKED
core_breakdown,1000,500,100,35,125,66,12466,2.902,1.981,0.026,0.193,3.295,0.007,REVOKED
core_breakdown,1000,500,100,35,125,67,12467,2.96,2.026,0.028,0.196,3.261,0.006,REVOKED
core_breakdown,1000,500,100,35,125,68,12468,2.952,2.05,0.025,0.204,3.286,0.006,REVOKED
core_breakdown,1000,500,100,35,125,69,12469,2.983,2.096,0.021,0.206,3.238,0.006,REVOKED
core_breakdown,1000,500,100,35,125,70,12470,2.867,1.955,0.025,0.201,3.325,0.006,REVOKED
core_breakdown,1000,500,100,35,125,71,12471,2.915,2.004,0.025,0.205,3.337,0.006,REVOKED
core_breakdown,1000,500,100,35,125,72,12472,2.939,2.034,0.022,0.195,3.253,0.007,REVOKED
core_breakdown,1000,500,100,35,125,73,12473,2.894,1.992,0.033,0.205,3.329,0.005,REVOKED
core_breakdown,1000,500,100,35,125,74,12474,2.969,2.029,0.021,0.2,3.298,0.006,REVOKED
core_breakdown,1000,500,100,35,125,75,12475,2.997,2.057,0.027,0.21,3.377,0.006,REVOKED
core_breakdown,1000,500,100,35,125,76,12476,2.987,2.064,0.023,0.194,3.688,0.006,REVOKED
core_breakdown,1000,500,100,35,125,77,12477,2.926,2.016,0.024,0.195,3.338,0.006,REVOKED
core_breakdown,1000,500,100,35,125,78,12478,3.003,2.064,0.02,0.19,3.444,0.007,REVOKED
core_breakdown,1000,500,100,35,125,79,12479,3.117,2.114,0.031,0.183,3.279,0.006,REVOKED
core_breakdown,1000,500,100,35,125,80,12480,2.646,1.812,0.03,0.167,3.778,0.021,REVOKED
core_breakdown,1000,500,100,35,125,81,12481,3.109,2.074,0.032,0.201,3.339,0.007,REVOKED
core_breakdown,1000,500,100,35,125,82,12482,2.922,2.024,0.028,0.185,2.994,0.013,REVOKED
core_breakdown,1000,500,100,35,125,83,12483,2.533,1.728,0.024,0.174,3.039,0.005,REVOKED
core_breakdown,1000,500,100,35,125,84,12484,2.517,1.686,0.027,0.163,3.034,0.005,REVOKED
core_breakdown,1000,500,100,35,125,85,12485,2.536,1.72,0.022,0.176,3.033,0.006,REVOKED
core_breakdown,1000,500,100,35,125,86,12486,2.47,1.688,0.021,0.168,2.911,0.007,REVOKED
core_breakdown,1000,500,100,35,125,87,12487,2.56,1.717,0.027,0.167,2.864,0.006,REVOKED
core_breakdown,1000,500,100,35,125,88,12488,2.869,1.948,0.024,0.196,3.262,0.006,REVOKED
core_breakdown,1000,500,100,35,125,89,12489,2.964,2.037,0.02,0.19,3.313,0.005,REVOKED
core_breakdown,1000,500,100,35,125,90,12490,2.916,2.006,0.025,0.191,3.256,0.006,REVOKED
core_breakdown,1000,500,100,35,125,91,12491,2.914,2.007,0.024,0.21,3.301,0.006,REVOKED
core_breakdown,1000,500,100,35,125,92,12492,2.871,1.978,0.021,0.18,2.967,0.01,REVOKED
core_breakdown,1000,500,100,35,125,93,12493,2.605,1.724,0.021,0.181,2.96,0.005,REVOKED
core_breakdown,1000,500,100,35,125,94,12494,2.645,1.835,0.026,0.185,3.279,0.007,REVOKED
core_breakdown,1000,500,100,35,125,95,12495,2.929,2.003,0.023,0.195,3.322,0.006,REVOKED
core_breakdown,1000,500,100,35,125,96,12496,2.836,1.931,0.023,0.197,3.293,0.006,REVOKED
core_breakdown,1000,500,100,35,125,97,12497,2.904,2.002,0.024,0.198,3.247,0.01,REVOKED
core_breakdown,1000,500,100,35,125,98,12498,2.889,1.974,0.022,0.194,3.251,0.005,REVOKED
core_breakdown,1000,500,100,35,125,99,12499,2.936,2.02,0.025,0.192,3.251,0.006,REVOKED
core_breakdown,1000,500,100,35,125,100,12500,2.947,2.011,0.021,0.186,3.502,0.006,REVOKED
core_breakdown,1000,500,100,36,126,1,12501,6.507,2.706,0.251,0.697,7.937,0.067,REVOKED
core_breakdown,1000,500,100,36,126,2,12502,5.403,3.605,0.113,0.353,5.392,0.03,REVOKED
core_breakdown,1000,500,100,36,126,3,12503,4.399,3.023,0.061,0.264,4.162,0.015,REVOKED
core_breakdown,1000,500,100,36,126,4,12504,4.03,2.798,0.055,0.299,4.534,0.012,REVOKED
core_breakdown,1000,500,100,36,126,5,12505,4.156,2.821,0.076,0.576,4.084,0.01,REVOKED
core_breakdown,1000,500,100,36,126,6,12506,3.531,2.386,0.028,0.224,3.995,0.007,REVOKED
core_breakdown,1000,500,100,36,126,7,12507,3.547,2.433,0.028,0.226,3.845,0.006,REVOKED
core_breakdown,1000,500,100,36,126,8,12508,3.459,2.358,0.031,0.226,3.824,0.006,REVOKED
core_breakdown,1000,500,100,36,126,9,12509,3.439,2.368,0.03,0.225,3.867,0.012,REVOKED
core_breakdown,1000,500,100,36,126,10,12510,3.711,2.485,0.029,0.229,3.899,0.008,REVOKED
core_breakdown,1000,500,100,36,126,11,12511,3.434,2.339,0.032,0.23,3.822,0.007,REVOKED
core_breakdown,1000,500,100,36,126,12,12512,3.137,2.129,0.029,0.209,3.4,0.014,REVOKED
core_breakdown,1000,500,100,36,126,13,12513,2.729,1.829,0.074,0.197,3.484,0.011,REVOKED
core_breakdown,1000,500,100,36,126,14,12514,3.057,2.073,0.035,0.219,3.374,0.006,REVOKED
core_breakdown,1000,500,100,36,126,15,12515,2.993,2.035,0.023,0.2,3.399,0.008,REVOKED
core_breakdown,1000,500,100,36,126,16,12516,2.981,2.043,0.025,0.198,3.291,0.008,REVOKED
core_breakdown,1000,500,100,36,126,17,12517,2.624,1.792,0.031,0.175,3.029,0.006,REVOKED
core_breakdown,1000,500,100,36,126,18,12518,2.595,1.81,0.023,0.177,3.052,0.008,REVOKED
core_breakdown,1000,500,100,36,126,19,12519,2.614,1.79,0.028,0.178,3.025,0.006,REVOKED
core_breakdown,1000,500,100,36,126,20,12520,2.958,2.084,0.031,0.165,3.054,0.006,REVOKED
core_breakdown,1000,500,100,36,126,21,12521,2.613,1.788,0.028,0.196,3.017,0.007,REVOKED
core_breakdown,1000,500,100,36,126,22,12522,2.603,1.76,0.024,0.176,3.019,0.007,REVOKED
core_breakdown,1000,500,100,36,126,23,12523,2.624,1.815,0.023,0.187,2.94,0.006,REVOKED
core_breakdown,1000,500,100,36,126,24,12524,2.614,1.78,0.024,0.218,3.41,0.006,REVOKED
core_breakdown,1000,500,100,36,126,25,12525,2.933,1.996,0.022,0.192,3.336,0.008,REVOKED
core_breakdown,1000,500,100,36,126,26,12526,2.949,2.023,0.025,0.202,3.245,0.006,REVOKED
core_breakdown,1000,500,100,36,126,27,12527,2.985,2.05,0.026,0.21,3.366,0.006,REVOKED
core_breakdown,1000,500,100,36,126,28,12528,2.964,2.024,0.023,0.195,3.286,0.006,REVOKED
core_breakdown,1000,500,100,36,126,29,12529,2.964,2.014,0.026,0.207,3.34,0.005,REVOKED
core_breakdown,1000,500,100,36,126,30,12530,2.967,2.038,0.022,0.198,3.382,0.007,REVOKED
core_breakdown,1000,500,100,36,126,31,12531,2.98,2.05,0.024,0.217,3.332,0.006,REVOKED
core_breakdown,1000,500,100,36,126,32,12532,3.017,2.094,0.021,0.205,3.369,0.006,REVOKED
core_breakdown,1000,500,100,36,126,33,12533,2.905,1.985,0.019,0.206,3.305,0.006,REVOKED
core_breakdown,1000,500,100,36,126,34,12534,2.963,2.037,0.023,0.196,3.374,0.007,REVOKED
core_breakdown,1000,500,100,36,126,35,12535,3.005,2.048,0.023,0.197,3.351,0.006,REVOKED
core_breakdown,1000,500,100,36,126,36,12536,2.904,1.975,0.022,0.209,3.318,0.006,REVOKED
core_breakdown,1000,500,100,36,126,37,12537,2.964,2.054,0.018,0.193,3.375,0.007,REVOKED
core_breakdown,1000,500,100,36,126,38,12538,2.942,2.003,0.03,0.265,3.265,0.007,REVOKED
core_breakdown,1000,500,100,36,126,39,12539,2.966,2.026,0.024,0.187,3.325,0.005,REVOKED
core_breakdown,1000,500,100,36,126,40,12540,2.902,1.995,0.028,0.206,3.251,0.006,REVOKED
core_breakdown,1000,500,100,36,126,41,12541,2.926,1.991,0.023,0.202,3.286,0.006,REVOKED
core_breakdown,1000,500,100,36,126,42,12542,2.975,2.029,0.026,0.202,3.347,0.006,REVOKED
core_breakdown,1000,500,100,36,126,43,12543,2.98,2.019,0.025,0.214,3.274,0.005,REVOKED
core_breakdown,1000,500,100,36,126,44,12544,3.001,2.036,0.026,0.19,3.359,0.006,REVOKED
core_breakdown,1000,500,100,36,126,45,12545,2.994,2.049,0.023,0.22,3.337,0.009,REVOKED
core_breakdown,1000,500,100,36,126,46,12546,2.974,2.074,0.02,0.201,3.304,0.006,REVOKED
core_breakdown,1000,500,100,36,126,47,12547,2.865,1.942,0.021,0.201,3.356,0.005,REVOKED
core_breakdown,1000,500,100,36,126,48,12548,2.942,2.002,0.023,0.212,3.268,0.005,REVOKED
core_breakdown,1000,500,100,36,126,49,12549,2.91,1.992,0.024,0.208,3.336,0.01,REVOKED
core_breakdown,1000,500,100,36,126,50,12550,2.54,1.742,0.024,0.179,2.983,0.007,REVOKED
core_breakdown,1000,500,100,36,126,51,12551,2.584,1.77,0.024,0.186,3.08,0.005,REVOKED
core_breakdown,1000,500,100,36,126,52,12552,2.969,2.05,0.023,0.191,3.329,0.006,REVOKED
core_breakdown,1000,500,100,36,126,53,12553,3.019,2.049,0.02,0.202,3.35,0.006,REVOKED
core_breakdown,1000,500,100,36,126,54,12554,2.962,2.063,0.026,0.192,3.279,0.005,REVOKED
core_breakdown,1000,500,100,36,126,55,12555,2.971,2.011,0.029,0.19,3.28,0.006,REVOKED
core_breakdown,1000,500,100,36,126,56,12556,2.981,2.051,0.023,0.186,3.282,0.006,REVOKED
core_breakdown,1000,500,100,36,126,57,12557,2.958,2.059,0.022,0.194,3.351,0.005,REVOKED
core_breakdown,1000,500,100,36,126,58,12558,2.918,1.999,0.023,0.199,3.334,0.006,REVOKED
core_breakdown,1000,500,100,36,126,59,12559,3.009,2.072,0.023,0.189,3.44,0.006,REVOKED
core_breakdown,1000,500,100,36,126,60,12560,2.957,2.017,0.029,0.213,3.329,0.006,REVOKED
core_breakdown,1000,500,100,36,126,61,12561,2.922,1.99,0.027,0.215,3.28,0.006,REVOKED
core_breakdown,1000,500,100,36,126,62,12562,2.97,2.039,0.024,0.228,3.364,0.006,REVOKED
core_breakdown,1000,500,100,36,126,63,12563,2.942,2.023,0.023,0.223,3.399,0.006,REVOKED
core_breakdown,1000,500,100,36,126,64,12564,3.019,2.072,0.022,0.188,3.351,0.006,REVOKED
core_breakdown,1000,500,100,36,126,65,12565,2.889,1.98,0.025,0.251,3.323,0.006,REVOKED
core_breakdown,1000,500,100,36,126,66,12566,2.893,1.992,0.02,0.188,3.329,0.006,REVOKED
core_breakdown,1000,500,100,36,126,67,12567,2.951,2.019,0.021,0.222,3.312,0.005,REVOKED
core_breakdown,1000,500,100,36,126,68,12568,2.921,2.006,0.024,0.204,3.262,0.007,REVOKED
core_breakdown,1000,500,100,36,126,69,12569,2.953,2.041,0.02,0.196,3.285,0.006,REVOKED
core_breakdown,1000,500,100,36,126,70,12570,2.953,2.014,0.019,0.186,3.333,0.006,REVOKED
core_breakdown,1000,500,100,36,126,71,12571,2.961,2.039,0.019,0.185,3.359,0.005,REVOKED
core_breakdown,1000,500,100,36,126,72,12572,2.941,2.002,0.028,0.201,3.25,0.006,REVOKED
core_breakdown,1000,500,100,36,126,73,12573,2.924,1.988,0.021,0.274,3.328,0.006,REVOKED
core_breakdown,1000,500,100,36,126,74,12574,2.961,2.031,0.025,0.188,3.299,0.006,REVOKED
core_breakdown,1000,500,100,36,126,75,12575,2.922,1.991,0.02,0.368,3.369,0.006,REVOKED
core_breakdown,1000,500,100,36,126,76,12576,2.894,1.989,0.024,0.194,3.335,0.006,REVOKED
core_breakdown,1000,500,100,36,126,77,12577,2.942,2.036,0.025,0.203,3.363,0.006,REVOKED
core_breakdown,1000,500,100,36,126,78,12578,2.994,2.091,0.023,0.197,3.29,0.006,REVOKED
core_breakdown,1000,500,100,36,126,79,12579,2.9,1.985,0.024,0.188,3.294,0.006,REVOKED
core_breakdown,1000,500,100,36,126,80,12580,2.903,2.001,0.019,0.201,3.34,0.005,REVOKED
core_breakdown,1000,500,100,36,126,81,12581,2.891,1.976,0.021,0.206,3.371,0.01,REVOKED
core_breakdown,1000,500,100,36,126,82,12582,2.917,1.986,0.023,0.196,3.309,0.006,REVOKED
core_breakdown,1000,500,100,36,126,83,12583,2.907,1.99,0.027,0.197,3.341,0.006,REVOKED
core_breakdown,1000,500,100,36,126,84,12584,3.035,2.116,0.021,0.195,3.401,0.015,REVOKED
core_breakdown,1000,500,100,36,126,85,12585,3.245,2.306,0.022,0.211,3.377,0.006,REVOKED
core_breakdown,1000,500,100,36,126,86,12586,2.956,2.031,0.027,0.205,3.326,0.006,REVOKED
core_breakdown,1000,500,100,36,126,87,12587,2.927,2.003,0.018,0.194,3.361,0.006,REVOKED
core_breakdown,1000,500,100,36,126,88,12588,2.961,2.035,0.028,0.189,3.311,0.006,REVOKED
core_breakdown,1000,500,100,36,126,89,12589,2.894,1.978,0.024,0.213,3.397,0.006,REVOKED
core_breakdown,1000,500,100,36,126,90,12590,2.954,2.001,0.026,0.187,3.291,0.007,REVOKED
core_breakdown,1000,500,100,36,126,91,12591,2.942,2.001,0.023,0.199,3.39,0.006,REVOKED
core_breakdown,1000,500,100,36,126,92,12592,2.95,2.039,0.022,0.195,3.302,0.006,REVOKED
core_breakdown,1000,500,100,36,126,93,12593,2.926,2.005,0.022,0.201,3.373,0.006,REVOKED
core_breakdown,1000,500,100,36,126,94,12594,2.861,1.961,0.023,0.198,3.277,0.006,REVOKED
core_breakdown,1000,500,100,36,126,95,12595,2.905,1.988,0.026,0.192,3.339,0.005,REVOKED
core_breakdown,1000,500,100,36,126,96,12596,2.946,2.007,0.022,0.201,3.309,0.006,REVOKED
core_breakdown,1000,500,100,36,126,97,12597,2.935,2.044,0.022,0.2,3.276,0.019,REVOKED
core_breakdown,1000,500,100,36,126,98,12598,2.918,2.008,0.021,0.186,3.342,0.006,REVOKED
core_breakdown,1000,500,100,36,126,99,12599,3.033,2.113,0.024,0.196,3.347,0.006,REVOKED
core_breakdown,1000,500,100,36,126,100,12600,2.933,1.969,0.026,0.191,3.246,0.005,REVOKED
core_breakdown,1000,500,100,37,127,1,12601,7.096,4.531,0.29,0.372,6.157,0.059,REVOKED
core_breakdown,1000,500,100,37,127,2,12602,4.97,3.301,0.107,0.305,4.679,0.029,REVOKED
core_breakdown,1000,500,100,37,127,3,12603,4.379,3.039,0.075,0.306,4.655,0.019,REVOKED
core_breakdown,1000,500,100,37,127,4,12604,4.232,2.895,0.04,0.238,3.774,0.009,REVOKED
core_breakdown,1000,500,100,37,127,5,12605,3.297,2.233,0.028,0.227,3.7,0.008,REVOKED
core_breakdown,1000,500,100,37,127,6,12606,3.357,2.309,0.037,0.222,3.765,0.007,REVOKED
core_breakdown,1000,500,100,37,127,7,12607,3.288,2.217,0.026,0.214,3.6,0.007,REVOKED
core_breakdown,1000,500,100,37,127,8,12608,3.154,2.152,0.025,0.199,3.883,0.014,REVOKED
core_breakdown,1000,500,100,37,127,9,12609,3.183,2.146,0.044,0.211,3.805,0.01,REVOKED
core_breakdown,1000,500,100,37,127,10,12610,3.166,2.181,0.036,0.215,3.566,0.009,REVOKED
core_breakdown,1000,500,100,37,127,11,12611,3.428,2.349,0.028,0.217,3.555,0.011,REVOKED
core_breakdown,1000,500,100,37,127,12,12612,2.99,2.052,0.024,0.201,3.344,0.008,REVOKED
core_breakdown,1000,500,100,37,127,13,12613,2.903,1.977,0.029,0.204,3.302,0.008,REVOKED
core_breakdown,1000,500,100,37,127,14,12614,2.902,1.996,0.028,0.197,3.273,0.007,REVOKED
core_breakdown,1000,500,100,37,127,15,12615,2.898,1.929,0.021,0.199,3.253,0.006,REVOKED
core_breakdown,1000,500,100,37,127,16,12616,2.844,1.961,0.025,0.194,3.324,0.006,REVOKED
core_breakdown,1000,500,100,37,127,17,12617,2.927,2.013,0.023,0.195,3.306,0.006,REVOKED
core_breakdown,1000,500,100,37,127,18,12618,3.014,2.103,0.02,0.2,3.241,0.006,REVOKED
core_breakdown,1000,500,100,37,127,19,12619,2.922,2.019,0.026,0.194,3.346,0.006,REVOKED
core_breakdown,1000,500,100,37,127,20,12620,2.981,2.03,0.022,0.199,3.285,0.006,REVOKED
core_breakdown,1000,500,100,37,127,21,12621,2.849,1.968,0.027,0.205,3.323,0.007,REVOKED
core_breakdown,1000,500,100,37,127,22,12622,2.923,1.979,0.026,0.209,3.291,0.007,REVOKED
core_breakdown,1000,500,100,37,127,23,12623,2.859,1.954,0.026,0.201,3.266,0.006,REVOKED
core_breakdown,1000,500,100,37,127,24,12624,2.843,1.959,0.021,0.196,3.191,0.007,REVOKED
core_breakdown,1000,500,100,37,127,25,12625,2.935,1.987,0.021,0.192,3.271,0.009,REVOKED
core_breakdown,1000,500,100,37,127,26,12626,2.87,1.96,0.025,0.192,3.307,0.006,REVOKED
core_breakdown,1000,500,100,37,127,27,12627,2.496,1.707,0.022,0.171,3.11,0.006,REVOKED
core_breakdown,1000,500,100,37,127,28,12628,2.85,1.961,0.022,0.197,3.347,0.006,REVOKED
core_breakdown,1000,500,100,37,127,29,12629,2.859,1.946,0.026,0.192,3.282,0.006,REVOKED
core_breakdown,1000,500,100,37,127,30,12630,2.933,2.01,0.025,0.208,3.285,0.006,REVOKED
core_breakdown,1000,500,100,37,127,31,12631,2.943,2.021,0.024,0.216,3.325,0.006,REVOKED
core_breakdown,1000,500,100,37,127,32,12632,2.963,2.038,0.021,0.198,3.322,0.006,REVOKED
core_breakdown,1000,500,100,37,127,33,12633,2.924,1.975,0.02,0.197,3.331,0.006,REVOKED
core_breakdown,1000,500,100,37,127,34,12634,2.96,2.021,0.024,0.209,3.385,0.006,REVOKED
core_breakdown,1000,500,100,37,127,35,12635,2.947,2.02,0.023,0.199,3.313,0.006,REVOKED
core_breakdown,1000,500,100,37,127,36,12636,2.946,2.019,0.028,0.192,3.33,0.006,REVOKED
core_breakdown,1000,500,100,37,127,37,12637,2.938,2.031,0.021,0.213,3.27,0.006,REVOKED
core_breakdown,1000,500,100,37,127,38,12638,2.955,2.051,0.025,0.196,3.342,0.006,REVOKED
core_breakdown,1000,500,100,37,127,39,12639,2.959,2.011,0.024,0.192,3.312,0.006,REVOKED
core_breakdown,1000,500,100,37,127,40,12640,3.049,2.088,0.023,0.201,3.312,0.006,REVOKED
core_breakdown,1000,500,100,37,127,41,12641,2.979,2.069,0.029,0.201,3.323,0.007,REVOKED
core_breakdown,1000,500,100,37,127,42,12642,3.042,2.127,0.025,0.192,3.487,0.007,REVOKED
core_breakdown,1000,500,100,37,127,43,12643,2.972,2.04,0.022,0.195,3.31,0.007,REVOKED
core_breakdown,1000,500,100,37,127,44,12644,2.994,2.068,0.021,0.201,3.396,0.006,REVOKED
core_breakdown,1000,500,100,37,127,45,12645,2.9,1.988,0.023,0.197,3.277,0.006,REVOKED
core_breakdown,1000,500,100,37,127,46,12646,3.021,2.076,0.025,0.186,3.345,0.006,REVOKED
core_breakdown,1000,500,100,37,127,47,12647,2.928,2.011,0.028,0.202,3.325,0.006,REVOKED
core_breakdown,1000,500,100,37,127,48,12648,2.948,2.031,0.024,0.213,3.398,0.006,REVOKED
core_breakdown,1000,500,100,37,127,49,12649,2.884,1.95,0.022,0.203,3.388,0.011,REVOKED
core_breakdown,1000,500,100,37,127,50,12650,2.949,2.012,0.023,0.211,3.428,0.006,REVOKED
core_breakdown,1000,500,100,37,127,51,12651,2.945,2.028,0.024,0.213,3.327,0.006,REVOKED
core_breakdown,1000,500,100,37,127,52,12652,2.947,2.017,0.021,0.191,3.395,0.006,REVOKED
core_breakdown,1000,500,100,37,127,53,12653,2.965,2.046,0.023,0.202,3.365,0.006,REVOKED
core_breakdown,1000,500,100,37,127,54,12654,3.005,2.049,0.021,0.194,3.395,0.006,REVOKED
core_breakdown,1000,500,100,37,127,55,12655,3.024,2.093,0.02,0.194,3.342,0.006,REVOKED
core_breakdown,1000,500,100,37,127,56,12656,2.894,1.988,0.025,0.195,3.354,0.006,REVOKED
core_breakdown,1000,500,100,37,127,57,12657,2.987,2.066,0.023,0.2,3.343,0.011,REVOKED
core_breakdown,1000,500,100,37,127,58,12658,2.992,2.048,0.023,0.203,3.383,0.007,REVOKED
core_breakdown,1000,500,100,37,127,59,12659,2.984,2.058,0.025,0.191,3.354,0.006,REVOKED
core_breakdown,1000,500,100,37,127,60,12660,2.905,1.994,0.025,0.201,3.357,0.006,REVOKED
core_breakdown,1000,500,100,37,127,61,12661,2.995,2.07,0.023,0.19,3.481,0.006,REVOKED
core_breakdown,1000,500,100,37,127,62,12662,2.971,2.032,0.025,0.197,3.362,0.005,REVOKED
core_breakdown,1000,500,100,37,127,63,12663,2.935,2.045,0.024,0.194,3.362,0.007,REVOKED
core_breakdown,1000,500,100,37,127,64,12664,2.981,2.04,0.023,0.211,3.285,0.005,REVOKED
core_breakdown,1000,500,100,37,127,65,12665,2.897,1.986,0.022,0.201,3.314,0.006,REVOKED
core_breakdown,1000,500,100,37,127,66,12666,2.967,2.029,0.024,0.214,3.361,0.006,REVOKED
core_breakdown,1000,500,100,37,127,67,12667,2.936,2.015,0.025,0.214,3.329,0.007,REVOKED
core_breakdown,1000,500,100,37,127,68,12668,2.935,2.02,0.02,0.207,3.386,0.006,REVOKED
core_breakdown,1000,500,100,37,127,69,12669,2.988,2.013,0.023,0.208,3.347,0.007,REVOKED
core_breakdown,1000,500,100,37,127,70,12670,2.95,2.034,0.02,0.195,3.325,0.007,REVOKED
core_breakdown,1000,500,100,37,127,71,12671,2.943,2.007,0.026,0.207,3.389,0.006,REVOKED
core_breakdown,1000,500,100,37,127,72,12672,2.935,2.003,0.022,0.198,3.342,0.006,REVOKED
core_breakdown,1000,500,100,37,127,73,12673,2.978,2.018,0.03,0.197,3.389,0.006,REVOKED
core_breakdown,1000,500,100,37,127,74,12674,2.939,2.017,0.022,0.2,3.325,0.005,REVOKED
core_breakdown,1000,500,100,37,127,75,12675,3.032,2.057,0.025,0.199,3.364,0.005,REVOKED
core_breakdown,1000,500,100,37,127,76,12676,2.996,2.035,0.021,0.202,3.381,0.005,REVOKED
core_breakdown,1000,500,100,37,127,77,12677,3.034,2.079,0.023,0.193,3.341,0.006,REVOKED
core_breakdown,1000,500,100,37,127,78,12678,2.971,2.049,0.024,0.188,3.302,0.007,REVOKED
core_breakdown,1000,500,100,37,127,79,12679,3.098,2.066,0.024,0.194,3.328,0.006,REVOKED
core_breakdown,1000,500,100,37,127,80,12680,2.988,2.029,0.021,0.196,3.343,0.006,REVOKED
core_breakdown,1000,500,100,37,127,81,12681,2.948,2.016,0.019,0.202,3.349,0.006,REVOKED
core_breakdown,1000,500,100,37,127,82,12682,2.97,2.056,0.023,0.199,3.424,0.008,REVOKED
core_breakdown,1000,500,100,37,127,83,12683,2.98,2.041,0.028,0.197,3.373,0.006,REVOKED
core_breakdown,1000,500,100,37,127,84,12684,2.9,2.003,0.029,0.198,3.386,0.006,REVOKED
core_breakdown,1000,500,100,37,127,85,12685,2.944,2.026,0.021,0.202,3.311,0.012,REVOKED
core_breakdown,1000,500,100,37,127,86,12686,2.948,2.021,0.024,0.182,3.422,0.007,REVOKED
core_breakdown,1000,500,100,37,127,87,12687,2.966,2.021,0.026,0.192,3.315,0.006,REVOKED
core_breakdown,1000,500,100,37,127,88,12688,3.017,2.085,0.024,0.208,3.289,0.006,REVOKED
core_breakdown,1000,500,100,37,127,89,12689,2.89,1.994,0.023,0.187,3.34,0.006,REVOKED
core_breakdown,1000,500,100,37,127,90,12690,3.035,2.092,0.024,0.209,3.321,0.006,REVOKED
core_breakdown,1000,500,100,37,127,91,12691,2.976,2.031,0.023,0.19,3.291,0.005,REVOKED
core_breakdown,1000,500,100,37,127,92,12692,2.966,2.037,0.026,0.208,3.301,0.01,REVOKED
core_breakdown,1000,500,100,37,127,93,12693,2.928,2.026,0.023,0.199,3.337,0.006,REVOKED
core_breakdown,1000,500,100,37,127,94,12694,2.977,2.015,0.019,0.2,3.364,0.006,REVOKED
core_breakdown,1000,500,100,37,127,95,12695,2.935,2.03,0.024,0.193,3.35,0.005,REVOKED
core_breakdown,1000,500,100,37,127,96,12696,2.915,2.007,0.021,0.195,3.361,0.005,REVOKED
core_breakdown,1000,500,100,37,127,97,12697,2.901,1.99,0.024,0.201,3.269,0.018,REVOKED
core_breakdown,1000,500,100,37,127,98,12698,2.962,2.027,0.022,0.204,3.276,0.006,REVOKED
core_breakdown,1000,500,100,37,127,99,12699,2.928,2.016,0.023,0.2,3.292,0.005,REVOKED
core_breakdown,1000,500,100,37,127,100,12700,2.928,1.992,0.023,0.195,4.112,0.006,REVOKED
core_breakdown,1000,500,100,38,128,1,12701,8.051,4.2,0.288,0.526,7.938,0.065,REVOKED
core_breakdown,1000,500,100,38,128,2,12702,5.746,3.783,0.139,0.281,6.4,0.034,REVOKED
core_breakdown,1000,500,100,38,128,3,12703,4.925,3.232,0.105,0.322,5.271,0.021,REVOKED
core_breakdown,1000,500,100,38,128,4,12704,4.748,3.214,0.083,0.296,6.511,0.015,REVOKED
core_breakdown,1000,500,100,38,128,5,12705,4.228,2.891,0.045,0.21,3.712,0.008,REVOKED
core_breakdown,1000,500,100,38,128,6,12706,3.311,2.23,0.043,0.222,3.782,0.008,REVOKED
core_breakdown,1000,500,100,38,128,7,12707,3.275,2.21,0.038,0.221,3.67,0.01,REVOKED
core_breakdown,1000,500,100,38,128,8,12708,3.333,2.228,0.034,0.203,3.492,0.008,REVOKED
core_breakdown,1000,500,100,38,128,9,12709,3.059,2.074,0.028,0.205,3.466,0.007,REVOKED
core_breakdown,1000,500,100,38,128,10,12710,3.266,2.244,0.078,0.246,3.792,0.013,REVOKED
core_breakdown,1000,500,100,38,128,11,12711,3.204,2.177,0.042,0.211,3.519,0.008,REVOKED
core_breakdown,1000,500,100,38,128,12,12712,3.129,2.131,0.029,0.224,3.524,0.006,REVOKED
core_breakdown,1000,500,100,38,128,13,12713,3.028,2.079,0.025,0.221,3.414,0.009,REVOKED
core_breakdown,1000,500,100,38,128,14,12714,3.113,2.157,0.029,0.203,3.449,0.006,REVOKED
core_breakdown,1000,500,100,38,128,15,12715,2.585,1.744,0.023,0.169,2.994,0.006,REVOKED
core_breakdown,1000,500,100,38,128,16,12716,2.705,1.828,0.023,0.18,3.003,0.006,REVOKED
core_breakdown,1000,500,100,38,128,17,12717,2.696,1.839,0.021,0.175,2.971,0.006,REVOKED
core_breakdown,1000,500,100,38,128,18,12718,2.616,1.783,0.019,0.199,3.0,0.006,REVOKED
core_breakdown,1000,500,100,38,128,19,12719,2.563,1.716,0.033,0.176,3.047,0.005,REVOKED
core_breakdown,1000,500,100,38,128,20,12720,2.642,1.828,0.028,0.177,2.962,0.006,REVOKED
core_breakdown,1000,500,100,38,128,21,12721,2.684,1.841,0.025,0.173,3.063,0.008,REVOKED
core_breakdown,1000,500,100,38,128,22,12722,2.553,1.77,0.027,0.178,3.011,0.006,REVOKED
core_breakdown,1000,500,100,38,128,23,12723,2.661,1.835,0.023,0.159,3.058,0.006,REVOKED
core_breakdown,1000,500,100,38,128,24,12724,2.648,1.81,0.024,0.174,3.026,0.005,REVOKED
core_breakdown,1000,500,100,38,128,25,12725,2.627,1.815,0.026,0.182,3.124,0.009,REVOKED
core_breakdown,1000,500,100,38,128,26,12726,2.541,1.753,0.022,0.189,2.96,0.006,REVOKED
core_breakdown,1000,500,100,38,128,27,12727,2.602,1.769,0.025,0.192,3.03,0.006,REVOKED
core_breakdown,1000,500,100,38,128,28,12728,2.636,1.751,0.025,0.219,2.973,0.005,REVOKED
core_breakdown,1000,500,100,38,128,29,12729,2.63,1.785,0.021,0.178,3.028,0.007,REVOKED
core_breakdown,1000,500,100,38,128,30,12730,2.703,1.806,0.023,0.174,3.062,0.006,REVOKED
core_breakdown,1000,500,100,38,128,31,12731,2.535,1.729,0.02,0.178,2.961,0.006,REVOKED
core_breakdown,1000,500,100,38,128,32,12732,2.541,1.722,0.019,0.189,3.001,0.006,REVOKED
core_breakdown,1000,500,100,38,128,33,12733,2.632,1.809,0.025,0.179,3.044,0.005,REVOKED
core_breakdown,1000,500,100,38,128,34,12734,2.603,1.799,0.024,0.172,3.044,0.006,REVOKED
core_breakdown,1000,500,100,38,128,35,12735,2.601,1.762,0.028,0.175,3.261,0.005,REVOKED
core_breakdown,1000,500,100,38,128,36,12736,2.951,2.005,0.022,0.221,3.29,0.005,REVOKED
core_breakdown,1000,500,100,38,128,37,12737,2.987,2.054,0.023,0.192,3.37,0.006,REVOKED
core_breakdown,1000,500,100,38,128,38,12738,2.95,2.029,0.025,0.204,3.329,0.006,REVOKED
core_breakdown,1000,500,100,38,128,39,12739,2.979,2.037,0.022,0.193,3.328,0.006,REVOKED
core_breakdown,1000,500,100,38,128,40,12740,3.006,2.037,0.026,0.208,3.369,0.006,REVOKED
core_breakdown,1000,500,100,38,128,41,12741,2.964,2.022,0.025,0.195,3.333,0.006,REVOKED
core_breakdown,1000,500,100,38,128,42,12742,2.97,2.037,0.024,0.192,3.265,0.007,REVOKED
core_breakdown,1000,500,100,38,128,43,12743,2.95,2.009,0.025,0.206,3.456,0.005,REVOKED
core_breakdown,1000,500,100,38,128,44,12744,2.927,2.017,0.026,0.195,3.294,0.011,REVOKED
core_breakdown,1000,500,100,38,128,45,12745,2.93,1.982,0.024,0.2,3.378,0.005,REVOKED
core_breakdown,1000,500,100,38,128,46,12746,2.882,1.956,0.023,0.205,3.349,0.006,REVOKED
core_breakdown,1000,500,100,38,128,47,12747,2.946,2.013,0.026,0.199,3.32,0.006,REVOKED
core_breakdown,1000,500,100,38,128,48,12748,2.955,1.999,0.022,0.208,3.398,0.006,REVOKED
core_breakdown,1000,500,100,38,128,49,12749,2.941,2.011,0.022,0.191,3.317,0.009,REVOKED
core_breakdown,1000,500,100,38,128,50,12750,3.003,2.1,0.025,0.201,3.363,0.006,REVOKED
core_breakdown,1000,500,100,38,128,51,12751,2.962,2.029,0.025,0.198,3.309,0.005,REVOKED
core_breakdown,1000,500,100,38,128,52,12752,2.957,2.042,0.024,0.199,3.368,0.006,REVOKED
core_breakdown,1000,500,100,38,128,53,12753,3.017,2.078,0.025,0.197,3.369,0.006,REVOKED
core_breakdown,1000,500,100,38,128,54,12754,2.945,2.024,0.022,0.203,3.343,0.005,REVOKED
core_breakdown,1000,500,100,38,128,55,12755,2.928,1.986,0.02,0.191,3.373,0.006,REVOKED
core_breakdown,1000,500,100,38,128,56,12756,2.972,2.028,0.026,0.206,3.299,0.005,REVOKED
core_breakdown,1000,500,100,38,128,57,12757,2.955,2.045,0.026,0.197,3.344,0.005,REVOKED
core_breakdown,1000,500,100,38,128,58,12758,2.941,2.021,0.024,0.195,3.303,0.006,REVOKED
core_breakdown,1000,500,100,38,128,59,12759,2.926,2.004,0.02,0.193,3.307,0.007,REVOKED
core_breakdown,1000,500,100,38,128,60,12760,2.968,2.045,0.023,0.204,3.311,0.007,REVOKED
core_breakdown,1000,500,100,38,128,61,12761,2.984,2.031,0.019,0.198,3.32,0.006,REVOKED
core_breakdown,1000,500,100,38,128,62,12762,2.919,1.993,0.025,0.245,3.425,0.006,REVOKED
core_breakdown,1000,500,100,38,128,63,12763,2.953,2.034,0.023,0.213,3.348,0.006,REVOKED
core_breakdown,1000,500,100,38,128,64,12764,2.893,1.98,0.022,0.21,3.334,0.006,REVOKED
core_breakdown,1000,500,100,38,128,65,12765,2.929,1.989,0.022,0.197,3.299,0.006,REVOKED
core_breakdown,1000,500,100,38,128,66,12766,2.979,2.04,0.024,0.198,3.34,0.006,REVOKED
core_breakdown,1000,500,100,38,128,67,12767,2.893,1.98,0.018,0.216,3.364,0.006,REVOKED
core_breakdown,1000,500,100,38,128,68,12768,2.968,2.026,0.027,0.197,3.282,0.005,REVOKED
core_breakdown,1000,500,100,38,128,69,12769,2.98,2.053,0.019,0.196,3.367,0.007,REVOKED
core_breakdown,1000,500,100,38,128,70,12770,3.041,2.061,0.028,0.209,3.38,0.006,REVOKED
core_breakdown,1000,500,100,38,128,71,12771,2.997,2.068,0.024,0.199,3.335,0.005,REVOKED
core_breakdown,1000,500,100,38,128,72,12772,2.941,1.994,0.025,0.203,3.314,0.006,REVOKED
core_breakdown,1000,500,100,38,128,73,12773,2.941,2.015,0.029,0.187,3.322,0.005,REVOKED
core_breakdown,1000,500,100,38,128,74,12774,2.974,2.057,0.024,0.207,3.403,0.007,REVOKED
core_breakdown,1000,500,100,38,128,75,12775,3.006,2.059,0.02,0.193,3.333,0.006,REVOKED
core_breakdown,1000,500,100,38,128,76,12776,2.971,2.045,0.027,0.235,3.309,0.006,REVOKED
core_breakdown,1000,500,100,38,128,77,12777,3.026,2.122,0.023,0.219,3.274,0.007,REVOKED
core_breakdown,1000,500,100,38,128,78,12778,2.945,2.01,0.025,0.205,3.277,0.005,REVOKED
core_breakdown,1000,500,100,38,128,79,12779,2.984,2.071,0.022,0.18,2.977,0.005,REVOKED
core_breakdown,1000,500,100,38,128,80,12780,2.919,2.038,0.018,0.191,3.376,0.006,REVOKED
core_breakdown,1000,500,100,38,128,81,12781,2.954,2.019,0.025,0.207,3.335,0.006,REVOKED
core_breakdown,1000,500,100,38,128,82,12782,2.926,2.015,0.024,0.193,3.282,0.005,REVOKED
core_breakdown,1000,500,100,38,128,83,12783,2.898,2.012,0.024,0.196,3.319,0.006,REVOKED
core_breakdown,1000,500,100,38,128,84,12784,2.972,2.011,0.022,0.191,3.379,0.006,REVOKED
core_breakdown,1000,500,100,38,128,85,12785,2.979,2.043,0.025,0.195,3.339,0.007,REVOKED
core_breakdown,1000,500,100,38,128,86,12786,2.913,2.002,0.023,0.19,3.06,0.006,REVOKED
core_breakdown,1000,500,100,38,128,87,12787,2.537,1.709,0.023,0.172,3.04,0.007,REVOKED
core_breakdown,1000,500,100,38,128,88,12788,2.558,1.742,0.02,0.171,2.94,0.006,REVOKED
core_breakdown,1000,500,100,38,128,89,12789,2.562,1.75,0.02,0.177,2.982,0.007,REVOKED
core_breakdown,1000,500,100,38,128,90,12790,2.635,1.807,0.024,0.183,3.014,0.006,REVOKED
core_breakdown,1000,500,100,38,128,91,12791,2.833,1.98,0.023,0.191,3.342,0.006,REVOKED
core_breakdown,1000,500,100,38,128,92,12792,2.922,2.022,0.022,0.195,3.334,0.006,REVOKED
core_breakdown,1000,500,100,38,128,93,12793,3.035,2.083,0.028,0.204,3.301,0.006,REVOKED
core_breakdown,1000,500,100,38,128,94,12794,2.904,2.0,0.02,0.203,3.391,0.006,REVOKED
core_breakdown,1000,500,100,38,128,95,12795,2.931,2.046,0.018,0.193,3.319,0.005,REVOKED
core_breakdown,1000,500,100,38,128,96,12796,2.969,2.015,0.025,0.206,3.319,0.006,REVOKED
core_breakdown,1000,500,100,38,128,97,12797,2.884,1.986,0.022,0.196,3.43,0.021,REVOKED
core_breakdown,1000,500,100,38,128,98,12798,2.918,2.011,0.021,0.235,3.287,0.005,REVOKED
core_breakdown,1000,500,100,38,128,99,12799,2.934,2.011,0.018,0.189,3.339,0.006,REVOKED
core_breakdown,1000,500,100,38,128,100,12800,2.946,2.026,0.025,0.194,3.333,0.006,REVOKED
core_breakdown,1000,500,100,39,129,1,12801,6.505,3.98,0.232,0.543,7.396,0.049,REVOKED
core_breakdown,1000,500,100,39,129,2,12802,5.859,3.858,0.149,0.39,5.975,0.035,REVOKED
core_breakdown,1000,500,100,39,129,3,12803,5.215,3.312,0.128,0.329,4.675,0.024,REVOKED
core_breakdown,1000,500,100,39,129,4,12804,4.199,2.838,0.083,0.282,4.439,0.02,REVOKED
core_breakdown,1000,500,100,39,129,5,12805,3.696,2.464,0.082,0.262,4.176,0.018,REVOKED
core_breakdown,1000,500,100,39,129,6,12806,4.039,2.813,0.076,0.259,4.079,0.015,REVOKED
core_breakdown,1000,500,100,39,129,7,12807,3.782,2.558,0.064,0.247,3.944,0.015,REVOKED
core_breakdown,1000,500,100,39,129,8,12808,3.648,2.428,0.06,0.235,3.908,0.013,REVOKED
core_breakdown,1000,500,100,39,129,9,12809,3.578,2.454,0.056,0.238,3.943,0.016,REVOKED
core_breakdown,1000,500,100,39,129,10,12810,3.581,2.44,0.05,0.224,3.929,0.006,REVOKED
core_breakdown,1000,500,100,39,129,11,12811,3.765,2.534,0.038,0.282,3.712,0.009,REVOKED
core_breakdown,1000,500,100,39,129,12,12812,3.17,2.148,0.041,0.2,3.567,0.008,REVOKED
core_breakdown,1000,500,100,39,129,13,12813,3.409,2.337,0.029,0.226,3.75,0.018,REVOKED
core_breakdown,1000,500,100,39,129,14,12814,3.11,2.08,0.052,0.212,3.406,0.009,REVOKED
core_breakdown,1000,500,100,39,129,15,12815,3.039,2.102,0.038,0.226,3.5,0.009,REVOKED
core_breakdown,1000,500,100,39,129,16,12816,3.019,2.055,0.027,0.208,3.415,0.007,REVOKED
core_breakdown,1000,500,100,39,129,17,12817,3.025,2.074,0.034,0.201,3.339,0.011,REVOKED
core_breakdown,1000,500,100,39,129,18,12818,3.06,2.12,0.029,0.203,3.311,0.006,REVOKED
core_breakdown,1000,500,100,39,129,19,12819,2.949,2.023,0.028,0.191,3.365,0.007,REVOKED
core_breakdown,1000,500,100,39,129,20,12820,3.031,2.073,0.027,0.209,3.345,0.007,REVOKED
core_breakdown,1000,500,100,39,129,21,12821,2.848,1.955,0.022,0.201,3.39,0.006,REVOKED
core_breakdown,1000,500,100,39,129,22,12822,2.956,2.018,0.026,0.198,3.373,0.006,REVOKED
core_breakdown,1000,500,100,39,129,23,12823,3.238,2.148,0.038,0.267,3.692,0.009,REVOKED
core_breakdown,1000,500,100,39,129,24,12824,3.228,2.201,0.034,0.212,3.788,0.008,REVOKED
core_breakdown,1000,500,100,39,129,25,12825,3.207,2.198,0.026,0.221,3.753,0.01,REVOKED
core_breakdown,1000,500,100,39,129,26,12826,3.156,2.183,0.022,0.204,3.677,0.006,REVOKED
core_breakdown,1000,500,100,39,129,27,12827,3.168,2.183,0.032,0.195,3.852,0.008,REVOKED
core_breakdown,1000,500,100,39,129,28,12828,3.022,2.077,0.025,0.211,3.393,0.007,REVOKED
core_breakdown,1000,500,100,39,129,29,12829,2.992,2.057,0.025,0.202,3.343,0.009,REVOKED
core_breakdown,1000,500,100,39,129,30,12830,2.985,2.056,0.021,0.194,3.345,0.006,REVOKED
core_breakdown,1000,500,100,39,129,31,12831,2.935,2.013,0.029,0.211,3.385,0.005,REVOKED
core_breakdown,1000,500,100,39,129,32,12832,2.942,2.02,0.026,0.197,3.314,0.007,REVOKED
core_breakdown,1000,500,100,39,129,33,12833,2.986,2.056,0.022,0.19,3.436,0.007,REVOKED
core_breakdown,1000,500,100,39,129,34,12834,3.054,2.065,0.023,0.206,3.315,0.006,REVOKED
core_breakdown,1000,500,100,39,129,35,12835,2.95,1.989,0.027,0.197,3.386,0.007,REVOKED
core_breakdown,1000,500,100,39,129,36,12836,2.965,2.037,0.022,0.201,3.372,0.009,REVOKED
core_breakdown,1000,500,100,39,129,37,12837,3.053,2.122,0.027,0.191,3.292,0.006,REVOKED
core_breakdown,1000,500,100,39,129,38,12838,3.038,2.059,0.022,0.195,3.283,0.006,REVOKED
core_breakdown,1000,500,100,39,129,39,12839,2.991,2.056,0.024,0.203,3.299,0.005,REVOKED
core_breakdown,1000,500,100,39,129,40,12840,2.95,2.008,0.021,0.194,3.334,0.005,REVOKED
core_breakdown,1000,500,100,39,129,41,12841,2.922,2.021,0.022,0.209,3.331,0.007,REVOKED
core_breakdown,1000,500,100,39,129,42,12842,2.925,2.002,0.02,0.189,3.289,0.006,REVOKED
core_breakdown,1000,500,100,39,129,43,12843,2.916,2.0,0.025,0.203,3.358,0.006,REVOKED
core_breakdown,1000,500,100,39,129,44,12844,3.213,2.234,0.023,0.223,3.429,0.011,REVOKED
core_breakdown,1000,500,100,39,129,45,12845,2.909,1.994,0.025,0.192,3.277,0.009,REVOKED
core_breakdown,1000,500,100,39,129,46,12846,2.913,2.009,0.02,0.198,3.249,0.006,REVOKED
core_breakdown,1000,500,100,39,129,47,12847,2.934,2.004,0.019,0.206,3.278,0.006,REVOKED
core_breakdown,1000,500,100,39,129,48,12848,2.905,2.011,0.025,0.201,3.293,0.006,REVOKED
core_breakdown,1000,500,100,39,129,49,12849,2.93,2.013,0.022,0.197,3.233,0.012,REVOKED
core_breakdown,1000,500,100,39,129,50,12850,2.949,2.021,0.024,0.211,3.221,0.005,REVOKED
core_breakdown,1000,500,100,39,129,51,12851,2.847,1.929,0.02,0.189,3.36,0.006,REVOKED
core_breakdown,1000,500,100,39,129,52,12852,2.904,2.001,0.024,0.211,3.392,0.006,REVOKED
core_breakdown,1000,500,100,39,129,53,12853,3.022,2.051,0.025,0.2,3.54,0.017,REVOKED
core_breakdown,1000,500,100,39,129,54,12854,5.966,4.049,0.085,0.241,4.643,0.011,REVOKED
core_breakdown,1000,500,100,39,129,55,12855,2.984,2.044,0.031,0.186,3.129,0.006,REVOKED
core_breakdown,1000,500,100,39,129,56,12856,2.545,1.725,0.028,0.185,3.011,0.007,REVOKED
core_breakdown,1000,500,100,39,129,57,12857,2.624,1.771,0.023,0.182,3.319,0.007,REVOKED
core_breakdown,1000,500,100,39,129,58,12858,2.924,1.984,0.028,0.195,3.334,0.007,REVOKED
core_breakdown,1000,500,100,39,129,59,12859,2.956,2.018,0.023,0.189,3.339,0.007,REVOKED
core_breakdown,1000,500,100,39,129,60,12860,2.456,1.683,0.021,0.173,3.236,0.01,REVOKED
core_breakdown,1000,500,100,39,129,61,12861,2.915,2.004,0.022,0.204,3.3,0.006,REVOKED
core_breakdown,1000,500,100,39,129,62,12862,2.882,1.963,0.02,0.201,3.33,0.006,REVOKED
core_breakdown,1000,500,100,39,129,63,12863,2.869,1.961,0.021,0.193,3.357,0.006,REVOKED
core_breakdown,1000,500,100,39,129,64,12864,2.931,2.013,0.02,0.199,3.321,0.006,REVOKED
core_breakdown,1000,500,100,39,129,65,12865,2.876,1.958,0.027,0.205,3.273,0.006,REVOKED
core_breakdown,1000,500,100,39,129,66,12866,2.921,2.002,0.026,0.192,3.253,0.006,REVOKED
core_breakdown,1000,500,100,39,129,67,12867,2.897,1.99,0.024,0.194,3.309,0.007,REVOKED
core_breakdown,1000,500,100,39,129,68,12868,2.996,2.093,0.023,0.2,3.454,0.008,REVOKED
core_breakdown,1000,500,100,39,129,69,12869,3.022,2.036,0.025,0.214,3.375,0.005,REVOKED
core_breakdown,1000,500,100,39,129,70,12870,3.017,2.045,0.021,0.218,3.492,0.006,REVOKED
core_breakdown,1000,500,100,39,129,71,12871,2.976,2.031,0.023,0.198,3.517,0.007,REVOKED
core_breakdown,1000,500,100,39,129,72,12872,2.976,2.036,0.022,0.203,3.461,0.006,REVOKED
core_breakdown,1000,500,100,39,129,73,12873,3.022,2.063,0.024,0.206,3.503,0.007,REVOKED
core_breakdown,1000,500,100,39,129,74,12874,2.948,2.052,0.025,0.194,3.364,0.006,REVOKED
core_breakdown,1000,500,100,39,129,75,12875,3.025,2.057,0.021,0.218,3.364,0.005,REVOKED
core_breakdown,1000,500,100,39,129,76,12876,2.949,2.01,0.021,0.197,3.297,0.006,REVOKED
core_breakdown,1000,500,100,39,129,77,12877,2.885,1.976,0.019,0.191,3.332,0.005,REVOKED
core_breakdown,1000,500,100,39,129,78,12878,2.985,2.056,0.022,0.191,3.342,0.005,REVOKED
core_breakdown,1000,500,100,39,129,79,12879,3.137,2.063,0.02,0.197,3.304,0.006,REVOKED
core_breakdown,1000,500,100,39,129,80,12880,2.916,2.007,0.028,0.216,3.289,0.006,REVOKED
core_breakdown,1000,500,100,39,129,81,12881,2.932,2.0,0.024,0.191,3.313,0.011,REVOKED
core_breakdown,1000,500,100,39,129,82,12882,2.889,1.979,0.026,0.194,3.307,0.006,REVOKED
core_breakdown,1000,500,100,39,129,83,12883,2.938,2.031,0.02,0.209,3.415,0.006,REVOKED
core_breakdown,1000,500,100,39,129,84,12884,2.928,2.016,0.019,0.187,3.312,0.007,REVOKED
core_breakdown,1000,500,100,39,129,85,12885,2.982,2.05,0.024,0.202,3.392,0.005,REVOKED
core_breakdown,1000,500,100,39,129,86,12886,2.996,2.003,0.02,0.197,3.354,0.006,REVOKED
core_breakdown,1000,500,100,39,129,87,12887,2.975,2.037,0.024,0.209,3.306,0.006,REVOKED
core_breakdown,1000,500,100,39,129,88,12888,2.963,2.034,0.021,0.197,3.281,0.006,REVOKED
core_breakdown,1000,500,100,39,129,89,12889,2.908,1.99,0.027,0.197,3.323,0.006,REVOKED
core_breakdown,1000,500,100,39,129,90,12890,2.95,2.028,0.023,0.202,3.292,0.006,REVOKED
core_breakdown,1000,500,100,39,129,91,12891,2.983,2.062,0.024,0.187,3.268,0.007,REVOKED
core_breakdown,1000,500,100,39,129,92,12892,2.955,2.021,0.024,0.225,3.373,0.006,REVOKED
core_breakdown,1000,500,100,39,129,93,12893,3.006,2.041,0.027,0.217,3.22,0.007,REVOKED
core_breakdown,1000,500,100,39,129,94,12894,2.953,2.028,0.019,0.194,3.308,0.006,REVOKED
core_breakdown,1000,500,100,39,129,95,12895,2.959,2.033,0.026,0.237,3.404,0.006,REVOKED
core_breakdown,1000,500,100,39,129,96,12896,2.928,2.005,0.023,0.217,3.347,0.009,REVOKED
core_breakdown,1000,500,100,39,129,97,12897,2.906,2.004,0.026,0.193,3.319,0.02,REVOKED
core_breakdown,1000,500,100,39,129,98,12898,2.974,2.041,0.024,0.19,3.35,0.005,REVOKED
core_breakdown,1000,500,100,39,129,99,12899,2.953,2.013,0.022,0.203,3.342,0.006,REVOKED
core_breakdown,1000,500,100,39,129,100,12900,2.918,2.005,0.025,0.195,3.294,0.011,REVOKED
core_breakdown,1000,500,100,40,130,1,12901,6.893,4.106,0.306,0.5,6.735,0.052,REVOKED
core_breakdown,1000,500,100,40,130,2,12902,5.967,4.132,0.11,0.354,5.053,0.03,REVOKED
core_breakdown,1000,500,100,40,130,3,12903,4.055,2.634,0.082,0.281,4.497,0.019,REVOKED
core_breakdown,1000,500,100,40,130,4,12904,3.345,2.33,0.038,0.204,3.276,0.011,REVOKED
core_breakdown,1000,500,100,40,130,5,12905,3.582,2.509,0.035,0.232,3.891,0.008,REVOKED
core_breakdown,1000,500,100,40,130,6,12906,4.39,2.816,0.031,0.248,4.188,0.008,REVOKED
core_breakdown,1000,500,100,40,130,7,12907,3.149,2.115,0.034,0.225,3.535,0.008,REVOKED
core_breakdown,1000,500,100,40,130,8,12908,3.364,2.304,0.03,0.224,3.661,0.013,REVOKED
core_breakdown,1000,500,100,40,130,9,12909,3.472,2.306,0.037,0.204,3.82,0.008,REVOKED
core_breakdown,1000,500,100,40,130,10,12910,3.174,2.162,0.031,0.252,4.059,0.021,REVOKED
core_breakdown,1000,500,100,40,130,11,12911,3.721,2.41,0.032,0.241,4.477,0.009,REVOKED
core_breakdown,1000,500,100,40,130,12,12912,3.614,2.513,0.06,0.305,4.283,0.008,REVOKED
core_breakdown,1000,500,100,40,130,13,12913,4.154,2.915,0.036,0.319,3.679,0.009,REVOKED
core_breakdown,1000,500,100,40,130,14,12914,3.098,2.135,0.028,0.203,3.524,0.008,REVOKED
core_breakdown,1000,500,100,40,130,15,12915,2.987,2.025,0.025,0.197,3.171,0.006,REVOKED
core_breakdown,1000,500,100,40,130,16,12916,2.629,1.795,0.032,0.192,3.56,0.006,REVOKED
core_breakdown,1000,500,100,40,130,17,12917,2.6,1.784,0.024,0.169,3.068,0.007,REVOKED
core_breakdown,1000,500,100,40,130,18,12918,2.59,1.771,0.027,0.176,2.895,0.005,REVOKED
core_breakdown,1000,500,100,40,130,19,12919,2.212,1.49,0.021,0.151,2.922,0.007,REVOKED
core_breakdown,1000,500,100,40,130,20,12920,2.499,1.721,0.03,0.176,2.945,0.006,REVOKED
core_breakdown,1000,500,100,40,130,21,12921,2.623,1.754,0.025,0.159,2.985,0.006,REVOKED
core_breakdown,1000,500,100,40,130,22,12922,2.56,1.727,0.023,0.185,2.947,0.006,REVOKED
core_breakdown,1000,500,100,40,130,23,12923,2.544,1.72,0.034,0.163,2.83,0.006,REVOKED
core_breakdown,1000,500,100,40,130,24,12924,2.911,1.992,0.026,0.203,3.323,0.006,REVOKED
core_breakdown,1000,500,100,40,130,25,12925,3.012,1.989,0.025,0.178,3.021,0.008,REVOKED
core_breakdown,1000,500,100,40,130,26,12926,2.567,1.786,0.026,0.181,3.016,0.006,REVOKED
core_breakdown,1000,500,100,40,130,27,12927,2.516,1.709,0.024,0.168,3.024,0.005,REVOKED
core_breakdown,1000,500,100,40,130,28,12928,2.595,1.755,0.024,0.201,3.048,0.007,REVOKED
core_breakdown,1000,500,100,40,130,29,12929,2.633,1.794,0.025,0.184,3.053,0.006,REVOKED
core_breakdown,1000,500,100,40,130,30,12930,2.708,1.835,0.022,0.191,2.992,0.007,REVOKED
core_breakdown,1000,500,100,40,130,31,12931,2.67,1.802,0.021,0.185,3.007,0.006,REVOKED
core_breakdown,1000,500,100,40,130,32,12932,2.616,1.79,0.025,0.174,3.094,0.006,REVOKED
core_breakdown,1000,500,100,40,130,33,12933,2.635,1.779,0.025,0.207,3.117,0.006,REVOKED
core_breakdown,1000,500,100,40,130,34,12934,2.64,1.815,0.023,0.191,3.077,0.006,REVOKED
core_breakdown,1000,500,100,40,130,35,12935,2.579,1.776,0.021,0.171,3.315,0.006,REVOKED
core_breakdown,1000,500,100,40,130,36,12936,2.609,1.75,0.024,0.177,3.022,0.005,REVOKED
core_breakdown,1000,500,100,40,130,37,12937,2.612,1.782,0.022,0.173,3.048,0.006,REVOKED
core_breakdown,1000,500,100,40,130,38,12938,2.583,1.769,0.021,0.179,2.951,0.006,REVOKED
core_breakdown,1000,500,100,40,130,39,12939,4.442,3.343,0.031,0.743,8.529,0.015,REVOKED
core_breakdown,1000,500,100,40,130,40,12940,5.603,3.664,0.068,0.393,4.717,0.011,REVOKED
core_breakdown,1000,500,100,40,130,41,12941,2.848,1.956,0.039,0.212,3.449,0.006,REVOKED
core_breakdown,1000,500,100,40,130,42,12942,3.019,2.057,0.029,0.215,3.443,0.007,REVOKED
core_breakdown,1000,500,100,40,130,43,12943,2.955,1.996,0.024,0.189,3.335,0.009,REVOKED
core_breakdown,1000,500,100,40,130,44,12944,2.921,2.011,0.022,0.222,3.364,0.006,REVOKED
core_breakdown,1000,500,100,40,130,45,12945,2.923,1.984,0.022,0.201,3.296,0.009,REVOKED
core_breakdown,1000,500,100,40,130,46,12946,2.944,2.007,0.028,0.2,3.273,0.006,REVOKED
core_breakdown,1000,500,100,40,130,47,12947,2.885,1.973,0.026,0.2,3.323,0.007,REVOKED
core_breakdown,1000,500,100,40,130,48,12948,2.917,2.011,0.026,0.202,3.291,0.006,REVOKED
core_breakdown,1000,500,100,40,130,49,12949,2.954,2.004,0.024,0.197,3.293,0.01,REVOKED
core_breakdown,1000,500,100,40,130,50,12950,2.938,2.029,0.022,0.196,3.279,0.006,REVOKED
core_breakdown,1000,500,100,40,130,51,12951,2.927,2.0,0.018,0.201,3.312,0.006,REVOKED
core_breakdown,1000,500,100,40,130,52,12952,2.895,1.982,0.027,0.216,3.263,0.006,REVOKED
core_breakdown,1000,500,100,40,130,53,12953,2.928,1.971,0.027,0.196,3.255,0.006,REVOKED
core_breakdown,1000,500,100,40,130,54,12954,2.93,1.985,0.024,0.186,3.287,0.006,REVOKED
core_breakdown,1000,500,100,40,130,55,12955,2.918,2.007,0.031,0.191,3.308,0.005,REVOKED
core_breakdown,1000,500,100,40,130,56,12956,3.082,2.092,0.022,0.211,3.4,0.006,REVOKED
core_breakdown,1000,500,100,40,130,57,12957,3.011,2.068,0.021,0.204,3.449,0.006,REVOKED
core_breakdown,1000,500,100,40,130,58,12958,3.04,2.093,0.025,0.211,3.331,0.006,REVOKED
core_breakdown,1000,500,100,40,130,59,12959,2.977,2.035,0.02,0.251,3.412,0.006,REVOKED
core_breakdown,1000,500,100,40,130,60,12960,3.063,2.118,0.025,0.205,3.415,0.008,REVOKED
core_breakdown,1000,500,100,40,130,61,12961,2.968,1.974,0.023,0.202,3.36,0.011,REVOKED
core_breakdown,1000,500,100,40,130,62,12962,2.941,2.023,0.018,0.186,3.304,0.005,REVOKED
core_breakdown,1000,500,100,40,130,63,12963,2.879,1.983,0.023,0.198,3.33,0.007,REVOKED
core_breakdown,1000,500,100,40,130,64,12964,2.909,1.995,0.023,0.197,3.391,0.006,REVOKED
core_breakdown,1000,500,100,40,130,65,12965,2.948,2.012,0.026,0.196,3.373,0.005,REVOKED
core_breakdown,1000,500,100,40,130,66,12966,2.958,2.023,0.022,0.195,3.318,0.006,REVOKED
core_breakdown,1000,500,100,40,130,67,12967,2.947,2.006,0.027,0.19,3.329,0.006,REVOKED
core_breakdown,1000,500,100,40,130,68,12968,2.882,1.97,0.018,0.192,3.296,0.005,REVOKED
core_breakdown,1000,500,100,40,130,69,12969,2.977,2.003,0.024,0.194,3.269,0.005,REVOKED
core_breakdown,1000,500,100,40,130,70,12970,2.96,2.015,0.022,0.193,3.38,0.006,REVOKED
core_breakdown,1000,500,100,40,130,71,12971,2.938,2.026,0.02,0.192,3.421,0.006,REVOKED
core_breakdown,1000,500,100,40,130,72,12972,2.961,2.013,0.025,0.199,3.279,0.005,REVOKED
core_breakdown,1000,500,100,40,130,73,12973,3.038,2.109,0.021,0.191,3.398,0.006,REVOKED
core_breakdown,1000,500,100,40,130,74,12974,2.994,2.078,0.024,0.203,3.299,0.006,REVOKED
core_breakdown,1000,500,100,40,130,75,12975,2.93,1.996,0.024,0.193,3.318,0.005,REVOKED
core_breakdown,1000,500,100,40,130,76,12976,2.908,1.99,0.024,0.203,3.454,0.007,REVOKED
core_breakdown,1000,500,100,40,130,77,12977,2.939,2.006,0.025,0.204,3.525,0.007,REVOKED
core_breakdown,1000,500,100,40,130,78,12978,2.727,1.839,0.024,0.18,3.057,0.006,REVOKED
core_breakdown,1000,500,100,40,130,79,12979,2.642,1.761,0.024,0.19,3.021,0.007,REVOKED
core_breakdown,1000,500,100,40,130,80,12980,2.709,1.835,0.023,0.192,3.001,0.007,REVOKED
core_breakdown,1000,500,100,40,130,81,12981,2.653,1.769,0.026,0.177,3.054,0.006,REVOKED
core_breakdown,1000,500,100,40,130,82,12982,2.586,1.732,0.026,0.193,2.969,0.006,REVOKED
core_breakdown,1000,500,100,40,130,83,12983,2.504,1.706,0.023,0.163,3.003,0.006,REVOKED
core_breakdown,1000,500,100,40,130,84,12984,2.689,1.822,0.024,0.182,2.978,0.005,REVOKED
core_breakdown,1000,500,100,40,130,85,12985,2.572,1.765,0.024,0.173,3.017,0.009,REVOKED
core_breakdown,1000,500,100,40,130,86,12986,2.609,1.795,0.023,0.181,3.036,0.006,REVOKED
core_breakdown,1000,500,100,40,130,87,12987,2.557,1.768,0.022,0.178,2.909,0.005,REVOKED
core_breakdown,1000,500,100,40,130,88,12988,2.547,1.744,0.02,0.174,3.038,0.006,REVOKED
core_breakdown,1000,500,100,40,130,89,12989,2.497,1.69,0.023,0.161,2.946,0.006,REVOKED
core_breakdown,1000,500,100,40,130,90,12990,2.6,1.785,0.022,0.178,2.973,0.006,REVOKED
core_breakdown,1000,500,100,40,130,91,12991,2.644,1.823,0.026,0.171,2.924,0.006,REVOKED
core_breakdown,1000,500,100,40,130,92,12992,2.638,1.808,0.023,0.178,2.921,0.006,REVOKED
core_breakdown,1000,500,100,40,130,93,12993,2.625,1.755,0.021,0.184,3.009,0.008,REVOKED
core_breakdown,1000,500,100,40,130,94,12994,2.621,1.787,0.026,0.171,3.015,0.007,REVOKED
core_breakdown,1000,500,100,40,130,95,12995,2.71,1.905,0.021,0.171,2.888,0.006,REVOKED
core_breakdown,1000,500,100,40,130,96,12996,2.555,1.75,0.026,0.177,2.97,0.006,REVOKED
core_breakdown,1000,500,100,40,130,97,12997,2.506,1.717,0.023,0.185,2.935,0.016,REVOKED
core_breakdown,1000,500,100,40,130,98,12998,2.45,1.675,0.021,0.17,3.059,0.005,REVOKED
core_breakdown,1000,500,100,40,130,99,12999,2.772,1.96,0.021,0.196,3.317,0.006,REVOKED
core_breakdown,1000,500,100,40,130,100,13000,2.92,2.028,0.023,0.219,3.384,0.006,REVOKED
core_breakdown,1000,500,100,41,131,1,13001,6.889,4.133,0.283,0.477,7.423,0.062,REVOKED
core_breakdown,1000,500,100,41,131,2,13002,6.313,4.105,0.138,0.399,6.526,0.028,REVOKED
core_breakdown,1000,500,100,41,131,3,13003,4.861,3.329,0.082,0.328,4.745,0.015,REVOKED
core_breakdown,1000,500,100,41,131,4,13004,4.097,2.77,0.054,0.295,4.437,0.01,REVOKED
core_breakdown,1000,500,100,41,131,5,13005,3.697,2.519,0.042,0.242,3.996,0.007,REVOKED
core_breakdown,1000,500,100,41,131,6,13006,3.532,2.386,0.028,0.215,3.931,0.007,REVOKED
core_breakdown,1000,500,100,41,131,7,13007,3.515,2.408,0.033,0.255,3.906,0.008,REVOKED
core_breakdown,1000,500,100,41,131,8,13008,3.502,2.401,0.031,0.233,4.106,0.015,REVOKED
core_breakdown,1000,500,100,41,131,9,13009,3.663,2.396,0.044,0.229,3.908,0.008,REVOKED
core_breakdown,1000,500,100,41,131,10,13010,3.408,2.326,0.032,0.226,3.792,0.008,REVOKED
core_breakdown,1000,500,100,41,131,11,13011,3.374,2.298,0.034,0.222,3.705,0.017,REVOKED
core_breakdown,1000,500,100,41,131,12,13012,3.127,2.109,0.077,0.22,3.411,0.009,REVOKED
core_breakdown,1000,500,100,41,131,13,13013,2.948,2.002,0.034,0.201,3.389,0.008,REVOKED
core_breakdown,1000,500,100,41,131,14,13014,3.01,2.074,0.027,0.193,3.426,0.008,REVOKED
core_breakdown,1000,500,100,41,131,15,13015,2.99,2.014,0.035,0.197,3.358,0.007,REVOKED
core_breakdown,1000,500,100,41,131,16,13016,2.956,2.022,0.022,0.214,3.452,0.007,REVOKED
core_breakdown,1000,500,100,41,131,17,13017,2.94,2.021,0.024,0.199,3.377,0.006,REVOKED
core_breakdown,1000,500,100,41,131,18,13018,2.948,2.024,0.027,0.212,3.333,0.006,REVOKED
core_breakdown,1000,500,100,41,131,19,13019,2.963,2.03,0.024,0.209,3.362,0.006,REVOKED
core_breakdown,1000,500,100,41,131,20,13020,2.958,2.036,0.022,0.201,3.304,0.005,REVOKED
core_breakdown,1000,500,100,41,131,21,13021,2.994,2.08,0.02,0.199,3.351,0.005,REVOKED
core_breakdown,1000,500,100,41,131,22,13022,2.942,2.013,0.03,0.202,3.403,0.005,REVOKED
core_breakdown,1000,500,100,41,131,23,13023,2.939,2.014,0.027,0.207,3.294,0.007,REVOKED
core_breakdown,1000,500,100,41,131,24,13024,2.968,2.037,0.023,0.196,3.263,0.006,REVOKED
core_breakdown,1000,500,100,41,131,25,13025,2.993,2.066,0.024,0.214,3.261,0.009,REVOKED
core_breakdown,1000,500,100,41,131,26,13026,2.964,2.029,0.025,0.194,3.347,0.006,REVOKED
core_breakdown,1000,500,100,41,131,27,13027,2.973,2.033,0.028,0.193,3.401,0.006,REVOKED
core_breakdown,1000,500,100,41,131,28,13028,2.989,2.042,0.026,0.201,3.334,0.006,REVOKED
core_breakdown,1000,500,100,41,131,29,13029,2.927,2.035,0.025,0.189,3.382,0.007,REVOKED
core_breakdown,1000,500,100,41,131,30,13030,2.901,1.968,0.025,0.207,3.245,0.006,REVOKED
core_breakdown,1000,500,100,41,131,31,13031,2.923,2.005,0.024,0.215,3.313,0.006,REVOKED
core_breakdown,1000,500,100,41,131,32,13032,2.93,2.012,0.021,0.192,3.397,0.005,REVOKED
core_breakdown,1000,500,100,41,131,33,13033,2.944,1.987,0.028,0.205,3.278,0.005,REVOKED
core_breakdown,1000,500,100,41,131,34,13034,2.955,2.033,0.028,0.207,3.452,0.007,REVOKED
core_breakdown,1000,500,100,41,131,35,13035,2.895,1.994,0.026,0.205,3.291,0.006,REVOKED
core_breakdown,1000,500,100,41,131,36,13036,2.943,2.025,0.023,0.219,3.235,0.006,REVOKED
core_breakdown,1000,500,100,41,131,37,13037,2.957,2.035,0.022,0.201,3.372,0.005,REVOKED
core_breakdown,1000,500,100,41,131,38,13038,3.03,2.094,0.024,0.196,3.38,0.012,REVOKED
core_breakdown,1000,500,100,41,131,39,13039,2.987,2.08,0.02,0.191,3.322,0.006,REVOKED
core_breakdown,1000,500,100,41,131,40,13040,2.964,2.047,0.022,0.193,3.262,0.005,REVOKED
core_breakdown,1000,500,100,41,131,41,13041,2.949,2.029,0.024,0.186,3.357,0.005,REVOKED
core_breakdown,1000,500,100,41,131,42,13042,2.96,2.006,0.022,0.199,3.338,0.01,REVOKED
core_breakdown,1000,500,100,41,131,43,13043,2.958,2.018,0.02,0.188,3.317,0.006,REVOKED
core_breakdown,1000,500,100,41,131,44,13044,2.89,1.967,0.025,0.194,3.291,0.006,REVOKED
core_breakdown,1000,500,100,41,131,45,13045,2.91,2.001,0.023,0.206,3.325,0.007,REVOKED
core_breakdown,1000,500,100,41,131,46,13046,2.897,1.972,0.022,0.18,3.275,0.005,REVOKED
core_breakdown,1000,500,100,41,131,47,13047,2.955,1.995,0.02,0.194,3.355,0.005,REVOKED
core_breakdown,1000,500,100,41,131,48,13048,2.995,2.041,0.024,0.201,3.296,0.007,REVOKED
core_breakdown,1000,500,100,41,131,49,13049,2.953,2.002,0.026,0.2,3.297,0.01,REVOKED
core_breakdown,1000,500,100,41,131,50,13050,2.911,1.999,0.022,0.195,3.395,0.005,REVOKED
core_breakdown,1000,500,100,41,131,51,13051,2.914,1.997,0.023,0.196,3.332,0.005,REVOKED
core_breakdown,1000,500,100,41,131,52,13052,2.922,2.0,0.029,0.198,3.268,0.006,REVOKED
core_breakdown,1000,500,100,41,131,53,13053,2.939,2.004,0.022,0.199,3.274,0.008,REVOKED
core_breakdown,1000,500,100,41,131,54,13054,2.933,2.014,0.019,0.227,3.252,0.005,REVOKED
core_breakdown,1000,500,100,41,131,55,13055,2.914,2.011,0.029,0.201,3.536,0.007,REVOKED
core_breakdown,1000,500,100,41,131,56,13056,2.976,2.008,0.02,0.194,3.296,0.006,REVOKED
core_breakdown,1000,500,100,41,131,57,13057,2.929,1.994,0.022,0.201,3.331,0.006,REVOKED
core_breakdown,1000,500,100,41,131,58,13058,2.954,2.013,0.03,0.196,3.346,0.006,REVOKED
core_breakdown,1000,500,100,41,131,59,13059,2.878,1.962,0.021,0.204,3.39,0.006,REVOKED
core_breakdown,1000,500,100,41,131,60,13060,2.99,2.058,0.025,0.192,3.387,0.006,REVOKED
core_breakdown,1000,500,100,41,131,61,13061,2.917,2.004,0.02,0.199,3.342,0.005,REVOKED
core_breakdown,1000,500,100,41,131,62,13062,3.015,2.032,0.023,0.201,3.259,0.006,REVOKED
core_breakdown,1000,500,100,41,131,63,13063,2.934,2.03,0.025,0.193,3.31,0.007,REVOKED
core_breakdown,1000,500,100,41,131,64,13064,2.966,2.039,0.027,0.194,3.263,0.006,REVOKED
core_breakdown,1000,500,100,41,131,65,13065,2.904,1.977,0.023,0.197,3.299,0.005,REVOKED
core_breakdown,1000,500,100,41,131,66,13066,2.932,2.019,0.02,0.197,3.229,0.005,REVOKED
core_breakdown,1000,500,100,41,131,67,13067,2.946,2.027,0.023,0.181,3.345,0.005,REVOKED
core_breakdown,1000,500,100,41,131,68,13068,2.905,1.996,0.021,0.196,3.255,0.006,REVOKED
core_breakdown,1000,500,100,41,131,69,13069,2.981,2.016,0.021,0.189,3.293,0.006,REVOKED
core_breakdown,1000,500,100,41,131,70,13070,2.888,1.997,0.021,0.188,3.287,0.005,REVOKED
core_breakdown,1000,500,100,41,131,71,13071,3.012,2.065,0.026,0.293,3.324,0.006,REVOKED
core_breakdown,1000,500,100,41,131,72,13072,2.952,2.016,0.02,0.216,3.327,0.005,REVOKED
core_breakdown,1000,500,100,41,131,73,13073,2.934,1.992,0.026,0.195,3.412,0.006,REVOKED
core_breakdown,1000,500,100,41,131,74,13074,2.943,2.015,0.021,0.185,3.304,0.006,REVOKED
core_breakdown,1000,500,100,41,131,75,13075,3.002,2.075,0.028,0.202,3.336,0.005,REVOKED
core_breakdown,1000,500,100,41,131,76,13076,3.014,2.037,0.023,0.195,3.299,0.006,REVOKED
core_breakdown,1000,500,100,41,131,77,13077,2.967,2.044,0.024,0.198,3.317,0.013,REVOKED
core_breakdown,1000,500,100,41,131,78,13078,2.925,2.002,0.019,0.205,3.275,0.006,REVOKED
core_breakdown,1000,500,100,41,131,79,13079,2.97,2.051,0.021,0.214,3.381,0.006,REVOKED
core_breakdown,1000,500,100,41,131,80,13080,2.88,1.95,0.022,0.202,3.332,0.005,REVOKED
core_breakdown,1000,500,100,41,131,81,13081,2.953,2.044,0.02,0.191,3.284,0.005,REVOKED
core_breakdown,1000,500,100,41,131,82,13082,2.902,1.997,0.019,0.194,3.436,0.006,REVOKED
core_breakdown,1000,500,100,41,131,83,13083,2.915,1.988,0.024,0.191,3.335,0.006,REVOKED
core_breakdown,1000,500,100,41,131,84,13084,2.919,2.0,0.024,0.195,3.264,0.005,REVOKED
core_breakdown,1000,500,100,41,131,85,13085,2.933,1.988,0.021,0.19,3.239,0.007,REVOKED
core_breakdown,1000,500,100,41,131,86,13086,2.892,1.992,0.025,0.203,3.288,0.006,REVOKED
core_breakdown,1000,500,100,41,131,87,13087,2.91,1.986,0.02,0.221,3.346,0.005,REVOKED
core_breakdown,1000,500,100,41,131,88,13088,2.95,2.034,0.029,0.185,3.255,0.006,REVOKED
core_breakdown,1000,500,100,41,131,89,13089,2.89,2.003,0.022,0.193,3.297,0.006,REVOKED
core_breakdown,1000,500,100,41,131,90,13090,2.989,2.028,0.021,0.211,3.318,0.01,REVOKED
core_breakdown,1000,500,100,41,131,91,13091,2.95,2.029,0.019,0.195,3.299,0.01,REVOKED
core_breakdown,1000,500,100,41,131,92,13092,2.899,1.995,0.019,0.199,3.291,0.005,REVOKED
core_breakdown,1000,500,100,41,131,93,13093,2.947,2.01,0.027,0.19,3.381,0.006,REVOKED
core_breakdown,1000,500,100,41,131,94,13094,2.967,2.017,0.022,0.185,3.303,0.006,REVOKED
core_breakdown,1000,500,100,41,131,95,13095,2.953,2.0,0.021,0.191,3.299,0.006,REVOKED
core_breakdown,1000,500,100,41,131,96,13096,2.896,2.011,0.019,0.198,3.316,0.006,REVOKED
core_breakdown,1000,500,100,41,131,97,13097,2.903,1.983,0.019,0.186,3.365,0.018,REVOKED
core_breakdown,1000,500,100,41,131,98,13098,2.964,2.02,0.021,0.193,3.255,0.006,REVOKED
core_breakdown,1000,500,100,41,131,99,13099,2.958,2.042,0.027,0.185,3.338,0.006,REVOKED
core_breakdown,1000,500,100,41,131,100,13100,2.944,2.035,0.019,0.198,3.246,0.006,REVOKED
core_breakdown,1000,500,100,42,132,1,13101,7.13,4.248,0.277,0.493,7.114,0.067,REVOKED
core_breakdown,1000,500,100,42,132,2,13102,6.293,4.096,0.148,0.385,6.269,0.029,REVOKED
core_breakdown,1000,500,100,42,132,3,13103,5.163,3.483,0.079,0.338,5.313,0.018,REVOKED
core_breakdown,1000,500,100,42,132,4,13104,4.869,3.33,0.097,0.33,5.047,0.016,REVOKED
core_breakdown,1000,500,100,42,132,5,13105,4.297,2.864,0.028,0.268,4.418,0.011,REVOKED
core_breakdown,1000,500,100,42,132,6,13106,3.858,2.576,0.051,0.243,4.05,0.01,REVOKED
core_breakdown,1000,500,100,42,132,7,13107,3.594,2.431,0.048,0.253,4.62,0.015,REVOKED
core_breakdown,1000,500,100,42,132,8,13108,4.074,2.728,0.08,0.236,3.946,0.008,REVOKED
core_breakdown,1000,500,100,42,132,9,13109,3.81,2.607,0.043,0.246,3.871,0.01,REVOKED
core_breakdown,1000,500,100,42,132,10,13110,3.453,2.351,0.034,0.22,3.845,0.007,REVOKED
core_breakdown,1000,500,100,42,132,11,13111,3.422,2.332,0.037,0.221,3.823,0.008,REVOKED
core_breakdown,1000,500,100,42,132,12,13112,3.491,2.393,0.037,0.225,3.867,0.01,REVOKED
core_breakdown,1000,500,100,42,132,13,13113,3.534,2.379,0.061,0.232,3.804,0.011,REVOKED
core_breakdown,1000,500,100,42,132,14,13114,3.47,2.387,0.032,0.252,3.536,0.015,REVOKED
core_breakdown,1000,500,100,42,132,15,13115,3.031,2.07,0.053,0.216,3.443,0.009,REVOKED
core_breakdown,1000,500,100,42,132,16,13116,2.947,2.01,0.027,0.214,3.386,0.006,REVOKED
core_breakdown,1000,500,100,42,132,17,13117,2.98,2.046,0.036,0.195,3.355,0.007,REVOKED
core_breakdown,1000,500,100,42,132,18,13118,2.99,2.034,0.028,0.203,3.453,0.008,REVOKED
core_breakdown,1000,500,100,42,132,19,13119,3.015,2.057,0.03,0.19,3.12,0.007,REVOKED
core_breakdown,1000,500,100,42,132,20,13120,2.592,1.769,0.025,0.186,3.006,0.006,REVOKED
core_breakdown,1000,500,100,42,132,21,13121,2.651,1.772,0.024,0.181,2.967,0.006,REVOKED
core_breakdown,1000,500,100,42,132,22,13122,2.673,1.848,0.023,0.183,3.034,0.007,REVOKED
core_breakdown,1000,500,100,42,132,23,13123,2.617,1.769,0.026,0.192,3.144,0.009,REVOKED
core_breakdown,1000,500,100,42,132,24,13124,2.703,1.818,0.025,0.212,3.032,0.006,REVOKED
core_breakdown,1000,500,100,42,132,25,13125,2.614,1.791,0.022,0.209,3.019,0.008,REVOKED
core_breakdown,1000,500,100,42,132,26,13126,2.687,1.839,0.034,0.199,3.068,0.005,REVOKED
core_breakdown,1000,500,100,42,132,27,13127,3.35,1.792,0.026,0.166,3.022,0.007,REVOKED
core_breakdown,1000,500,100,42,132,28,13128,2.551,1.754,0.027,0.174,3.065,0.007,REVOKED
core_breakdown,1000,500,100,42,132,29,13129,2.583,1.773,0.023,0.186,3.089,0.006,REVOKED
core_breakdown,1000,500,100,42,132,30,13130,2.587,1.713,0.025,0.184,2.977,0.006,REVOKED
core_breakdown,1000,500,100,42,132,31,13131,2.595,1.776,0.023,0.19,3.056,0.006,REVOKED
core_breakdown,1000,500,100,42,132,32,13132,2.616,1.806,0.022,0.181,2.915,0.007,REVOKED
core_breakdown,1000,500,100,42,132,33,13133,2.707,1.879,0.025,0.181,3.098,0.006,REVOKED
core_breakdown,1000,500,100,42,132,34,13134,2.586,1.75,0.025,0.186,2.989,0.006,REVOKED
core_breakdown,1000,500,100,42,132,35,13135,2.603,1.779,0.021,0.172,3.024,0.006,REVOKED
core_breakdown,1000,500,100,42,132,36,13136,2.55,1.753,0.024,0.175,2.982,0.006,REVOKED
core_breakdown,1000,500,100,42,132,37,13137,2.633,1.798,0.02,0.18,2.949,0.006,REVOKED
core_breakdown,1000,500,100,42,132,38,13138,2.689,1.842,0.019,0.167,3.001,0.006,REVOKED
core_breakdown,1000,500,100,42,132,39,13139,2.552,1.761,0.024,0.18,3.001,0.006,REVOKED
core_breakdown,1000,500,100,42,132,40,13140,2.59,1.747,0.025,0.193,3.032,0.006,REVOKED
core_breakdown,1000,500,100,42,132,41,13141,2.618,1.781,0.023,0.183,2.963,0.006,REVOKED
core_breakdown,1000,500,100,42,132,42,13142,2.554,1.753,0.023,0.175,3.071,0.006,REVOKED
core_breakdown,1000,500,100,42,132,43,13143,2.585,1.777,0.023,0.175,3.014,0.008,REVOKED
core_breakdown,1000,500,100,42,132,44,13144,2.577,1.784,0.021,0.17,3.114,0.006,REVOKED
core_breakdown,1000,500,100,42,132,45,13145,2.539,1.728,0.027,0.179,2.972,0.005,REVOKED
core_breakdown,1000,500,100,42,132,46,13146,2.573,1.745,0.021,0.177,3.029,0.006,REVOKED
core_breakdown,1000,500,100,42,132,47,13147,2.652,1.82,0.023,0.174,3.061,0.007,REVOKED
core_breakdown,1000,500,100,42,132,48,13148,2.574,1.735,0.027,0.175,3.1,0.006,REVOKED
core_breakdown,1000,500,100,42,132,49,13149,2.569,1.756,0.027,0.162,2.919,0.009,REVOKED
core_breakdown,1000,500,100,42,132,50,13150,2.508,1.683,0.025,0.171,2.986,0.006,REVOKED
core_breakdown,1000,500,100,42,132,51,13151,2.652,1.81,0.022,0.16,2.977,0.006,REVOKED
core_breakdown,1000,500,100,42,132,52,13152,2.562,1.757,0.024,0.202,2.993,0.011,REVOKED
core_breakdown,1000,500,100,42,132,53,13153,2.506,1.722,0.024,0.204,2.985,0.007,REVOKED
core_breakdown,1000,500,100,42,132,54,13154,2.565,1.763,0.023,0.192,2.962,0.005,REVOKED
core_breakdown,1000,500,100,42,132,55,13155,2.652,1.763,0.023,0.174,2.986,0.006,REVOKED
core_breakdown,1000,500,100,42,132,56,13156,2.658,1.788,0.022,0.169,2.977,0.006,REVOKED
core_breakdown,1000,500,100,42,132,57,13157,2.534,1.739,0.025,0.198,3.314,0.006,REVOKED
core_breakdown,1000,500,100,42,132,58,13158,2.93,2.013,0.021,0.177,3.018,0.006,REVOKED
core_breakdown,1000,500,100,42,132,59,13159,2.575,1.751,0.026,0.17,2.991,0.006,REVOKED
core_breakdown,1000,500,100,42,132,60,13160,2.593,1.778,0.019,0.167,3.075,0.006,REVOKED
core_breakdown,1000,500,100,42,132,61,13161,2.575,1.743,0.023,0.175,3.022,0.006,REVOKED
core_breakdown,1000,500,100,42,132,62,13162,2.629,1.783,0.023,0.18,3.03,0.006,REVOKED
core_breakdown,1000,500,100,42,132,63,13163,2.699,1.888,0.023,0.176,3.031,0.006,REVOKED
core_breakdown,1000,500,100,42,132,64,13164,2.592,1.775,0.024,0.174,2.954,0.006,REVOKED
core_breakdown,1000,500,100,42,132,65,13165,2.569,1.745,0.024,0.199,2.931,0.005,REVOKED
core_breakdown,1000,500,100,42,132,66,13166,2.576,1.74,0.021,0.176,2.993,0.005,REVOKED
core_breakdown,1000,500,100,42,132,67,13167,2.603,1.806,0.026,0.183,2.951,0.005,REVOKED
core_breakdown,1000,500,100,42,132,68,13168,2.583,1.739,0.023,0.194,2.946,0.006,REVOKED
core_breakdown,1000,500,100,42,132,69,13169,2.676,1.816,0.023,0.175,3.013,0.006,REVOKED
core_breakdown,1000,500,100,42,132,70,13170,2.596,1.75,0.023,0.179,3.021,0.006,REVOKED
core_breakdown,1000,500,100,42,132,71,13171,2.575,1.758,0.022,0.178,3.05,0.006,REVOKED
core_breakdown,1000,500,100,42,132,72,13172,2.564,1.696,0.024,0.176,2.961,0.005,REVOKED
core_breakdown,1000,500,100,42,132,73,13173,2.611,1.788,0.025,0.159,3.002,0.006,REVOKED
core_breakdown,1000,500,100,42,132,74,13174,2.564,1.756,0.024,0.182,3.011,0.006,REVOKED
core_breakdown,1000,500,100,42,132,75,13175,2.543,1.721,0.024,0.174,2.99,0.005,REVOKED
core_breakdown,1000,500,100,42,132,76,13176,2.578,1.766,0.023,0.172,2.991,0.006,REVOKED
core_breakdown,1000,500,100,42,132,77,13177,2.566,1.744,0.022,0.178,2.971,0.007,REVOKED
core_breakdown,1000,500,100,42,132,78,13178,2.599,1.791,0.026,0.177,2.959,0.007,REVOKED
core_breakdown,1000,500,100,42,132,79,13179,2.7,1.791,0.024,0.177,2.938,0.006,REVOKED
core_breakdown,1000,500,100,42,132,80,13180,2.642,1.844,0.025,0.171,2.992,0.007,REVOKED
core_breakdown,1000,500,100,42,132,81,13181,2.575,1.747,0.024,0.166,2.934,0.006,REVOKED
core_breakdown,1000,500,100,42,132,82,13182,2.548,1.741,0.021,0.188,3.023,0.006,REVOKED
core_breakdown,1000,500,100,42,132,83,13183,2.598,1.784,0.026,0.176,3.087,0.005,REVOKED
core_breakdown,1000,500,100,42,132,84,13184,2.483,1.667,0.023,0.182,2.95,0.006,REVOKED
core_breakdown,1000,500,100,42,132,85,13185,2.602,1.762,0.024,0.184,2.993,0.007,REVOKED
core_breakdown,1000,500,100,42,132,86,13186,2.585,1.777,0.024,0.185,3.019,0.005,REVOKED
core_breakdown,1000,500,100,42,132,87,13187,2.596,1.796,0.022,0.19,2.996,0.006,REVOKED
core_breakdown,1000,500,100,42,132,88,13188,2.609,1.777,0.022,0.189,3.0,0.01,REVOKED
core_breakdown,1000,500,100,42,132,89,13189,2.559,1.767,0.02,0.183,2.971,0.006,REVOKED
core_breakdown,1000,500,100,42,132,90,13190,2.641,1.769,0.026,0.181,3.009,0.006,REVOKED
core_breakdown,1000,500,100,42,132,91,13191,2.584,1.725,0.028,0.173,2.946,0.006,REVOKED
core_breakdown,1000,500,100,42,132,92,13192,2.598,1.807,0.025,0.185,2.965,0.007,REVOKED
core_breakdown,1000,500,100,42,132,93,13193,2.69,1.885,0.027,0.177,2.994,0.006,REVOKED
core_breakdown,1000,500,100,42,132,94,13194,2.579,1.808,0.021,0.17,2.97,0.006,REVOKED
core_breakdown,1000,500,100,42,132,95,13195,2.59,1.764,0.022,0.187,3.048,0.005,REVOKED
core_breakdown,1000,500,100,42,132,96,13196,2.648,1.842,0.023,0.193,2.98,0.006,REVOKED
core_breakdown,1000,500,100,42,132,97,13197,3.079,1.951,0.047,0.238,3.104,0.014,REVOKED
core_breakdown,1000,500,100,42,132,98,13198,2.579,1.738,0.024,0.192,2.927,0.006,REVOKED
core_breakdown,1000,500,100,42,132,99,13199,2.591,1.77,0.023,0.183,2.972,0.005,REVOKED
core_breakdown,1000,500,100,42,132,100,13200,2.616,1.784,0.028,0.176,2.979,0.006,REVOKED
core_breakdown,1000,500,100,43,133,1,13201,6.503,3.822,0.293,0.466,6.472,0.047,REVOKED
core_breakdown,1000,500,100,43,133,2,13202,7.025,4.429,0.216,0.423,6.318,0.043,REVOKED
core_breakdown,1000,500,100,43,133,3,13203,4.996,3.318,0.096,0.32,4.886,0.019,REVOKED
core_breakdown,1000,500,100,43,133,4,13204,4.415,3.055,0.078,0.323,4.878,0.019,REVOKED
core_breakdown,1000,500,100,43,133,5,13205,4.336,2.947,0.075,0.266,3.956,0.006,REVOKED
core_breakdown,1000,500,100,43,133,6,13206,3.265,2.206,0.038,0.203,3.569,0.009,REVOKED
core_breakdown,1000,500,100,43,133,7,13207,3.251,2.197,0.038,0.232,3.67,0.009,REVOKED
core_breakdown,1000,500,100,43,133,8,13208,3.295,2.251,0.04,0.201,3.6,0.007,REVOKED
core_breakdown,1000,500,100,43,133,9,13209,3.229,2.213,0.03,0.24,3.796,0.015,REVOKED
core_breakdown,1000,500,100,43,133,10,13210,3.23,2.184,0.043,0.222,3.493,0.008,REVOKED
core_breakdown,1000,500,100,43,133,11,13211,3.128,2.149,0.036,0.204,3.13,0.008,REVOKED
core_breakdown,1000,500,100,43,133,12,13212,2.779,1.911,0.026,0.183,3.061,0.007,REVOKED
core_breakdown,1000,500,100,43,133,13,13213,2.641,1.8,0.035,0.195,3.16,0.009,REVOKED
core_breakdown,1000,500,100,43,133,14,13214,2.605,1.788,0.027,0.183,2.948,0.006,REVOKED
core_breakdown,1000,500,100,43,133,15,13215,2.586,1.758,0.021,0.171,3.033,0.006,REVOKED
core_breakdown,1000,500,100,43,133,16,13216,2.627,1.818,0.027,0.177,3.091,0.009,REVOKED
core_breakdown,1000,500,100,43,133,17,13217,2.588,1.75,0.027,0.181,3.042,0.007,REVOKED
core_breakdown,1000,500,100,43,133,18,13218,2.595,1.776,0.023,0.192,2.965,0.006,REVOKED
core_breakdown,1000,500,100,43,133,19,13219,2.596,1.773,0.022,0.178,3.031,0.006,REVOKED
core_breakdown,1000,500,100,43,133,20,13220,2.571,1.711,0.024,0.164,3.086,0.006,REVOKED
core_breakdown,1000,500,100,43,133,21,13221,2.703,1.88,0.023,0.182,2.977,0.005,REVOKED
core_breakdown,1000,500,100,43,133,22,13222,2.581,1.732,0.021,0.174,3.009,0.006,REVOKED
core_breakdown,1000,500,100,43,133,23,13223,2.609,1.812,0.02,0.174,3.059,0.006,REVOKED
core_breakdown,1000,500,100,43,133,24,13224,2.647,1.841,0.023,0.182,3.018,0.006,REVOKED
core_breakdown,1000,500,100,43,133,25,13225,2.521,1.728,0.022,0.179,2.985,0.008,REVOKED
core_breakdown,1000,500,100,43,133,26,13226,2.668,1.825,0.026,0.171,2.984,0.005,REVOKED
core_breakdown,1000,500,100,43,133,27,13227,2.589,1.727,0.024,0.184,3.062,0.006,REVOKED
core_breakdown,1000,500,100,43,133,28,13228,2.598,1.758,0.024,0.162,3.03,0.005,REVOKED
core_breakdown,1000,500,100,43,133,29,13229,2.637,1.788,0.025,0.187,2.98,0.006,REVOKED
core_breakdown,1000,500,100,43,133,30,13230,2.614,1.82,0.026,0.181,2.952,0.005,REVOKED
core_breakdown,1000,500,100,43,133,31,13231,2.568,1.745,0.024,0.166,3.02,0.006,REVOKED
core_breakdown,1000,500,100,43,133,32,13232,2.606,1.783,0.022,0.169,2.974,0.005,REVOKED
core_breakdown,1000,500,100,43,133,33,13233,2.598,1.774,0.027,0.174,2.954,0.005,REVOKED
core_breakdown,1000,500,100,43,133,34,13234,2.625,1.808,0.02,0.183,3.014,0.006,REVOKED
core_breakdown,1000,500,100,43,133,35,13235,2.615,1.762,0.027,0.168,2.953,0.007,REVOKED
core_breakdown,1000,500,100,43,133,36,13236,2.565,1.75,0.025,0.195,2.925,0.006,REVOKED
core_breakdown,1000,500,100,43,133,37,13237,2.567,1.724,0.025,0.176,2.959,0.006,REVOKED
core_breakdown,1000,500,100,43,133,38,13238,2.604,1.724,0.025,0.176,3.039,0.006,REVOKED
core_breakdown,1000,500,100,43,133,39,13239,2.558,1.714,0.024,0.181,2.977,0.006,REVOKED
core_breakdown,1000,500,100,43,133,40,13240,2.544,1.736,0.026,0.174,3.031,0.006,REVOKED
core_breakdown,1000,500,100,43,133,41,13241,2.523,1.732,0.024,0.17,3.095,0.005,REVOKED
core_breakdown,1000,500,100,43,133,42,13242,2.618,1.797,0.022,0.178,2.965,0.007,REVOKED
core_breakdown,1000,500,100,43,133,43,13243,2.632,1.789,0.024,0.182,2.971,0.006,REVOKED
core_breakdown,1000,500,100,43,133,44,13244,2.544,1.728,0.025,0.203,2.971,0.011,REVOKED
core_breakdown,1000,500,100,43,133,45,13245,2.52,1.699,0.025,0.181,3.002,0.005,REVOKED
core_breakdown,1000,500,100,43,133,46,13246,2.591,1.752,0.022,0.161,2.984,0.006,REVOKED
core_breakdown,1000,500,100,43,133,47,13247,2.605,1.794,0.025,0.186,2.995,0.005,REVOKED
core_breakdown,1000,500,100,43,133,48,13248,2.541,1.757,0.024,0.174,2.972,0.01,REVOKED
core_breakdown,1000,500,100,43,133,49,13249,2.549,1.753,0.023,0.188,3.03,0.011,REVOKED
core_breakdown,1000,500,100,43,133,50,13250,2.614,1.753,0.021,0.189,3.044,0.009,REVOKED
core_breakdown,1000,500,100,43,133,51,13251,2.578,1.75,0.02,0.224,2.959,0.011,REVOKED
core_breakdown,1000,500,100,43,133,52,13252,2.596,1.778,0.026,0.169,3.01,0.011,REVOKED
core_breakdown,1000,500,100,43,133,53,13253,2.584,1.754,0.03,0.171,2.923,0.008,REVOKED
core_breakdown,1000,500,100,43,133,54,13254,2.527,1.737,0.027,0.182,3.08,0.005,REVOKED
core_breakdown,1000,500,100,43,133,55,13255,2.585,1.746,0.023,0.195,3.102,0.006,REVOKED
core_breakdown,1000,500,100,43,133,56,13256,2.558,1.734,0.022,0.191,2.994,0.006,REVOKED
core_breakdown,1000,500,100,43,133,57,13257,2.571,1.729,0.026,0.194,2.938,0.006,REVOKED
core_breakdown,1000,500,100,43,133,58,13258,2.709,1.831,0.026,0.18,2.952,0.005,REVOKED
core_breakdown,1000,500,100,43,133,59,13259,2.52,1.715,0.024,0.196,2.973,0.006,REVOKED
core_breakdown,1000,500,100,43,133,60,13260,2.588,1.739,0.024,0.183,3.006,0.006,REVOKED
core_breakdown,1000,500,100,43,133,61,13261,2.591,1.75,0.022,0.176,2.977,0.007,REVOKED
core_breakdown,1000,500,100,43,133,62,13262,2.565,1.727,0.025,0.181,2.908,0.006,REVOKED
core_breakdown,1000,500,100,43,133,63,13263,2.625,1.797,0.022,0.17,2.92,0.005,REVOKED
core_breakdown,1000,500,100,43,133,64,13264,2.651,1.808,0.024,0.176,2.992,0.02,REVOKED
core_breakdown,1000,500,100,43,133,65,13265,2.65,1.82,0.02,0.173,2.973,0.006,REVOKED
core_breakdown,1000,500,100,43,133,66,13266,2.593,1.745,0.024,0.197,2.979,0.005,REVOKED
core_breakdown,1000,500,100,43,133,67,13267,2.641,1.806,0.02,0.172,3.001,0.006,REVOKED
core_breakdown,1000,500,100,43,133,68,13268,2.556,1.75,0.026,0.175,3.035,0.006,REVOKED
core_breakdown,1000,500,100,43,133,69,13269,2.699,1.847,0.023,0.197,3.336,0.006,REVOKED
core_breakdown,1000,500,100,43,133,70,13270,2.909,2.008,0.021,0.203,3.364,0.005,REVOKED
core_breakdown,1000,500,100,43,133,71,13271,2.906,1.995,0.023,0.207,3.275,0.006,REVOKED
core_breakdown,1000,500,100,43,133,72,13272,2.916,2.001,0.022,0.19,3.354,0.006,REVOKED
core_breakdown,1000,500,100,43,133,73,13273,2.922,1.975,0.027,0.2,3.268,0.006,REVOKED
core_breakdown,1000,500,100,43,133,74,13274,2.989,2.081,0.022,0.193,3.308,0.011,REVOKED
core_breakdown,1000,500,100,43,133,75,13275,2.995,2.075,0.025,0.192,3.275,0.005,REVOKED
core_breakdown,1000,500,100,43,133,76,13276,2.974,2.07,0.022,0.193,3.327,0.006,REVOKED
core_breakdown,1000,500,100,43,133,77,13277,2.94,2.024,0.024,0.179,3.309,0.007,REVOKED
core_breakdown,1000,500,100,43,133,78,13278,2.92,1.996,0.022,0.206,3.387,0.006,REVOKED
core_breakdown,1000,500,100,43,133,79,13279,3.06,2.093,0.054,0.196,3.275,0.006,REVOKED
core_breakdown,1000,500,100,43,133,80,13280,2.575,1.76,0.025,0.223,2.981,0.005,REVOKED
core_breakdown,1000,500,100,43,133,81,13281,2.606,1.79,0.026,0.169,2.917,0.006,REVOKED
core_breakdown,1000,500,100,43,133,82,13282,2.563,1.746,0.024,0.182,2.974,0.005,REVOKED
core_breakdown,1000,500,100,43,133,83,13283,2.52,1.72,0.023,0.177,2.983,0.005,REVOKED
core_breakdown,1000,500,100,43,133,84,13284,2.503,1.694,0.026,0.169,2.968,0.012,REVOKED
core_breakdown,1000,500,100,43,133,85,13285,2.535,1.72,0.022,0.173,2.877,0.006,REVOKED
core_breakdown,1000,500,100,43,133,86,13286,2.62,1.761,0.024,0.169,3.09,0.006,REVOKED
core_breakdown,1000,500,100,43,133,87,13287,2.63,1.796,0.025,0.179,2.991,0.005,REVOKED
core_breakdown,1000,500,100,43,133,88,13288,2.578,1.774,0.023,0.178,3.0,0.005,REVOKED
core_breakdown,1000,500,100,43,133,89,13289,2.592,1.772,0.021,0.171,2.97,0.006,REVOKED
core_breakdown,1000,500,100,43,133,90,13290,2.605,1.798,0.021,0.193,3.024,0.005,REVOKED
core_breakdown,1000,500,100,43,133,91,13291,2.539,1.707,0.025,0.195,3.043,0.006,REVOKED
core_breakdown,1000,500,100,43,133,92,13292,2.6,1.775,0.022,0.177,3.018,0.006,REVOKED
core_breakdown,1000,500,100,43,133,93,13293,2.56,1.719,0.021,0.178,3.036,0.008,REVOKED
core_breakdown,1000,500,100,43,133,94,13294,2.612,1.791,0.021,0.182,2.923,0.006,REVOKED
core_breakdown,1000,500,100,43,133,95,13295,2.591,1.786,0.02,0.162,3.051,0.006,REVOKED
core_breakdown,1000,500,100,43,133,96,13296,2.567,1.742,0.027,0.175,2.928,0.007,REVOKED
core_breakdown,1000,500,100,43,133,97,13297,2.601,1.774,0.026,0.234,2.964,0.018,REVOKED
core_breakdown,1000,500,100,43,133,98,13298,2.516,1.75,0.02,0.188,3.009,0.006,REVOKED
core_breakdown,1000,500,100,43,133,99,13299,2.6,1.774,0.023,0.178,2.917,0.006,REVOKED
core_breakdown,1000,500,100,43,133,100,13300,2.612,1.749,0.021,0.217,2.952,0.006,REVOKED
core_breakdown,1000,500,100,44,134,1,13301,5.903,3.702,0.275,0.392,7.76,0.067,REVOKED
core_breakdown,1000,500,100,44,134,2,13302,5.85,3.886,0.118,0.378,5.779,0.033,REVOKED
core_breakdown,1000,500,100,44,134,3,13303,4.854,3.309,0.068,0.325,4.494,0.017,REVOKED
core_breakdown,1000,500,100,44,134,4,13304,4.158,2.845,0.063,0.261,4.428,0.013,REVOKED
core_breakdown,1000,500,100,44,134,5,13305,3.875,2.597,0.042,0.267,4.395,0.013,REVOKED
core_breakdown,1000,500,100,44,134,6,13306,3.924,2.672,0.037,0.252,4.15,0.008,REVOKED
core_breakdown,1000,500,100,44,134,7,13307,3.685,2.486,0.045,0.244,4.023,0.008,REVOKED
core_breakdown,1000,500,100,44,134,8,13308,3.692,2.509,0.038,0.283,3.929,0.008,REVOKED
core_breakdown,1000,500,100,44,134,9,13309,3.569,2.434,0.042,0.223,3.93,0.007,REVOKED
core_breakdown,1000,500,100,44,134,10,13310,3.58,2.442,0.033,0.225,3.875,0.008,REVOKED
core_breakdown,1000,500,100,44,134,11,13311,3.423,2.355,0.028,0.224,3.874,0.008,REVOKED
core_breakdown,1000,500,100,44,134,12,13312,3.617,2.447,0.056,0.233,3.86,0.007,REVOKED
core_breakdown,1000,500,100,44,134,13,13313,3.487,2.388,0.035,0.219,3.76,0.012,REVOKED
core_breakdown,1000,500,100,44,134,14,13314,3.482,2.383,0.042,0.225,3.763,0.008,REVOKED
core_breakdown,1000,500,100,44,134,15,13315,3.385,2.309,0.035,0.201,3.715,0.006,REVOKED
core_breakdown,1000,500,100,44,134,16,13316,3.384,2.248,0.073,0.228,3.47,0.015,REVOKED
core_breakdown,1000,500,100,44,134,17,13317,3.008,2.055,0.037,0.214,3.375,0.013,REVOKED
core_breakdown,1000,500,100,44,134,18,13318,3.061,2.097,0.027,0.207,3.527,0.008,REVOKED
core_breakdown,1000,500,100,44,134,19,13319,2.997,2.05,0.028,0.202,3.367,0.007,REVOKED
core_breakdown,1000,500,100,44,134,20,13320,3.038,2.086,0.026,0.191,3.316,0.006,REVOKED
core_breakdown,1000,500,100,44,134,21,13321,2.964,2.027,0.024,0.228,5.32,0.008,REVOKED
core_breakdown,1000,500,100,44,134,22,13322,3.078,2.065,0.032,0.192,3.394,0.007,REVOKED
core_breakdown,1000,500,100,44,134,23,13323,2.903,1.959,0.029,0.178,2.972,0.007,REVOKED
core_breakdown,1000,500,100,44,134,24,13324,2.944,2.025,0.025,0.205,3.355,0.009,REVOKED
core_breakdown,1000,500,100,44,134,25,13325,2.947,2.01,0.03,0.198,3.336,0.008,REVOKED
core_breakdown,1000,500,100,44,134,26,13326,3.021,2.098,0.028,0.194,3.329,0.006,REVOKED
core_breakdown,1000,500,100,44,134,27,13327,2.924,2.003,0.029,0.194,3.357,0.006,REVOKED
core_breakdown,1000,500,100,44,134,28,13328,2.951,2.024,0.022,0.214,3.316,0.007,REVOKED
core_breakdown,1000,500,100,44,134,29,13329,2.969,1.982,0.02,0.19,3.321,0.005,REVOKED
core_breakdown,1000,500,100,44,134,30,13330,2.959,2.026,0.023,0.197,3.304,0.006,REVOKED
core_breakdown,1000,500,100,44,134,31,13331,2.896,2.002,0.024,0.204,3.322,0.007,REVOKED
core_breakdown,1000,500,100,44,134,32,13332,3.059,2.094,0.024,0.193,3.297,0.005,REVOKED
core_breakdown,1000,500,100,44,134,33,13333,2.938,2.041,0.021,0.2,3.343,0.008,REVOKED
core_breakdown,1000,500,100,44,134,34,13334,2.903,1.989,0.027,0.209,3.296,0.006,REVOKED
core_breakdown,1000,500,100,44,134,35,13335,2.932,1.994,0.025,0.196,3.348,0.006,REVOKED
core_breakdown,1000,500,100,44,134,36,13336,2.934,2.002,0.023,0.186,3.318,0.006,REVOKED
core_breakdown,1000,500,100,44,134,37,13337,2.953,2.029,0.021,0.229,3.337,0.007,REVOKED
core_breakdown,1000,500,100,44,134,38,13338,3.646,2.054,0.69,0.201,3.332,0.006,REVOKED
core_breakdown,1000,500,100,44,134,39,13339,3.114,2.116,0.025,0.202,3.439,0.012,REVOKED
core_breakdown,1000,500,100,44,134,40,13340,3.075,2.106,0.027,0.197,3.511,0.006,REVOKED
core_breakdown,1000,500,100,44,134,41,13341,2.992,2.073,0.022,0.204,3.491,0.006,REVOKED
core_breakdown,1000,500,100,44,134,42,13342,3.092,2.107,0.02,0.22,3.415,0.006,REVOKED
core_breakdown,1000,500,100,44,134,43,13343,3.085,2.128,0.027,0.208,3.428,0.006,REVOKED
core_breakdown,1000,500,100,44,134,44,13344,2.971,2.033,0.024,0.203,3.44,0.006,REVOKED
core_breakdown,1000,500,100,44,134,45,13345,2.684,1.811,0.021,0.19,3.012,0.006,REVOKED
core_breakdown,1000,500,100,44,134,46,13346,2.571,1.749,0.025,0.174,2.955,0.006,REVOKED
core_breakdown,1000,500,100,44,134,47,13347,2.678,1.817,0.024,0.177,2.998,0.006,REVOKED
core_breakdown,1000,500,100,44,134,48,13348,2.577,1.72,0.022,0.181,2.977,0.006,REVOKED
core_breakdown,1000,500,100,44,134,49,13349,2.616,1.764,0.024,0.168,2.924,0.01,REVOKED
core_breakdown,1000,500,100,44,134,50,13350,2.583,1.763,0.025,0.183,2.977,0.006,REVOKED
core_breakdown,1000,500,100,44,134,51,13351,2.647,1.825,0.023,0.183,2.962,0.006,REVOKED
core_breakdown,1000,500,100,44,134,52,13352,2.657,1.786,0.025,0.162,3.043,0.005,REVOKED
core_breakdown,1000,500,100,44,134,53,13353,2.555,1.762,0.026,0.184,2.954,0.006,REVOKED
core_breakdown,1000,500,100,44,134,54,13354,2.565,1.752,0.025,0.173,3.02,0.006,REVOKED
core_breakdown,1000,500,100,44,134,55,13355,2.632,1.826,0.019,0.173,3.027,0.006,REVOKED
core_breakdown,1000,500,100,44,134,56,13356,2.557,1.744,0.025,0.173,2.954,0.005,REVOKED
core_breakdown,1000,500,100,44,134,57,13357,2.481,1.686,0.023,0.165,3.151,0.006,REVOKED
core_breakdown,1000,500,100,44,134,58,13358,2.579,1.768,0.025,0.185,2.952,0.006,REVOKED
core_breakdown,1000,500,100,44,134,59,13359,2.611,1.771,0.022,0.175,3.042,0.006,REVOKED
core_breakdown,1000,500,100,44,134,60,13360,2.582,1.753,0.02,0.183,2.967,0.005,REVOKED
core_breakdown,1000,500,100,44,134,61,13361,2.572,1.749,0.025,0.157,2.979,0.009,REVOKED
core_breakdown,1000,500,100,44,134,62,13362,2.471,1.69,0.025,0.178,2.964,0.006,REVOKED
core_breakdown,1000,500,100,44,134,63,13363,2.601,1.794,0.023,0.17,3.064,0.006,REVOKED
core_breakdown,1000,500,100,44,134,64,13364,2.585,1.778,0.025,0.173,3.047,0.005,REVOKED
core_breakdown,1000,500,100,44,134,65,13365,2.885,2.045,0.024,0.185,3.102,0.006,REVOKED
core_breakdown,1000,500,100,44,134,66,13366,2.601,1.756,0.023,0.181,3.009,0.006,REVOKED
core_breakdown,1000,500,100,44,134,67,13367,2.567,1.745,0.024,0.172,3.005,0.007,REVOKED
core_breakdown,1000,500,100,44,134,68,13368,2.623,1.787,0.027,0.183,2.95,0.006,REVOKED
core_breakdown,1000,500,100,44,134,69,13369,2.548,1.733,0.023,0.18,2.978,0.005,REVOKED
core_breakdown,1000,500,100,44,134,70,13370,2.567,1.72,0.021,0.174,2.988,0.006,REVOKED
core_breakdown,1000,500,100,44,134,71,13371,2.553,1.742,0.026,0.171,3.0,0.006,REVOKED
core_breakdown,1000,500,100,44,134,72,13372,2.624,1.81,0.023,0.172,3.062,0.006,REVOKED
core_breakdown,1000,500,100,44,134,73,13373,2.597,1.776,0.02,0.171,3.056,0.005,REVOKED
core_breakdown,1000,500,100,44,134,74,13374,2.576,1.766,0.025,0.18,2.947,0.006,REVOKED
core_breakdown,1000,500,100,44,134,75,13375,2.606,1.787,0.023,0.193,3.007,0.006,REVOKED
core_breakdown,1000,500,100,44,134,76,13376,2.574,1.795,0.021,0.175,2.967,0.005,REVOKED
core_breakdown,1000,500,100,44,134,77,13377,2.537,1.759,0.024,0.184,2.969,0.006,REVOKED
core_breakdown,1000,500,100,44,134,78,13378,2.587,1.766,0.021,0.181,3.102,0.005,REVOKED
core_breakdown,1000,500,100,44,134,79,13379,2.547,1.714,0.026,0.174,3.334,0.006,REVOKED
core_breakdown,1000,500,100,44,134,80,13380,2.941,2.023,0.022,0.2,3.377,0.006,REVOKED
core_breakdown,1000,500,100,44,134,81,13381,2.995,2.087,0.022,0.212,3.363,0.006,REVOKED
core_breakdown,1000,500,100,44,134,82,13382,2.911,1.999,0.022,0.195,3.376,0.005,REVOKED
core_breakdown,1000,500,100,44,134,83,13383,2.925,1.994,0.028,0.193,3.273,0.006,REVOKED
core_breakdown,1000,500,100,44,134,84,13384,2.924,1.998,0.02,0.19,3.331,0.006,REVOKED
core_breakdown,1000,500,100,44,134,85,13385,2.942,2.026,0.022,0.204,3.311,0.006,REVOKED
core_breakdown,1000,500,100,44,134,86,13386,2.939,2.003,0.022,0.184,3.439,0.006,REVOKED
core_breakdown,1000,500,100,44,134,87,13387,2.978,2.049,0.022,0.19,3.295,0.006,REVOKED
core_breakdown,1000,500,100,44,134,88,13388,2.906,1.977,0.022,0.192,3.306,0.006,REVOKED
core_breakdown,1000,500,100,44,134,89,13389,3.008,2.057,0.022,0.191,3.384,0.006,REVOKED
core_breakdown,1000,500,100,44,134,90,13390,3.241,2.274,0.023,0.195,3.409,0.007,REVOKED
core_breakdown,1000,500,100,44,134,91,13391,3.007,2.05,0.021,0.213,3.338,0.005,REVOKED
core_breakdown,1000,500,100,44,134,92,13392,2.908,1.981,0.022,0.202,3.32,0.006,REVOKED
core_breakdown,1000,500,100,44,134,93,13393,3.009,2.039,0.02,0.211,3.408,0.006,REVOKED
core_breakdown,1000,500,100,44,134,94,13394,2.979,2.052,0.021,0.215,3.543,0.007,REVOKED
core_breakdown,1000,500,100,44,134,95,13395,2.681,1.84,0.037,0.191,3.329,0.011,REVOKED
core_breakdown,1000,500,100,44,134,96,13396,3.057,2.114,0.032,0.216,3.622,0.01,REVOKED
core_breakdown,1000,500,100,44,134,97,13397,3.148,2.13,0.046,0.201,3.682,0.021,REVOKED
core_breakdown,1000,500,100,44,134,98,13398,3.19,2.172,0.05,0.212,3.625,0.013,REVOKED
core_breakdown,1000,500,100,44,134,99,13399,3.212,2.258,0.041,0.232,3.739,0.011,REVOKED
core_breakdown,1000,500,100,44,134,100,13400,3.05,2.057,0.038,0.222,3.866,0.012,REVOKED
core_breakdown,1000,500,100,45,135,1,13401,6.402,4.064,0.291,0.475,7.355,0.065,REVOKED
core_breakdown,1000,500,100,45,135,2,13402,6.256,4.192,0.145,0.324,6.15,0.029,REVOKED
core_breakdown,1000,500,100,45,135,3,13403,5.107,3.437,0.082,0.329,5.209,0.018,REVOKED
core_breakdown,1000,500,100,45,135,4,13404,4.697,3.247,0.049,0.275,4.389,0.01,REVOKED
core_breakdown,1000,500,100,45,135,5,13405,4.046,2.762,0.055,0.267,4.426,0.01,REVOKED
core_breakdown,1000,500,100,45,135,6,13406,4.069,2.752,0.051,0.274,4.517,0.012,REVOKED
core_breakdown,1000,500,100,45,135,7,13407,3.899,2.643,0.038,0.24,3.973,0.008,REVOKED
core_breakdown,1000,500,100,45,135,8,13408,3.622,2.481,0.035,0.244,3.963,0.007,REVOKED
core_breakdown,1000,500,100,45,135,9,13409,3.538,2.427,0.027,0.213,3.952,0.008,REVOKED
core_breakdown,1000,500,100,45,135,10,13410,3.545,2.428,0.034,0.237,3.85,0.006,REVOKED
core_breakdown,1000,500,100,45,135,11,13411,3.539,2.418,0.034,0.235,3.905,0.008,REVOKED
core_breakdown,1000,500,100,45,135,12,13412,3.431,2.359,0.03,0.255,3.819,0.007,REVOKED
core_breakdown,1000,500,100,45,135,13,13413,3.426,2.324,0.026,0.248,3.757,0.008,REVOKED
core_breakdown,1000,500,100,45,135,14,13414,3.415,2.329,0.032,0.226,3.765,0.008,REVOKED
core_breakdown,1000,500,100,45,135,15,13415,3.454,2.34,0.035,0.227,3.782,0.006,REVOKED
core_breakdown,1000,500,100,45,135,16,13416,3.367,2.29,0.025,0.208,3.729,0.007,REVOKED
core_breakdown,1000,500,100,45,135,17,13417,3.286,2.181,0.079,0.227,3.392,0.014,REVOKED
core_breakdown,1000,500,100,45,135,18,13418,2.952,2.001,0.038,0.203,3.44,0.007,REVOKED
core_breakdown,1000,500,100,45,135,19,13419,3.14,2.104,0.031,0.2,3.378,0.008,REVOKED
core_breakdown,1000,500,100,45,135,20,13420,2.991,2.035,0.033,0.212,3.572,0.007,REVOKED
core_breakdown,1000,500,100,45,135,21,13421,3.015,2.066,0.031,0.241,3.383,0.006,REVOKED
core_breakdown,1000,500,100,45,135,22,13422,2.983,2.039,0.027,0.196,3.428,0.007,REVOKED
core_breakdown,1000,500,100,45,135,23,13423,2.95,2.032,0.023,0.199,3.331,0.007,REVOKED
core_breakdown,1000,500,100,45,135,24,13424,3.002,2.053,0.027,0.196,3.427,0.006,REVOKED
core_breakdown,1000,500,100,45,135,25,13425,2.99,2.07,0.024,0.2,3.379,0.009,REVOKED
core_breakdown,1000,500,100,45,135,26,13426,2.981,2.038,0.028,0.206,3.36,0.005,REVOKED
core_breakdown,1000,500,100,45,135,27,13427,2.943,2.004,0.024,0.195,3.267,0.005,REVOKED
core_breakdown,1000,500,100,45,135,28,13428,2.991,2.018,0.028,0.212,3.234,0.007,REVOKED
core_breakdown,1000,500,100,45,135,29,13429,3.184,2.228,0.029,0.209,3.808,0.008,REVOKED
core_breakdown,1000,500,100,45,135,30,13430,3.217,2.195,0.035,0.21,3.751,0.008,REVOKED
core_breakdown,1000,500,100,45,135,31,13431,3.118,2.133,0.028,0.226,3.767,0.007,REVOKED
core_breakdown,1000,500,100,45,135,32,13432,3.093,2.09,0.027,0.204,3.557,0.007,REVOKED
core_breakdown,1000,500,100,45,135,33,13433,3.305,2.246,0.035,0.228,3.732,0.012,REVOKED
core_breakdown,1000,500,100,45,135,34,13434,3.261,2.271,0.027,0.196,3.394,0.006,REVOKED
core_breakdown,1000,500,100,45,135,35,13435,2.948,2.006,0.026,0.197,3.313,0.007,REVOKED
core_breakdown,1000,500,100,45,135,36,13436,2.676,1.814,0.025,0.177,3.047,0.007,REVOKED
core_breakdown,1000,500,100,45,135,37,13437,2.591,1.768,0.022,0.186,3.043,0.006,REVOKED
core_breakdown,1000,500,100,45,135,38,13438,2.668,1.84,0.028,0.192,3.028,0.006,REVOKED
core_breakdown,1000,500,100,45,135,39,13439,2.63,1.818,0.023,0.162,2.997,0.007,REVOKED
core_breakdown,1000,500,100,45,135,40,13440,2.612,1.786,0.026,0.175,2.94,0.005,REVOKED
core_breakdown,1000,500,100,45,135,41,13441,2.622,1.805,0.021,0.187,3.021,0.007,REVOKED
core_breakdown,1000,500,100,45,135,42,13442,2.597,1.769,0.022,0.18,2.92,0.006,REVOKED
core_breakdown,1000,500,100,45,135,43,13443,2.576,1.75,0.023,0.168,3.033,0.006,REVOKED
core_breakdown,1000,500,100,45,135,44,13444,2.707,1.878,0.02,0.178,3.103,0.006,REVOKED
core_breakdown,1000,500,100,45,135,45,13445,2.564,1.732,0.021,0.166,2.896,0.007,REVOKED
core_breakdown,1000,500,100,45,135,46,13446,2.587,1.753,0.022,0.184,3.026,0.006,REVOKED
core_breakdown,1000,500,100,45,135,47,13447,2.52,1.702,0.021,0.201,2.962,0.005,REVOKED
core_breakdown,1000,500,100,45,135,48,13448,2.643,1.796,0.03,0.181,2.991,0.006,REVOKED
core_breakdown,1000,500,100,45,135,49,13449,2.567,1.769,0.02,0.188,2.865,0.012,REVOKED
core_breakdown,1000,500,100,45,135,50,13450,2.474,1.703,0.019,0.173,2.943,0.005,REVOKED
core_breakdown,1000,500,100,45,135,51,13451,2.515,1.724,0.025,0.169,2.857,0.006,REVOKED
core_breakdown,1000,500,100,45,135,52,13452,2.571,1.782,0.023,0.183,2.965,0.007,REVOKED
core_breakdown,1000,500,100,45,135,53,13453,2.616,1.787,0.026,0.176,3.015,0.007,REVOKED
core_breakdown,1000,500,100,45,135,54,13454,2.605,1.755,0.025,0.165,3.03,0.006,REVOKED
core_breakdown,1000,500,100,45,135,55,13455,2.545,1.707,0.027,0.184,2.975,0.006,REVOKED
core_breakdown,1000,500,100,45,135,56,13456,2.547,1.748,0.024,0.172,3.019,0.007,REVOKED
core_breakdown,1000,500,100,45,135,57,13457,2.523,1.722,0.022,0.18,2.908,0.005,REVOKED
core_breakdown,1000,500,100,45,135,58,13458,2.604,1.773,0.024,0.178,2.962,0.006,REVOKED
core_breakdown,1000,500,100,45,135,59,13459,2.597,1.783,0.022,0.171,3.088,0.006,REVOKED
core_breakdown,1000,500,100,45,135,60,13460,2.522,1.701,0.024,0.177,3.054,0.005,REVOKED
core_breakdown,1000,500,100,45,135,61,13461,2.585,1.757,0.024,0.206,2.972,0.006,REVOKED
core_breakdown,1000,500,100,45,135,62,13462,2.867,1.983,0.022,0.187,3.268,0.006,REVOKED
core_breakdown,1000,500,100,45,135,63,13463,2.958,2.052,0.025,0.208,3.295,0.006,REVOKED
core_breakdown,1000,500,100,45,135,64,13464,2.946,2.035,0.023,0.191,3.278,0.005,REVOKED
core_breakdown,1000,500,100,45,135,65,13465,2.912,1.974,0.023,0.189,3.325,0.005,REVOKED
core_breakdown,1000,500,100,45,135,66,13466,2.961,2.033,0.024,0.196,3.241,0.006,REVOKED
core_breakdown,1000,500,100,45,135,67,13467,2.949,2.04,0.022,0.205,3.267,0.006,REVOKED
core_breakdown,1000,500,100,45,135,68,13468,2.927,2.016,0.025,0.193,3.314,0.005,REVOKED
core_breakdown,1000,500,100,45,135,69,13469,2.952,2.034,0.024,0.197,3.316,0.005,REVOKED
core_breakdown,1000,500,100,45,135,70,13470,2.978,2.031,0.025,0.208,3.262,0.006,REVOKED
core_breakdown,1000,500,100,45,135,71,13471,2.949,2.023,0.02,0.193,3.288,0.005,REVOKED
core_breakdown,1000,500,100,45,135,72,13472,2.928,2.011,0.024,0.197,3.313,0.006,REVOKED
core_breakdown,1000,500,100,45,135,73,13473,2.923,1.996,0.025,0.201,3.289,0.006,REVOKED
core_breakdown,1000,500,100,45,135,74,13474,2.967,2.028,0.022,0.203,3.316,0.005,REVOKED
core_breakdown,1000,500,100,45,135,75,13475,2.923,2.003,0.022,0.201,3.314,0.006,REVOKED
core_breakdown,1000,500,100,45,135,76,13476,2.903,1.995,0.02,0.198,3.247,0.005,REVOKED
core_breakdown,1000,500,100,45,135,77,13477,2.973,2.056,0.019,0.2,3.327,0.011,REVOKED
core_breakdown,1000,500,100,45,135,78,13478,2.959,2.013,0.024,0.201,3.248,0.005,REVOKED
core_breakdown,1000,500,100,45,135,79,13479,2.97,2.043,0.021,0.193,3.292,0.006,REVOKED
core_breakdown,1000,500,100,45,135,80,13480,2.972,2.0,0.023,0.187,3.215,0.007,REVOKED
core_breakdown,1000,500,100,45,135,81,13481,2.858,1.947,0.023,0.194,3.215,0.006,REVOKED
core_breakdown,1000,500,100,45,135,82,13482,2.489,1.688,0.024,0.185,3.225,0.006,REVOKED
core_breakdown,1000,500,100,45,135,83,13483,3.985,2.969,0.033,0.251,3.535,0.008,REVOKED
core_breakdown,1000,500,100,45,135,84,13484,3.525,2.349,0.032,0.189,3.484,0.008,REVOKED
core_breakdown,1000,500,100,45,135,85,13485,3.557,2.62,0.039,0.19,3.219,0.009,REVOKED
core_breakdown,1000,500,100,45,135,86,13486,2.758,1.878,0.025,0.208,3.221,0.008,REVOKED
core_breakdown,1000,500,100,45,135,87,13487,3.085,2.147,0.034,0.204,3.92,0.008,REVOKED
core_breakdown,1000,500,100,45,135,88,13488,3.089,2.119,0.032,0.185,2.777,0.007,REVOKED
core_breakdown,1000,500,100,45,135,89,13489,2.343,1.578,0.03,0.176,3.618,0.008,REVOKED
core_breakdown,1000,500,100,45,135,90,13490,3.258,2.231,0.037,0.281,3.636,0.008,REVOKED
core_breakdown,1000,500,100,45,135,91,13491,3.221,2.179,0.034,0.225,3.679,0.009,REVOKED
core_breakdown,1000,500,100,45,135,92,13492,2.982,2.118,0.034,0.177,2.974,0.007,REVOKED
core_breakdown,1000,500,100,45,135,93,13493,2.96,2.003,0.031,0.215,3.388,0.007,REVOKED
core_breakdown,1000,500,100,45,135,94,13494,3.002,2.065,0.024,0.193,3.375,0.007,REVOKED
core_breakdown,1000,500,100,45,135,95,13495,2.912,1.986,0.028,0.199,3.288,0.007,REVOKED
core_breakdown,1000,500,100,45,135,96,13496,2.981,2.062,0.025,0.209,3.279,0.007,REVOKED
core_breakdown,1000,500,100,45,135,97,13497,2.964,2.037,0.021,0.192,3.343,0.015,REVOKED
core_breakdown,1000,500,100,45,135,98,13498,2.952,1.999,0.029,0.204,3.338,0.006,REVOKED
core_breakdown,1000,500,100,45,135,99,13499,3.085,2.12,0.022,0.21,3.41,0.008,REVOKED
core_breakdown,1000,500,100,45,135,100,13500,3.015,2.071,0.021,0.184,3.494,0.006,REVOKED
core_breakdown,1000,500,100,46,136,1,13501,5.652,3.099,0.263,0.451,5.53,0.049,REVOKED
core_breakdown,1000,500,100,46,136,2,13502,3.846,2.571,0.074,0.252,4.33,0.019,REVOKED
core_breakdown,1000,500,100,46,136,3,13503,3.45,2.35,0.038,0.253,4.927,0.032,REVOKED
core_breakdown,1000,500,100,46,136,4,13504,4.586,3.097,0.132,0.331,4.914,0.02,REVOKED
core_breakdown,1000,500,100,46,136,5,13505,4.726,3.192,0.094,0.312,4.44,0.012,REVOKED
core_breakdown,1000,500,100,46,136,6,13506,4.06,2.774,0.053,0.25,4.035,0.009,REVOKED
core_breakdown,1000,500,100,46,136,7,13507,3.626,2.46,0.047,0.248,4.125,0.01,REVOKED
core_breakdown,1000,500,100,46,136,8,13508,3.631,2.478,0.042,0.244,3.918,0.007,REVOKED
core_breakdown,1000,500,100,46,136,9,13509,3.506,2.374,0.033,0.219,3.845,0.008,REVOKED
core_breakdown,1000,500,100,46,136,10,13510,3.458,2.345,0.035,0.232,3.908,0.016,REVOKED
core_breakdown,1000,500,100,46,136,11,13511,3.377,2.285,0.082,0.217,3.733,0.008,REVOKED
core_breakdown,1000,500,100,46,136,12,13512,3.248,2.206,0.044,0.21,3.935,0.008,REVOKED
core_breakdown,1000,500,100,46,136,13,13513,3.219,2.191,0.045,0.218,3.78,0.012,REVOKED
core_breakdown,1000,500,100,46,136,14,13514,3.524,2.416,0.039,0.251,4.454,0.009,REVOKED
core_breakdown,1000,500,100,46,136,15,13515,3.781,2.622,0.033,0.226,4.18,0.008,REVOKED
core_breakdown,1000,500,100,46,136,16,13516,3.203,2.19,0.034,0.238,3.702,0.008,REVOKED
core_breakdown,1000,500,100,46,136,17,13517,3.379,2.248,0.037,0.26,3.908,0.011,REVOKED
core_breakdown,1000,500,100,46,136,18,13518,3.468,2.372,0.037,0.24,3.964,0.009,REVOKED
core_breakdown,1000,500,100,46,136,19,13519,3.636,2.508,0.032,0.215,4.234,0.008,REVOKED
core_breakdown,1000,500,100,46,136,20,13520,3.753,2.518,0.039,0.251,3.737,0.008,REVOKED
core_breakdown,1000,500,100,46,136,21,13521,3.296,2.255,0.036,0.254,4.182,0.007,REVOKED
core_breakdown,1000,500,100,46,136,22,13522,3.287,2.279,0.035,0.326,3.968,0.01,REVOKED
core_breakdown,1000,500,100,46,136,23,13523,3.094,2.042,0.041,0.177,3.171,0.007,REVOKED
core_breakdown,1000,500,100,46,136,24,13524,2.594,1.753,0.024,0.183,3.575,0.009,REVOKED
core_breakdown,1000,500,100,46,136,25,13525,2.985,2.039,0.033,0.205,3.41,0.009,REVOKED
core_breakdown,1000,500,100,46,136,26,13526,2.971,2.037,0.024,0.204,3.291,0.009,REVOKED
core_breakdown,1000,500,100,46,136,27,13527,2.951,2.02,0.028,0.194,3.288,0.006,REVOKED
core_breakdown,1000,500,100,46,136,28,13528,2.955,2.056,0.026,0.201,3.324,0.007,REVOKED
core_breakdown,1000,500,100,46,136,29,13529,2.92,2.011,0.027,0.203,3.364,0.006,REVOKED
core_breakdown,1000,500,100,46,136,30,13530,2.98,2.048,0.023,0.19,3.371,0.006,REVOKED
core_breakdown,1000,500,100,46,136,31,13531,2.869,1.964,0.02,0.196,3.252,0.006,REVOKED
core_breakdown,1000,500,100,46,136,32,13532,2.923,2.012,0.024,0.204,3.327,0.006,REVOKED
core_breakdown,1000,500,100,46,136,33,13533,2.953,2.041,0.025,0.206,3.266,0.006,REVOKED
core_breakdown,1000,500,100,46,136,34,13534,2.944,2.014,0.022,0.195,3.268,0.005,REVOKED
core_breakdown,1000,500,100,46,136,35,13535,2.886,1.998,0.019,0.2,3.301,0.008,REVOKED
core_breakdown,1000,500,100,46,136,36,13536,2.932,2.003,0.025,0.193,3.254,0.011,REVOKED
core_breakdown,1000,500,100,46,136,37,13537,2.942,2.003,0.021,0.204,3.418,0.005,REVOKED
core_breakdown,1000,500,100,46,136,38,13538,3.097,2.121,0.022,0.189,3.424,0.006,REVOKED
core_breakdown,1000,500,100,46,136,39,13539,3.012,2.026,0.024,0.205,3.381,0.006,REVOKED
core_breakdown,1000,500,100,46,136,40,13540,3.067,2.078,0.023,0.204,3.412,0.005,REVOKED
core_breakdown,1000,500,100,46,136,41,13541,3.193,2.142,0.029,0.194,3.385,0.012,REVOKED
core_breakdown,1000,500,100,46,136,42,13542,3.056,2.09,0.025,0.201,3.343,0.006,REVOKED
core_breakdown,1000,500,100,46,136,43,13543,2.988,2.061,0.022,0.208,3.326,0.006,REVOKED
core_breakdown,1000,500,100,46,136,44,13544,2.918,2.023,0.023,0.197,3.332,0.006,REVOKED
core_breakdown,1000,500,100,46,136,45,13545,2.965,2.043,0.025,0.18,3.445,0.007,REVOKED
core_breakdown,1000,500,100,46,136,46,13546,2.976,2.035,0.021,0.209,3.348,0.006,REVOKED
core_breakdown,1000,500,100,46,136,47,13547,2.97,2.048,0.025,0.187,3.33,0.006,REVOKED
core_breakdown,1000,500,100,46,136,48,13548,2.937,2.009,0.021,0.193,4.027,0.01,REVOKED
core_breakdown,1000,500,100,46,136,49,13549,2.938,2.007,0.024,0.197,3.297,0.009,REVOKED
core_breakdown,1000,500,100,46,136,50,13550,2.953,2.011,0.021,0.195,3.299,0.006,REVOKED
core_breakdown,1000,500,100,46,136,51,13551,3.005,2.093,0.02,0.192,3.335,0.006,REVOKED
core_breakdown,1000,500,100,46,136,52,13552,2.947,2.02,0.022,0.198,3.345,0.006,REVOKED
core_breakdown,1000,500,100,46,136,53,13553,2.952,2.005,0.022,0.206,3.309,0.006,REVOKED
core_breakdown,1000,500,100,46,136,54,13554,2.952,2.008,0.024,0.199,3.348,0.005,REVOKED
core_breakdown,1000,500,100,46,136,55,13555,2.943,2.021,0.022,0.195,3.367,0.006,REVOKED
core_breakdown,1000,500,100,46,136,56,13556,2.986,2.035,0.023,0.199,3.236,0.006,REVOKED
core_breakdown,1000,500,100,46,136,57,13557,2.959,2.018,0.02,0.205,3.387,0.005,REVOKED
core_breakdown,1000,500,100,46,136,58,13558,2.992,1.973,0.019,0.193,3.316,0.005,REVOKED
core_breakdown,1000,500,100,46,136,59,13559,2.993,2.091,0.021,0.193,3.301,0.006,REVOKED
core_breakdown,1000,500,100,46,136,60,13560,2.942,2.025,0.02,0.212,3.345,0.007,REVOKED
core_breakdown,1000,500,100,46,136,61,13561,2.963,2.047,0.026,0.187,3.284,0.005,REVOKED
core_breakdown,1000,500,100,46,136,62,13562,2.94,1.971,0.027,0.204,3.348,0.007,REVOKED
core_breakdown,1000,500,100,46,136,63,13563,2.953,2.026,0.024,0.196,3.268,0.008,REVOKED
core_breakdown,1000,500,100,46,136,64,13564,2.963,2.047,0.02,0.193,3.333,0.006,REVOKED
core_breakdown,1000,500,100,46,136,65,13565,2.938,2.021,0.021,0.191,3.305,0.005,REVOKED
core_breakdown,1000,500,100,46,136,66,13566,2.882,1.978,0.018,0.211,3.325,0.006,REVOKED
core_breakdown,1000,500,100,46,136,67,13567,2.909,1.997,0.026,0.194,3.317,0.006,REVOKED
core_breakdown,1000,500,100,46,136,68,13568,2.92,1.994,0.023,0.211,3.285,0.005,REVOKED
core_breakdown,1000,500,100,46,136,69,13569,2.939,2.035,0.022,0.198,3.291,0.006,REVOKED
core_breakdown,1000,500,100,46,136,70,13570,2.921,1.984,0.021,0.2,3.293,0.005,REVOKED
core_breakdown,1000,500,100,46,136,71,13571,2.932,2.018,0.022,0.199,3.355,0.005,REVOKED
core_breakdown,1000,500,100,46,136,72,13572,2.987,2.059,0.022,0.187,3.365,0.007,REVOKED
core_breakdown,1000,500,100,46,136,73,13573,2.969,2.051,0.023,0.194,3.453,0.006,REVOKED
core_breakdown,1000,500,100,46,136,74,13574,2.963,2.041,0.023,0.195,3.36,0.005,REVOKED
core_breakdown,1000,500,100,46,136,75,13575,2.936,2.015,0.027,0.19,3.281,0.005,REVOKED
core_breakdown,1000,500,100,46,136,76,13576,2.938,2.017,0.021,0.194,3.239,0.007,REVOKED
core_breakdown,1000,500,100,46,136,77,13577,2.899,1.962,0.021,0.204,3.274,0.005,REVOKED
core_breakdown,1000,500,100,46,136,78,13578,2.916,2.004,0.019,0.195,3.317,0.006,REVOKED
core_breakdown,1000,500,100,46,136,79,13579,2.996,2.036,0.027,0.191,3.396,0.006,REVOKED
core_breakdown,1000,500,100,46,136,80,13580,2.98,2.038,0.024,0.205,3.345,0.006,REVOKED
core_breakdown,1000,500,100,46,136,81,13581,2.917,2.025,0.022,0.196,3.284,0.006,REVOKED
core_breakdown,1000,500,100,46,136,82,13582,2.927,1.996,0.026,0.203,3.304,0.006,REVOKED
core_breakdown,1000,500,100,46,136,83,13583,2.9,2.0,0.021,0.202,3.267,0.005,REVOKED
core_breakdown,1000,500,100,46,136,84,13584,2.847,1.917,0.02,0.221,3.292,0.006,REVOKED
core_breakdown,1000,500,100,46,136,85,13585,2.918,2.007,0.025,0.187,3.245,0.005,REVOKED
core_breakdown,1000,500,100,46,136,86,13586,2.928,2.03,0.021,0.193,3.277,0.006,REVOKED
core_breakdown,1000,500,100,46,136,87,13587,2.979,2.065,0.024,0.196,3.311,0.006,REVOKED
core_breakdown,1000,500,100,46,136,88,13588,2.895,2.002,0.024,0.196,3.325,0.006,REVOKED
core_breakdown,1000,500,100,46,136,89,13589,2.968,1.997,0.02,0.206,3.26,0.005,REVOKED
core_breakdown,1000,500,100,46,136,90,13590,2.944,2.023,0.018,0.195,3.348,0.013,REVOKED
core_breakdown,1000,500,100,46,136,91,13591,2.931,2.02,0.026,0.195,3.374,0.007,REVOKED
core_breakdown,1000,500,100,46,136,92,13592,2.913,2.02,0.02,0.201,3.291,0.005,REVOKED
core_breakdown,1000,500,100,46,136,93,13593,2.927,2.006,0.02,0.189,3.286,0.006,REVOKED
core_breakdown,1000,500,100,46,136,94,13594,2.931,2.008,0.021,0.213,3.305,0.005,REVOKED
core_breakdown,1000,500,100,46,136,95,13595,2.942,1.989,0.019,0.198,3.302,0.006,REVOKED
core_breakdown,1000,500,100,46,136,96,13596,2.946,1.988,0.029,0.197,3.354,0.006,REVOKED
core_breakdown,1000,500,100,46,136,97,13597,2.902,1.97,0.021,0.211,3.273,0.017,REVOKED
core_breakdown,1000,500,100,46,136,98,13598,2.974,2.046,0.024,0.208,3.319,0.007,REVOKED
core_breakdown,1000,500,100,46,136,99,13599,2.956,2.017,0.023,0.193,3.305,0.006,REVOKED
core_breakdown,1000,500,100,46,136,100,13600,2.954,2.005,0.025,0.202,3.326,0.011,REVOKED
core_breakdown,1000,500,100,47,137,1,13601,5.728,3.523,0.309,0.483,6.707,0.046,REVOKED
core_breakdown,1000,500,100,47,137,2,13602,5.197,3.436,0.123,0.337,5.399,0.026,REVOKED
core_breakdown,1000,500,100,47,137,3,13603,4.776,3.229,0.083,0.32,4.867,0.018,REVOKED
core_breakdown,1000,500,100,47,137,4,13604,4.196,2.837,0.052,0.245,3.992,0.009,REVOKED
core_breakdown,1000,500,100,47,137,5,13605,3.306,2.25,0.037,0.234,3.646,0.009,REVOKED
core_breakdown,1000,500,100,47,137,6,13606,3.257,2.22,0.035,0.219,3.745,0.008,REVOKED
core_breakdown,1000,500,100,47,137,7,13607,3.287,2.251,0.038,0.206,3.497,0.008,REVOKED
core_breakdown,1000,500,100,47,137,8,13608,3.203,2.176,0.03,0.204,3.411,0.006,REVOKED
core_breakdown,1000,500,100,47,137,9,13609,3.674,2.66,0.068,0.253,3.53,0.013,REVOKED
core_breakdown,1000,500,100,47,137,10,13610,3.062,2.053,0.032,0.214,3.403,0.007,REVOKED
core_breakdown,1000,500,100,47,137,11,13611,3.123,2.091,0.033,0.221,3.046,0.009,REVOKED
core_breakdown,1000,500,100,47,137,12,13612,2.643,1.802,0.026,0.19,2.958,0.007,REVOKED
core_breakdown,1000,500,100,47,137,13,13613,2.601,1.751,0.031,0.197,3.027,0.008,REVOKED
core_breakdown,1000,500,100,47,137,14,13614,2.552,1.709,0.027,0.167,3.009,0.008,REVOKED
core_breakdown,1000,500,100,47,137,15,13615,2.631,1.763,0.026,0.189,3.067,0.007,REVOKED
core_breakdown,1000,500,100,47,137,16,13616,2.585,1.755,0.024,0.179,2.974,0.006,REVOKED
core_breakdown,1000,500,100,47,137,17,13617,2.563,1.754,0.026,0.178,3.163,0.007,REVOKED
core_breakdown,1000,500,100,47,137,18,13618,2.574,1.776,0.021,0.175,2.924,0.006,REVOKED
core_breakdown,1000,500,100,47,137,19,13619,2.716,1.867,0.025,0.174,3.027,0.006,REVOKED
core_breakdown,1000,500,100,47,137,20,13620,2.588,1.754,0.029,0.164,2.992,0.005,REVOKED
core_breakdown,1000,500,100,47,137,21,13621,2.585,1.756,0.023,0.171,3.067,0.006,REVOKED
core_breakdown,1000,500,100,47,137,22,13622,2.537,1.73,0.023,0.169,2.968,0.006,REVOKED
core_breakdown,1000,500,100,47,137,23,13623,2.629,1.8,0.024,0.182,2.987,0.006,REVOKED
core_breakdown,1000,500,100,47,137,24,13624,2.539,1.757,0.02,0.171,2.911,0.006,REVOKED
core_breakdown,1000,500,100,47,137,25,13625,2.562,1.734,0.022,0.178,3.037,0.007,REVOKED
core_breakdown,1000,500,100,47,137,26,13626,2.586,1.734,0.023,0.17,2.958,0.006,REVOKED
core_breakdown,1000,500,100,47,137,27,13627,2.608,1.801,0.019,0.191,2.957,0.006,REVOKED
core_breakdown,1000,500,100,47,137,28,13628,2.586,1.736,0.019,0.183,3.062,0.01,REVOKED
core_breakdown,1000,500,100,47,137,29,13629,2.573,1.746,0.024,0.169,3.127,0.006,REVOKED
core_breakdown,1000,500,100,47,137,30,13630,2.656,1.851,0.026,0.182,2.927,0.01,REVOKED
core_breakdown,1000,500,100,47,137,31,13631,2.5,1.712,0.025,0.164,2.989,0.008,REVOKED
core_breakdown,1000,500,100,47,137,32,13632,2.679,1.878,0.021,0.181,3.263,0.007,REVOKED
core_breakdown,1000,500,100,47,137,33,13633,2.735,1.868,0.031,0.196,3.287,0.007,REVOKED
core_breakdown,1000,500,100,47,137,34,13634,2.769,1.86,0.028,0.182,3.074,0.007,REVOKED
core_breakdown,1000,500,100,47,137,35,13635,2.284,1.509,0.034,0.193,3.34,0.008,REVOKED
core_breakdown,1000,500,100,47,137,36,13636,3.108,2.121,0.03,0.204,3.523,0.011,REVOKED
core_breakdown,1000,500,100,47,137,37,13637,3.842,2.606,0.039,0.22,3.542,0.007,REVOKED
core_breakdown,1000,500,100,47,137,38,13638,3.348,2.338,0.031,0.213,3.32,0.008,REVOKED
core_breakdown,1000,500,100,47,137,39,13639,2.79,1.873,0.033,0.188,3.263,0.007,REVOKED
core_breakdown,1000,500,100,47,137,40,13640,2.91,1.975,0.031,0.216,3.611,0.009,REVOKED
core_breakdown,1000,500,100,47,137,41,13641,2.864,1.899,0.035,0.244,3.375,0.007,REVOKED
core_breakdown,1000,500,100,47,137,42,13642,3.027,2.052,0.034,0.199,3.688,0.009,REVOKED
core_breakdown,1000,500,100,47,137,43,13643,3.584,2.475,0.037,0.209,3.479,0.009,REVOKED
core_breakdown,1000,500,100,47,137,44,13644,3.012,2.071,0.033,0.193,3.678,0.007,REVOKED
core_breakdown,1000,500,100,47,137,45,13645,3.51,2.333,0.035,0.285,3.781,0.009,REVOKED
core_breakdown,1000,500,100,47,137,46,13646,3.818,2.588,0.04,0.238,3.129,0.009,REVOKED
core_breakdown,1000,500,100,47,137,47,13647,2.645,1.782,0.035,0.181,3.108,0.007,REVOKED
core_breakdown,1000,500,100,47,137,48,13648,2.667,1.831,0.023,0.18,2.997,0.006,REVOKED
core_breakdown,1000,500,100,47,137,49,13649,2.624,1.757,0.028,0.173,3.039,0.01,REVOKED
core_breakdown,1000,500,100,47,137,50,13650,2.546,1.725,0.029,0.168,3.003,0.006,REVOKED
core_breakdown,1000,500,100,47,137,51,13651,2.524,1.708,0.027,0.175,2.967,0.006,REVOKED
core_breakdown,1000,500,100,47,137,52,13652,2.596,1.764,0.024,0.163,2.945,0.007,REVOKED
core_breakdown,1000,500,100,47,137,53,13653,2.559,1.756,0.024,0.179,3.064,0.006,REVOKED
core_breakdown,1000,500,100,47,137,54,13654,2.819,1.952,0.024,0.18,2.897,0.006,REVOKED
core_breakdown,1000,500,100,47,137,55,13655,2.521,1.741,0.026,0.192,2.916,0.006,REVOKED
core_breakdown,1000,500,100,47,137,56,13656,2.573,1.726,0.024,0.175,2.938,0.005,REVOKED
core_breakdown,1000,500,100,47,137,57,13657,2.597,1.758,0.021,0.18,2.965,0.007,REVOKED
core_breakdown,1000,500,100,47,137,58,13658,2.561,1.742,0.024,0.179,2.827,0.008,REVOKED
core_breakdown,1000,500,100,47,137,59,13659,2.578,1.748,0.027,0.175,2.829,0.007,REVOKED
core_breakdown,1000,500,100,47,137,60,13660,2.525,1.737,0.02,0.176,2.915,0.006,REVOKED
core_breakdown,1000,500,100,47,137,61,13661,2.493,1.695,0.024,0.183,2.868,0.005,REVOKED
core_breakdown,1000,500,100,47,137,62,13662,2.544,1.739,0.024,0.156,2.87,0.006,REVOKED
core_breakdown,1000,500,100,47,137,63,13663,2.556,1.75,0.023,0.181,2.904,0.007,REVOKED
core_breakdown,1000,500,100,47,137,64,13664,2.498,1.72,0.023,0.168,3.051,0.006,REVOKED
core_breakdown,1000,500,100,47,137,65,13665,2.556,1.769,0.022,0.173,3.044,0.006,REVOKED
core_breakdown,1000,500,100,47,137,66,13666,2.597,1.768,0.026,0.163,3.008,0.006,REVOKED
core_breakdown,1000,500,100,47,137,67,13667,2.505,1.694,0.027,0.19,2.862,0.006,REVOKED
core_breakdown,1000,500,100,47,137,68,13668,2.528,1.704,0.022,0.202,2.847,0.005,REVOKED
core_breakdown,1000,500,100,47,137,69,13669,2.608,1.76,0.024,0.172,2.917,0.005,REVOKED
core_breakdown,1000,500,100,47,137,70,13670,2.486,1.705,0.025,0.18,2.844,0.006,REVOKED
core_breakdown,1000,500,100,47,137,71,13671,2.503,1.737,0.02,0.158,2.892,0.007,REVOKED
core_breakdown,1000,500,100,47,137,72,13672,2.519,1.722,0.025,0.179,2.949,0.005,REVOKED
core_breakdown,1000,500,100,47,137,73,13673,2.595,1.788,0.021,0.189,2.991,0.006,REVOKED
core_breakdown,1000,500,100,47,137,74,13674,2.591,1.8,0.021,0.174,2.926,0.006,REVOKED
core_breakdown,1000,500,100,47,137,75,13675,2.437,1.685,0.026,0.175,2.968,0.006,REVOKED
core_breakdown,1000,500,100,47,137,76,13676,2.562,1.762,0.023,0.177,2.966,0.006,REVOKED
core_breakdown,1000,500,100,47,137,77,13677,2.613,1.726,0.023,0.159,2.98,0.006,REVOKED
core_breakdown,1000,500,100,47,137,78,13678,2.576,1.74,0.023,0.178,2.916,0.006,REVOKED
core_breakdown,1000,500,100,47,137,79,13679,2.533,1.71,0.02,0.162,2.957,0.006,REVOKED
core_breakdown,1000,500,100,47,137,80,13680,2.561,1.776,0.025,0.176,2.886,0.006,REVOKED
core_breakdown,1000,500,100,47,137,81,13681,2.524,1.722,0.02,0.172,2.962,0.006,REVOKED
core_breakdown,1000,500,100,47,137,82,13682,2.502,1.715,0.023,0.178,2.969,0.006,REVOKED
core_breakdown,1000,500,100,47,137,83,13683,2.469,1.679,0.021,0.159,3.0,0.006,REVOKED
core_breakdown,1000,500,100,47,137,84,13684,2.583,1.768,0.021,0.181,2.967,0.006,REVOKED
core_breakdown,1000,500,100,47,137,85,13685,2.607,1.777,0.024,0.177,2.947,0.006,REVOKED
core_breakdown,1000,500,100,47,137,86,13686,2.607,1.802,0.023,0.168,2.97,0.005,REVOKED
core_breakdown,1000,500,100,47,137,87,13687,2.541,1.707,0.023,0.154,2.926,0.008,REVOKED
core_breakdown,1000,500,100,47,137,88,13688,2.559,1.767,0.023,0.167,2.991,0.011,REVOKED
core_breakdown,1000,500,100,47,137,89,13689,2.421,1.664,0.022,0.178,2.941,0.006,REVOKED
core_breakdown,1000,500,100,47,137,90,13690,2.616,1.774,0.021,0.191,3.297,0.005,REVOKED
core_breakdown,1000,500,100,47,137,91,13691,2.937,2.018,0.02,0.195,3.33,0.005,REVOKED
core_breakdown,1000,500,100,47,137,92,13692,2.9,1.997,0.019,0.2,3.297,0.006,REVOKED
core_breakdown,1000,500,100,47,137,93,13693,2.92,2.022,0.023,0.219,3.396,0.005,REVOKED
core_breakdown,1000,500,100,47,137,94,13694,3.026,2.044,0.026,0.193,3.421,0.019,REVOKED
core_breakdown,1000,500,100,47,137,95,13695,2.993,2.044,0.02,0.2,3.549,0.006,REVOKED
core_breakdown,1000,500,100,47,137,96,13696,2.987,2.028,0.028,0.197,3.43,0.006,REVOKED
core_breakdown,1000,500,100,47,137,97,13697,2.997,2.066,0.024,0.189,3.399,0.018,REVOKED
core_breakdown,1000,500,100,47,137,98,13698,3.067,2.081,0.022,0.207,3.343,0.005,REVOKED
core_breakdown,1000,500,100,47,137,99,13699,2.928,2.028,0.02,0.184,3.258,0.006,REVOKED
core_breakdown,1000,500,100,47,137,100,13700,2.965,2.071,0.022,0.202,3.301,0.005,REVOKED
core_breakdown,1000,500,100,48,138,1,13701,6.598,4.124,0.309,0.502,5.865,0.043,REVOKED
core_breakdown,1000,500,100,48,138,2,13702,6.853,4.456,0.11,0.443,6.26,0.033,REVOKED
core_breakdown,1000,500,100,48,138,3,13703,5.039,3.405,0.081,0.332,5.671,0.02,REVOKED
core_breakdown,1000,500,100,48,138,4,13704,4.813,3.252,0.094,0.314,4.631,0.012,REVOKED
core_breakdown,1000,500,100,48,138,5,13705,3.991,2.662,0.05,0.275,4.399,0.011,REVOKED
core_breakdown,1000,500,100,48,138,6,13706,4.043,2.723,0.047,0.266,4.443,0.012,REVOKED
core_breakdown,1000,500,100,48,138,7,13707,4.057,2.772,0.062,0.27,4.428,0.011,REVOKED
core_breakdown,1000,500,100,48,138,8,13708,4.04,2.739,0.05,0.244,4.022,0.008,REVOKED
core_breakdown,1000,500,100,48,138,9,13709,3.62,2.485,0.029,0.221,3.813,0.006,REVOKED
core_breakdown,1000,500,100,48,138,10,13710,3.43,2.311,0.029,0.223,3.84,0.015,REVOKED
core_breakdown,1000,500,100,48,138,11,13711,4.11,2.784,0.068,0.28,4.094,0.009,REVOKED
core_breakdown,1000,500,100,48,138,12,13712,3.502,2.378,0.047,0.238,3.845,0.009,REVOKED
core_breakdown,1000,500,100,48,138,13,13713,3.539,2.416,0.043,0.227,3.845,0.013,REVOKED
core_breakdown,1000,500,100,48,138,14,13714,3.441,2.351,0.029,0.223,3.689,0.006,REVOKED
core_breakdown,1000,500,100,48,138,15,13715,3.511,2.388,0.08,0.229,3.451,0.016,REVOKED
core_breakdown,1000,500,100,48,138,16,13716,3.023,2.065,0.037,0.196,3.401,0.009,REVOKED
core_breakdown,1000,500,100,48,138,17,13717,2.968,2.04,0.027,0.2,3.299,0.007,REVOKED
core_breakdown,1000,500,100,48,138,18,13718,2.952,2.027,0.022,0.191,3.341,0.007,REVOKED
core_breakdown,1000,500,100,48,138,19,13719,3.017,2.068,0.036,0.21,3.351,0.006,REVOKED
core_breakdown,1000,500,100,48,138,20,13720,2.99,2.051,0.025,0.213,3.448,0.006,REVOKED
core_breakdown,1000,500,100,48,138,21,13721,3.15,2.218,0.024,0.198,3.362,0.011,REVOKED
core_breakdown,1000,500,100,48,138,22,13722,2.91,2.002,0.028,0.19,3.329,0.006,REVOKED
core_breakdown,1000,500,100,48,138,23,13723,2.973,2.046,0.025,0.204,3.278,0.008,REVOKED
core_breakdown,1000,500,100,48,138,24,13724,2.95,1.99,0.021,0.208,3.374,0.006,REVOKED
core_breakdown,1000,500,100,48,138,25,13725,3.018,2.086,0.024,0.193,3.294,0.008,REVOKED
core_breakdown,1000,500,100,48,138,26,13726,2.896,1.983,0.022,0.193,3.384,0.007,REVOKED
core_breakdown,1000,500,100,48,138,27,13727,3.054,2.125,0.025,0.197,3.376,0.005,REVOKED
core_breakdown,1000,500,100,48,138,28,13728,2.961,2.052,0.022,0.204,3.326,0.006,REVOKED
core_breakdown,1000,500,100,48,138,29,13729,2.95,2.024,0.022,0.189,3.348,0.005,REVOKED
core_breakdown,1000,500,100,48,138,30,13730,2.946,2.033,0.021,0.205,3.361,0.006,REVOKED
core_breakdown,1000,500,100,48,138,31,13731,2.87,1.947,0.029,0.195,3.332,0.005,REVOKED
core_breakdown,1000,500,100,48,138,32,13732,3.076,2.144,0.022,0.219,3.098,0.007,REVOKED
core_breakdown,1000,500,100,48,138,33,13733,2.897,2.011,0.028,0.2,3.418,0.006,REVOKED
core_breakdown,1000,500,100,48,138,34,13734,3.018,2.063,0.026,0.209,3.4,0.008,REVOKED
core_breakdown,1000,500,100,48,138,35,13735,2.975,2.062,0.02,0.203,3.506,0.005,REVOKED
core_breakdown,1000,500,100,48,138,36,13736,2.939,2.02,0.026,0.206,3.334,0.005,REVOKED
core_breakdown,1000,500,100,48,138,37,13737,2.649,1.764,0.023,0.177,3.174,0.006,REVOKED
core_breakdown,1000,500,100,48,138,38,13738,2.961,2.065,0.019,0.207,3.419,0.006,REVOKED
core_breakdown,1000,500,100,48,138,39,13739,2.934,2.018,0.022,0.19,3.338,0.007,REVOKED
core_breakdown,1000,500,100,48,138,40,13740,2.976,2.046,0.021,0.199,3.323,0.006,REVOKED
core_breakdown,1000,500,100,48,138,41,13741,2.92,1.99,0.022,0.202,3.292,0.006,REVOKED
core_breakdown,1000,500,100,48,138,42,13742,2.949,2.0,0.024,0.196,3.357,0.005,REVOKED
core_breakdown,1000,500,100,48,138,43,13743,2.94,2.006,0.027,0.199,3.261,0.005,REVOKED
core_breakdown,1000,500,100,48,138,44,13744,2.975,2.013,0.025,0.206,3.309,0.008,REVOKED
core_breakdown,1000,500,100,48,138,45,13745,2.92,2.017,0.02,0.206,3.317,0.006,REVOKED
core_breakdown,1000,500,100,48,138,46,13746,2.917,2.014,0.02,0.209,3.317,0.006,REVOKED
core_breakdown,1000,500,100,48,138,47,13747,2.919,2.012,0.02,0.209,3.254,0.006,REVOKED
core_breakdown,1000,500,100,48,138,48,13748,2.936,2.024,0.023,0.196,3.282,0.006,REVOKED
core_breakdown,1000,500,100,48,138,49,13749,3.004,2.056,0.024,0.205,3.277,0.01,REVOKED
core_breakdown,1000,500,100,48,138,50,13750,2.934,2.014,0.02,0.197,3.305,0.006,REVOKED
core_breakdown,1000,500,100,48,138,51,13751,2.97,2.019,0.024,0.197,3.291,0.005,REVOKED
core_breakdown,1000,500,100,48,138,52,13752,2.966,2.011,0.026,0.193,3.354,0.005,REVOKED
core_breakdown,1000,500,100,48,138,53,13753,3.059,2.103,0.023,0.201,3.286,0.006,REVOKED
core_breakdown,1000,500,100,48,138,54,13754,2.938,2.02,0.027,0.21,3.261,0.006,REVOKED
core_breakdown,1000,500,100,48,138,55,13755,2.923,2.012,0.021,0.205,3.319,0.005,REVOKED
core_breakdown,1000,500,100,48,138,56,13756,2.946,2.022,0.024,0.192,3.369,0.005,REVOKED
core_breakdown,1000,500,100,48,138,57,13757,2.875,1.984,0.022,0.196,3.255,0.005,REVOKED
core_breakdown,1000,500,100,48,138,58,13758,2.965,2.031,0.021,0.195,3.284,0.005,REVOKED
core_breakdown,1000,500,100,48,138,59,13759,2.96,2.014,0.02,0.193,3.34,0.005,REVOKED
core_breakdown,1000,500,100,48,138,60,13760,3.816,2.88,0.026,0.203,3.414,0.006,REVOKED
core_breakdown,1000,500,100,48,138,61,13761,2.95,2.047,0.026,0.201,3.275,0.005,REVOKED
core_breakdown,1000,500,100,48,138,62,13762,2.976,2.007,0.026,0.191,3.418,0.006,REVOKED
core_breakdown,1000,500,100,48,138,63,13763,3.057,2.144,0.023,0.191,3.346,0.005,REVOKED
core_breakdown,1000,500,100,48,138,64,13764,2.912,2.024,0.023,0.189,3.389,0.006,REVOKED
core_breakdown,1000,500,100,48,138,65,13765,2.943,2.027,0.023,0.186,3.308,0.005,REVOKED
core_breakdown,1000,500,100,48,138,66,13766,2.935,2.013,0.022,0.201,3.326,0.008,REVOKED
core_breakdown,1000,500,100,48,138,67,13767,2.931,1.985,0.023,0.209,3.336,0.006,REVOKED
core_breakdown,1000,500,100,48,138,68,13768,2.969,2.027,0.024,0.194,3.299,0.008,REVOKED
core_breakdown,1000,500,100,48,138,69,13769,2.936,2.011,0.024,0.189,3.301,0.005,REVOKED
core_breakdown,1000,500,100,48,138,70,13770,2.944,2.023,0.023,0.193,3.322,0.006,REVOKED
core_breakdown,1000,500,100,48,138,71,13771,3.006,2.076,0.023,0.201,3.288,0.006,REVOKED
core_breakdown,1000,500,100,48,138,72,13772,2.952,2.016,0.02,0.193,3.272,0.005,REVOKED
core_breakdown,1000,500,100,48,138,73,13773,2.963,2.04,0.025,0.203,3.409,0.012,REVOKED
core_breakdown,1000,500,100,48,138,74,13774,2.959,2.036,0.025,0.193,3.304,0.004,REVOKED
core_breakdown,1000,500,100,48,138,75,13775,2.949,2.025,0.022,0.209,3.309,0.005,REVOKED
core_breakdown,1000,500,100,48,138,76,13776,2.965,2.003,0.023,0.204,3.454,0.006,REVOKED
core_breakdown,1000,500,100,48,138,77,13777,3.014,2.085,0.023,0.21,3.329,0.006,REVOKED
core_breakdown,1000,500,100,48,138,78,13778,2.999,2.082,0.025,0.195,3.358,0.006,REVOKED
core_breakdown,1000,500,100,48,138,79,13779,2.934,2.027,0.024,0.199,3.282,0.005,REVOKED
core_breakdown,1000,500,100,48,138,80,13780,2.997,2.07,0.019,0.207,3.275,0.006,REVOKED
core_breakdown,1000,500,100,48,138,81,13781,2.932,2.007,0.019,0.187,3.355,0.006,REVOKED
core_breakdown,1000,500,100,48,138,82,13782,2.897,1.972,0.021,0.181,3.34,0.006,REVOKED
core_breakdown,1000,500,100,48,138,83,13783,2.925,2.008,0.026,0.189,3.282,0.005,REVOKED
core_breakdown,1000,500,100,48,138,84,13784,2.908,1.997,0.02,0.201,3.352,0.005,REVOKED
core_breakdown,1000,500,100,48,138,85,13785,2.929,2.023,0.023,0.199,3.454,0.006,REVOKED
core_breakdown,1000,500,100,48,138,86,13786,2.973,2.023,0.027,0.193,3.331,0.006,REVOKED
core_breakdown,1000,500,100,48,138,87,13787,2.961,2.04,0.021,0.192,3.379,0.006,REVOKED
core_breakdown,1000,500,100,48,138,88,13788,2.966,2.057,0.026,0.194,3.336,0.011,REVOKED
core_breakdown,1000,500,100,48,138,89,13789,3.013,2.044,0.021,0.193,3.332,0.005,REVOKED
core_breakdown,1000,500,100,48,138,90,13790,3.003,2.077,0.025,0.197,3.338,0.006,REVOKED
core_breakdown,1000,500,100,48,138,91,13791,2.944,2.025,0.02,0.186,3.335,0.006,REVOKED
core_breakdown,1000,500,100,48,138,92,13792,2.942,2.038,0.025,0.193,3.285,0.006,REVOKED
core_breakdown,1000,500,100,48,138,93,13793,3.031,2.118,0.025,0.2,3.331,0.006,REVOKED
core_breakdown,1000,500,100,48,138,94,13794,2.939,2.01,0.024,0.202,3.373,0.005,REVOKED
core_breakdown,1000,500,100,48,138,95,13795,2.905,1.994,0.025,0.2,3.272,0.005,REVOKED
core_breakdown,1000,500,100,48,138,96,13796,2.937,2.007,0.024,0.198,3.281,0.006,REVOKED
core_breakdown,1000,500,100,48,138,97,13797,2.926,1.974,0.02,0.196,3.162,0.015,REVOKED
core_breakdown,1000,500,100,48,138,98,13798,3.07,2.17,0.021,0.191,2.992,0.006,REVOKED
core_breakdown,1000,500,100,48,138,99,13799,2.73,1.917,0.022,0.206,3.382,0.005,REVOKED
core_breakdown,1000,500,100,48,138,100,13800,3.051,2.109,0.024,0.209,3.392,0.006,REVOKED
core_breakdown,1000,500,100,49,139,1,13801,5.758,3.609,0.212,0.568,5.679,0.019,REVOKED
core_breakdown,1000,500,100,49,139,2,13802,4.592,2.808,0.071,0.501,4.718,0.031,REVOKED
core_breakdown,1000,500,100,49,139,3,13803,4.234,2.84,0.087,0.251,4.079,0.015,REVOKED
core_breakdown,1000,500,100,49,139,4,13804,3.618,2.437,0.064,0.25,3.998,0.013,REVOKED
core_breakdown,1000,500,100,49,139,5,13805,3.362,2.254,0.036,0.213,3.524,0.008,REVOKED
core_breakdown,1000,500,100,49,139,6,13806,3.365,2.329,0.038,0.281,3.981,0.009,REVOKED
core_breakdown,1000,500,100,49,139,7,13807,3.55,2.437,0.036,0.234,3.872,0.008,REVOKED
core_breakdown,1000,500,100,49,139,8,13808,3.578,2.461,0.039,0.226,3.753,0.008,REVOKED
core_breakdown,1000,500,100,49,139,9,13809,3.384,2.33,0.033,0.22,3.707,0.007,REVOKED
core_breakdown,1000,500,100,49,139,10,13810,3.44,2.278,0.091,0.252,3.911,0.012,REVOKED
core_breakdown,1000,500,100,49,139,11,13811,3.322,2.245,0.036,0.239,3.796,0.007,REVOKED
core_breakdown,1000,500,100,49,139,12,13812,3.322,2.28,0.029,0.212,3.769,0.006,REVOKED
core_breakdown,1000,500,100,49,139,13,13813,3.445,2.381,0.034,0.221,3.717,0.007,REVOKED
core_breakdown,1000,500,100,49,139,14,13814,3.406,2.339,0.029,0.235,3.532,0.006,REVOKED
core_breakdown,1000,500,100,49,139,15,13815,3.046,2.08,0.022,0.208,3.447,0.006,REVOKED
core_breakdown,1000,500,100,49,139,16,13816,3.025,2.057,0.036,0.203,3.352,0.013,REVOKED
core_breakdown,1000,500,100,49,139,17,13817,2.993,2.033,0.021,0.199,3.39,0.007,REVOKED
core_breakdown,1000,500,100,49,139,18,13818,3.052,2.101,0.03,0.212,3.429,0.011,REVOKED
core_breakdown,1000,500,100,49,139,19,13819,3.041,2.062,0.028,0.2,3.422,0.006,REVOKED
core_breakdown,1000,500,100,49,139,20,13820,3.013,2.045,0.024,0.203,3.314,0.007,REVOKED
core_breakdown,1000,500,100,49,139,21,13821,3.024,2.059,0.029,0.195,3.314,0.005,REVOKED
core_breakdown,1000,500,100,49,139,22,13822,2.983,2.039,0.024,0.19,3.395,0.007,REVOKED
core_breakdown,1000,500,100,49,139,23,13823,2.93,1.995,0.02,0.198,3.349,0.006,REVOKED
core_breakdown,1000,500,100,49,139,24,13824,2.923,2.019,0.022,0.191,3.301,0.006,REVOKED
core_breakdown,1000,500,100,49,139,25,13825,2.944,2.02,0.024,0.199,3.313,0.008,REVOKED
core_breakdown,1000,500,100,49,139,26,13826,2.965,2.04,0.02,0.263,3.294,0.005,REVOKED
core_breakdown,1000,500,100,49,139,27,13827,2.949,2.02,0.029,0.2,3.28,0.006,REVOKED
core_breakdown,1000,500,100,49,139,28,13828,2.961,2.023,0.02,0.222,3.277,0.006,REVOKED
core_breakdown,1000,500,100,49,139,29,13829,2.952,2.034,0.02,0.206,3.286,0.006,REVOKED
core_breakdown,1000,500,100,49,139,30,13830,2.937,2.017,0.02,0.198,3.236,0.006,REVOKED
core_breakdown,1000,500,100,49,139,31,13831,2.975,2.042,0.02,0.198,3.378,0.006,REVOKED
core_breakdown,1000,500,100,49,139,32,13832,3.042,2.081,0.028,0.203,3.35,0.006,REVOKED
core_breakdown,1000,500,100,49,139,33,13833,2.901,1.988,0.021,0.193,3.321,0.005,REVOKED
core_breakdown,1000,500,100,49,139,34,13834,3.008,2.061,0.028,0.203,3.303,0.006,REVOKED
core_breakdown,1000,500,100,49,139,35,13835,2.949,2.03,0.021,0.243,3.321,0.013,REVOKED
core_breakdown,1000,500,100,49,139,36,13836,2.911,1.985,0.023,0.2,3.305,0.005,REVOKED
core_breakdown,1000,500,100,49,139,37,13837,2.941,2.009,0.025,0.193,3.298,0.006,REVOKED
core_breakdown,1000,500,100,49,139,38,13838,2.964,2.014,0.019,0.205,3.296,0.006,REVOKED
core_breakdown,1000,500,100,49,139,39,13839,2.947,1.99,0.021,0.187,3.303,0.006,REVOKED
core_breakdown,1000,500,100,49,139,40,13840,2.999,2.071,0.026,0.195,3.3,0.006,REVOKED
core_breakdown,1000,500,100,49,139,41,13841,2.966,2.007,0.025,0.207,3.316,0.005,REVOKED
core_breakdown,1000,500,100,49,139,42,13842,3.142,2.22,0.027,0.186,3.285,0.006,REVOKED
core_breakdown,1000,500,100,49,139,43,13843,2.905,1.989,0.027,0.204,3.417,0.007,REVOKED
core_breakdown,1000,500,100,49,139,44,13844,2.927,1.984,0.024,0.213,3.309,0.006,REVOKED
core_breakdown,1000,500,100,49,139,45,13845,2.963,2.033,0.026,0.223,3.303,0.006,REVOKED
core_breakdown,1000,500,100,49,139,46,13846,2.908,1.991,0.022,0.213,3.28,0.011,REVOKED
core_breakdown,1000,500,100,49,139,47,13847,2.975,2.058,0.025,0.203,3.387,0.006,REVOKED
core_breakdown,1000,500,100,49,139,48,13848,2.915,1.999,0.022,0.19,3.299,0.005,REVOKED
core_breakdown,1000,500,100,49,139,49,13849,3.022,2.096,0.024,0.195,3.33,0.014,REVOKED
core_breakdown,1000,500,100,49,139,50,13850,2.908,1.983,0.02,0.213,3.322,0.006,REVOKED
core_breakdown,1000,500,100,49,139,51,13851,2.975,2.022,0.025,0.206,3.317,0.006,REVOKED
core_breakdown,1000,500,100,49,139,52,13852,2.889,2.016,0.023,0.198,3.294,0.007,REVOKED
core_breakdown,1000,500,100,49,139,53,13853,2.928,2.026,0.023,0.192,3.332,0.006,REVOKED
core_breakdown,1000,500,100,49,139,54,13854,2.927,2.02,0.021,0.199,3.217,0.006,REVOKED
core_breakdown,1000,500,100,49,139,55,13855,2.873,1.973,0.024,0.202,3.337,0.005,REVOKED
core_breakdown,1000,500,100,49,139,56,13856,2.893,1.976,0.022,0.194,3.338,0.006,REVOKED
core_breakdown,1000,500,100,49,139,57,13857,2.983,2.01,0.024,0.196,3.401,0.006,REVOKED
core_breakdown,1000,500,100,49,139,58,13858,2.953,2.032,0.024,0.202,3.31,0.006,REVOKED
core_breakdown,1000,500,100,49,139,59,13859,2.974,2.033,0.023,0.207,3.331,0.006,REVOKED
core_breakdown,1000,500,100,49,139,60,13860,2.913,2.01,0.021,0.2,3.302,0.006,REVOKED
core_breakdown,1000,500,100,49,139,61,13861,2.955,2.03,0.022,0.22,3.384,0.005,REVOKED
core_breakdown,1000,500,100,49,139,62,13862,2.828,1.93,0.023,0.184,2.916,0.005,REVOKED
core_breakdown,1000,500,100,49,139,63,13863,2.603,1.793,0.022,0.177,2.938,0.005,REVOKED
core_breakdown,1000,500,100,49,139,64,13864,2.595,1.773,0.026,0.176,2.981,0.006,REVOKED
core_breakdown,1000,500,100,49,139,65,13865,2.603,1.782,0.028,0.177,2.869,0.005,REVOKED
core_breakdown,1000,500,100,49,139,66,13866,2.723,1.89,0.025,0.176,2.917,0.008,REVOKED
core_breakdown,1000,500,100,49,139,67,13867,2.611,1.792,0.022,0.188,2.933,0.006,REVOKED
core_breakdown,1000,500,100,49,139,68,13868,2.651,1.798,0.026,0.173,2.961,0.006,REVOKED
core_breakdown,1000,500,100,49,139,69,13869,2.581,1.773,0.022,0.173,2.902,0.006,REVOKED
core_breakdown,1000,500,100,49,139,70,13870,2.529,1.76,0.026,0.193,2.934,0.006,REVOKED
core_breakdown,1000,500,100,49,139,71,13871,2.592,1.768,0.022,0.169,2.994,0.005,REVOKED
core_breakdown,1000,500,100,49,139,72,13872,2.554,1.754,0.023,0.201,2.949,0.006,REVOKED
core_breakdown,1000,500,100,49,139,73,13873,2.577,1.785,0.022,0.177,3.123,0.006,REVOKED
core_breakdown,1000,500,100,49,139,74,13874,2.622,1.785,0.021,0.178,2.989,0.005,REVOKED
core_breakdown,1000,500,100,49,139,75,13875,2.604,1.759,0.023,0.198,3.014,0.005,REVOKED
core_breakdown,1000,500,100,49,139,76,13876,2.626,1.79,0.023,0.17,3.013,0.008,REVOKED
core_breakdown,1000,500,100,49,139,77,13877,2.698,1.867,0.024,0.173,3.308,0.005,REVOKED
core_breakdown,1000,500,100,49,139,78,13878,2.91,2.001,0.021,0.192,3.275,0.005,REVOKED
core_breakdown,1000,500,100,49,139,79,13879,2.998,2.024,0.023,0.192,3.28,0.006,REVOKED
core_breakdown,1000,500,100,49,139,80,13880,2.946,2.041,0.022,0.215,3.31,0.005,REVOKED
core_breakdown,1000,500,100,49,139,81,13881,2.928,2.015,0.024,0.203,3.308,0.006,REVOKED
core_breakdown,1000,500,100,49,139,82,13882,2.906,1.972,0.021,0.197,3.328,0.006,REVOKED
core_breakdown,1000,500,100,49,139,83,13883,2.967,2.036,0.02,0.195,3.36,0.005,REVOKED
core_breakdown,1000,500,100,49,139,84,13884,2.938,2.026,0.019,0.208,3.288,0.006,REVOKED
core_breakdown,1000,500,100,49,139,85,13885,2.978,2.06,0.02,0.202,3.316,0.006,REVOKED
core_breakdown,1000,500,100,49,139,86,13886,2.953,2.003,0.026,0.193,3.231,0.006,REVOKED
core_breakdown,1000,500,100,49,139,87,13887,3.003,2.041,0.028,0.185,3.364,0.006,REVOKED
core_breakdown,1000,500,100,49,139,88,13888,2.913,1.998,0.022,0.186,3.27,0.015,REVOKED
core_breakdown,1000,500,100,49,139,89,13889,2.938,2.028,0.023,0.205,3.366,0.006,REVOKED
core_breakdown,1000,500,100,49,139,90,13890,2.924,2.002,0.021,0.204,3.283,0.016,REVOKED
core_breakdown,1000,500,100,49,139,91,13891,2.947,2.033,0.024,0.193,3.313,0.007,REVOKED
core_breakdown,1000,500,100,49,139,92,13892,3.024,2.101,0.024,0.188,3.289,0.006,REVOKED
core_breakdown,1000,500,100,49,139,93,13893,2.945,1.998,0.019,0.197,3.257,0.006,REVOKED
core_breakdown,1000,500,100,49,139,94,13894,3.009,2.037,0.026,0.196,3.339,0.006,REVOKED
core_breakdown,1000,500,100,49,139,95,13895,2.91,1.984,0.022,0.205,3.336,0.013,REVOKED
core_breakdown,1000,500,100,49,139,96,13896,2.934,1.996,0.022,0.194,3.29,0.005,REVOKED
core_breakdown,1000,500,100,49,139,97,13897,2.948,2.022,0.024,0.202,3.294,0.022,REVOKED
core_breakdown,1000,500,100,49,139,98,13898,2.985,2.043,0.026,0.189,3.322,0.006,REVOKED
core_breakdown,1000,500,100,49,139,99,13899,2.9,1.984,0.023,0.204,3.326,0.005,REVOKED
core_breakdown,1000,500,100,49,139,100,13900,2.939,2.008,0.021,0.198,3.319,0.011,REVOKED
core_breakdown,1000,500,100,50,140,1,13901,6.629,3.936,0.265,0.39,8.429,0.07,REVOKED
core_breakdown,1000,500,100,50,140,2,13902,6.186,4.073,0.116,0.404,6.25,0.027,REVOKED
core_breakdown,1000,500,100,50,140,3,13903,4.7,3.05,0.106,0.3,4.762,0.013,REVOKED
core_breakdown,1000,500,100,50,140,4,13904,3.701,2.502,0.044,0.225,4.015,0.009,REVOKED
core_breakdown,1000,500,100,50,140,5,13905,3.61,2.449,0.037,0.234,4.002,0.009,REVOKED
core_breakdown,1000,500,100,50,140,6,13906,3.666,2.506,0.044,0.247,3.996,0.008,REVOKED
core_breakdown,1000,500,100,50,140,7,13907,3.638,2.494,0.037,0.236,4.045,0.008,REVOKED
core_breakdown,1000,500,100,50,140,8,13908,3.619,2.465,0.038,0.244,3.999,0.011,REVOKED
core_breakdown,1000,500,100,50,140,9,13909,3.688,2.472,0.05,0.229,3.828,0.008,REVOKED
core_breakdown,1000,500,100,50,140,10,13910,3.426,2.344,0.032,0.243,3.93,0.007,REVOKED
core_breakdown,1000,500,100,50,140,11,13911,3.463,2.388,0.031,0.234,3.842,0.008,REVOKED
core_breakdown,1000,500,100,50,140,12,13912,3.472,2.382,0.035,0.222,4.137,0.006,REVOKED
core_breakdown,1000,500,100,50,140,13,13913,3.456,2.34,0.033,0.219,3.624,0.015,REVOKED
core_breakdown,1000,500,100,50,140,14,13914,3.081,2.047,0.049,0.209,3.3,0.007,REVOKED
core_breakdown,1000,500,100,50,140,15,13915,3.001,2.068,0.041,0.256,3.317,0.008,REVOKED
core_breakdown,1000,500,100,50,140,16,13916,2.945,2.0,0.029,0.195,3.286,0.006,REVOKED
core_breakdown,1000,500,100,50,140,17,13917,2.988,2.016,0.035,0.194,3.305,0.007,REVOKED
core_breakdown,1000,500,100,50,140,18,13918,2.924,1.984,0.024,0.206,3.374,0.006,REVOKED
core_breakdown,1000,500,100,50,140,19,13919,2.909,1.981,0.022,0.195,3.286,0.006,REVOKED
core_breakdown,1000,500,100,50,140,20,13920,2.963,2.044,0.023,0.217,3.281,0.006,REVOKED
core_breakdown,1000,500,100,50,140,21,13921,2.895,1.971,0.019,0.192,3.372,0.007,REVOKED
core_breakdown,1000,500,100,50,140,22,13922,2.984,2.017,0.023,0.189,3.271,0.006,REVOKED
core_breakdown,1000,500,100,50,140,23,13923,2.974,1.987,0.03,0.192,2.929,0.007,REVOKED
core_breakdown,1000,500,100,50,140,24,13924,2.834,1.986,0.021,0.215,3.302,0.007,REVOKED
core_breakdown,1000,500,100,50,140,25,13925,2.899,1.988,0.026,0.192,3.24,0.007,REVOKED
core_breakdown,1000,500,100,50,140,26,13926,2.905,1.984,0.023,0.189,3.332,0.007,REVOKED
core_breakdown,1000,500,100,50,140,27,13927,2.537,1.75,0.021,0.172,2.947,0.006,REVOKED
core_breakdown,1000,500,100,50,140,28,13928,2.631,1.802,0.024,0.197,3.357,0.007,REVOKED
core_breakdown,1000,500,100,50,140,29,13929,2.949,2.021,0.029,0.183,3.497,0.006,REVOKED
core_breakdown,1000,500,100,50,140,30,13930,2.899,1.98,0.023,0.19,3.226,0.006,REVOKED
core_breakdown,1000,500,100,50,140,31,13931,2.993,2.061,0.023,0.19,3.346,0.006,REVOKED
core_breakdown,1000,500,100,50,140,32,13932,2.977,2.023,0.027,0.366,3.411,0.006,REVOKED
core_breakdown,1000,500,100,50,140,33,13933,2.935,1.993,0.021,0.226,3.363,0.006,REVOKED
core_breakdown,1000,500,100,50,140,34,13934,2.99,2.076,0.024,0.212,3.336,0.005,REVOKED
core_breakdown,1000,500,100,50,140,35,13935,2.967,2.018,0.028,0.204,3.278,0.006,REVOKED
core_breakdown,1000,500,100,50,140,36,13936,3.01,2.063,0.024,0.193,3.416,0.007,REVOKED
core_breakdown,1000,500,100,50,140,37,13937,2.961,2.012,0.024,0.191,3.311,0.006,REVOKED
core_breakdown,1000,500,100,50,140,38,13938,2.948,2.013,0.024,0.189,3.268,0.006,REVOKED
core_breakdown,1000,500,100,50,140,39,13939,2.923,1.998,0.021,0.186,3.306,0.005,REVOKED
core_breakdown,1000,500,100,50,140,40,13940,2.926,2.012,0.022,0.197,3.308,0.005,REVOKED
core_breakdown,1000,500,100,50,140,41,13941,2.956,2.055,0.025,0.2,3.394,0.007,REVOKED
core_breakdown,1000,500,100,50,140,42,13942,2.95,1.987,0.024,0.2,3.289,0.006,REVOKED
core_breakdown,1000,500,100,50,140,43,13943,2.994,2.055,0.022,0.191,3.288,0.006,REVOKED
core_breakdown,1000,500,100,50,140,44,13944,3.007,2.049,0.021,0.192,3.269,0.005,REVOKED
core_breakdown,1000,500,100,50,140,45,13945,2.908,2.006,0.023,0.194,3.33,0.006,REVOKED
core_breakdown,1000,500,100,50,140,46,13946,2.911,1.959,0.029,0.194,3.329,0.006,REVOKED
core_breakdown,1000,500,100,50,140,47,13947,3.006,2.052,0.022,0.199,3.325,0.005,REVOKED
core_breakdown,1000,500,100,50,140,48,13948,2.952,2.011,0.02,0.197,3.3,0.006,REVOKED
core_breakdown,1000,500,100,50,140,49,13949,2.933,2.002,0.023,0.191,3.319,0.011,REVOKED
core_breakdown,1000,500,100,50,140,50,13950,2.948,2.026,0.029,0.195,3.315,0.006,REVOKED
core_breakdown,1000,500,100,50,140,51,13951,2.952,2.065,0.023,0.192,3.339,0.005,REVOKED
core_breakdown,1000,500,100,50,140,52,13952,2.995,2.052,0.022,0.191,3.314,0.006,REVOKED
core_breakdown,1000,500,100,50,140,53,13953,2.964,2.027,0.022,0.192,3.263,0.006,REVOKED
core_breakdown,1000,500,100,50,140,54,13954,2.97,2.015,0.023,0.225,3.375,0.006,REVOKED
core_breakdown,1000,500,100,50,140,55,13955,3.023,2.102,0.02,0.19,3.266,0.006,REVOKED
core_breakdown,1000,500,100,50,140,56,13956,3.012,2.054,0.019,0.205,3.279,0.006,REVOKED
core_breakdown,1000,500,100,50,140,57,13957,2.927,1.983,0.026,0.196,3.279,0.012,REVOKED
core_breakdown,1000,500,100,50,140,58,13958,2.971,2.054,0.024,0.199,3.289,0.006,REVOKED
core_breakdown,1000,500,100,50,140,59,13959,2.905,1.982,0.023,0.185,3.293,0.006,REVOKED
core_breakdown,1000,500,100,50,140,60,13960,2.882,1.963,0.019,0.196,3.377,0.006,REVOKED
core_breakdown,1000,500,100,50,140,61,13961,3.12,2.169,0.02,0.207,3.355,0.006,REVOKED
core_breakdown,1000,500,100,50,140,62,13962,2.943,1.999,0.025,0.21,3.293,0.006,REVOKED
core_breakdown,1000,500,100,50,140,63,13963,2.989,2.058,0.02,0.192,3.37,0.007,REVOKED
core_breakdown,1000,500,100,50,140,64,13964,2.992,2.082,0.023,0.199,3.361,0.005,REVOKED
core_breakdown,1000,500,100,50,140,65,13965,3.04,2.092,0.02,0.203,3.34,0.01,REVOKED
core_breakdown,1000,500,100,50,140,66,13966,2.961,2.025,0.019,0.191,3.338,0.005,REVOKED
core_breakdown,1000,500,100,50,140,67,13967,2.939,2.024,0.028,0.213,3.32,0.005,REVOKED
core_breakdown,1000,500,100,50,140,68,13968,2.996,2.038,0.018,0.195,3.35,0.006,REVOKED
core_breakdown,1000,500,100,50,140,69,13969,2.929,2.013,0.022,0.215,4.236,0.007,REVOKED
core_breakdown,1000,500,100,50,140,70,13970,2.991,2.047,0.026,0.194,3.39,0.006,REVOKED
core_breakdown,1000,500,100,50,140,71,13971,3.006,2.075,0.028,0.192,3.28,0.005,REVOKED
core_breakdown,1000,500,100,50,140,72,13972,2.951,2.033,0.02,0.19,3.422,0.011,REVOKED
core_breakdown,1000,500,100,50,140,73,13973,2.956,2.036,0.018,0.212,3.434,0.005,REVOKED
core_breakdown,1000,500,100,50,140,74,13974,3.007,2.076,0.026,0.194,3.397,0.006,REVOKED
core_breakdown,1000,500,100,50,140,75,13975,2.93,1.995,0.024,0.196,3.238,0.006,REVOKED
core_breakdown,1000,500,100,50,140,76,13976,2.982,2.037,0.024,0.191,3.394,0.006,REVOKED
core_breakdown,1000,500,100,50,140,77,13977,2.994,2.059,0.022,0.198,3.318,0.005,REVOKED
core_breakdown,1000,500,100,50,140,78,13978,2.976,2.064,0.026,0.197,3.35,0.005,REVOKED
core_breakdown,1000,500,100,50,140,79,13979,3.023,2.106,0.019,0.197,3.281,0.007,REVOKED
core_breakdown,1000,500,100,50,140,80,13980,2.928,1.981,0.02,0.199,3.361,0.006,REVOKED
core_breakdown,1000,500,100,50,140,81,13981,2.961,2.01,0.027,0.221,3.321,0.006,REVOKED
core_breakdown,1000,500,100,50,140,82,13982,2.921,2.021,0.024,0.202,3.47,0.012,REVOKED
core_breakdown,1000,500,100,50,140,83,13983,3.018,2.101,0.026,0.204,3.348,0.006,REVOKED
core_breakdown,1000,500,100,50,140,84,13984,2.956,2.035,0.023,0.231,3.383,0.006,REVOKED
core_breakdown,1000,500,100,50,140,85,13985,2.918,1.999,0.022,0.222,3.27,0.006,REVOKED
core_breakdown,1000,500,100,50,140,86,13986,2.91,1.99,0.02,0.189,3.332,0.006,REVOKED
core_breakdown,1000,500,100,50,140,87,13987,3.055,2.085,0.02,0.192,3.342,0.006,REVOKED
core_breakdown,1000,500,100,50,140,88,13988,3.066,2.042,0.019,0.189,3.485,0.006,REVOKED
core_breakdown,1000,500,100,50,140,89,13989,2.995,2.05,0.023,0.194,3.371,0.006,REVOKED
core_breakdown,1000,500,100,50,140,90,13990,2.993,2.025,0.025,0.208,3.277,0.005,REVOKED
core_breakdown,1000,500,100,50,140,91,13991,3.049,2.089,0.027,0.196,3.299,0.006,REVOKED
core_breakdown,1000,500,100,50,140,92,13992,3.004,2.064,0.024,0.199,3.347,0.006,REVOKED
core_breakdown,1000,500,100,50,140,93,13993,2.961,2.017,0.021,0.194,3.362,0.005,REVOKED
core_breakdown,1000,500,100,50,140,94,13994,3.039,2.08,0.026,0.196,3.377,0.006,REVOKED
core_breakdown,1000,500,100,50,140,95,13995,2.954,2.031,0.028,0.195,3.385,0.006,REVOKED
core_breakdown,1000,500,100,50,140,96,13996,2.95,2.014,0.019,0.189,3.32,0.019,REVOKED
core_breakdown,1000,500,100,50,140,97,13997,2.987,2.051,0.03,0.191,3.285,0.013,REVOKED
core_breakdown,1000,500,100,50,140,98,13998,2.992,2.05,0.021,0.203,3.342,0.006,REVOKED
core_breakdown,1000,500,100,50,140,99,13999,3.063,2.079,0.024,0.196,3.318,0.005,REVOKED
core_breakdown,1000,500,100,50,140,100,14000,3.013,2.075,0.026,0.196,3.412,0.006,REVOKED
