scenario,poller_interval_ms,scheduler_interval_ms,requested_session_count,iteration,trigger_event_id,session_sequence,session_id,reevaluation_duration_ms,pip_fetch_ms,pdp_evaluate_ms,revoke_update_ms,post_processing_ms,revoke_publish_ms,final_status
core_breakdown,1000,500,50,1,91,1,4501,6.39,3.853,0.155,0.491,6.039,0.033,REVOKED
core_breakdown,1000,500,50,1,91,2,4502,4.806,3.209,0.098,0.33,5.11,0.021,REVOKED
core_breakdown,1000,500,50,1,91,3,4503,4.619,3.151,0.076,0.304,5.162,0.018,REVOKED
core_breakdown,1000,500,50,1,91,4,4504,4.433,3.057,0.054,0.26,4.294,0.011,REVOKED
core_breakdown,1000,500,50,1,91,5,4505,3.917,2.701,0.052,0.304,4.265,0.007,REVOKED
core_breakdown,1000,500,50,1,91,6,4506,3.954,2.773,0.051,0.263,4.117,0.007,REVOKED
core_breakdown,1000,500,50,1,91,7,4507,3.84,2.607,0.056,0.256,3.897,0.008,REVOKED
core_breakdown,1000,500,50,1,91,8,4508,3.555,2.419,0.032,0.213,3.998,0.008,REVOKED
core_breakdown,1000,500,50,1,91,9,4509,3.535,2.392,0.048,0.224,3.907,0.008,REVOKED
core_breakdown,1000,500,50,1,91,10,4510,3.512,2.398,0.035,0.244,4.025,0.006,REVOKED
core_breakdown,1000,500,50,1,91,11,4511,3.604,2.445,0.031,0.236,3.875,0.007,REVOKED
core_breakdown,1000,500,50,1,91,12,4512,3.46,2.389,0.029,0.219,4.22,0.015,REVOKED
core_breakdown,1000,500,50,1,91,13,4513,3.76,2.497,0.056,0.258,3.882,0.011,REVOKED
core_breakdown,1000,500,50,1,91,14,4514,3.565,2.479,0.028,0.225,3.903,0.008,REVOKED
core_breakdown,1000,500,50,1,91,15,4515,3.444,2.351,0.034,0.232,3.743,0.006,REVOKED
core_breakdown,1000,500,50,1,91,16,4516,3.404,2.347,0.029,0.235,3.865,0.006,REVOKED
core_breakdown,1000,500,50,1,91,17,4517,3.63,2.49,0.075,0.235,3.668,0.018,REVOKED
core_breakdown,1000,500,50,1,91,18,4518,2.756,1.864,0.038,0.177,3.495,0.009,REVOKED
core_breakdown,1000,500,50,1,91,19,4519,3.018,2.012,0.057,0.196,3.38,0.009,REVOKED
core_breakdown,1000,500,50,1,91,20,4520,3.016,2.052,0.029,0.204,3.519,0.008,REVOKED
core_breakdown,1000,500,50,1,91,21,4521,3.08,2.115,0.026,0.22,3.568,0.021,REVOKED
core_breakdown,1000,500,50,1,91,22,4522,3.134,2.109,0.025,0.211,3.512,0.008,REVOKED
core_breakdown,1000,500,50,1,91,23,4523,3.021,2.065,0.033,0.202,3.624,0.007,REVOKED
core_breakdown,1000,500,50,1,91,24,4524,3.159,2.128,0.027,0.229,3.481,0.007,REVOKED
core_breakdown,1000,500,50,1,91,25,4525,3.042,2.08,0.026,0.211,3.401,0.014,REVOKED
core_breakdown,1000,500,50,1,91,26,4526,3.03,2.096,0.029,0.197,3.48,0.007,REVOKED
core_breakdown,1000,500,50,1,91,27,4527,3.014,2.076,0.029,0.199,3.48,0.006,REVOKED
core_breakdown,1000,500,50,1,91,28,4528,3.124,2.134,0.032,0.193,3.493,0.007,REVOKED
core_breakdown,1000,500,50,1,91,29,4529,3.109,2.123,0.043,0.208,3.404,0.006,REVOKED
core_breakdown,1000,500,50,1,91,30,4530,3.018,2.057,0.029,0.271,3.521,0.006,REVOKED
core_breakdown,1000,500,50,1,91,31,4531,3.054,2.124,0.026,0.198,3.546,0.008,REVOKED
core_breakdown,1000,500,50,1,91,32,4532,3.06,2.072,0.029,0.207,3.488,0.007,REVOKED
core_breakdown,1000,500,50,1,91,33,4533,3.072,2.124,0.027,0.211,3.43,0.006,REVOKED
core_breakdown,1000,500,50,1,91,34,4534,3.072,2.134,0.027,0.208,3.532,0.006,REVOKED
core_breakdown,1000,500,50,1,91,35,4535,3.028,2.038,0.029,0.197,3.371,0.007,REVOKED
core_breakdown,1000,500,50,1,91,36,4536,3.014,2.084,0.028,0.195,3.403,0.006,REVOKED
core_breakdown,1000,500,50,1,91,37,4537,3.243,2.144,0.027,0.214,3.443,0.008,REVOKED
core_breakdown,1000,500,50,1,91,38,4538,3.027,2.079,0.026,0.208,3.527,0.007,REVOKED
core_breakdown,1000,500,50,1,91,39,4539,3.047,2.111,0.032,0.201,3.653,0.006,REVOKED
core_breakdown,1000,500,50,1,91,40,4540,3.163,2.137,0.025,0.223,3.732,0.007,REVOKED
core_breakdown,1000,500,50,1,91,41,4541,3.225,2.25,0.024,0.207,3.696,0.006,REVOKED
core_breakdown,1000,500,50,1,91,42,4542,3.175,2.164,0.021,0.21,3.56,0.007,REVOKED
core_breakdown,1000,500,50,1,91,43,4543,2.605,1.797,0.022,0.179,3.431,0.006,REVOKED
core_breakdown,1000,500,50,1,91,44,4544,3.016,2.043,0.028,0.197,3.39,0.008,REVOKED
core_breakdown,1000,500,50,1,91,45,4545,3.009,2.086,0.024,0.194,3.391,0.006,REVOKED
core_breakdown,1000,500,50,1,91,46,4546,3.02,2.065,0.024,0.201,3.354,0.006,REVOKED
core_breakdown,1000,500,50,1,91,47,4547,2.939,2.015,0.026,0.25,3.37,0.007,REVOKED
core_breakdown,1000,500,50,1,91,48,4548,3.028,2.089,0.029,0.198,3.436,0.006,REVOKED
core_breakdown,1000,500,50,1,91,49,4549,3.036,2.078,0.025,0.182,3.378,0.014,REVOKED
core_breakdown,1000,500,50,1,91,50,4550,3.0,2.016,0.025,0.197,3.317,0.005,REVOKED
core_breakdown,1000,500,50,2,92,1,4551,5.033,3.225,0.106,0.365,5.656,0.031,REVOKED
core_breakdown,1000,500,50,2,92,2,4552,4.787,3.304,0.043,0.338,5.108,0.021,REVOKED
core_breakdown,1000,500,50,2,92,3,4553,4.702,3.169,0.139,0.28,4.52,0.015,REVOKED
core_breakdown,1000,500,50,2,92,4,4554,3.926,2.626,0.037,0.228,4.214,0.01,REVOKED
core_breakdown,1000,500,50,2,92,5,4555,3.688,2.5,0.043,0.239,4.104,0.008,REVOKED
core_breakdown,1000,500,50,2,92,6,4556,3.6,2.418,0.038,0.241,3.827,0.006,REVOKED
core_breakdown,1000,500,50,2,92,7,4557,3.47,2.352,0.032,0.216,3.897,0.008,REVOKED
core_breakdown,1000,500,50,2,92,8,4558,3.324,2.29,0.026,0.216,3.67,0.006,REVOKED
core_breakdown,1000,500,50,2,92,9,4559,3.331,2.309,0.029,0.217,3.85,0.007,REVOKED
core_breakdown,1000,500,50,2,92,10,4560,3.609,2.457,0.058,0.219,3.765,0.007,REVOKED
core_breakdown,1000,500,50,2,92,11,4561,3.418,2.331,0.035,0.247,3.762,0.006,REVOKED
core_breakdown,1000,500,50,2,92,12,4562,3.426,2.323,0.042,0.229,3.765,0.008,REVOKED
core_breakdown,1000,500,50,2,92,13,4563,3.311,2.266,0.035,0.223,3.754,0.014,REVOKED
core_breakdown,1000,500,50,2,92,14,4564,3.441,2.372,0.058,0.256,3.462,0.012,REVOKED
core_breakdown,1000,500,50,2,92,15,4565,3.205,2.186,0.042,0.208,3.646,0.01,REVOKED
core_breakdown,1000,500,50,2,92,16,4566,3.091,2.138,0.029,0.215,3.671,0.018,REVOKED
core_breakdown,1000,500,50,2,92,17,4567,3.093,2.055,0.032,0.205,3.551,0.007,REVOKED
core_breakdown,1000,500,50,2,92,18,4568,3.071,2.102,0.03,0.221,3.472,0.007,REVOKED
core_breakdown,1000,500,50,2,92,19,4569,3.118,2.128,0.03,0.218,3.525,0.008,REVOKED
core_breakdown,1000,500,50,2,92,20,4570,3.167,2.166,0.029,0.184,3.111,0.008,REVOKED
core_breakdown,1000,500,50,2,92,21,4571,3.172,2.154,0.026,0.212,3.558,0.008,REVOKED
core_breakdown,1000,500,50,2,92,22,4572,3.1,2.104,0.026,0.2,3.46,0.008,REVOKED
core_breakdown,1000,500,50,2,92,23,4573,3.037,2.086,0.024,0.205,3.712,0.007,REVOKED
core_breakdown,1000,500,50,2,92,24,4574,3.078,2.097,0.033,0.231,3.635,0.011,REVOKED
core_breakdown,1000,500,50,2,92,25,4575,3.074,2.08,0.03,0.203,3.438,0.012,REVOKED
core_breakdown,1000,500,50,2,92,26,4576,3.046,2.093,0.027,0.211,3.463,0.007,REVOKED
core_breakdown,1000,500,50,2,92,27,4577,2.987,2.042,0.024,0.202,3.465,0.006,REVOKED
core_breakdown,1000,500,50,2,92,28,4578,3.278,2.251,0.031,0.223,3.723,0.007,REVOKED
core_breakdown,1000,500,50,2,92,29,4579,3.127,2.098,0.027,0.194,3.404,0.006,REVOKED
core_breakdown,1000,500,50,2,92,30,4580,3.045,2.062,0.024,0.19,3.425,0.006,REVOKED
core_breakdown,1000,500,50,2,92,31,4581,3.057,2.093,0.024,0.202,3.448,0.007,REVOKED
core_breakdown,1000,500,50,2,92,32,4582,3.061,2.111,0.03,0.216,3.373,0.007,REVOKED
core_breakdown,1000,500,50,2,92,33,4583,2.998,2.078,0.025,0.197,3.395,0.007,REVOKED
core_breakdown,1000,500,50,2,92,34,4584,3.016,2.061,0.031,0.199,3.474,0.007,REVOKED
core_breakdown,1000,500,50,2,92,35,4585,2.963,2.017,0.027,0.199,3.422,0.007,REVOKED
core_breakdown,1000,500,50,2,92,36,4586,3.119,2.102,0.025,0.191,3.495,0.007,REVOKED
core_breakdown,1000,500,50,2,92,37,4587,3.081,2.104,0.033,0.386,3.57,0.006,REVOKED
core_breakdown,1000,500,50,2,92,38,4588,3.161,2.188,0.031,0.215,3.372,0.007,REVOKED
core_breakdown,1000,500,50,2,92,39,4589,3.025,2.076,0.024,0.206,3.446,0.007,REVOKED
core_breakdown,1000,500,50,2,92,40,4590,3.018,2.054,0.028,0.227,3.512,0.021,REVOKED
core_breakdown,1000,500,50,2,92,41,4591,2.977,2.032,0.029,0.199,3.411,0.006,REVOKED
core_breakdown,1000,500,50,2,92,42,4592,3.177,2.18,0.036,0.311,3.563,0.008,REVOKED
core_breakdown,1000,500,50,2,92,43,4593,3.064,2.099,0.027,0.199,3.43,0.006,REVOKED
core_breakdown,1000,500,50,2,92,44,4594,3.063,2.098,0.028,0.255,3.674,0.006,REVOKED
core_breakdown,1000,500,50,2,92,45,4595,3.229,2.201,0.03,0.2,3.383,0.007,REVOKED
core_breakdown,1000,500,50,2,92,46,4596,2.792,1.875,0.024,0.213,3.6,0.007,REVOKED
core_breakdown,1000,500,50,2,92,47,4597,3.102,2.125,0.029,0.202,3.482,0.006,REVOKED
core_breakdown,1000,500,50,2,92,48,4598,3.102,2.145,0.026,0.222,3.676,0.007,REVOKED
core_breakdown,1000,500,50,2,92,49,4599,3.154,2.158,0.027,0.206,3.366,0.013,REVOKED
core_breakdown,1000,500,50,2,92,50,4600,3.063,2.087,0.026,0.198,3.504,0.007,REVOKED
core_breakdown,1000,500,50,3,93,1,4601,6.924,4.208,0.295,0.473,7.009,0.056,REVOKED
core_breakdown,1000,500,50,3,93,2,4602,5.337,3.527,0.162,0.405,5.833,0.023,REVOKED
core_breakdown,1000,500,50,3,93,3,4603,3.922,2.696,0.052,0.249,4.297,0.012,REVOKED
core_breakdown,1000,500,50,3,93,4,4604,3.469,2.377,0.046,0.233,3.826,0.009,REVOKED
core_breakdown,1000,500,50,3,93,5,4605,3.277,2.23,0.036,0.216,3.858,0.008,REVOKED
core_breakdown,1000,500,50,3,93,6,4606,3.209,2.186,0.036,0.21,4.923,0.009,REVOKED
core_breakdown,1000,500,50,3,93,7,4607,3.302,2.224,0.029,0.269,3.961,0.016,REVOKED
core_breakdown,1000,500,50,3,93,8,4608,3.191,2.167,0.044,0.244,3.737,0.01,REVOKED
core_breakdown,1000,500,50,3,93,9,4609,3.349,2.291,0.031,0.261,3.801,0.008,REVOKED
core_breakdown,1000,500,50,3,93,10,4610,3.318,2.233,0.049,0.22,3.717,0.007,REVOKED
core_breakdown,1000,500,50,3,93,11,4611,3.044,2.063,0.029,0.219,3.623,0.007,REVOKED
core_breakdown,1000,500,50,3,93,12,4612,3.177,2.194,0.031,0.242,3.657,0.008,REVOKED
core_breakdown,1000,500,50,3,93,13,4613,3.291,2.267,0.037,0.22,3.572,0.008,REVOKED
core_breakdown,1000,500,50,3,93,14,4614,3.203,2.184,0.03,0.214,3.684,0.008,REVOKED
core_breakdown,1000,500,50,3,93,15,4615,3.289,2.317,0.029,0.285,3.914,0.007,REVOKED
core_breakdown,1000,500,50,3,93,16,4616,3.336,2.304,0.025,0.239,3.959,0.007,REVOKED
core_breakdown,1000,500,50,3,93,17,4617,3.49,2.387,0.028,0.239,3.963,0.007,REVOKED
core_breakdown,1000,500,50,3,93,18,4618,3.178,2.166,0.033,0.233,3.558,0.006,REVOKED
core_breakdown,1000,500,50,3,93,19,4619,3.125,2.102,0.026,0.202,3.649,0.006,REVOKED
core_breakdown,1000,500,50,3,93,20,4620,3.309,2.187,0.025,0.229,3.558,0.007,REVOKED
core_breakdown,1000,500,50,3,93,21,4621,3.163,2.146,0.032,0.246,3.558,0.008,REVOKED
core_breakdown,1000,500,50,3,93,22,4622,3.149,2.149,0.025,0.23,3.51,0.007,REVOKED
core_breakdown,1000,500,50,3,93,23,4623,3.19,2.212,0.027,0.191,3.112,0.007,REVOKED
core_breakdown,1000,500,50,3,93,24,4624,2.798,1.835,0.032,0.182,3.133,0.007,REVOKED
core_breakdown,1000,500,50,3,93,25,4625,2.621,1.765,0.031,0.187,3.131,0.012,REVOKED
core_breakdown,1000,500,50,3,93,26,4626,2.849,1.971,0.038,0.188,3.083,0.006,REVOKED
core_breakdown,1000,500,50,3,93,27,4627,2.658,1.805,0.03,0.176,3.052,0.006,REVOKED
core_breakdown,1000,500,50,3,93,28,4628,2.756,1.888,0.026,0.203,3.095,0.006,REVOKED
core_breakdown,1000,500,50,3,93,29,4629,2.648,1.819,0.025,0.187,3.232,0.007,REVOKED
core_breakdown,1000,500,50,3,93,30,4630,2.653,1.803,0.027,0.177,3.215,0.007,REVOKED
core_breakdown,1000,500,50,3,93,31,4631,2.763,1.84,0.03,0.184,3.038,0.007,REVOKED
core_breakdown,1000,500,50,3,93,32,4632,2.832,1.903,0.032,0.18,3.207,0.007,REVOKED
core_breakdown,1000,500,50,3,93,33,4633,2.683,1.87,0.029,0.178,3.11,0.007,REVOKED
core_breakdown,1000,500,50,3,93,34,4634,2.712,1.849,0.043,0.175,3.341,0.007,REVOKED
core_breakdown,1000,500,50,3,93,35,4635,2.692,1.856,0.024,0.187,3.13,0.007,REVOKED
core_breakdown,1000,500,50,3,93,36,4636,2.634,1.802,0.026,0.21,3.176,0.006,REVOKED
core_breakdown,1000,500,50,3,93,37,4637,2.711,1.789,0.029,0.215,3.131,0.007,REVOKED
core_breakdown,1000,500,50,3,93,38,4638,2.666,1.819,0.028,0.182,3.16,0.007,REVOKED
core_breakdown,1000,500,50,3,93,39,4639,2.82,1.974,0.028,0.226,2.946,0.013,REVOKED
core_breakdown,1000,500,50,3,93,40,4640,2.639,1.805,0.03,0.221,3.032,0.006,REVOKED
core_breakdown,1000,500,50,3,93,41,4641,2.694,1.821,0.028,0.194,3.453,0.007,REVOKED
core_breakdown,1000,500,50,3,93,42,4642,2.887,1.948,0.027,0.175,3.159,0.006,REVOKED
core_breakdown,1000,500,50,3,93,43,4643,3.099,2.087,0.028,0.182,3.428,0.007,REVOKED
core_breakdown,1000,500,50,3,93,44,4644,3.208,2.197,0.028,0.185,3.49,0.006,REVOKED
core_breakdown,1000,500,50,3,93,45,4645,3.03,2.068,0.029,0.249,3.526,0.006,REVOKED
core_breakdown,1000,500,50,3,93,46,4646,3.046,2.112,0.031,0.183,3.187,0.007,REVOKED
core_breakdown,1000,500,50,3,93,47,4647,2.724,1.839,0.033,0.206,3.226,0.019,REVOKED
core_breakdown,1000,500,50,3,93,48,4648,2.664,1.8,0.026,0.186,3.048,0.006,REVOKED
core_breakdown,1000,500,50,3,93,49,4649,2.68,1.8,0.028,0.178,3.13,0.026,REVOKED
core_breakdown,1000,500,50,3,93,50,4650,2.617,1.786,0.029,0.182,3.081,0.006,REVOKED
core_breakdown,1000,500,50,4,94,1,4651,5.646,3.531,0.262,0.494,7.86,0.067,REVOKED
core_breakdown,1000,500,50,4,94,2,4652,6.417,4.119,0.145,0.485,5.867,0.026,REVOKED
core_breakdown,1000,500,50,4,94,3,4653,4.133,2.647,0.037,0.258,4.949,0.013,REVOKED
core_breakdown,1000,500,50,4,94,4,4654,3.965,2.666,0.089,0.339,8.787,0.02,REVOKED
core_breakdown,1000,500,50,4,94,5,4655,4.198,2.603,0.133,0.324,4.517,0.012,REVOKED
core_breakdown,1000,500,50,4,94,6,4656,4.361,3.129,0.097,0.352,4.745,0.017,REVOKED
core_breakdown,1000,500,50,4,94,7,4657,4.244,3.01,0.041,0.366,5.263,0.012,REVOKED
core_breakdown,1000,500,50,4,94,8,4658,3.553,2.366,0.034,0.246,4.961,0.009,REVOKED
core_breakdown,1000,500,50,4,94,9,4659,3.654,2.527,0.062,0.287,4.305,0.012,REVOKED
core_breakdown,1000,500,50,4,94,10,4660,3.732,2.581,0.029,0.242,3.963,0.014,REVOKED
core_breakdown,1000,500,50,4,94,11,4661,3.658,2.533,0.064,0.295,4.576,0.011,REVOKED
core_breakdown,1000,500,50,4,94,12,4662,3.764,2.617,0.027,0.227,4.37,0.011,REVOKED
core_breakdown,1000,500,50,4,94,13,4663,8.689,7.404,0.061,0.287,4.045,0.013,REVOKED
core_breakdown,1000,500,50,4,94,14,4664,3.5,2.311,0.052,0.255,4.075,0.01,REVOKED
core_breakdown,1000,500,50,4,94,15,4665,3.59,2.448,0.038,0.258,3.931,0.007,REVOKED
core_breakdown,1000,500,50,4,94,16,4666,3.528,2.414,0.028,0.224,3.834,0.006,REVOKED
core_breakdown,1000,500,50,4,94,17,4667,3.446,2.34,0.03,0.242,3.766,0.006,REVOKED
core_breakdown,1000,500,50,4,94,18,4668,3.118,2.042,0.029,0.199,3.774,0.009,REVOKED
core_breakdown,1000,500,50,4,94,19,4669,3.582,2.438,0.04,0.245,4.038,0.009,REVOKED
core_breakdown,1000,500,50,4,94,20,4670,3.615,2.506,0.037,0.224,3.929,0.007,REVOKED
core_breakdown,1000,500,50,4,94,21,4671,3.662,2.499,0.092,0.232,3.662,0.015,REVOKED
core_breakdown,1000,500,50,4,94,22,4672,3.16,2.147,0.053,0.221,3.513,0.012,REVOKED
core_breakdown,1000,500,50,4,94,23,4673,3.208,2.188,0.036,0.201,3.594,0.009,REVOKED
core_breakdown,1000,500,50,4,94,24,4674,3.116,2.128,0.038,0.219,3.583,0.007,REVOKED
core_breakdown,1000,500,50,4,94,25,4675,3.235,2.217,0.03,0.213,3.627,0.011,REVOKED
core_breakdown,1000,500,50,4,94,26,4676,3.178,2.199,0.028,0.227,3.461,0.007,REVOKED
core_breakdown,1000,500,50,4,94,27,4677,3.095,2.11,0.04,0.213,3.557,0.007,REVOKED
core_breakdown,1000,500,50,4,94,28,4678,3.111,2.129,0.025,0.21,3.464,0.008,REVOKED
core_breakdown,1000,500,50,4,94,29,4679,3.043,2.053,0.027,0.206,3.503,0.008,REVOKED
core_breakdown,1000,500,50,4,94,30,4680,3.106,2.123,0.025,0.202,3.55,0.007,REVOKED
core_breakdown,1000,500,50,4,94,31,4681,3.094,2.141,0.034,0.223,3.461,0.007,REVOKED
core_breakdown,1000,500,50,4,94,32,4682,3.104,2.101,0.031,0.214,3.463,0.007,REVOKED
core_breakdown,1000,500,50,4,94,33,4683,3.087,2.129,0.028,0.195,3.563,0.007,REVOKED
core_breakdown,1000,500,50,4,94,34,4684,3.147,2.142,0.027,0.215,3.439,0.007,REVOKED
core_breakdown,1000,500,50,4,94,35,4685,3.147,2.178,0.025,0.235,4.003,0.008,REVOKED
core_breakdown,1000,500,50,4,94,36,4686,3.356,2.287,0.034,0.229,3.553,0.007,REVOKED
core_breakdown,1000,500,50,4,94,37,4687,3.443,2.427,0.035,0.204,3.586,0.007,REVOKED
core_breakdown,1000,500,50,4,94,38,4688,2.977,2.067,0.027,0.227,3.386,0.006,REVOKED
core_breakdown,1000,500,50,4,94,39,4689,2.976,2.044,0.031,0.208,3.348,0.009,REVOKED
core_breakdown,1000,500,50,4,94,40,4690,2.935,2.01,0.031,0.188,3.257,0.007,REVOKED
core_breakdown,1000,500,50,4,94,41,4691,2.917,2.006,0.022,0.195,3.402,0.006,REVOKED
core_breakdown,1000,500,50,4,94,42,4692,2.898,1.978,0.022,0.182,2.889,0.006,REVOKED
core_breakdown,1000,500,50,4,94,43,4693,2.912,1.972,0.028,0.191,3.34,0.006,REVOKED
core_breakdown,1000,500,50,4,94,44,4694,2.929,1.998,0.028,0.197,3.24,0.005,REVOKED
core_breakdown,1000,500,50,4,94,45,4695,2.878,1.98,0.025,0.203,3.253,0.006,REVOKED
core_breakdown,1000,500,50,4,94,46,4696,2.946,2.017,0.023,0.196,3.249,0.007,REVOKED
core_breakdown,1000,500,50,4,94,47,4697,3.035,2.142,0.023,0.188,3.328,0.007,REVOKED
core_breakdown,1000,500,50,4,94,48,4698,2.927,2.012,0.023,0.191,3.362,0.005,REVOKED
core_breakdown,1000,500,50,4,94,49,4699,2.918,2.008,0.026,0.195,3.291,0.01,REVOKED
core_breakdown,1000,500,50,4,94,50,4700,2.897,1.981,0.023,0.2,3.236,0.005,REVOKED
core_breakdown,1000,500,50,5,95,1,4701,6.391,4.014,0.272,0.498,6.713,0.046,REVOKED
core_breakdown,1000,500,50,5,95,2,4702,5.5,3.624,0.151,0.3,5.483,0.029,REVOKED
core_breakdown,1000,500,50,5,95,3,4703,4.406,2.934,0.095,0.334,4.959,0.021,REVOKED
core_breakdown,1000,500,50,5,95,4,4704,4.879,3.317,0.082,0.232,4.64,0.012,REVOKED
core_breakdown,1000,500,50,5,95,5,4705,4.143,2.812,0.052,0.266,4.518,0.012,REVOKED
core_breakdown,1000,500,50,5,95,6,4706,4.061,2.757,0.054,0.279,4.467,0.011,REVOKED
core_breakdown,1000,500,50,5,95,7,4707,4.098,2.796,0.054,0.262,4.238,0.018,REVOKED
core_breakdown,1000,500,50,5,95,8,4708,3.761,2.565,0.064,0.252,4.012,0.018,REVOKED
core_breakdown,1000,500,50,5,95,9,4709,4.529,3.004,0.09,0.255,4.088,0.015,REVOKED
core_breakdown,1000,500,50,5,95,10,4710,3.712,2.503,0.055,0.248,3.93,0.008,REVOKED
core_breakdown,1000,500,50,5,95,11,4711,3.497,2.357,0.04,0.226,4.166,0.008,REVOKED
core_breakdown,1000,500,50,5,95,12,4712,3.307,2.248,0.035,0.229,3.488,0.006,REVOKED
core_breakdown,1000,500,50,5,95,13,4713,3.481,2.4,0.04,0.223,3.935,0.015,REVOKED
core_breakdown,1000,500,50,5,95,14,4714,3.518,2.36,0.08,0.229,3.562,0.017,REVOKED
core_breakdown,1000,500,50,5,95,15,4715,3.104,2.121,0.027,0.201,3.417,0.011,REVOKED
core_breakdown,1000,500,50,5,95,16,4716,2.746,1.892,0.036,0.184,2.98,0.008,REVOKED
core_breakdown,1000,500,50,5,95,17,4717,2.897,2.051,0.023,0.234,3.372,0.006,REVOKED
core_breakdown,1000,500,50,5,95,18,4718,3.003,2.033,0.028,0.204,3.448,0.008,REVOKED
core_breakdown,1000,500,50,5,95,19,4719,3.177,2.163,0.036,0.233,3.558,0.008,REVOKED
core_breakdown,1000,500,50,5,95,20,4720,3.265,2.249,0.033,0.209,3.695,0.01,REVOKED
core_breakdown,1000,500,50,5,95,21,4721,2.878,1.954,0.042,0.191,3.224,0.01,REVOKED
core_breakdown,1000,500,50,5,95,22,4722,3.193,2.184,0.028,0.224,3.647,0.008,REVOKED
core_breakdown,1000,500,50,5,95,23,4723,3.249,2.256,0.036,0.21,3.704,0.008,REVOKED
core_breakdown,1000,500,50,5,95,24,4724,3.39,2.303,0.033,0.211,5.574,0.012,REVOKED
core_breakdown,1000,500,50,5,95,25,4725,5.196,3.399,0.12,0.212,3.229,0.012,REVOKED
core_breakdown,1000,500,50,5,95,26,4726,3.017,2.028,0.033,0.201,3.431,0.007,REVOKED
core_breakdown,1000,500,50,5,95,27,4727,3.091,2.083,0.027,0.214,3.51,0.007,REVOKED
core_breakdown,1000,500,50,5,95,28,4728,2.975,2.003,0.032,0.19,3.456,0.006,REVOKED
core_breakdown,1000,500,50,5,95,29,4729,3.058,2.073,0.024,0.191,3.417,0.006,REVOKED
core_breakdown,1000,500,50,5,95,30,4730,2.965,2.012,0.022,0.172,2.95,0.007,REVOKED
core_breakdown,1000,500,50,5,95,31,4731,2.562,1.72,0.03,0.174,3.318,0.007,REVOKED
core_breakdown,1000,500,50,5,95,32,4732,2.981,2.026,0.03,0.194,3.44,0.007,REVOKED
core_breakdown,1000,500,50,5,95,33,4733,2.822,1.916,0.025,0.177,3.091,0.006,REVOKED
core_breakdown,1000,500,50,5,95,34,4734,2.646,1.827,0.023,0.173,2.948,0.008,REVOKED
core_breakdown,1000,500,50,5,95,35,4735,2.612,1.739,0.023,0.176,3.035,0.006,REVOKED
core_breakdown,1000,500,50,5,95,36,4736,2.66,1.803,0.022,0.17,3.075,0.006,REVOKED
core_breakdown,1000,500,50,5,95,37,4737,2.57,1.772,0.021,0.182,3.039,0.007,REVOKED
core_breakdown,1000,500,50,5,95,38,4738,2.792,1.938,0.024,0.202,3.339,0.006,REVOKED
core_breakdown,1000,500,50,5,95,39,4739,3.039,2.062,0.021,0.205,3.415,0.006,REVOKED
core_breakdown,1000,500,50,5,95,40,4740,2.942,2.008,0.023,0.202,3.302,0.006,REVOKED
core_breakdown,1000,500,50,5,95,41,4741,3.424,1.78,0.025,0.173,2.932,0.006,REVOKED
core_breakdown,1000,500,50,5,95,42,4742,2.464,1.679,0.019,0.165,2.938,0.005,REVOKED
core_breakdown,1000,500,50,5,95,43,4743,2.96,2.006,0.026,0.207,3.304,0.006,REVOKED
core_breakdown,1000,500,50,5,95,44,4744,2.917,2.012,0.022,0.191,3.304,0.005,REVOKED
core_breakdown,1000,500,50,5,95,45,4745,2.872,1.975,0.025,0.201,3.26,0.007,REVOKED
core_breakdown,1000,500,50,5,95,46,4746,2.962,1.993,0.024,0.205,3.236,0.006,REVOKED
core_breakdown,1000,500,50,5,95,47,4747,2.88,1.96,0.022,0.194,3.368,0.005,REVOKED
core_breakdown,1000,500,50,5,95,48,4748,2.557,1.758,0.026,0.177,3.036,0.006,REVOKED
core_breakdown,1000,500,50,5,95,49,4749,2.653,1.819,0.025,0.178,2.977,0.011,REVOKED
core_breakdown,1000,500,50,5,95,50,4750,2.608,1.76,0.021,0.175,3.067,0.005,REVOKED
core_breakdown,1000,500,50,6,96,1,4751,4.642,3.066,0.101,0.325,4.773,0.022,REVOKED
core_breakdown,1000,500,50,6,96,2,4752,3.865,2.53,0.123,0.34,5.061,0.02,REVOKED
core_breakdown,1000,500,50,6,96,3,4753,3.542,2.467,0.05,0.212,4.143,0.011,REVOKED
core_breakdown,1000,500,50,6,96,4,4754,3.235,2.186,0.038,0.214,3.613,0.007,REVOKED
core_breakdown,1000,500,50,6,96,5,4755,3.116,2.107,0.038,0.208,3.521,0.013,REVOKED
core_breakdown,1000,500,50,6,96,6,4756,3.261,2.233,0.05,0.292,3.567,0.007,REVOKED
core_breakdown,1000,500,50,6,96,7,4757,3.047,2.031,0.029,0.211,3.413,0.008,REVOKED
core_breakdown,1000,500,50,6,96,8,4758,3.073,2.034,0.035,0.198,3.395,0.008,REVOKED
core_breakdown,1000,500,50,6,96,9,4759,3.153,2.133,0.036,0.194,3.491,0.007,REVOKED
core_breakdown,1000,500,50,6,96,10,4760,3.022,2.052,0.027,0.194,3.397,0.007,REVOKED
core_breakdown,1000,500,50,6,96,11,4761,3.002,2.03,0.028,0.209,3.302,0.006,REVOKED
core_breakdown,1000,500,50,6,96,12,4762,3.072,2.101,0.024,0.204,3.569,0.006,REVOKED
core_breakdown,1000,500,50,6,96,13,4763,3.103,2.132,0.029,0.229,3.584,0.007,REVOKED
core_breakdown,1000,500,50,6,96,14,4764,3.257,2.171,0.03,0.223,3.58,0.007,REVOKED
core_breakdown,1000,500,50,6,96,15,4765,3.073,2.076,0.025,0.216,3.538,0.006,REVOKED
core_breakdown,1000,500,50,6,96,16,4766,3.185,2.218,0.022,0.229,3.642,0.005,REVOKED
core_breakdown,1000,500,50,6,96,17,4767,3.158,2.138,0.028,0.187,2.999,0.007,REVOKED
core_breakdown,1000,500,50,6,96,18,4768,2.577,1.734,0.023,0.169,3.03,0.006,REVOKED
core_breakdown,1000,500,50,6,96,19,4769,2.626,1.794,0.029,0.16,2.632,0.007,REVOKED
core_breakdown,1000,500,50,6,96,20,4770,2.604,1.782,0.025,0.178,3.022,0.006,REVOKED
core_breakdown,1000,500,50,6,96,21,4771,2.616,1.798,0.027,0.188,3.02,0.007,REVOKED
core_breakdown,1000,500,50,6,96,22,4772,2.554,1.751,0.025,0.172,3.093,0.007,REVOKED
core_breakdown,1000,500,50,6,96,23,4773,2.609,1.815,0.024,0.194,2.991,0.006,REVOKED
core_breakdown,1000,500,50,6,96,24,4774,2.646,1.821,0.021,0.169,3.189,0.006,REVOKED
core_breakdown,1000,500,50,6,96,25,4775,2.599,1.778,0.023,0.214,3.042,0.01,REVOKED
core_breakdown,1000,500,50,6,96,26,4776,2.576,1.742,0.026,0.165,2.99,0.006,REVOKED
core_breakdown,1000,500,50,6,96,27,4777,2.614,1.807,0.024,0.182,3.088,0.006,REVOKED
core_breakdown,1000,500,50,6,96,28,4778,2.618,1.775,0.025,0.191,3.058,0.006,REVOKED
core_breakdown,1000,500,50,6,96,29,4779,2.723,1.888,0.025,0.161,3.166,0.007,REVOKED
core_breakdown,1000,500,50,6,96,30,4780,2.64,1.824,0.027,0.165,3.097,0.006,REVOKED
core_breakdown,1000,500,50,6,96,31,4781,2.584,1.767,0.024,0.18,2.974,0.006,REVOKED
core_breakdown,1000,500,50,6,96,32,4782,2.635,1.81,0.024,0.178,3.033,0.007,REVOKED
core_breakdown,1000,500,50,6,96,33,4783,2.597,1.787,0.023,0.18,3.001,0.006,REVOKED
core_breakdown,1000,500,50,6,96,34,4784,2.78,1.939,0.021,0.195,3.307,0.006,REVOKED
core_breakdown,1000,500,50,6,96,35,4785,2.889,1.965,0.021,0.192,3.29,0.007,REVOKED
core_breakdown,1000,500,50,6,96,36,4786,2.955,2.041,0.03,0.197,3.373,0.006,REVOKED
core_breakdown,1000,500,50,6,96,37,4787,2.93,2.008,0.022,0.194,3.344,0.006,REVOKED
core_breakdown,1000,500,50,6,96,38,4788,2.948,2.013,0.027,0.194,3.293,0.006,REVOKED
core_breakdown,1000,500,50,6,96,39,4789,2.961,2.018,0.024,0.205,3.286,0.006,REVOKED
core_breakdown,1000,500,50,6,96,40,4790,2.954,2.028,0.02,0.19,3.281,0.005,REVOKED
core_breakdown,1000,500,50,6,96,41,4791,2.994,2.067,0.025,0.192,3.562,0.007,REVOKED
core_breakdown,1000,500,50,6,96,42,4792,3.039,2.088,0.028,0.214,3.5,0.007,REVOKED
core_breakdown,1000,500,50,6,96,43,4793,3.029,2.1,0.027,0.218,3.429,0.006,REVOKED
core_breakdown,1000,500,50,6,96,44,4794,3.099,2.084,0.027,0.209,3.505,0.008,REVOKED
core_breakdown,1000,500,50,6,96,45,4795,3.114,2.152,0.025,0.27,3.541,0.008,REVOKED
core_breakdown,1000,500,50,6,96,46,4796,3.178,2.203,0.026,0.202,3.313,0.007,REVOKED
core_breakdown,1000,500,50,6,96,47,4797,2.738,1.883,0.029,0.2,3.585,0.007,REVOKED
core_breakdown,1000,500,50,6,96,48,4798,3.174,2.156,0.028,0.212,3.623,0.007,REVOKED
core_breakdown,1000,500,50,6,96,49,4799,3.222,2.208,0.032,0.204,3.507,0.016,REVOKED
core_breakdown,1000,500,50,6,96,50,4800,3.084,2.105,0.027,0.201,3.46,0.007,REVOKED
core_breakdown,1000,500,50,7,97,1,4801,4.001,2.563,0.097,0.273,4.573,0.031,REVOKED
core_breakdown,1000,500,50,7,97,2,4802,4.413,2.929,0.097,0.296,4.902,0.017,REVOKED
core_breakdown,1000,500,50,7,97,3,4803,4.432,2.955,0.1,0.193,4.304,0.01,REVOKED
core_breakdown,1000,500,50,7,97,4,4804,3.561,2.367,0.036,0.216,3.537,0.009,REVOKED
core_breakdown,1000,500,50,7,97,5,4805,2.854,1.978,0.032,0.177,3.191,0.007,REVOKED
core_breakdown,1000,500,50,7,97,6,4806,3.27,2.193,0.032,0.214,3.58,0.007,REVOKED
core_breakdown,1000,500,50,7,97,7,4807,3.096,2.103,0.033,0.207,3.439,0.006,REVOKED
core_breakdown,1000,500,50,7,97,8,4808,3.01,2.059,0.026,0.216,3.406,0.013,REVOKED
core_breakdown,1000,500,50,7,97,9,4809,3.176,2.178,0.053,0.208,3.543,0.007,REVOKED
core_breakdown,1000,500,50,7,97,10,4810,3.092,2.104,0.035,0.209,3.464,0.009,REVOKED
core_breakdown,1000,500,50,7,97,11,4811,3.033,2.076,0.025,0.213,3.416,0.008,REVOKED
core_breakdown,1000,500,50,7,97,12,4812,3.104,2.113,0.03,0.196,3.6,0.007,REVOKED
core_breakdown,1000,500,50,7,97,13,4813,3.225,2.23,0.035,0.221,3.405,0.009,REVOKED
core_breakdown,1000,500,50,7,97,14,4814,2.991,2.063,0.029,0.196,3.379,0.007,REVOKED
core_breakdown,1000,500,50,7,97,15,4815,3.008,2.054,0.026,0.221,3.455,0.006,REVOKED
core_breakdown,1000,500,50,7,97,16,4816,3.067,2.088,0.036,0.22,3.412,0.008,REVOKED
core_breakdown,1000,500,50,7,97,17,4817,2.971,2.016,0.027,0.193,3.465,0.007,REVOKED
core_breakdown,1000,500,50,7,97,18,4818,3.088,2.088,0.024,0.214,3.421,0.007,REVOKED
core_breakdown,1000,500,50,7,97,19,4819,3.021,2.051,0.025,0.172,3.069,0.007,REVOKED
core_breakdown,1000,500,50,7,97,20,4820,2.606,1.757,0.023,0.207,3.029,0.007,REVOKED
core_breakdown,1000,500,50,7,97,21,4821,2.651,1.796,0.03,0.181,3.134,0.007,REVOKED
core_breakdown,1000,500,50,7,97,22,4822,2.75,1.864,0.023,0.178,3.04,0.006,REVOKED
core_breakdown,1000,500,50,7,97,23,4823,2.668,1.803,0.028,0.199,3.082,0.006,REVOKED
core_breakdown,1000,500,50,7,97,24,4824,2.666,1.8,0.026,0.192,3.122,0.006,REVOKED
core_breakdown,1000,500,50,7,97,25,4825,2.679,1.816,0.028,0.182,3.076,0.014,REVOKED
core_breakdown,1000,500,50,7,97,26,4826,2.714,1.841,0.024,0.175,3.051,0.006,REVOKED
core_breakdown,1000,500,50,7,97,27,4827,2.676,1.81,0.022,0.187,3.062,0.006,REVOKED
core_breakdown,1000,500,50,7,97,28,4828,2.884,2.02,0.026,0.192,3.408,0.006,REVOKED
core_breakdown,1000,500,50,7,97,29,4829,3.034,2.036,0.026,0.198,3.38,0.006,REVOKED
core_breakdown,1000,500,50,7,97,30,4830,3.116,2.08,0.028,0.199,3.476,0.006,REVOKED
core_breakdown,1000,500,50,7,97,31,4831,3.031,2.036,0.026,0.197,3.469,0.007,REVOKED
core_breakdown,1000,500,50,7,97,32,4832,3.042,2.051,0.026,0.211,3.338,0.007,REVOKED
core_breakdown,1000,500,50,7,97,33,4833,3.061,2.134,0.025,0.197,3.465,0.006,REVOKED
core_breakdown,1000,500,50,7,97,34,4834,3.005,2.042,0.025,0.202,3.434,0.006,REVOKED
core_breakdown,1000,500,50,7,97,35,4835,2.96,2.035,0.026,0.194,3.381,0.006,REVOKED
core_breakdown,1000,500,50,7,97,36,4836,2.975,2.06,0.024,0.195,3.523,0.008,REVOKED
core_breakdown,1000,500,50,7,97,37,4837,3.076,2.121,0.028,0.208,3.466,0.007,REVOKED
core_breakdown,1000,500,50,7,97,38,4838,3.084,2.107,0.026,0.206,3.479,0.006,REVOKED
core_breakdown,1000,500,50,7,97,39,4839,3.084,2.127,0.03,0.215,3.608,0.007,REVOKED
core_breakdown,1000,500,50,7,97,40,4840,3.06,2.101,0.025,0.206,3.479,0.007,REVOKED
core_breakdown,1000,500,50,7,97,41,4841,3.123,2.106,0.029,0.208,3.478,0.009,REVOKED
core_breakdown,1000,500,50,7,97,42,4842,3.064,2.095,0.028,0.197,3.511,0.007,REVOKED
core_breakdown,1000,500,50,7,97,43,4843,4.203,3.156,0.041,0.218,3.673,0.008,REVOKED
core_breakdown,1000,500,50,7,97,44,4844,3.014,2.036,0.033,0.21,3.445,0.007,REVOKED
core_breakdown,1000,500,50,7,97,45,4845,3.015,2.073,0.026,0.199,3.302,0.007,REVOKED
core_breakdown,1000,500,50,7,97,46,4846,2.688,1.822,0.025,0.19,3.193,0.007,REVOKED
core_breakdown,1000,500,50,7,97,47,4847,2.649,1.808,0.032,0.184,3.134,0.007,REVOKED
core_breakdown,1000,500,50,7,97,48,4848,2.614,1.786,0.027,0.176,2.971,0.007,REVOKED
core_breakdown,1000,500,50,7,97,49,4849,2.588,1.748,0.029,0.187,3.048,0.01,REVOKED
core_breakdown,1000,500,50,7,97,50,4850,2.601,1.76,0.024,0.172,3.048,0.006,REVOKED
core_breakdown,1000,500,50,8,98,1,4851,5.247,3.411,0.108,0.397,5.688,0.031,REVOKED
core_breakdown,1000,500,50,8,98,2,4852,3.579,2.452,0.065,0.232,3.717,0.013,REVOKED
core_breakdown,1000,500,50,8,98,3,4853,3.32,2.253,0.043,0.218,3.719,0.01,REVOKED
core_breakdown,1000,500,50,8,98,4,4854,3.158,2.146,0.043,0.218,3.723,0.009,REVOKED
core_breakdown,1000,500,50,8,98,5,4855,3.131,2.109,0.031,0.192,3.486,0.007,REVOKED
core_breakdown,1000,500,50,8,98,6,4856,3.074,2.067,0.066,0.223,3.549,0.012,REVOKED
core_breakdown,1000,500,50,8,98,7,4857,3.034,2.077,0.038,0.222,3.469,0.008,REVOKED
core_breakdown,1000,500,50,8,98,8,4858,2.934,2.017,0.021,0.203,3.301,0.006,REVOKED
core_breakdown,1000,500,50,8,98,9,4859,3.04,2.103,0.02,0.226,3.267,0.006,REVOKED
core_breakdown,1000,500,50,8,98,10,4860,2.898,1.976,0.029,0.195,3.227,0.007,REVOKED
core_breakdown,1000,500,50,8,98,11,4861,2.888,1.983,0.02,0.203,3.214,0.008,REVOKED
core_breakdown,1000,500,50,8,98,12,4862,2.736,1.878,0.02,0.233,3.387,0.006,REVOKED
core_breakdown,1000,500,50,8,98,13,4863,2.971,2.02,0.022,0.224,3.34,0.007,REVOKED
core_breakdown,1000,500,50,8,98,14,4864,2.914,2.006,0.029,0.214,3.317,0.005,REVOKED
core_breakdown,1000,500,50,8,98,15,4865,2.91,2.009,0.019,0.198,3.349,0.006,REVOKED
core_breakdown,1000,500,50,8,98,16,4866,2.933,2.019,0.027,0.212,3.438,0.006,REVOKED
core_breakdown,1000,500,50,8,98,17,4867,3.076,2.096,0.022,0.202,3.452,0.007,REVOKED
core_breakdown,1000,500,50,8,98,18,4868,2.956,1.999,0.022,0.231,3.601,0.007,REVOKED
core_breakdown,1000,500,50,8,98,19,4869,3.051,2.075,0.021,0.213,3.47,0.006,REVOKED
core_breakdown,1000,500,50,8,98,20,4870,3.287,2.216,0.025,0.252,3.201,0.009,REVOKED
core_breakdown,1000,500,50,8,98,21,4871,2.624,1.782,0.026,0.181,3.142,0.007,REVOKED
core_breakdown,1000,500,50,8,98,22,4872,2.839,1.946,0.034,0.192,3.052,0.006,REVOKED
core_breakdown,1000,500,50,8,98,23,4873,2.673,1.822,0.029,0.183,3.204,0.008,REVOKED
core_breakdown,1000,500,50,8,98,24,4874,2.674,1.814,0.026,0.167,3.1,0.008,REVOKED
core_breakdown,1000,500,50,8,98,25,4875,2.702,1.839,0.027,0.187,3.147,0.01,REVOKED
core_breakdown,1000,500,50,8,98,26,4876,2.607,1.771,0.026,0.169,3.052,0.007,REVOKED
core_breakdown,1000,500,50,8,98,27,4877,2.657,1.82,0.026,0.182,3.071,0.007,REVOKED
core_breakdown,1000,500,50,8,98,28,4878,2.662,1.789,0.035,0.191,3.043,0.007,REVOKED
core_breakdown,1000,500,50,8,98,29,4879,2.693,1.853,0.027,0.199,3.302,0.007,REVOKED
core_breakdown,1000,500,50,8,98,30,4880,2.689,1.82,0.024,0.203,3.159,0.007,REVOKED
core_breakdown,1000,500,50,8,98,31,4881,2.724,1.839,0.03,0.21,3.017,0.007,REVOKED
core_breakdown,1000,500,50,8,98,32,4882,2.692,1.83,0.024,0.197,3.05,0.007,REVOKED
core_breakdown,1000,500,50,8,98,33,4883,2.655,1.834,0.024,0.215,3.118,0.007,REVOKED
core_breakdown,1000,500,50,8,98,34,4884,2.783,1.87,0.023,0.177,3.134,0.011,REVOKED
core_breakdown,1000,500,50,8,98,35,4885,2.638,1.813,0.022,0.169,3.072,0.007,REVOKED
core_breakdown,1000,500,50,8,98,36,4886,2.66,1.829,0.023,0.178,3.209,0.007,REVOKED
core_breakdown,1000,500,50,8,98,37,4887,2.707,1.819,0.028,0.177,3.15,0.006,REVOKED
core_breakdown,1000,500,50,8,98,38,4888,2.668,1.819,0.027,0.182,3.214,0.007,REVOKED
core_breakdown,1000,500,50,8,98,39,4889,2.22,1.472,0.026,0.175,3.006,0.006,REVOKED
core_breakdown,1000,500,50,8,98,40,4890,2.634,1.785,0.023,0.178,3.033,0.007,REVOKED
core_breakdown,1000,500,50,8,98,41,4891,2.628,1.765,0.025,0.186,3.089,0.006,REVOKED
core_breakdown,1000,500,50,8,98,42,4892,2.626,1.785,0.025,0.182,3.055,0.006,REVOKED
core_breakdown,1000,500,50,8,98,43,4893,2.603,1.767,0.024,0.18,3.129,0.006,REVOKED
core_breakdown,1000,500,50,8,98,44,4894,2.697,1.851,0.024,0.177,2.998,0.007,REVOKED
core_breakdown,1000,500,50,8,98,45,4895,2.622,1.803,0.031,0.191,3.081,0.007,REVOKED
core_breakdown,1000,500,50,8,98,46,4896,2.706,1.842,0.027,0.18,3.003,0.007,REVOKED
core_breakdown,1000,500,50,8,98,47,4897,2.718,1.887,0.024,0.178,3.091,0.007,REVOKED
core_breakdown,1000,500,50,8,98,48,4898,2.756,1.879,0.029,0.175,3.155,0.007,REVOKED
core_breakdown,1000,500,50,8,98,49,4899,2.632,1.787,0.032,0.183,3.14,0.012,REVOKED
core_breakdown,1000,500,50,8,98,50,4900,2.633,1.819,0.025,0.167,3.105,0.006,REVOKED
core_breakdown,1000,500,50,9,99,1,4901,5.618,3.758,0.135,0.42,6.597,0.025,REVOKED
core_breakdown,1000,500,50,9,99,2,4902,4.869,3.357,0.13,0.227,4.874,0.013,REVOKED
core_breakdown,1000,500,50,9,99,3,4903,3.955,2.69,0.087,0.212,4.292,0.01,REVOKED
core_breakdown,1000,500,50,9,99,4,4904,3.719,2.504,0.045,0.224,4.134,0.01,REVOKED
core_breakdown,1000,500,50,9,99,5,4905,3.315,2.195,0.045,0.229,3.683,0.009,REVOKED
core_breakdown,1000,500,50,9,99,6,4906,3.295,2.222,0.036,0.229,3.769,0.008,REVOKED
core_breakdown,1000,500,50,9,99,7,4907,3.21,2.174,0.04,0.194,3.473,0.006,REVOKED
core_breakdown,1000,500,50,9,99,8,4908,2.976,2.012,0.033,0.203,3.414,0.006,REVOKED
core_breakdown,1000,500,50,9,99,9,4909,3.131,2.139,0.078,0.21,3.23,0.013,REVOKED
core_breakdown,1000,500,50,9,99,10,4910,2.731,1.879,0.036,0.241,3.149,0.009,REVOKED
core_breakdown,1000,500,50,9,99,11,4911,2.683,1.807,0.036,0.181,3.021,0.007,REVOKED
core_breakdown,1000,500,50,9,99,12,4912,2.674,1.771,0.031,0.182,3.191,0.008,REVOKED
core_breakdown,1000,500,50,9,99,13,4913,2.66,1.791,0.032,0.175,3.109,0.008,REVOKED
core_breakdown,1000,500,50,9,99,14,4914,2.663,1.794,0.028,0.182,3.086,0.006,REVOKED
core_breakdown,1000,500,50,9,99,15,4915,2.725,1.842,0.027,0.167,3.187,0.009,REVOKED
core_breakdown,1000,500,50,9,99,16,4916,2.655,1.793,0.028,0.182,3.078,0.008,REVOKED
core_breakdown,1000,500,50,9,99,17,4917,3.01,2.159,0.027,0.19,3.102,0.007,REVOKED
core_breakdown,1000,500,50,9,99,18,4918,2.686,1.825,0.028,0.173,3.144,0.007,REVOKED
core_breakdown,1000,500,50,9,99,19,4919,2.642,1.806,0.028,0.185,3.094,0.008,REVOKED
core_breakdown,1000,500,50,9,99,20,4920,2.679,1.822,0.027,0.179,3.064,0.007,REVOKED
core_breakdown,1000,500,50,9,99,21,4921,2.672,1.836,0.026,0.184,3.059,0.006,REVOKED
core_breakdown,1000,500,50,9,99,22,4922,2.64,1.794,0.03,0.165,3.09,0.007,REVOKED
core_breakdown,1000,500,50,9,99,23,4923,3.014,2.052,0.026,0.184,3.515,0.007,REVOKED
core_breakdown,1000,500,50,9,99,24,4924,3.108,2.143,0.029,0.198,3.458,0.007,REVOKED
core_breakdown,1000,500,50,9,99,25,4925,3.133,2.138,0.027,0.201,3.505,0.015,REVOKED
core_breakdown,1000,500,50,9,99,26,4926,3.033,2.089,0.028,0.204,3.384,0.007,REVOKED
core_breakdown,1000,500,50,9,99,27,4927,3.071,2.122,0.026,0.198,3.491,0.006,REVOKED
core_breakdown,1000,500,50,9,99,28,4928,2.981,2.029,0.025,0.205,3.519,0.006,REVOKED
core_breakdown,1000,500,50,9,99,29,4929,3.403,2.285,0.039,0.195,3.441,0.009,REVOKED
core_breakdown,1000,500,50,9,99,30,4930,3.037,2.095,0.028,0.246,3.704,0.008,REVOKED
core_breakdown,1000,500,50,9,99,31,4931,2.999,2.058,0.028,0.2,3.444,0.007,REVOKED
core_breakdown,1000,500,50,9,99,32,4932,2.943,2.018,0.029,0.193,3.533,0.006,REVOKED
core_breakdown,1000,500,50,9,99,33,4933,3.052,2.117,0.025,0.21,3.367,0.007,REVOKED
core_breakdown,1000,500,50,9,99,34,4934,3.059,2.078,0.031,0.201,3.437,0.006,REVOKED
core_breakdown,1000,500,50,9,99,35,4935,3.01,2.063,0.027,0.207,3.399,0.008,REVOKED
core_breakdown,1000,500,50,9,99,36,4936,2.995,2.049,0.024,0.204,3.443,0.006,REVOKED
core_breakdown,1000,500,50,9,99,37,4937,3.069,2.153,0.03,0.205,3.442,0.011,REVOKED
core_breakdown,1000,500,50,9,99,38,4938,3.028,2.087,0.027,0.197,3.464,0.007,REVOKED
core_breakdown,1000,500,50,9,99,39,4939,3.038,2.075,0.03,0.213,3.331,0.007,REVOKED
core_breakdown,1000,500,50,9,99,40,4940,2.625,1.776,0.024,0.182,3.073,0.007,REVOKED
core_breakdown,1000,500,50,9,99,41,4941,2.594,1.753,0.028,0.184,3.062,0.006,REVOKED
core_breakdown,1000,500,50,9,99,42,4942,2.692,1.837,0.027,0.195,3.057,0.007,REVOKED
core_breakdown,1000,500,50,9,99,43,4943,2.868,1.978,0.03,0.176,3.059,0.007,REVOKED
core_breakdown,1000,500,50,9,99,44,4944,2.648,1.822,0.028,0.206,3.083,0.006,REVOKED
core_breakdown,1000,500,50,9,99,45,4945,3.367,2.275,0.03,0.267,4.053,0.009,REVOKED
core_breakdown,1000,500,50,9,99,46,4946,3.047,2.07,0.031,0.216,3.188,0.007,REVOKED
core_breakdown,1000,500,50,9,99,47,4947,2.61,1.775,0.026,0.19,3.064,0.007,REVOKED
core_breakdown,1000,500,50,9,99,48,4948,2.587,1.783,0.023,0.185,3.069,0.006,REVOKED
core_breakdown,1000,500,50,9,99,49,4949,2.612,1.749,0.029,0.178,3.021,0.011,REVOKED
core_breakdown,1000,500,50,9,99,50,4950,2.679,1.851,0.025,0.175,3.133,0.007,REVOKED
core_breakdown,1000,500,50,10,100,1,4951,5.903,3.788,0.269,0.423,6.484,0.082,REVOKED
core_breakdown,1000,500,50,10,100,2,4952,5.014,3.309,0.135,0.345,5.387,0.027,REVOKED
core_breakdown,1000,500,50,10,100,3,4953,4.6,3.11,0.079,0.28,4.525,0.015,REVOKED
core_breakdown,1000,500,50,10,100,4,4954,3.835,2.583,0.048,0.246,3.872,0.007,REVOKED
core_breakdown,1000,500,50,10,100,5,4955,3.352,2.244,0.031,0.304,3.811,0.01,REVOKED
core_breakdown,1000,500,50,10,100,6,4956,3.375,2.322,0.039,0.226,3.821,0.007,REVOKED
core_breakdown,1000,500,50,10,100,7,4957,3.176,2.149,0.034,0.222,3.234,0.01,REVOKED
core_breakdown,1000,500,50,10,100,8,4958,3.187,2.175,0.07,0.248,3.648,0.016,REVOKED
core_breakdown,1000,500,50,10,100,9,4959,3.364,2.279,0.046,0.238,3.524,0.009,REVOKED
core_breakdown,1000,500,50,10,100,10,4960,2.829,1.907,0.032,0.186,3.259,0.01,REVOKED
core_breakdown,1000,500,50,10,100,11,4961,2.675,1.837,0.034,0.171,3.267,0.009,REVOKED
core_breakdown,1000,500,50,10,100,12,4962,2.776,1.911,0.026,0.193,3.178,0.008,REVOKED
core_breakdown,1000,500,50,10,100,13,4963,2.769,1.877,0.03,0.199,3.26,0.009,REVOKED
core_breakdown,1000,500,50,10,100,14,4964,2.804,1.933,0.024,0.197,3.183,0.008,REVOKED
core_breakdown,1000,500,50,10,100,15,4965,2.779,1.895,0.028,0.19,3.13,0.008,REVOKED
core_breakdown,1000,500,50,10,100,16,4966,3.069,2.216,0.036,0.168,3.056,0.006,REVOKED
core_breakdown,1000,500,50,10,100,17,4967,2.694,1.859,0.036,0.197,3.112,0.006,REVOKED
core_breakdown,1000,500,50,10,100,18,4968,2.763,1.883,0.023,0.164,3.183,0.006,REVOKED
core_breakdown,1000,500,50,10,100,19,4969,2.733,1.874,0.025,0.194,3.165,0.007,REVOKED
core_breakdown,1000,500,50,10,100,20,4970,2.748,1.892,0.026,0.197,3.06,0.007,REVOKED
core_breakdown,1000,500,50,10,100,21,4971,2.614,1.792,0.032,0.176,3.012,0.007,REVOKED
core_breakdown,1000,500,50,10,100,22,4972,2.599,1.777,0.023,0.173,2.985,0.006,REVOKED
core_breakdown,1000,500,50,10,100,23,4973,2.626,1.806,0.022,0.175,2.995,0.007,REVOKED
core_breakdown,1000,500,50,10,100,24,4974,2.598,1.76,0.024,0.178,3.046,0.007,REVOKED
core_breakdown,1000,500,50,10,100,25,4975,2.672,1.817,0.021,0.189,3.074,0.014,REVOKED
core_breakdown,1000,500,50,10,100,26,4976,2.662,1.816,0.025,0.178,3.013,0.006,REVOKED
core_breakdown,1000,500,50,10,100,27,4977,2.583,1.759,0.02,0.176,3.034,0.006,REVOKED
core_breakdown,1000,500,50,10,100,28,4978,2.56,1.782,0.026,0.197,2.999,0.006,REVOKED
core_breakdown,1000,500,50,10,100,29,4979,2.62,1.785,0.019,0.179,2.989,0.006,REVOKED
core_breakdown,1000,500,50,10,100,30,4980,2.592,1.769,0.026,0.159,3.015,0.006,REVOKED
core_breakdown,1000,500,50,10,100,31,4981,2.552,1.741,0.024,0.173,3.161,0.006,REVOKED
core_breakdown,1000,500,50,10,100,32,4982,2.793,1.884,0.024,0.181,3.182,0.006,REVOKED
core_breakdown,1000,500,50,10,100,33,4983,2.67,1.822,0.02,0.198,3.329,0.007,REVOKED
core_breakdown,1000,500,50,10,100,34,4984,2.704,1.858,0.028,0.194,3.324,0.006,REVOKED
core_breakdown,1000,500,50,10,100,35,4985,3.032,2.06,0.023,0.175,2.952,0.006,REVOKED
core_breakdown,1000,500,50,10,100,36,4986,3.039,2.072,0.035,0.2,3.474,0.007,REVOKED
core_breakdown,1000,500,50,10,100,37,4987,3.394,2.248,0.034,0.191,3.515,0.008,REVOKED
core_breakdown,1000,500,50,10,100,38,4988,3.056,2.043,0.027,0.203,3.554,0.007,REVOKED
core_breakdown,1000,500,50,10,100,39,4989,2.988,2.044,0.031,0.199,3.49,0.006,REVOKED
core_breakdown,1000,500,50,10,100,40,4990,3.05,2.109,0.025,0.245,3.672,0.008,REVOKED
core_breakdown,1000,500,50,10,100,41,4991,3.104,2.126,0.033,0.205,3.601,0.007,REVOKED
core_breakdown,1000,500,50,10,100,42,4992,3.063,2.065,0.027,0.213,3.473,0.006,REVOKED
core_breakdown,1000,500,50,10,100,43,4993,3.005,2.06,0.024,0.216,3.329,0.007,REVOKED
core_breakdown,1000,500,50,10,100,44,4994,2.914,1.998,0.022,0.216,3.289,0.006,REVOKED
core_breakdown,1000,500,50,10,100,45,4995,3.108,2.097,0.039,0.189,3.45,0.007,REVOKED
core_breakdown,1000,500,50,10,100,46,4996,3.074,2.089,0.024,0.213,3.442,0.007,REVOKED
core_breakdown,1000,500,50,10,100,47,4997,3.052,2.072,0.032,0.213,3.494,0.007,REVOKED
core_breakdown,1000,500,50,10,100,48,4998,3.066,2.109,0.031,0.197,3.484,0.006,REVOKED
core_breakdown,1000,500,50,10,100,49,4999,3.15,2.153,0.026,0.2,3.447,0.015,REVOKED
core_breakdown,1000,500,50,10,100,50,5000,3.1,2.105,0.028,0.186,3.559,0.006,REVOKED
core_breakdown,1000,500,50,11,101,1,5001,3.713,2.518,0.108,0.209,3.661,0.02,REVOKED
core_breakdown,1000,500,50,11,101,2,5002,3.493,2.469,0.038,0.247,3.943,0.012,REVOKED
core_breakdown,1000,500,50,11,101,3,5003,3.498,2.377,0.039,0.233,3.906,0.009,REVOKED
core_breakdown,1000,500,50,11,101,4,5004,3.494,2.372,0.037,0.231,3.917,0.007,REVOKED
core_breakdown,1000,500,50,11,101,5,5005,3.525,2.392,0.039,0.24,3.69,0.006,REVOKED
core_breakdown,1000,500,50,11,101,6,5006,3.358,2.31,0.031,0.231,3.812,0.009,REVOKED
core_breakdown,1000,500,50,11,101,7,5007,3.405,2.329,0.031,0.22,3.604,0.006,REVOKED
core_breakdown,1000,500,50,11,101,8,5008,3.327,2.276,0.033,0.22,3.654,0.006,REVOKED
core_breakdown,1000,500,50,11,101,9,5009,3.302,2.262,0.028,0.24,3.691,0.007,REVOKED
core_breakdown,1000,500,50,11,101,10,5010,3.31,2.27,0.029,0.206,3.616,0.006,REVOKED
core_breakdown,1000,500,50,11,101,11,5011,3.3,2.272,0.025,0.208,3.658,0.006,REVOKED
core_breakdown,1000,500,50,11,101,12,5012,3.405,2.301,0.071,0.228,3.457,0.016,REVOKED
core_breakdown,1000,500,50,11,101,13,5013,3.049,2.054,0.042,0.199,3.571,0.011,REVOKED
core_breakdown,1000,500,50,11,101,14,5014,3.067,2.097,0.03,0.215,3.453,0.007,REVOKED
core_breakdown,1000,500,50,11,101,15,5015,3.131,2.117,0.035,0.196,3.401,0.008,REVOKED
core_breakdown,1000,500,50,11,101,16,5016,3.074,2.112,0.03,0.195,3.506,0.007,REVOKED
core_breakdown,1000,500,50,11,101,17,5017,3.064,2.126,0.027,0.208,3.377,0.006,REVOKED
core_breakdown,1000,500,50,11,101,18,5018,3.032,2.063,0.023,0.216,3.407,0.007,REVOKED
core_breakdown,1000,500,50,11,101,19,5019,2.979,2.032,0.027,0.2,3.356,0.005,REVOKED
core_breakdown,1000,500,50,11,101,20,5020,3.085,2.145,0.023,0.203,3.362,0.005,REVOKED
core_breakdown,1000,500,50,11,101,21,5021,2.915,1.986,0.024,0.2,3.336,0.007,REVOKED
core_breakdown,1000,500,50,11,101,22,5022,2.903,1.984,0.024,0.194,3.324,0.01,REVOKED
core_breakdown,1000,500,50,11,101,23,5023,2.975,2.031,0.025,0.186,3.079,0.008,REVOKED
core_breakdown,1000,500,50,11,101,24,5024,2.591,1.769,0.021,0.193,3.206,0.007,REVOKED
core_breakdown,1000,500,50,11,101,25,5025,2.935,2.016,0.025,0.197,3.33,0.01,REVOKED
core_breakdown,1000,500,50,11,101,26,5026,2.917,1.994,0.023,0.195,3.384,0.006,REVOKED
core_breakdown,1000,500,50,11,101,27,5027,3.014,2.053,0.025,0.207,3.368,0.006,REVOKED
core_breakdown,1000,500,50,11,101,28,5028,2.894,1.983,0.024,0.197,3.286,0.006,REVOKED
core_breakdown,1000,500,50,11,101,29,5029,2.958,2.028,0.021,0.197,3.344,0.005,REVOKED
core_breakdown,1000,500,50,11,101,30,5030,2.955,2.008,0.023,0.227,3.363,0.006,REVOKED
core_breakdown,1000,500,50,11,101,31,5031,2.957,2.015,0.026,0.201,3.335,0.006,REVOKED
core_breakdown,1000,500,50,11,101,32,5032,2.952,2.029,0.024,0.186,3.274,0.006,REVOKED
core_breakdown,1000,500,50,11,101,33,5033,2.982,2.042,0.024,0.204,3.411,0.006,REVOKED
core_breakdown,1000,500,50,11,101,34,5034,2.904,2.006,0.021,0.188,3.425,0.006,REVOKED
core_breakdown,1000,500,50,11,101,35,5035,2.922,2.0,0.027,0.196,3.31,0.006,REVOKED
core_breakdown,1000,500,50,11,101,36,5036,2.925,2.0,0.022,0.199,3.318,0.005,REVOKED
core_breakdown,1000,500,50,11,101,37,5037,2.95,2.023,0.029,0.198,3.408,0.006,REVOKED
core_breakdown,1000,500,50,11,101,38,5038,2.914,1.975,0.025,0.197,3.297,0.007,REVOKED
core_breakdown,1000,500,50,11,101,39,5039,2.871,1.97,0.023,0.19,3.318,0.006,REVOKED
core_breakdown,1000,500,50,11,101,40,5040,2.928,2.009,0.023,0.194,3.446,0.006,REVOKED
core_breakdown,1000,500,50,11,101,41,5041,2.954,2.052,0.024,0.19,3.398,0.006,REVOKED
core_breakdown,1000,500,50,11,101,42,5042,2.986,2.068,0.019,0.196,3.315,0.008,REVOKED
core_breakdown,1000,500,50,11,101,43,5043,2.92,2.008,0.021,0.193,3.27,0.006,REVOKED
core_breakdown,1000,500,50,11,101,44,5044,3.016,2.079,0.025,0.213,3.33,0.006,REVOKED
core_breakdown,1000,500,50,11,101,45,5045,2.987,2.076,0.026,0.191,3.396,0.005,REVOKED
core_breakdown,1000,500,50,11,101,46,5046,2.879,1.967,0.024,0.186,3.707,0.008,REVOKED
core_breakdown,1000,500,50,11,101,47,5047,3.023,2.077,0.028,0.203,3.369,0.006,REVOKED
core_breakdown,1000,500,50,11,101,48,5048,2.968,2.032,0.026,0.203,3.351,0.006,REVOKED
core_breakdown,1000,500,50,11,101,49,5049,2.98,2.061,0.02,0.208,3.333,0.014,REVOKED
core_breakdown,1000,500,50,11,101,50,5050,2.98,2.063,0.025,0.202,3.336,0.006,REVOKED
core_breakdown,1000,500,50,12,102,1,5051,7.118,4.665,0.229,0.558,7.375,0.049,REVOKED
core_breakdown,1000,500,50,12,102,2,5052,6.49,4.189,0.255,0.373,5.889,0.034,REVOKED
core_breakdown,1000,500,50,12,102,3,5053,4.765,3.243,0.089,0.263,4.361,0.022,REVOKED
core_breakdown,1000,500,50,12,102,4,5054,4.06,2.744,0.064,0.222,4.529,0.012,REVOKED
core_breakdown,1000,500,50,12,102,5,5055,4.03,2.721,0.07,0.268,4.452,0.012,REVOKED
core_breakdown,1000,500,50,12,102,6,5056,3.896,2.608,0.04,0.234,3.966,0.008,REVOKED
core_breakdown,1000,500,50,12,102,7,5057,3.486,2.366,0.029,0.218,3.782,0.008,REVOKED
core_breakdown,1000,500,50,12,102,8,5058,3.486,2.389,0.041,0.228,3.922,0.009,REVOKED
core_breakdown,1000,500,50,12,102,9,5059,3.421,2.31,0.033,0.218,3.732,0.007,REVOKED
core_breakdown,1000,500,50,12,102,10,5060,3.311,2.288,0.028,0.217,3.677,0.014,REVOKED
core_breakdown,1000,500,50,12,102,11,5061,3.089,2.106,0.059,0.202,3.385,0.01,REVOKED
core_breakdown,1000,500,50,12,102,12,5062,3.12,2.118,0.042,0.23,3.36,0.008,REVOKED
core_breakdown,1000,500,50,12,102,13,5063,2.991,2.03,0.025,0.193,3.346,0.008,REVOKED
core_breakdown,1000,500,50,12,102,14,5064,2.952,2.018,0.027,0.192,3.382,0.007,REVOKED
core_breakdown,1000,500,50,12,102,15,5065,2.867,1.969,0.025,0.195,3.378,0.006,REVOKED
core_breakdown,1000,500,50,12,102,16,5066,2.932,2.007,0.03,0.197,3.33,0.007,REVOKED
core_breakdown,1000,500,50,12,102,17,5067,2.898,1.988,0.027,0.203,3.252,0.005,REVOKED
core_breakdown,1000,500,50,12,102,18,5068,2.958,2.031,0.025,0.193,3.316,0.006,REVOKED
core_breakdown,1000,500,50,12,102,19,5069,2.959,2.063,0.024,0.19,3.314,0.007,REVOKED
core_breakdown,1000,500,50,12,102,20,5070,2.952,1.995,0.024,0.201,3.288,0.005,REVOKED
core_breakdown,1000,500,50,12,102,21,5071,3.082,2.149,0.028,0.193,3.307,0.006,REVOKED
core_breakdown,1000,500,50,12,102,22,5072,2.978,2.061,0.024,0.189,3.589,0.009,REVOKED
core_breakdown,1000,500,50,12,102,23,5073,2.774,1.829,0.025,0.186,3.088,0.006,REVOKED
core_breakdown,1000,500,50,12,102,24,5074,2.98,2.018,0.025,0.192,3.403,0.006,REVOKED
core_breakdown,1000,500,50,12,102,25,5075,2.984,2.046,0.022,0.197,3.261,0.008,REVOKED
core_breakdown,1000,500,50,12,102,26,5076,2.898,1.99,0.025,0.193,3.332,0.006,REVOKED
core_breakdown,1000,500,50,12,102,27,5077,2.918,2.011,0.022,0.19,3.326,0.006,REVOKED
core_breakdown,1000,500,50,12,102,28,5078,2.943,2.034,0.022,0.185,3.394,0.007,REVOKED
core_breakdown,1000,500,50,12,102,29,5079,2.924,2.008,0.022,0.199,3.354,0.006,REVOKED
core_breakdown,1000,500,50,12,102,30,5080,2.958,2.048,0.023,0.205,3.307,0.006,REVOKED
core_breakdown,1000,500,50,12,102,31,5081,2.994,2.068,0.029,0.206,3.3,0.005,REVOKED
core_breakdown,1000,500,50,12,102,32,5082,2.934,1.999,0.024,0.193,3.309,0.005,REVOKED
core_breakdown,1000,500,50,12,102,33,5083,3.014,2.077,0.021,0.185,3.338,0.006,REVOKED
core_breakdown,1000,500,50,12,102,34,5084,2.965,2.046,0.021,0.196,3.307,0.006,REVOKED
core_breakdown,1000,500,50,12,102,35,5085,2.953,2.03,0.019,0.198,3.297,0.005,REVOKED
core_breakdown,1000,500,50,12,102,36,5086,2.939,2.009,0.032,0.193,3.259,0.007,REVOKED
core_breakdown,1000,500,50,12,102,37,5087,2.904,1.995,0.024,0.221,3.296,0.009,REVOKED
core_breakdown,1000,500,50,12,102,38,5088,2.973,2.051,0.019,0.221,3.358,0.006,REVOKED
core_breakdown,1000,500,50,12,102,39,5089,2.969,2.071,0.028,0.19,3.29,0.007,REVOKED
core_breakdown,1000,500,50,12,102,40,5090,2.966,2.027,0.026,0.194,3.31,0.006,REVOKED
core_breakdown,1000,500,50,12,102,41,5091,2.999,2.014,0.02,0.195,3.304,0.006,REVOKED
core_breakdown,1000,500,50,12,102,42,5092,2.914,2.003,0.023,0.198,3.358,0.006,REVOKED
core_breakdown,1000,500,50,12,102,43,5093,3.01,2.086,0.023,0.193,3.318,0.006,REVOKED
core_breakdown,1000,500,50,12,102,44,5094,2.933,1.994,0.027,0.195,3.302,0.006,REVOKED
core_breakdown,1000,500,50,12,102,45,5095,2.94,2.035,0.023,0.197,3.277,0.007,REVOKED
core_breakdown,1000,500,50,12,102,46,5096,2.853,1.964,0.026,0.189,3.343,0.006,REVOKED
core_breakdown,1000,500,50,12,102,47,5097,3.006,2.087,0.021,0.181,3.257,0.005,REVOKED
core_breakdown,1000,500,50,12,102,48,5098,2.982,2.055,0.044,0.198,3.388,0.007,REVOKED
core_breakdown,1000,500,50,12,102,49,5099,2.941,2.036,0.025,0.194,3.326,0.011,REVOKED
core_breakdown,1000,500,50,12,102,50,5100,2.916,1.993,0.021,0.209,3.305,0.008,REVOKED
core_breakdown,1000,500,50,13,103,1,5101,5.939,3.731,0.27,0.398,6.55,0.066,REVOKED
core_breakdown,1000,500,50,13,103,2,5102,5.539,3.617,0.12,0.297,4.947,0.028,REVOKED
core_breakdown,1000,500,50,13,103,3,5103,4.459,2.939,0.08,0.304,5.199,0.023,REVOKED
core_breakdown,1000,500,50,13,103,4,5104,4.328,2.918,0.066,0.247,4.149,0.028,REVOKED
core_breakdown,1000,500,50,13,103,5,5105,3.87,2.653,0.051,0.273,4.503,0.012,REVOKED
core_breakdown,1000,500,50,13,103,6,5106,3.809,2.507,0.037,0.246,4.09,0.009,REVOKED
core_breakdown,1000,500,50,13,103,7,5107,3.65,2.487,0.036,0.24,4.043,0.008,REVOKED
core_breakdown,1000,500,50,13,103,8,5108,3.615,2.494,0.027,0.23,3.822,0.006,REVOKED
core_breakdown,1000,500,50,13,103,9,5109,3.402,2.32,0.027,0.233,3.835,0.007,REVOKED
core_breakdown,1000,500,50,13,103,10,5110,3.499,2.387,0.036,0.226,3.762,0.008,REVOKED
core_breakdown,1000,500,50,13,103,11,5111,3.427,2.332,0.035,0.221,3.681,0.006,REVOKED
core_breakdown,1000,500,50,13,103,12,5112,3.432,2.339,0.074,0.233,3.434,0.014,REVOKED
core_breakdown,1000,500,50,13,103,13,5113,3.076,2.109,0.03,0.205,3.383,0.011,REVOKED
core_breakdown,1000,500,50,13,103,14,5114,2.98,2.043,0.028,0.195,3.401,0.008,REVOKED
core_breakdown,1000,500,50,13,103,15,5115,2.931,2.031,0.022,0.2,3.361,0.006,REVOKED
core_breakdown,1000,500,50,13,103,16,5116,2.986,2.057,0.031,0.196,3.288,0.006,REVOKED
core_breakdown,1000,500,50,13,103,17,5117,3.004,2.08,0.031,0.2,3.421,0.007,REVOKED
core_breakdown,1000,500,50,13,103,18,5118,2.974,2.026,0.024,0.225,3.355,0.006,REVOKED
core_breakdown,1000,500,50,13,103,19,5119,2.916,1.996,0.023,0.195,3.31,0.005,REVOKED
core_breakdown,1000,500,50,13,103,20,5120,2.947,2.01,0.028,0.2,3.338,0.006,REVOKED
core_breakdown,1000,500,50,13,103,21,5121,3.045,2.121,0.025,0.197,3.328,0.005,REVOKED
core_breakdown,1000,500,50,13,103,22,5122,2.959,2.015,0.023,0.194,3.438,0.007,REVOKED
core_breakdown,1000,500,50,13,103,23,5123,3.01,2.051,0.033,0.204,3.335,0.007,REVOKED
core_breakdown,1000,500,50,13,103,24,5124,2.982,2.057,0.022,0.2,3.323,0.007,REVOKED
core_breakdown,1000,500,50,13,103,25,5125,2.963,2.054,0.023,0.196,3.356,0.009,REVOKED
core_breakdown,1000,500,50,13,103,26,5126,2.977,2.036,0.028,0.207,3.375,0.006,REVOKED
core_breakdown,1000,500,50,13,103,27,5127,2.959,2.027,0.024,0.199,3.316,0.005,REVOKED
core_breakdown,1000,500,50,13,103,28,5128,3.76,2.841,0.021,0.201,3.288,0.006,REVOKED
core_breakdown,1000,500,50,13,103,29,5129,2.967,2.038,0.021,0.194,3.347,0.011,REVOKED
core_breakdown,1000,500,50,13,103,30,5130,2.899,1.987,0.026,0.186,3.294,0.005,REVOKED
core_breakdown,1000,500,50,13,103,31,5131,2.943,2.012,0.025,0.193,3.344,0.008,REVOKED
core_breakdown,1000,500,50,13,103,32,5132,2.928,2.018,0.023,0.189,3.344,0.006,REVOKED
core_breakdown,1000,500,50,13,103,33,5133,2.933,2.026,0.021,0.212,3.375,0.005,REVOKED
core_breakdown,1000,500,50,13,103,34,5134,2.939,2.005,0.026,0.228,3.366,0.006,REVOKED
core_breakdown,1000,500,50,13,103,35,5135,2.926,2.021,0.026,0.193,3.419,0.006,REVOKED
core_breakdown,1000,500,50,13,103,36,5136,2.928,1.978,0.024,0.21,3.37,0.007,REVOKED
core_breakdown,1000,500,50,13,103,37,5137,2.911,2.005,0.024,0.201,3.402,0.006,REVOKED
core_breakdown,1000,500,50,13,103,38,5138,3.01,2.053,0.025,0.189,3.353,0.005,REVOKED
core_breakdown,1000,500,50,13,103,39,5139,2.909,1.996,0.02,0.189,3.182,0.006,REVOKED
core_breakdown,1000,500,50,13,103,40,5140,2.926,1.991,0.025,0.2,3.286,0.006,REVOKED
core_breakdown,1000,500,50,13,103,41,5141,2.983,2.053,0.025,0.186,3.363,0.007,REVOKED
core_breakdown,1000,500,50,13,103,42,5142,2.947,1.986,0.022,0.193,3.282,0.006,REVOKED
core_breakdown,1000,500,50,13,103,43,5143,2.91,1.996,0.024,0.188,3.37,0.006,REVOKED
core_breakdown,1000,500,50,13,103,44,5144,3.034,2.098,0.022,0.192,3.318,0.006,REVOKED
core_breakdown,1000,500,50,13,103,45,5145,2.99,2.061,0.027,0.192,3.298,0.012,REVOKED
core_breakdown,1000,500,50,13,103,46,5146,2.969,2.05,0.022,0.211,3.283,0.006,REVOKED
core_breakdown,1000,500,50,13,103,47,5147,2.952,2.042,0.023,0.202,3.263,0.006,REVOKED
core_breakdown,1000,500,50,13,103,48,5148,2.978,2.034,0.026,0.201,3.285,0.006,REVOKED
core_breakdown,1000,500,50,13,103,49,5149,3.006,2.074,0.023,0.203,3.324,0.01,REVOKED
core_breakdown,1000,500,50,13,103,50,5150,2.877,1.976,0.022,0.202,3.3,0.006,REVOKED
core_breakdown,1000,500,50,14,104,1,5151,6.585,4.234,0.277,0.489,7.624,0.064,REVOKED
core_breakdown,1000,500,50,14,104,2,5152,6.252,4.03,0.13,0.403,6.125,0.028,REVOKED
core_breakdown,1000,500,50,14,104,3,5153,5.191,3.49,0.093,0.334,5.284,0.021,REVOKED
core_breakdown,1000,500,50,14,104,4,5154,4.198,2.843,0.072,0.271,4.122,0.009,REVOKED
core_breakdown,1000,500,50,14,104,5,5155,3.666,2.497,0.045,0.252,4.311,0.01,REVOKED
core_breakdown,1000,500,50,14,104,6,5156,3.646,2.505,0.038,0.235,3.938,0.007,REVOKED
core_breakdown,1000,500,50,14,104,7,5157,3.451,2.346,0.031,0.225,3.895,0.006,REVOKED
core_breakdown,1000,500,50,14,104,8,5158,3.434,2.349,0.031,0.227,4.027,0.014,REVOKED
core_breakdown,1000,500,50,14,104,9,5159,3.865,2.574,0.052,0.22,3.819,0.006,REVOKED
core_breakdown,1000,500,50,14,104,10,5160,3.466,2.389,0.041,0.228,3.84,0.008,REVOKED
core_breakdown,1000,500,50,14,104,11,5161,3.432,2.328,0.078,0.212,3.487,0.017,REVOKED
core_breakdown,1000,500,50,14,104,12,5162,3.058,2.118,0.034,0.196,3.353,0.007,REVOKED
core_breakdown,1000,500,50,14,104,13,5163,3.026,2.056,0.027,0.22,3.354,0.01,REVOKED
core_breakdown,1000,500,50,14,104,14,5164,2.954,2.023,0.025,0.201,3.395,0.007,REVOKED
core_breakdown,1000,500,50,14,104,15,5165,2.96,2.033,0.025,0.203,3.425,0.006,REVOKED
core_breakdown,1000,500,50,14,104,16,5166,2.996,2.065,0.023,0.193,3.412,0.006,REVOKED
core_breakdown,1000,500,50,14,104,17,5167,3.008,2.085,0.026,0.206,3.51,0.007,REVOKED
core_breakdown,1000,500,50,14,104,18,5168,3.031,2.068,0.021,0.188,3.36,0.007,REVOKED
core_breakdown,1000,500,50,14,104,19,5169,2.959,2.019,0.03,0.189,3.34,0.006,REVOKED
core_breakdown,1000,500,50,14,104,20,5170,2.924,2.0,0.026,0.193,3.303,0.006,REVOKED
core_breakdown,1000,500,50,14,104,21,5171,2.994,2.07,0.023,0.201,3.406,0.005,REVOKED
core_breakdown,1000,500,50,14,104,22,5172,2.881,1.953,0.021,0.195,3.281,0.006,REVOKED
core_breakdown,1000,500,50,14,104,23,5173,3.197,2.234,0.026,0.197,3.405,0.006,REVOKED
core_breakdown,1000,500,50,14,104,24,5174,2.971,2.032,0.028,0.192,3.332,0.007,REVOKED
core_breakdown,1000,500,50,14,104,25,5175,2.912,1.994,0.023,0.22,3.321,0.009,REVOKED
core_breakdown,1000,500,50,14,104,26,5176,2.975,2.07,0.021,0.198,3.271,0.006,REVOKED
core_breakdown,1000,500,50,14,104,27,5177,2.689,1.788,0.025,0.177,3.127,0.006,REVOKED
core_breakdown,1000,500,50,14,104,28,5178,2.629,1.776,0.024,0.175,3.03,0.006,REVOKED
core_breakdown,1000,500,50,14,104,29,5179,2.651,1.81,0.026,0.16,3.024,0.006,REVOKED
core_breakdown,1000,500,50,14,104,30,5180,2.59,1.801,0.027,0.2,2.893,0.005,REVOKED
core_breakdown,1000,500,50,14,104,31,5181,2.977,2.052,0.024,0.196,3.349,0.006,REVOKED
core_breakdown,1000,500,50,14,104,32,5182,2.952,2.037,0.025,0.196,3.348,0.006,REVOKED
core_breakdown,1000,500,50,14,104,33,5183,2.928,2.001,0.021,0.189,3.326,0.007,REVOKED
core_breakdown,1000,500,50,14,104,34,5184,2.857,1.947,0.027,0.187,3.313,0.005,REVOKED
core_breakdown,1000,500,50,14,104,35,5185,2.91,1.993,0.022,0.204,3.306,0.005,REVOKED
core_breakdown,1000,500,50,14,104,36,5186,2.988,2.046,0.026,0.207,4.441,0.008,REVOKED
core_breakdown,1000,500,50,14,104,37,5187,3.089,2.046,0.027,0.213,3.479,0.006,REVOKED
core_breakdown,1000,500,50,14,104,38,5188,2.937,2.02,0.026,0.202,3.329,0.006,REVOKED
core_breakdown,1000,500,50,14,104,39,5189,2.898,2.005,0.022,0.203,3.363,0.006,REVOKED
core_breakdown,1000,500,50,14,104,40,5190,2.953,2.028,0.022,0.197,3.299,0.008,REVOKED
core_breakdown,1000,500,50,14,104,41,5191,2.96,2.006,0.028,0.195,3.388,0.008,REVOKED
core_breakdown,1000,500,50,14,104,42,5192,2.92,1.99,0.023,0.191,3.416,0.007,REVOKED
core_breakdown,1000,500,50,14,104,43,5193,2.916,1.964,0.022,0.206,3.341,0.007,REVOKED
core_breakdown,1000,500,50,14,104,44,5194,2.974,2.026,0.026,0.194,3.262,0.007,REVOKED
core_breakdown,1000,500,50,14,104,45,5195,2.852,1.952,0.023,0.191,3.345,0.006,REVOKED
core_breakdown,1000,500,50,14,104,46,5196,2.896,1.985,0.021,0.188,3.232,0.006,REVOKED
core_breakdown,1000,500,50,14,104,47,5197,2.961,1.999,0.025,0.228,3.301,0.006,REVOKED
core_breakdown,1000,500,50,14,104,48,5198,2.946,2.049,0.024,0.217,3.252,0.006,REVOKED
core_breakdown,1000,500,50,14,104,49,5199,2.984,2.046,0.024,0.191,3.242,0.011,REVOKED
core_breakdown,1000,500,50,14,104,50,5200,2.923,1.99,0.024,0.198,3.317,0.006,REVOKED
core_breakdown,1000,500,50,15,105,1,5201,8.429,5.041,0.317,0.674,7.528,0.069,REVOKED
core_breakdown,1000,500,50,15,105,2,5202,5.491,3.636,0.124,0.357,5.67,0.025,REVOKED
core_breakdown,1000,500,50,15,105,3,5203,4.961,3.42,0.082,0.352,5.304,0.024,REVOKED
core_breakdown,1000,500,50,15,105,4,5204,4.31,2.82,0.051,0.249,4.226,0.014,REVOKED
core_breakdown,1000,500,50,15,105,5,5205,3.897,2.65,0.03,0.227,4.356,0.012,REVOKED
core_breakdown,1000,500,50,15,105,6,5206,4.093,2.746,0.081,0.255,4.188,0.015,REVOKED
core_breakdown,1000,500,50,15,105,7,5207,3.607,2.451,0.046,0.287,3.992,0.01,REVOKED
core_breakdown,1000,500,50,15,105,8,5208,3.577,2.424,0.041,0.24,3.834,0.006,REVOKED
core_breakdown,1000,500,50,15,105,9,5209,3.605,2.464,0.033,0.236,3.893,0.008,REVOKED
core_breakdown,1000,500,50,15,105,10,5210,3.495,2.368,0.037,0.23,3.856,0.007,REVOKED
core_breakdown,1000,500,50,15,105,11,5211,3.416,2.289,0.083,0.22,3.522,0.014,REVOKED
core_breakdown,1000,500,50,15,105,12,5212,2.96,2.033,0.037,0.2,3.455,0.009,REVOKED
core_breakdown,1000,500,50,15,105,13,5213,3.111,2.112,0.046,0.208,3.051,0.009,REVOKED
core_breakdown,1000,500,50,15,105,14,5214,2.526,1.712,0.028,0.174,2.913,0.007,REVOKED
core_breakdown,1000,500,50,15,105,15,5215,2.727,1.903,0.03,0.205,3.397,0.008,REVOKED
core_breakdown,1000,500,50,15,105,16,5216,2.942,1.985,0.027,0.194,3.305,0.007,REVOKED
core_breakdown,1000,500,50,15,105,17,5217,2.921,1.993,0.024,0.194,3.294,0.006,REVOKED
core_breakdown,1000,500,50,15,105,18,5218,3.087,2.096,0.025,0.207,3.331,0.007,REVOKED
core_breakdown,1000,500,50,15,105,19,5219,2.997,2.022,0.03,0.205,3.38,0.006,REVOKED
core_breakdown,1000,500,50,15,105,20,5220,2.932,2.009,0.024,0.198,3.282,0.005,REVOKED
core_breakdown,1000,500,50,15,105,21,5221,2.938,2.026,0.026,0.19,3.398,0.007,REVOKED
core_breakdown,1000,500,50,15,105,22,5222,2.971,2.032,0.027,0.196,3.293,0.007,REVOKED
core_breakdown,1000,500,50,15,105,23,5223,2.947,2.031,0.023,0.194,3.424,0.006,REVOKED
core_breakdown,1000,500,50,15,105,24,5224,2.995,2.053,0.025,0.194,3.466,0.006,REVOKED
core_breakdown,1000,500,50,15,105,25,5225,2.99,2.058,0.024,0.199,3.361,0.009,REVOKED
core_breakdown,1000,500,50,15,105,26,5226,2.992,2.066,0.034,0.197,3.29,0.006,REVOKED
core_breakdown,1000,500,50,15,105,27,5227,2.995,2.05,0.022,0.193,3.385,0.005,REVOKED
core_breakdown,1000,500,50,15,105,28,5228,2.934,1.993,0.026,0.205,3.348,0.007,REVOKED
core_breakdown,1000,500,50,15,105,29,5229,2.951,2.031,0.023,0.206,3.325,0.006,REVOKED
core_breakdown,1000,500,50,15,105,30,5230,2.998,2.077,0.023,0.215,3.415,0.005,REVOKED
core_breakdown,1000,500,50,15,105,31,5231,2.948,1.989,0.026,0.194,3.313,0.005,REVOKED
core_breakdown,1000,500,50,15,105,32,5232,2.958,2.001,0.024,0.201,3.424,0.007,REVOKED
core_breakdown,1000,500,50,15,105,33,5233,2.929,2.018,0.024,0.191,3.398,0.006,REVOKED
core_breakdown,1000,500,50,15,105,34,5234,2.982,2.057,0.027,0.21,3.369,0.007,REVOKED
core_breakdown,1000,500,50,15,105,35,5235,2.946,2.011,0.02,0.198,3.28,0.005,REVOKED
core_breakdown,1000,500,50,15,105,36,5236,2.961,2.044,0.025,0.19,3.31,0.007,REVOKED
core_breakdown,1000,500,50,15,105,37,5237,2.954,2.027,0.02,0.213,3.337,0.007,REVOKED
core_breakdown,1000,500,50,15,105,38,5238,2.973,2.024,0.028,0.2,3.317,0.006,REVOKED
core_breakdown,1000,500,50,15,105,39,5239,2.936,2.016,0.025,0.186,3.324,0.006,REVOKED
core_breakdown,1000,500,50,15,105,40,5240,2.893,1.998,0.02,0.185,3.309,0.008,REVOKED
core_breakdown,1000,500,50,15,105,41,5241,2.953,2.031,0.026,0.205,3.351,0.005,REVOKED
core_breakdown,1000,500,50,15,105,42,5242,2.989,2.055,0.023,0.204,3.369,0.006,REVOKED
core_breakdown,1000,500,50,15,105,43,5243,2.952,2.025,0.022,0.204,3.313,0.006,REVOKED
core_breakdown,1000,500,50,15,105,44,5244,2.954,2.009,0.022,0.217,3.322,0.006,REVOKED
core_breakdown,1000,500,50,15,105,45,5245,3.006,2.012,0.023,0.205,3.295,0.007,REVOKED
core_breakdown,1000,500,50,15,105,46,5246,2.953,2.032,0.02,0.194,3.259,0.006,REVOKED
core_breakdown,1000,500,50,15,105,47,5247,2.965,2.04,0.024,0.215,3.295,0.006,REVOKED
core_breakdown,1000,500,50,15,105,48,5248,3.005,2.064,0.022,0.197,3.365,0.006,REVOKED
core_breakdown,1000,500,50,15,105,49,5249,3.025,2.112,0.023,0.197,3.313,0.011,REVOKED
core_breakdown,1000,500,50,15,105,50,5250,2.995,2.043,0.022,0.206,3.346,0.008,REVOKED
core_breakdown,1000,500,50,16,106,1,5251,5.48,3.588,0.103,0.338,5.149,0.019,REVOKED
core_breakdown,1000,500,50,16,106,2,5252,4.83,3.234,0.105,0.328,5.051,0.017,REVOKED
core_breakdown,1000,500,50,16,106,3,5253,4.389,2.912,0.111,0.285,4.176,0.015,REVOKED
core_breakdown,1000,500,50,16,106,4,5254,3.667,2.472,0.055,0.207,4.242,0.02,REVOKED
core_breakdown,1000,500,50,16,106,5,5255,3.546,2.359,0.059,0.228,3.871,0.011,REVOKED
core_breakdown,1000,500,50,16,106,6,5256,3.576,2.431,0.047,0.223,3.826,0.009,REVOKED
core_breakdown,1000,500,50,16,106,7,5257,3.48,2.395,0.037,0.214,3.761,0.007,REVOKED
core_breakdown,1000,500,50,16,106,8,5258,3.41,2.343,0.029,0.302,3.775,0.006,REVOKED
core_breakdown,1000,500,50,16,106,9,5259,3.415,2.326,0.03,0.248,3.811,0.007,REVOKED
core_breakdown,1000,500,50,16,106,10,5260,3.397,2.338,0.026,0.241,3.837,0.008,REVOKED
core_breakdown,1000,500,50,16,106,11,5261,3.344,2.271,0.035,0.235,3.778,0.01,REVOKED
core_breakdown,1000,500,50,16,106,12,5262,3.38,2.281,0.073,0.224,3.643,0.012,REVOKED
core_breakdown,1000,500,50,16,106,13,5263,3.081,2.095,0.047,0.19,3.421,0.01,REVOKED
core_breakdown,1000,500,50,16,106,14,5264,3.056,2.111,0.032,0.203,3.43,0.01,REVOKED
core_breakdown,1000,500,50,16,106,15,5265,3.104,2.128,0.042,0.212,3.497,0.008,REVOKED
core_breakdown,1000,500,50,16,106,16,5266,3.041,2.073,0.026,0.208,3.424,0.007,REVOKED
core_breakdown,1000,500,50,16,106,17,5267,3.053,2.094,0.024,0.212,3.473,0.008,REVOKED
core_breakdown,1000,500,50,16,106,18,5268,3.018,2.087,0.024,0.205,3.365,0.006,REVOKED
core_breakdown,1000,500,50,16,106,19,5269,3.011,2.074,0.031,0.211,3.442,0.007,REVOKED
core_breakdown,1000,500,50,16,106,20,5270,3.038,2.069,0.026,0.218,3.453,0.008,REVOKED
core_breakdown,1000,500,50,16,106,21,5271,3.034,2.068,0.029,0.22,3.504,0.007,REVOKED
core_breakdown,1000,500,50,16,106,22,5272,2.999,2.041,0.027,0.204,3.451,0.006,REVOKED
core_breakdown,1000,500,50,16,106,23,5273,3.026,2.05,0.029,0.221,3.484,0.007,REVOKED
core_breakdown,1000,500,50,16,106,24,5274,2.979,2.055,0.026,0.205,3.408,0.007,REVOKED
core_breakdown,1000,500,50,16,106,25,5275,2.959,2.031,0.022,0.203,3.421,0.01,REVOKED
core_breakdown,1000,500,50,16,106,26,5276,3.011,2.059,0.024,0.204,4.295,0.009,REVOKED
core_breakdown,1000,500,50,16,106,27,5277,5.458,3.912,0.071,0.231,3.738,0.014,REVOKED
core_breakdown,1000,500,50,16,106,28,5278,3.043,2.069,0.035,0.247,3.507,0.012,REVOKED
core_breakdown,1000,500,50,16,106,29,5279,3.0,2.048,0.026,0.216,3.497,0.007,REVOKED
core_breakdown,1000,500,50,16,106,30,5280,2.99,2.053,0.032,0.198,3.409,0.007,REVOKED
core_breakdown,1000,500,50,16,106,31,5281,2.984,2.047,0.026,0.204,3.489,0.007,REVOKED
core_breakdown,1000,500,50,16,106,32,5282,3.029,2.063,0.03,0.208,3.597,0.007,REVOKED
core_breakdown,1000,500,50,16,106,33,5283,3.031,2.091,0.029,0.201,3.405,0.007,REVOKED
core_breakdown,1000,500,50,16,106,34,5284,2.999,2.037,0.028,0.202,3.347,0.006,REVOKED
core_breakdown,1000,500,50,16,106,35,5285,2.983,2.033,0.027,0.198,3.394,0.006,REVOKED
core_breakdown,1000,500,50,16,106,36,5286,2.967,2.045,0.026,0.204,3.426,0.007,REVOKED
core_breakdown,1000,500,50,16,106,37,5287,3.039,2.078,0.027,0.205,3.366,0.006,REVOKED
core_breakdown,1000,500,50,16,106,38,5288,2.973,2.047,0.023,0.244,3.391,0.007,REVOKED
core_breakdown,1000,500,50,16,106,39,5289,3.002,2.048,0.03,0.205,3.458,0.007,REVOKED
core_breakdown,1000,500,50,16,106,40,5290,3.01,2.072,0.029,0.206,3.439,0.007,REVOKED
core_breakdown,1000,500,50,16,106,41,5291,3.011,2.023,0.028,0.199,3.502,0.006,REVOKED
core_breakdown,1000,500,50,16,106,42,5292,2.948,1.986,0.029,0.197,3.335,0.007,REVOKED
core_breakdown,1000,500,50,16,106,43,5293,2.982,2.054,0.028,0.179,3.334,0.007,REVOKED
core_breakdown,1000,500,50,16,106,44,5294,3.068,2.093,0.027,0.196,3.416,0.007,REVOKED
core_breakdown,1000,500,50,16,106,45,5295,3.036,2.098,0.027,0.199,3.385,0.006,REVOKED
core_breakdown,1000,500,50,16,106,46,5296,3.127,2.159,0.026,0.216,3.422,0.007,REVOKED
core_breakdown,1000,500,50,16,106,47,5297,3.026,2.085,0.029,0.207,3.453,0.008,REVOKED
core_breakdown,1000,500,50,16,106,48,5298,3.01,2.046,0.026,0.201,3.395,0.007,REVOKED
core_breakdown,1000,500,50,16,106,49,5299,2.988,2.04,0.026,0.205,3.484,0.013,REVOKED
core_breakdown,1000,500,50,16,106,50,5300,3.011,2.054,0.025,0.201,3.378,0.007,REVOKED
core_breakdown,1000,500,50,17,107,1,5301,4.79,3.141,0.108,0.339,5.124,0.03,REVOKED
core_breakdown,1000,500,50,17,107,2,5302,4.231,2.844,0.047,0.263,4.372,0.015,REVOKED
core_breakdown,1000,500,50,17,107,3,5303,3.688,2.49,0.057,0.237,3.652,0.01,REVOKED
core_breakdown,1000,500,50,17,107,4,5304,3.251,2.202,0.038,0.225,3.873,0.009,REVOKED
core_breakdown,1000,500,50,17,107,5,5305,3.155,2.096,0.051,0.198,3.364,0.008,REVOKED
core_breakdown,1000,500,50,17,107,6,5306,2.851,1.936,0.028,0.189,3.484,0.009,REVOKED
core_breakdown,1000,500,50,17,107,7,5307,3.17,2.14,0.037,0.205,3.414,0.006,REVOKED
core_breakdown,1000,500,50,17,107,8,5308,3.264,2.244,0.066,0.213,3.669,0.012,REVOKED
core_breakdown,1000,500,50,17,107,9,5309,3.138,2.081,0.038,0.212,3.505,0.008,REVOKED
core_breakdown,1000,500,50,17,107,10,5310,3.029,2.065,0.034,0.22,3.558,0.008,REVOKED
core_breakdown,1000,500,50,17,107,11,5311,3.067,2.093,0.029,0.231,3.484,0.008,REVOKED
core_breakdown,1000,500,50,17,107,12,5312,3.093,2.07,0.028,0.197,3.379,0.008,REVOKED
core_breakdown,1000,500,50,17,107,13,5313,3.008,2.043,0.029,0.202,3.336,0.009,REVOKED
core_breakdown,1000,500,50,17,107,14,5314,3.064,2.088,0.036,0.19,3.209,0.007,REVOKED
core_breakdown,1000,500,50,17,107,15,5315,2.73,1.839,0.029,0.184,3.037,0.007,REVOKED
core_breakdown,1000,500,50,17,107,16,5316,2.63,1.806,0.028,0.212,3.025,0.006,REVOKED
core_breakdown,1000,500,50,17,107,17,5317,2.616,1.778,0.024,0.158,3.291,0.008,REVOKED
core_breakdown,1000,500,50,17,107,18,5318,2.734,1.81,0.037,0.175,3.211,0.007,REVOKED
core_breakdown,1000,500,50,17,107,19,5319,2.572,1.741,0.028,0.179,3.103,0.007,REVOKED
core_breakdown,1000,500,50,17,107,20,5320,2.608,1.75,0.03,0.179,3.095,0.007,REVOKED
core_breakdown,1000,500,50,17,107,21,5321,2.751,1.872,0.028,0.191,3.094,0.01,REVOKED
core_breakdown,1000,500,50,17,107,22,5322,2.7,1.811,0.029,0.193,3.092,0.007,REVOKED
core_breakdown,1000,500,50,17,107,23,5323,2.637,1.772,0.038,0.185,3.075,0.007,REVOKED
core_breakdown,1000,500,50,17,107,24,5324,2.665,1.817,0.027,0.164,3.077,0.007,REVOKED
core_breakdown,1000,500,50,17,107,25,5325,2.673,1.802,0.03,0.2,3.151,0.01,REVOKED
core_breakdown,1000,500,50,17,107,26,5326,2.648,1.767,0.029,0.21,3.126,0.006,REVOKED
core_breakdown,1000,500,50,17,107,27,5327,2.679,1.839,0.025,0.195,3.034,0.007,REVOKED
core_breakdown,1000,500,50,17,107,28,5328,2.652,1.827,0.026,0.173,3.208,0.007,REVOKED
core_breakdown,1000,500,50,17,107,29,5329,2.669,1.844,0.026,0.194,3.172,0.006,REVOKED
core_breakdown,1000,500,50,17,107,30,5330,2.679,1.796,0.028,0.184,3.18,0.007,REVOKED
core_breakdown,1000,500,50,17,107,31,5331,2.704,1.839,0.023,0.175,3.072,0.006,REVOKED
core_breakdown,1000,500,50,17,107,32,5332,2.484,1.649,0.02,0.162,2.634,0.006,REVOKED
core_breakdown,1000,500,50,17,107,33,5333,2.647,1.775,0.018,0.169,3.183,0.006,REVOKED
core_breakdown,1000,500,50,17,107,34,5334,2.669,1.799,0.026,0.191,3.04,0.011,REVOKED
core_breakdown,1000,500,50,17,107,35,5335,2.644,1.798,0.027,0.164,2.985,0.007,REVOKED
core_breakdown,1000,500,50,17,107,36,5336,2.583,1.74,0.023,0.174,3.029,0.005,REVOKED
core_breakdown,1000,500,50,17,107,37,5337,2.668,1.832,0.023,0.216,3.364,0.006,REVOKED
core_breakdown,1000,500,50,17,107,38,5338,2.959,2.052,0.023,0.191,3.398,0.006,REVOKED
core_breakdown,1000,500,50,17,107,39,5339,2.979,2.04,0.022,0.199,3.334,0.005,REVOKED
core_breakdown,1000,500,50,17,107,40,5340,2.927,2.029,0.021,0.199,3.287,0.006,REVOKED
core_breakdown,1000,500,50,17,107,41,5341,2.553,1.749,0.025,0.177,2.913,0.006,REVOKED
core_breakdown,1000,500,50,17,107,42,5342,2.57,1.741,0.028,0.214,3.028,0.005,REVOKED
core_breakdown,1000,500,50,17,107,43,5343,2.64,1.822,0.022,0.183,2.969,0.006,REVOKED
core_breakdown,1000,500,50,17,107,44,5344,2.646,1.821,0.026,0.2,3.0,0.005,REVOKED
core_breakdown,1000,500,50,17,107,45,5345,2.588,1.751,0.023,0.185,3.027,0.006,REVOKED
core_breakdown,1000,500,50,17,107,46,5346,2.55,1.762,0.021,0.18,3.015,0.01,REVOKED
core_breakdown,1000,500,50,17,107,47,5347,2.595,1.742,0.025,0.184,2.983,0.006,REVOKED
core_breakdown,1000,500,50,17,107,48,5348,2.625,1.757,0.027,0.187,3.08,0.006,REVOKED
core_breakdown,1000,500,50,17,107,49,5349,2.573,1.752,0.024,0.165,3.096,0.013,REVOKED
core_breakdown,1000,500,50,17,107,50,5350,2.58,1.753,0.026,0.191,3.112,0.007,REVOKED
core_breakdown,1000,500,50,18,108,1,5351,5.201,3.471,0.108,0.335,4.82,0.04,REVOKED
core_breakdown,1000,500,50,18,108,2,5352,4.499,2.978,0.095,0.291,4.339,0.01,REVOKED
core_breakdown,1000,500,50,18,108,3,5353,3.285,2.227,0.039,0.227,3.744,0.01,REVOKED
core_breakdown,1000,500,50,18,108,4,5354,3.209,2.236,0.035,0.218,3.646,0.008,REVOKED
core_breakdown,1000,500,50,18,108,5,5355,3.046,2.053,0.035,0.204,3.463,0.007,REVOKED
core_breakdown,1000,500,50,18,108,6,5356,3.1,2.111,0.033,0.272,3.929,0.012,REVOKED
core_breakdown,1000,500,50,18,108,7,5357,3.285,2.261,0.052,0.241,3.792,0.009,REVOKED
core_breakdown,1000,500,50,18,108,8,5358,3.153,2.04,0.043,0.268,3.691,0.007,REVOKED
core_breakdown,1000,500,50,18,108,9,5359,3.211,2.164,0.039,0.221,3.641,0.008,REVOKED
core_breakdown,1000,500,50,18,108,10,5360,3.769,2.721,0.037,0.26,3.982,0.01,REVOKED
core_breakdown,1000,500,50,18,108,11,5361,3.326,2.276,0.033,0.21,3.696,0.008,REVOKED
core_breakdown,1000,500,50,18,108,12,5362,3.259,2.224,0.024,0.209,3.816,0.007,REVOKED
core_breakdown,1000,500,50,18,108,13,5363,3.219,2.238,0.032,0.214,3.569,0.009,REVOKED
core_breakdown,1000,500,50,18,108,14,5364,3.237,2.26,0.027,0.208,3.656,0.007,REVOKED
core_breakdown,1000,500,50,18,108,15,5365,3.445,2.299,0.026,0.244,4.046,0.007,REVOKED
core_breakdown,1000,500,50,18,108,16,5366,3.465,2.365,0.032,0.233,4.057,0.007,REVOKED
core_breakdown,1000,500,50,18,108,17,5367,3.588,2.462,0.026,0.248,3.814,0.006,REVOKED
core_breakdown,1000,500,50,18,108,18,5368,3.661,2.544,0.028,0.224,3.893,0.005,REVOKED
core_breakdown,1000,500,50,18,108,19,5369,3.255,2.226,0.024,0.209,3.598,0.006,REVOKED
core_breakdown,1000,500,50,18,108,20,5370,2.963,2.046,0.021,0.206,3.321,0.007,REVOKED
core_breakdown,1000,500,50,18,108,21,5371,2.899,1.952,0.031,0.227,3.376,0.006,REVOKED
core_breakdown,1000,500,50,18,108,22,5372,2.898,2.0,0.022,0.2,3.368,0.006,REVOKED
core_breakdown,1000,500,50,18,108,23,5373,2.92,1.971,0.026,0.199,3.267,0.006,REVOKED
core_breakdown,1000,500,50,18,108,24,5374,2.808,1.903,0.024,0.192,3.236,0.006,REVOKED
core_breakdown,1000,500,50,18,108,25,5375,2.914,2.011,0.024,0.196,3.42,0.008,REVOKED
core_breakdown,1000,500,50,18,108,26,5376,2.921,1.944,0.023,0.204,3.294,0.005,REVOKED
core_breakdown,1000,500,50,18,108,27,5377,2.951,2.025,0.024,0.216,3.209,0.005,REVOKED
core_breakdown,1000,500,50,18,108,28,5378,2.896,1.925,0.024,0.209,3.289,0.005,REVOKED
core_breakdown,1000,500,50,18,108,29,5379,2.839,1.932,0.021,0.212,3.257,0.006,REVOKED
core_breakdown,1000,500,50,18,108,30,5380,2.734,1.829,0.028,0.214,3.439,0.007,REVOKED
core_breakdown,1000,500,50,18,108,31,5381,3.079,2.119,0.021,0.229,3.482,0.006,REVOKED
core_breakdown,1000,500,50,18,108,32,5382,3.024,2.093,0.029,0.204,3.486,0.006,REVOKED
core_breakdown,1000,500,50,18,108,33,5383,3.056,2.067,0.027,0.202,3.472,0.007,REVOKED
core_breakdown,1000,500,50,18,108,34,5384,3.036,2.07,0.026,0.21,3.453,0.006,REVOKED
core_breakdown,1000,500,50,18,108,35,5385,3.079,2.077,0.03,0.222,3.477,0.008,REVOKED
core_breakdown,1000,500,50,18,108,36,5386,3.118,2.129,0.026,0.207,4.331,0.007,REVOKED
core_breakdown,1000,500,50,18,108,37,5387,3.087,2.113,0.025,0.191,3.226,0.006,REVOKED
core_breakdown,1000,500,50,18,108,38,5388,2.736,1.853,0.029,0.199,3.438,0.007,REVOKED
core_breakdown,1000,500,50,18,108,39,5389,2.698,1.821,0.032,0.194,3.143,0.006,REVOKED
core_breakdown,1000,500,50,18,108,40,5390,2.654,1.819,0.024,0.19,3.051,0.007,REVOKED
core_breakdown,1000,500,50,18,108,41,5391,3.229,2.214,0.03,0.201,3.534,0.008,REVOKED
core_breakdown,1000,500,50,18,108,42,5392,3.095,2.105,0.025,0.277,3.17,0.007,REVOKED
core_breakdown,1000,500,50,18,108,43,5393,2.642,1.769,0.031,0.197,3.162,0.007,REVOKED
core_breakdown,1000,500,50,18,108,44,5394,3.157,2.15,0.028,0.226,3.482,0.007,REVOKED
core_breakdown,1000,500,50,18,108,45,5395,2.988,2.014,0.03,0.209,3.431,0.007,REVOKED
core_breakdown,1000,500,50,18,108,46,5396,2.684,1.83,0.026,0.187,3.096,0.006,REVOKED
core_breakdown,1000,500,50,18,108,47,5397,2.717,1.862,0.031,0.197,3.141,0.007,REVOKED
core_breakdown,1000,500,50,18,108,48,5398,2.781,1.91,0.03,0.184,3.057,0.007,REVOKED
core_breakdown,1000,500,50,18,108,49,5399,2.619,1.782,0.025,0.184,3.112,0.011,REVOKED
core_breakdown,1000,500,50,18,108,50,5400,2.722,1.868,0.029,0.175,3.072,0.006,REVOKED
core_breakdown,1000,500,50,19,109,1,5401,4.416,2.857,0.101,0.321,5.018,0.031,REVOKED
core_breakdown,1000,500,50,19,109,2,5402,4.341,2.83,0.11,0.287,4.65,0.021,REVOKED
core_breakdown,1000,500,50,19,109,3,5403,4.421,3.001,0.092,0.307,5.229,0.014,REVOKED
core_breakdown,1000,500,50,19,109,4,5404,3.731,2.523,0.064,0.247,4.244,0.015,REVOKED
core_breakdown,1000,500,50,19,109,5,5405,3.688,2.492,0.071,0.266,4.038,0.011,REVOKED
core_breakdown,1000,500,50,19,109,6,5406,3.501,2.382,0.046,0.23,4.188,0.009,REVOKED
core_breakdown,1000,500,50,19,109,7,5407,5.669,3.728,0.083,0.331,4.593,0.013,REVOKED
core_breakdown,1000,500,50,19,109,8,5408,4.11,2.822,0.054,0.278,4.361,0.011,REVOKED
core_breakdown,1000,500,50,19,109,9,5409,3.781,2.622,0.037,0.238,4.412,0.029,REVOKED
core_breakdown,1000,500,50,19,109,10,5410,3.702,2.435,0.04,0.247,3.914,0.01,REVOKED
core_breakdown,1000,500,50,19,109,11,5411,3.391,2.303,0.027,0.225,3.77,0.006,REVOKED
core_breakdown,1000,500,50,19,109,12,5412,3.336,2.318,0.028,0.211,3.626,0.007,REVOKED
core_breakdown,1000,500,50,19,109,13,5413,3.256,2.259,0.022,0.229,3.617,0.007,REVOKED
core_breakdown,1000,500,50,19,109,14,5414,3.218,2.21,0.022,0.25,3.593,0.007,REVOKED
core_breakdown,1000,500,50,19,109,15,5415,3.278,2.273,0.026,0.212,3.6,0.006,REVOKED
core_breakdown,1000,500,50,19,109,16,5416,3.189,2.18,0.023,0.232,3.54,0.006,REVOKED
core_breakdown,1000,500,50,19,109,17,5417,3.179,2.179,0.031,0.219,3.579,0.007,REVOKED
core_breakdown,1000,500,50,19,109,18,5418,3.26,2.252,0.024,0.213,3.585,0.006,REVOKED
core_breakdown,1000,500,50,19,109,19,5419,2.953,2.035,0.023,0.207,3.457,0.007,REVOKED
core_breakdown,1000,500,50,19,109,20,5420,3.397,2.409,0.027,0.207,4.013,0.007,REVOKED
core_breakdown,1000,500,50,19,109,21,5421,3.137,2.159,0.029,0.228,4.03,0.007,REVOKED
core_breakdown,1000,500,50,19,109,22,5422,3.396,2.337,0.03,0.221,3.873,0.006,REVOKED
core_breakdown,1000,500,50,19,109,23,5423,3.33,2.29,0.033,0.222,3.721,0.007,REVOKED
core_breakdown,1000,500,50,19,109,24,5424,3.039,2.039,0.031,0.209,3.421,0.007,REVOKED
core_breakdown,1000,500,50,19,109,25,5425,2.994,2.042,0.026,0.222,3.387,0.009,REVOKED
core_breakdown,1000,500,50,19,109,26,5426,2.964,2.021,0.031,0.199,3.344,0.006,REVOKED
core_breakdown,1000,500,50,19,109,27,5427,2.965,2.024,0.027,0.202,3.4,0.007,REVOKED
core_breakdown,1000,500,50,19,109,28,5428,2.918,2.025,0.027,0.196,3.46,0.006,REVOKED
core_breakdown,1000,500,50,19,109,29,5429,2.947,1.988,0.028,0.176,2.986,0.006,REVOKED
core_breakdown,1000,500,50,19,109,30,5430,3.027,2.052,0.028,0.213,3.44,0.008,REVOKED
core_breakdown,1000,500,50,19,109,31,5431,3.025,2.077,0.028,0.19,3.407,0.006,REVOKED
core_breakdown,1000,500,50,19,109,32,5432,3.044,2.098,0.023,0.196,3.434,0.007,REVOKED
core_breakdown,1000,500,50,19,109,33,5433,3.029,2.043,0.026,0.193,3.438,0.007,REVOKED
core_breakdown,1000,500,50,19,109,34,5434,3.16,2.167,0.032,0.206,3.444,0.007,REVOKED
core_breakdown,1000,500,50,19,109,35,5435,3.041,2.087,0.027,0.198,3.467,0.007,REVOKED
core_breakdown,1000,500,50,19,109,36,5436,3.024,2.065,0.026,0.193,3.511,0.006,REVOKED
core_breakdown,1000,500,50,19,109,37,5437,3.053,2.089,0.025,0.203,3.535,0.007,REVOKED
core_breakdown,1000,500,50,19,109,38,5438,3.032,2.029,0.028,0.208,3.492,0.007,REVOKED
core_breakdown,1000,500,50,19,109,39,5439,3.045,2.103,0.029,0.203,3.434,0.006,REVOKED
core_breakdown,1000,500,50,19,109,40,5440,2.997,2.064,0.028,0.2,3.516,0.007,REVOKED
core_breakdown,1000,500,50,19,109,41,5441,3.052,2.072,0.026,0.195,3.468,0.006,REVOKED
core_breakdown,1000,500,50,19,109,42,5442,3.039,2.076,0.029,0.214,3.785,0.012,REVOKED
core_breakdown,1000,500,50,19,109,43,5443,3.697,2.556,0.049,0.255,4.101,0.01,REVOKED
core_breakdown,1000,500,50,19,109,44,5444,2.742,1.818,0.035,0.195,3.498,0.008,REVOKED
core_breakdown,1000,500,50,19,109,45,5445,3.053,2.006,0.032,0.203,3.551,0.007,REVOKED
core_breakdown,1000,500,50,19,109,46,5446,3.165,2.22,0.028,0.218,3.88,0.008,REVOKED
core_breakdown,1000,500,50,19,109,47,5447,3.663,2.372,0.048,0.24,3.986,0.013,REVOKED
core_breakdown,1000,500,50,19,109,48,5448,3.219,2.15,0.035,0.219,3.825,0.009,REVOKED
core_breakdown,1000,500,50,19,109,49,5449,3.139,2.092,0.034,0.207,3.44,0.012,REVOKED
core_breakdown,1000,500,50,19,109,50,5450,3.008,2.058,0.031,0.201,3.574,0.007,REVOKED
core_breakdown,1000,500,50,20,110,1,5451,4.854,3.306,0.072,0.295,5.294,0.017,REVOKED
core_breakdown,1000,500,50,20,110,2,5452,4.096,2.818,0.038,0.277,4.252,0.01,REVOKED
core_breakdown,1000,500,50,20,110,3,5453,3.144,2.138,0.029,0.213,4.151,0.009,REVOKED
core_breakdown,1000,500,50,20,110,4,5454,3.716,2.535,0.032,0.239,4.247,0.008,REVOKED
core_breakdown,1000,500,50,20,110,5,5455,3.724,2.541,0.027,0.23,3.917,0.007,REVOKED
core_breakdown,1000,500,50,20,110,6,5456,3.543,2.412,0.028,0.247,3.907,0.007,REVOKED
core_breakdown,1000,500,50,20,110,7,5457,3.435,2.329,0.03,0.233,3.861,0.007,REVOKED
core_breakdown,1000,500,50,20,110,8,5458,3.398,2.33,0.029,0.225,3.923,0.006,REVOKED
core_breakdown,1000,500,50,20,110,9,5459,3.403,2.317,0.029,0.229,3.897,0.006,REVOKED
core_breakdown,1000,500,50,20,110,10,5460,3.454,2.371,0.027,0.224,3.836,0.008,REVOKED
core_breakdown,1000,500,50,20,110,11,5461,3.442,2.374,0.035,0.219,3.676,0.01,REVOKED
core_breakdown,1000,500,50,20,110,12,5462,2.983,2.018,0.04,0.208,3.508,0.01,REVOKED
core_breakdown,1000,500,50,20,110,13,5463,3.041,2.085,0.033,0.204,3.451,0.013,REVOKED
core_breakdown,1000,500,50,20,110,14,5464,3.026,2.079,0.033,0.211,3.483,0.009,REVOKED
core_breakdown,1000,500,50,20,110,15,5465,3.065,2.071,0.029,0.209,3.393,0.007,REVOKED
core_breakdown,1000,500,50,20,110,16,5466,3.006,2.059,0.028,0.205,3.411,0.007,REVOKED
core_breakdown,1000,500,50,20,110,17,5467,2.951,1.993,0.03,0.192,3.35,0.007,REVOKED
core_breakdown,1000,500,50,20,110,18,5468,2.951,2.017,0.024,0.199,3.431,0.006,REVOKED
core_breakdown,1000,500,50,20,110,19,5469,2.959,2.024,0.021,0.198,3.364,0.006,REVOKED
core_breakdown,1000,500,50,20,110,20,5470,2.918,1.992,0.028,0.197,3.302,0.005,REVOKED
core_breakdown,1000,500,50,20,110,21,5471,2.946,2.033,0.022,0.185,3.344,0.006,REVOKED
core_breakdown,1000,500,50,20,110,22,5472,2.979,2.028,0.022,0.208,3.295,0.006,REVOKED
core_breakdown,1000,500,50,20,110,23,5473,3.046,2.066,0.027,0.215,3.612,0.007,REVOKED
core_breakdown,1000,500,50,20,110,24,5474,6.689,4.826,0.051,0.349,4.416,0.012,REVOKED
core_breakdown,1000,500,50,20,110,25,5475,3.124,2.091,0.036,0.203,3.459,0.01,REVOKED
core_breakdown,1000,500,50,20,110,26,5476,2.999,2.08,0.027,0.204,3.477,0.007,REVOKED
core_breakdown,1000,500,50,20,110,27,5477,3.027,2.062,0.026,0.198,3.467,0.006,REVOKED
core_breakdown,1000,500,50,20,110,28,5478,2.928,1.983,0.023,0.198,3.247,0.007,REVOKED
core_breakdown,1000,500,50,20,110,29,5479,2.943,1.999,0.024,0.199,3.378,0.007,REVOKED
core_breakdown,1000,500,50,20,110,30,5480,2.894,1.994,0.022,0.196,3.311,0.006,REVOKED
core_breakdown,1000,500,50,20,110,31,5481,3.001,2.057,0.029,0.204,3.531,0.006,REVOKED
core_breakdown,1000,500,50,20,110,32,5482,3.096,2.12,0.024,0.205,3.517,0.007,REVOKED
core_breakdown,1000,500,50,20,110,33,5483,3.099,2.088,0.022,0.201,3.549,0.006,REVOKED
core_breakdown,1000,500,50,20,110,34,5484,3.13,2.113,0.032,0.2,3.518,0.006,REVOKED
core_breakdown,1000,500,50,20,110,35,5485,3.092,2.091,0.023,0.231,3.636,0.007,REVOKED
core_breakdown,1000,500,50,20,110,36,5486,3.066,2.077,0.025,0.197,3.598,0.006,REVOKED
core_breakdown,1000,500,50,20,110,37,5487,3.149,2.182,0.027,0.197,3.514,0.007,REVOKED
core_breakdown,1000,500,50,20,110,38,5488,3.159,2.13,0.022,0.228,3.535,0.007,REVOKED
core_breakdown,1000,500,50,20,110,39,5489,3.034,2.081,0.026,0.208,3.526,0.006,REVOKED
core_breakdown,1000,500,50,20,110,40,5490,3.132,2.149,0.026,0.197,3.492,0.006,REVOKED
core_breakdown,1000,500,50,20,110,41,5491,3.116,2.146,0.024,0.204,3.46,0.006,REVOKED
core_breakdown,1000,500,50,20,110,42,5492,2.874,1.917,0.024,0.199,3.233,0.006,REVOKED
core_breakdown,1000,500,50,20,110,43,5493,2.726,1.882,0.023,0.185,3.24,0.005,REVOKED
core_breakdown,1000,500,50,20,110,44,5494,2.827,1.893,0.03,0.183,3.296,0.007,REVOKED
core_breakdown,1000,500,50,20,110,45,5495,2.714,1.853,0.024,0.177,3.133,0.007,REVOKED
core_breakdown,1000,500,50,20,110,46,5496,2.697,1.821,0.026,0.187,3.241,0.006,REVOKED
core_breakdown,1000,500,50,20,110,47,5497,2.752,1.874,0.024,0.202,3.214,0.007,REVOKED
core_breakdown,1000,500,50,20,110,48,5498,2.869,1.945,0.023,0.18,3.17,0.007,REVOKED
core_breakdown,1000,500,50,20,110,49,5499,2.673,1.817,0.027,0.181,3.29,0.016,REVOKED
core_breakdown,1000,500,50,20,110,50,5500,2.817,1.891,0.027,0.197,3.184,0.006,REVOKED
core_breakdown,1000,500,50,21,111,1,5501,4.567,2.875,0.246,0.352,4.593,0.05,REVOKED
core_breakdown,1000,500,50,21,111,2,5502,3.898,2.739,0.055,0.256,4.247,0.018,REVOKED
core_breakdown,1000,500,50,21,111,3,5503,3.639,2.47,0.044,0.23,4.038,0.01,REVOKED
core_breakdown,1000,500,50,21,111,4,5504,3.578,2.462,0.037,0.241,3.975,0.008,REVOKED
core_breakdown,1000,500,50,21,111,5,5505,3.522,2.408,0.041,0.223,3.951,0.007,REVOKED
core_breakdown,1000,500,50,21,111,6,5506,3.487,2.386,0.042,0.245,3.963,0.009,REVOKED
core_breakdown,1000,500,50,21,111,7,5507,3.533,2.427,0.043,0.33,4.51,0.016,REVOKED
core_breakdown,1000,500,50,21,111,8,5508,3.677,2.49,0.056,0.24,4.113,0.016,REVOKED
core_breakdown,1000,500,50,21,111,9,5509,3.603,2.435,0.063,0.231,3.976,0.01,REVOKED
core_breakdown,1000,500,50,21,111,10,5510,3.549,2.414,0.036,0.215,3.993,0.007,REVOKED
core_breakdown,1000,500,50,21,111,11,5511,3.48,2.371,0.034,0.227,3.898,0.006,REVOKED
core_breakdown,1000,500,50,21,111,12,5512,3.51,2.393,0.03,0.218,3.808,0.006,REVOKED
core_breakdown,1000,500,50,21,111,13,5513,3.428,2.345,0.036,0.23,3.714,0.012,REVOKED
core_breakdown,1000,500,50,21,111,14,5514,3.32,2.285,0.034,0.221,3.763,0.009,REVOKED
core_breakdown,1000,500,50,21,111,15,5515,3.311,2.247,0.032,0.245,3.616,0.006,REVOKED
core_breakdown,1000,500,50,21,111,16,5516,3.341,2.259,0.07,0.227,3.47,0.014,REVOKED
core_breakdown,1000,500,50,21,111,17,5517,3.035,2.031,0.035,0.213,3.414,0.009,REVOKED
core_breakdown,1000,500,50,21,111,18,5518,3.096,2.118,0.035,0.218,3.384,0.007,REVOKED
core_breakdown,1000,500,50,21,111,19,5519,2.995,2.069,0.041,0.199,3.465,0.007,REVOKED
core_breakdown,1000,500,50,21,111,20,5520,2.981,2.065,0.026,0.19,3.559,0.006,REVOKED
core_breakdown,1000,500,50,21,111,21,5521,2.663,1.779,0.027,0.193,3.392,0.007,REVOKED
core_breakdown,1000,500,50,21,111,22,5522,3.042,2.048,0.025,0.212,3.335,0.008,REVOKED
core_breakdown,1000,500,50,21,111,23,5523,2.993,2.072,0.024,0.205,3.443,0.007,REVOKED
core_breakdown,1000,500,50,21,111,24,5524,3.006,2.051,0.022,0.197,3.445,0.006,REVOKED
core_breakdown,1000,500,50,21,111,25,5525,3.006,2.057,0.032,0.196,3.405,0.008,REVOKED
core_breakdown,1000,500,50,21,111,26,5526,2.939,2.047,0.024,0.198,3.448,0.007,REVOKED
core_breakdown,1000,500,50,21,111,27,5527,3.138,2.159,0.026,0.21,3.429,0.006,REVOKED
core_breakdown,1000,500,50,21,111,28,5528,2.989,2.029,0.025,0.195,3.427,0.006,REVOKED
core_breakdown,1000,500,50,21,111,29,5529,2.997,2.017,0.026,0.2,3.441,0.007,REVOKED
core_breakdown,1000,500,50,21,111,30,5530,3.016,2.057,0.038,0.197,3.396,0.005,REVOKED
core_breakdown,1000,500,50,21,111,31,5531,2.92,2.004,0.023,0.202,3.372,0.006,REVOKED
core_breakdown,1000,500,50,21,111,32,5532,3.012,2.071,0.021,0.199,3.406,0.006,REVOKED
core_breakdown,1000,500,50,21,111,33,5533,2.507,1.669,0.026,0.18,2.715,0.005,REVOKED
core_breakdown,1000,500,50,21,111,34,5534,2.708,1.896,0.024,0.177,3.132,0.006,REVOKED
core_breakdown,1000,500,50,21,111,35,5535,2.724,1.868,0.025,0.195,3.07,0.007,REVOKED
core_breakdown,1000,500,50,21,111,36,5536,2.574,1.748,0.021,0.176,3.04,0.006,REVOKED
core_breakdown,1000,500,50,21,111,37,5537,2.651,1.783,0.025,0.197,3.134,0.006,REVOKED
core_breakdown,1000,500,50,21,111,38,5538,2.69,1.804,0.025,0.19,3.087,0.006,REVOKED
core_breakdown,1000,500,50,21,111,39,5539,2.72,1.831,0.029,0.189,3.025,0.006,REVOKED
core_breakdown,1000,500,50,21,111,40,5540,2.625,1.778,0.024,0.173,3.105,0.007,REVOKED
core_breakdown,1000,500,50,21,111,41,5541,2.6,1.735,0.024,0.173,3.113,0.006,REVOKED
core_breakdown,1000,500,50,21,111,42,5542,2.528,1.725,0.028,0.173,3.114,0.006,REVOKED
core_breakdown,1000,500,50,21,111,43,5543,2.753,1.831,0.037,0.183,2.981,0.006,REVOKED
core_breakdown,1000,500,50,21,111,44,5544,2.658,1.763,0.024,0.257,3.199,0.009,REVOKED
core_breakdown,1000,500,50,21,111,45,5545,2.636,1.789,0.035,0.164,3.16,0.008,REVOKED
core_breakdown,1000,500,50,21,111,46,5546,2.846,1.896,0.032,0.189,3.302,0.008,REVOKED
core_breakdown,1000,500,50,21,111,47,5547,2.343,1.595,0.035,0.167,2.997,0.008,REVOKED
core_breakdown,1000,500,50,21,111,48,5548,2.962,2.05,0.028,0.195,3.224,0.007,REVOKED
core_breakdown,1000,500,50,21,111,49,5549,3.76,2.757,0.037,0.432,3.803,0.013,REVOKED
core_breakdown,1000,500,50,21,111,50,5550,3.28,2.151,0.036,0.156,2.769,0.008,REVOKED
core_breakdown,1000,500,50,22,112,1,5551,5.011,3.184,0.107,0.393,5.452,0.031,REVOKED
core_breakdown,1000,500,50,22,112,2,5552,4.522,2.893,0.104,0.281,5.003,0.022,REVOKED
core_breakdown,1000,500,50,22,112,3,5553,4.701,3.209,0.078,0.311,5.188,0.019,REVOKED
core_breakdown,1000,500,50,22,112,4,5554,4.202,2.743,0.06,0.263,4.433,0.012,REVOKED
core_breakdown,1000,500,50,22,112,5,5555,4.009,2.724,0.056,0.211,3.92,0.009,REVOKED
core_breakdown,1000,500,50,22,112,6,5556,3.604,2.454,0.037,0.207,3.934,0.008,REVOKED
core_breakdown,1000,500,50,22,112,7,5557,3.54,2.396,0.041,0.231,3.963,0.008,REVOKED
core_breakdown,1000,500,50,22,112,8,5558,3.517,2.373,0.037,0.217,3.766,0.006,REVOKED
core_breakdown,1000,500,50,22,112,9,5559,3.41,2.362,0.027,0.213,3.8,0.008,REVOKED
core_breakdown,1000,500,50,22,112,10,5560,3.444,2.33,0.039,0.22,3.802,0.008,REVOKED
core_breakdown,1000,500,50,22,112,11,5561,3.514,2.393,0.036,0.228,3.713,0.007,REVOKED
core_breakdown,1000,500,50,22,112,12,5562,3.342,2.295,0.03,0.216,3.797,0.013,REVOKED
core_breakdown,1000,500,50,22,112,13,5563,3.108,2.132,0.045,0.205,3.564,0.013,REVOKED
core_breakdown,1000,500,50,22,112,14,5564,3.052,2.092,0.039,0.231,3.457,0.008,REVOKED
core_breakdown,1000,500,50,22,112,15,5565,3.091,2.092,0.035,0.205,3.469,0.01,REVOKED
core_breakdown,1000,500,50,22,112,16,5566,3.017,2.048,0.03,0.215,3.605,0.007,REVOKED
core_breakdown,1000,500,50,22,112,17,5567,3.039,2.082,0.036,0.226,3.515,0.008,REVOKED
core_breakdown,1000,500,50,22,112,18,5568,3.053,2.091,0.029,0.219,3.409,0.006,REVOKED
core_breakdown,1000,500,50,22,112,19,5569,3.019,2.058,0.029,0.202,3.476,0.007,REVOKED
core_breakdown,1000,500,50,22,112,20,5570,3.003,2.044,0.026,0.194,3.476,0.008,REVOKED
core_breakdown,1000,500,50,22,112,21,5571,3.21,2.219,0.033,0.205,3.593,0.007,REVOKED
core_breakdown,1000,500,50,22,112,22,5572,3.11,2.111,0.028,0.221,3.541,0.006,REVOKED
core_breakdown,1000,500,50,22,112,23,5573,3.101,2.107,0.029,0.24,3.583,0.007,REVOKED
core_breakdown,1000,500,50,22,112,24,5574,3.045,2.089,0.027,0.203,3.378,0.006,REVOKED
core_breakdown,1000,500,50,22,112,25,5575,3.09,2.105,0.029,0.22,3.518,0.01,REVOKED
core_breakdown,1000,500,50,22,112,26,5576,3.021,2.074,0.03,0.203,3.469,0.007,REVOKED
core_breakdown,1000,500,50,22,112,27,5577,3.207,2.184,0.032,0.202,3.472,0.007,REVOKED
core_breakdown,1000,500,50,22,112,28,5578,3.022,2.055,0.024,0.202,3.509,0.007,REVOKED
core_breakdown,1000,500,50,22,112,29,5579,3.076,2.124,0.028,0.196,3.442,0.006,REVOKED
core_breakdown,1000,500,50,22,112,30,5580,3.015,2.08,0.025,0.207,3.534,0.006,REVOKED
core_breakdown,1000,500,50,22,112,31,5581,2.949,2.006,0.022,0.2,3.356,0.006,REVOKED
core_breakdown,1000,500,50,22,112,32,5582,2.924,2.008,0.02,0.211,3.366,0.007,REVOKED
core_breakdown,1000,500,50,22,112,33,5583,2.952,2.031,0.02,0.2,3.475,0.006,REVOKED
core_breakdown,1000,500,50,22,112,34,5584,2.98,1.997,0.027,0.189,3.436,0.005,REVOKED
core_breakdown,1000,500,50,22,112,35,5585,2.938,2.02,0.025,0.193,3.279,0.009,REVOKED
core_breakdown,1000,500,50,22,112,36,5586,2.934,2.033,0.02,0.203,3.295,0.005,REVOKED
core_breakdown,1000,500,50,22,112,37,5587,2.926,2.021,0.018,0.205,3.348,0.008,REVOKED
core_breakdown,1000,500,50,22,112,38,5588,2.948,2.019,0.025,0.203,3.352,0.006,REVOKED
core_breakdown,1000,500,50,22,112,39,5589,3.0,2.104,0.022,0.19,3.389,0.005,REVOKED
core_breakdown,1000,500,50,22,112,40,5590,3.005,2.069,0.026,0.22,3.557,0.008,REVOKED
core_breakdown,1000,500,50,22,112,41,5591,3.269,2.233,0.038,0.232,3.499,0.008,REVOKED
core_breakdown,1000,500,50,22,112,42,5592,2.937,2.007,0.025,0.201,3.404,0.008,REVOKED
core_breakdown,1000,500,50,22,112,43,5593,2.985,2.042,0.024,0.19,3.494,0.007,REVOKED
core_breakdown,1000,500,50,22,112,44,5594,3.048,2.08,0.031,0.206,3.38,0.007,REVOKED
core_breakdown,1000,500,50,22,112,45,5595,3.142,2.132,0.023,0.197,3.463,0.007,REVOKED
core_breakdown,1000,500,50,22,112,46,5596,3.057,2.092,0.028,0.209,3.503,0.007,REVOKED
core_breakdown,1000,500,50,22,112,47,5597,3.063,2.109,0.026,0.204,3.563,0.007,REVOKED
core_breakdown,1000,500,50,22,112,48,5598,3.028,2.094,0.024,0.203,3.411,0.008,REVOKED
core_breakdown,1000,500,50,22,112,49,5599,3.096,2.109,0.031,0.195,3.432,0.015,REVOKED
core_breakdown,1000,500,50,22,112,50,5600,3.011,2.078,0.025,0.203,3.607,0.007,REVOKED
core_breakdown,1000,500,50,23,113,1,5601,5.497,3.622,0.145,0.469,5.573,0.019,REVOKED
core_breakdown,1000,500,50,23,113,2,5602,4.879,3.317,0.117,0.315,5.088,0.022,REVOKED
core_breakdown,1000,500,50,23,113,3,5603,4.474,3.057,0.094,0.292,5.172,0.034,REVOKED
core_breakdown,1000,500,50,23,113,4,5604,3.558,2.359,0.041,0.176,3.771,0.009,REVOKED
core_breakdown,1000,500,50,23,113,5,5605,3.254,2.183,0.04,0.252,3.622,0.009,REVOKED
core_breakdown,1000,500,50,23,113,6,5606,3.266,2.205,0.03,0.197,3.722,0.006,REVOKED
core_breakdown,1000,500,50,23,113,7,5607,3.076,2.11,0.034,0.222,3.459,0.008,REVOKED
core_breakdown,1000,500,50,23,113,8,5608,3.175,2.196,0.031,0.247,3.998,0.011,REVOKED
core_breakdown,1000,500,50,23,113,9,5609,3.17,2.161,0.048,0.236,3.65,0.009,REVOKED
core_breakdown,1000,500,50,23,113,10,5610,3.213,2.228,0.038,0.246,3.705,0.007,REVOKED
core_breakdown,1000,500,50,23,113,11,5611,3.122,2.052,0.029,0.215,3.578,0.008,REVOKED
core_breakdown,1000,500,50,23,113,12,5612,3.15,2.13,0.028,0.201,3.562,0.007,REVOKED
core_breakdown,1000,500,50,23,113,13,5613,3.119,2.168,0.029,0.249,3.569,0.007,REVOKED
core_breakdown,1000,500,50,23,113,14,5614,3.162,2.147,0.031,0.223,3.547,0.007,REVOKED
core_breakdown,1000,500,50,23,113,15,5615,3.153,2.111,0.03,0.194,3.317,0.008,REVOKED
core_breakdown,1000,500,50,23,113,16,5616,2.739,1.829,0.032,0.193,3.149,0.008,REVOKED
core_breakdown,1000,500,50,23,113,17,5617,3.007,1.853,0.035,0.186,3.22,0.008,REVOKED
core_breakdown,1000,500,50,23,113,18,5618,2.673,1.828,0.03,0.18,3.089,0.006,REVOKED
core_breakdown,1000,500,50,23,113,19,5619,2.682,1.797,0.026,0.179,3.152,0.006,REVOKED
core_breakdown,1000,500,50,23,113,20,5620,2.817,1.916,0.039,0.195,3.233,0.01,REVOKED
core_breakdown,1000,500,50,23,113,21,5621,2.684,1.841,0.026,0.182,3.352,0.008,REVOKED
core_breakdown,1000,500,50,23,113,22,5622,2.631,1.817,0.026,0.171,3.095,0.007,REVOKED
core_breakdown,1000,500,50,23,113,23,5623,2.749,1.915,0.029,0.19,3.23,0.006,REVOKED
core_breakdown,1000,500,50,23,113,24,5624,3.152,2.114,0.033,0.2,3.357,0.007,REVOKED
core_breakdown,1000,500,50,23,113,25,5625,2.843,1.902,0.026,0.173,3.279,0.01,REVOKED
core_breakdown,1000,500,50,23,113,26,5626,2.725,1.828,0.029,0.177,3.107,0.006,REVOKED
core_breakdown,1000,500,50,23,113,27,5627,2.78,1.931,0.025,0.172,3.199,0.009,REVOKED
core_breakdown,1000,500,50,23,113,28,5628,2.657,1.804,0.028,0.176,3.128,0.007,REVOKED
core_breakdown,1000,500,50,23,113,29,5629,2.789,1.902,0.031,0.163,2.713,0.007,REVOKED
core_breakdown,1000,500,50,23,113,30,5630,2.594,1.839,0.029,0.193,3.883,0.008,REVOKED
core_breakdown,1000,500,50,23,113,31,5631,3.495,2.332,0.039,0.22,3.691,0.007,REVOKED
core_breakdown,1000,500,50,23,113,32,5632,3.045,2.04,0.025,0.223,3.476,0.007,REVOKED
core_breakdown,1000,500,50,23,113,33,5633,3.041,2.073,0.025,0.194,3.495,0.007,REVOKED
core_breakdown,1000,500,50,23,113,34,5634,2.851,1.857,0.04,0.178,3.157,0.007,REVOKED
core_breakdown,1000,500,50,23,113,35,5635,2.658,1.808,0.026,0.166,3.142,0.007,REVOKED
core_breakdown,1000,500,50,23,113,36,5636,2.604,1.801,0.024,0.191,3.13,0.006,REVOKED
core_breakdown,1000,500,50,23,113,37,5637,2.68,1.841,0.032,0.181,3.241,0.006,REVOKED
core_breakdown,1000,500,50,23,113,38,5638,2.579,1.754,0.028,0.187,3.088,0.006,REVOKED
core_breakdown,1000,500,50,23,113,39,5639,2.619,1.782,0.028,0.183,3.081,0.007,REVOKED
core_breakdown,1000,500,50,23,113,40,5640,2.657,1.805,0.025,0.184,3.047,0.006,REVOKED
core_breakdown,1000,500,50,23,113,41,5641,2.639,1.844,0.029,0.186,3.05,0.007,REVOKED
core_breakdown,1000,500,50,23,113,42,5642,2.592,1.743,0.025,0.18,2.999,0.006,REVOKED
core_breakdown,1000,500,50,23,113,43,5643,2.657,1.817,0.027,0.189,3.056,0.007,REVOKED
core_breakdown,1000,500,50,23,113,44,5644,2.708,1.817,0.028,0.214,3.117,0.007,REVOKED
core_breakdown,1000,500,50,23,113,45,5645,2.64,1.781,0.027,0.191,3.04,0.007,REVOKED
core_breakdown,1000,500,50,23,113,46,5646,2.634,1.769,0.025,0.179,3.057,0.013,REVOKED
core_breakdown,1000,500,50,23,113,47,5647,3.013,2.089,0.03,0.206,3.455,0.007,REVOKED
core_breakdown,1000,500,50,23,113,48,5648,3.047,2.12,0.026,0.184,3.192,0.007,REVOKED
core_breakdown,1000,500,50,23,113,49,5649,2.703,1.839,0.028,0.18,3.04,0.009,REVOKED
core_breakdown,1000,500,50,23,113,50,5650,2.669,1.821,0.03,0.171,3.145,0.007,REVOKED
core_breakdown,1000,500,50,24,114,1,5651,5.321,3.227,0.206,0.416,5.873,0.037,REVOKED
core_breakdown,1000,500,50,24,114,2,5652,4.669,2.978,0.137,0.345,5.728,0.022,REVOKED
core_breakdown,1000,500,50,24,114,3,5653,4.707,3.088,0.073,0.295,4.53,0.024,REVOKED
core_breakdown,1000,500,50,24,114,4,5654,4.057,2.69,0.071,0.251,4.309,0.009,REVOKED
core_breakdown,1000,500,50,24,114,5,5655,3.693,2.496,0.036,0.239,4.151,0.009,REVOKED
core_breakdown,1000,500,50,24,114,6,5656,3.59,2.439,0.027,0.229,4.0,0.008,REVOKED
core_breakdown,1000,500,50,24,114,7,5657,3.52,2.434,0.027,0.256,4.022,0.008,REVOKED
core_breakdown,1000,500,50,24,114,8,5658,3.55,2.431,0.028,0.246,4.077,0.008,REVOKED
core_breakdown,1000,500,50,24,114,9,5659,3.562,2.467,0.026,0.236,4.001,0.008,REVOKED
core_breakdown,1000,500,50,24,114,10,5660,3.837,2.694,0.042,0.24,4.056,0.009,REVOKED
core_breakdown,1000,500,50,24,114,11,5661,3.681,2.501,0.033,0.22,3.59,0.009,REVOKED
core_breakdown,1000,500,50,24,114,12,5662,3.151,2.145,0.034,0.24,3.983,0.013,REVOKED
core_breakdown,1000,500,50,24,114,13,5663,3.761,2.517,0.121,0.263,4.174,0.044,REVOKED
core_breakdown,1000,500,50,24,114,14,5664,3.648,2.459,0.054,0.234,3.807,0.014,REVOKED
core_breakdown,1000,500,50,24,114,15,5665,3.342,2.27,0.038,0.231,3.956,0.008,REVOKED
core_breakdown,1000,500,50,24,114,16,5666,3.429,2.341,0.034,0.293,3.723,0.017,REVOKED
core_breakdown,1000,500,50,24,114,17,5667,3.201,2.153,0.043,0.201,3.419,0.009,REVOKED
core_breakdown,1000,500,50,24,114,18,5668,3.075,2.126,0.037,0.211,3.626,0.009,REVOKED
core_breakdown,1000,500,50,24,114,19,5669,3.165,2.176,0.038,0.256,3.433,0.007,REVOKED
core_breakdown,1000,500,50,24,114,20,5670,3.072,2.066,0.031,0.224,3.535,0.008,REVOKED
core_breakdown,1000,500,50,24,114,21,5671,3.159,2.166,0.033,0.216,3.568,0.007,REVOKED
core_breakdown,1000,500,50,24,114,22,5672,3.174,2.162,0.03,0.212,3.548,0.007,REVOKED
core_breakdown,1000,500,50,24,114,23,5673,3.178,2.198,0.03,0.2,3.581,0.007,REVOKED
core_breakdown,1000,500,50,24,114,24,5674,3.055,2.108,0.028,0.214,3.591,0.007,REVOKED
core_breakdown,1000,500,50,24,114,25,5675,3.106,2.098,0.031,0.221,3.553,0.01,REVOKED
core_breakdown,1000,500,50,24,114,26,5676,3.091,2.108,0.024,0.209,3.501,0.007,REVOKED
core_breakdown,1000,500,50,24,114,27,5677,3.112,2.14,0.034,0.198,3.403,0.007,REVOKED
core_breakdown,1000,500,50,24,114,28,5678,3.023,2.067,0.029,0.196,3.444,0.007,REVOKED
core_breakdown,1000,500,50,24,114,29,5679,3.131,2.161,0.026,0.202,3.541,0.007,REVOKED
core_breakdown,1000,500,50,24,114,30,5680,3.238,2.233,0.028,0.219,3.486,0.008,REVOKED
core_breakdown,1000,500,50,24,114,31,5681,3.116,2.163,0.028,0.198,3.438,0.007,REVOKED
core_breakdown,1000,500,50,24,114,32,5682,3.112,2.116,0.025,0.247,3.715,0.008,REVOKED
core_breakdown,1000,500,50,24,114,33,5683,3.084,2.074,0.024,0.216,3.388,0.007,REVOKED
core_breakdown,1000,500,50,24,114,34,5684,3.041,2.091,0.029,0.212,3.363,0.007,REVOKED
core_breakdown,1000,500,50,24,114,35,5685,3.101,2.144,0.028,0.198,2.986,0.006,REVOKED
core_breakdown,1000,500,50,24,114,36,5686,2.871,2.015,0.029,0.193,3.416,0.006,REVOKED
core_breakdown,1000,500,50,24,114,37,5687,3.019,2.087,0.026,0.196,3.51,0.006,REVOKED
core_breakdown,1000,500,50,24,114,38,5688,2.935,2.017,0.021,0.202,3.325,0.006,REVOKED
core_breakdown,1000,500,50,24,114,39,5689,2.994,2.054,0.03,0.198,3.392,0.006,REVOKED
core_breakdown,1000,500,50,24,114,40,5690,2.948,2.039,0.025,0.187,3.344,0.006,REVOKED
core_breakdown,1000,500,50,24,114,41,5691,2.996,2.046,0.021,0.203,3.281,0.006,REVOKED
core_breakdown,1000,500,50,24,114,42,5692,2.927,1.998,0.024,0.196,3.431,0.005,REVOKED
core_breakdown,1000,500,50,24,114,43,5693,2.964,2.044,0.026,0.207,3.394,0.006,REVOKED
core_breakdown,1000,500,50,24,114,44,5694,3.092,2.131,0.025,0.195,3.402,0.007,REVOKED
core_breakdown,1000,500,50,24,114,45,5695,2.877,1.991,0.021,0.199,3.284,0.006,REVOKED
core_breakdown,1000,500,50,24,114,46,5696,2.982,2.027,0.025,0.192,3.424,0.007,REVOKED
core_breakdown,1000,500,50,24,114,47,5697,3.042,2.049,0.026,0.197,3.397,0.007,REVOKED
core_breakdown,1000,500,50,24,114,48,5698,3.012,1.992,0.026,0.193,3.683,0.006,REVOKED
core_breakdown,1000,500,50,24,114,49,5699,3.031,2.065,0.029,0.205,3.511,0.013,REVOKED
core_breakdown,1000,500,50,24,114,50,5700,2.997,2.055,0.03,0.198,3.608,0.006,REVOKED
core_breakdown,1000,500,50,25,115,1,5701,5.084,3.039,0.14,0.402,6.183,0.057,REVOKED
core_breakdown,1000,500,50,25,115,2,5702,4.806,3.088,0.164,0.304,5.375,0.028,REVOKED
core_breakdown,1000,500,50,25,115,3,5703,4.086,2.659,0.061,0.26,4.353,0.013,REVOKED
core_breakdown,1000,500,50,25,115,4,5704,3.78,2.676,0.054,0.258,4.445,0.01,REVOKED
core_breakdown,1000,500,50,25,115,5,5705,3.519,2.369,0.049,0.229,3.919,0.01,REVOKED
core_breakdown,1000,500,50,25,115,6,5706,3.385,2.289,0.047,0.226,3.789,0.007,REVOKED
core_breakdown,1000,500,50,25,115,7,5707,3.365,2.282,0.041,0.222,3.795,0.006,REVOKED
core_breakdown,1000,500,50,25,115,8,5708,3.269,2.262,0.027,0.237,3.778,0.013,REVOKED
core_breakdown,1000,500,50,25,115,9,5709,3.418,2.292,0.081,0.248,3.852,0.013,REVOKED
core_breakdown,1000,500,50,25,115,10,5710,3.435,2.319,0.045,0.213,3.286,0.008,REVOKED
core_breakdown,1000,500,50,25,115,11,5711,2.731,1.881,0.031,0.2,3.087,0.008,REVOKED
core_breakdown,1000,500,50,25,115,12,5712,2.653,1.821,0.028,0.186,3.197,0.008,REVOKED
core_breakdown,1000,500,50,25,115,13,5713,2.689,1.859,0.031,0.189,3.103,0.009,REVOKED
core_breakdown,1000,500,50,25,115,14,5714,2.607,1.756,0.025,0.187,3.119,0.006,REVOKED
core_breakdown,1000,500,50,25,115,15,5715,2.569,1.731,0.029,0.173,2.992,0.007,REVOKED
core_breakdown,1000,500,50,25,115,16,5716,2.528,1.721,0.025,0.178,3.047,0.006,REVOKED
core_breakdown,1000,500,50,25,115,17,5717,2.618,1.829,0.025,0.166,2.577,0.006,REVOKED
core_breakdown,1000,500,50,25,115,18,5718,2.611,1.826,0.031,0.183,3.047,0.006,REVOKED
core_breakdown,1000,500,50,25,115,19,5719,2.594,1.778,0.025,0.18,2.932,0.007,REVOKED
core_breakdown,1000,500,50,25,115,20,5720,2.616,1.776,0.025,0.178,2.977,0.006,REVOKED
core_breakdown,1000,500,50,25,115,21,5721,2.632,1.8,0.025,0.199,2.951,0.006,REVOKED
core_breakdown,1000,500,50,25,115,22,5722,2.616,1.779,0.025,0.182,3.05,0.007,REVOKED
core_breakdown,1000,500,50,25,115,23,5723,2.538,1.727,0.023,0.173,2.947,0.007,REVOKED
core_breakdown,1000,500,50,25,115,24,5724,2.645,1.801,0.022,0.185,2.953,0.006,REVOKED
core_breakdown,1000,500,50,25,115,25,5725,2.607,1.787,0.025,0.175,3.62,0.009,REVOKED
core_breakdown,1000,500,50,25,115,26,5726,3.415,2.391,0.035,0.2,3.363,0.007,REVOKED
core_breakdown,1000,500,50,25,115,27,5727,2.9,1.976,0.029,0.193,3.309,0.007,REVOKED
core_breakdown,1000,500,50,25,115,28,5728,2.92,2.026,0.025,0.204,3.514,0.006,REVOKED
core_breakdown,1000,500,50,25,115,29,5729,3.097,2.117,0.029,0.212,3.544,0.007,REVOKED
core_breakdown,1000,500,50,25,115,30,5730,3.048,2.077,0.029,0.204,3.546,0.006,REVOKED
core_breakdown,1000,500,50,25,115,31,5731,3.019,2.091,0.027,0.215,3.471,0.007,REVOKED
core_breakdown,1000,500,50,25,115,32,5732,3.078,2.068,0.034,0.194,3.569,0.01,REVOKED
core_breakdown,1000,500,50,25,115,33,5733,3.065,2.098,0.027,0.226,3.599,0.007,REVOKED
core_breakdown,1000,500,50,25,115,34,5734,3.039,2.097,0.029,0.194,3.508,0.006,REVOKED
core_breakdown,1000,500,50,25,115,35,5735,3.086,2.088,0.026,0.202,3.545,0.007,REVOKED
core_breakdown,1000,500,50,25,115,36,5736,3.019,2.079,0.026,0.194,3.504,0.007,REVOKED
core_breakdown,1000,500,50,25,115,37,5737,3.078,2.112,0.026,0.204,3.442,0.007,REVOKED
core_breakdown,1000,500,50,25,115,38,5738,3.021,2.069,0.026,0.199,3.515,0.007,REVOKED
core_breakdown,1000,500,50,25,115,39,5739,3.068,2.06,0.031,0.2,3.501,0.008,REVOKED
core_breakdown,1000,500,50,25,115,40,5740,3.113,2.125,0.026,0.229,3.598,0.007,REVOKED
core_breakdown,1000,500,50,25,115,41,5741,3.035,2.104,0.027,0.207,3.405,0.007,REVOKED
core_breakdown,1000,500,50,25,115,42,5742,2.997,2.051,0.024,0.229,3.499,0.007,REVOKED
core_breakdown,1000,500,50,25,115,43,5743,3.125,2.173,0.028,0.203,3.445,0.007,REVOKED
core_breakdown,1000,500,50,25,115,44,5744,2.966,2.03,0.029,0.182,3.162,0.007,REVOKED
core_breakdown,1000,500,50,25,115,45,5745,3.06,2.077,0.026,0.216,3.465,0.006,REVOKED
core_breakdown,1000,500,50,25,115,46,5746,3.072,2.084,0.023,0.225,3.615,0.006,REVOKED
core_breakdown,1000,500,50,25,115,47,5747,3.003,2.042,0.024,0.207,3.466,0.006,REVOKED
core_breakdown,1000,500,50,25,115,48,5748,3.119,2.099,0.028,0.215,3.528,0.006,REVOKED
core_breakdown,1000,500,50,25,115,49,5749,3.118,2.154,0.025,0.213,3.487,0.015,REVOKED
core_breakdown,1000,500,50,25,115,50,5750,3.123,2.149,0.028,0.214,3.418,0.006,REVOKED
core_breakdown,1000,500,50,26,116,1,5751,6.466,4.179,0.301,1.311,8.702,0.043,REVOKED
core_breakdown,1000,500,50,26,116,2,5752,5.274,3.362,0.206,0.312,5.0,0.038,REVOKED
core_breakdown,1000,500,50,26,116,3,5753,3.861,2.618,0.096,0.266,4.464,0.018,REVOKED
core_breakdown,1000,500,50,26,116,4,5754,3.561,2.354,0.054,0.247,4.339,0.018,REVOKED
core_breakdown,1000,500,50,26,116,5,5755,4.546,2.889,0.1,0.333,4.486,0.019,REVOKED
core_breakdown,1000,500,50,26,116,6,5756,3.565,2.344,0.068,0.244,3.666,0.01,REVOKED
core_breakdown,1000,500,50,26,116,7,5757,3.471,2.403,0.041,0.227,4.083,0.014,REVOKED
core_breakdown,1000,500,50,26,116,8,5758,3.672,2.465,0.054,0.297,4.807,0.019,REVOKED
core_breakdown,1000,500,50,26,116,9,5759,3.033,2.026,0.071,0.201,3.849,0.012,REVOKED
core_breakdown,1000,500,50,26,116,10,5760,3.661,2.504,0.045,0.214,3.881,0.009,REVOKED
core_breakdown,1000,500,50,26,116,11,5761,3.535,2.393,0.05,0.236,3.847,0.007,REVOKED
core_breakdown,1000,500,50,26,116,12,5762,3.393,2.325,0.034,0.223,3.773,0.007,REVOKED
core_breakdown,1000,500,50,26,116,13,5763,3.333,2.288,0.027,0.225,3.926,0.01,REVOKED
core_breakdown,1000,500,50,26,116,14,5764,3.41,2.336,0.035,0.209,3.963,0.009,REVOKED
core_breakdown,1000,500,50,26,116,15,5765,3.428,2.331,0.036,0.214,3.871,0.009,REVOKED
core_breakdown,1000,500,50,26,116,16,5766,3.362,2.289,0.035,0.231,3.907,0.009,REVOKED
core_breakdown,1000,500,50,26,116,17,5767,3.461,2.373,0.042,0.222,3.873,0.015,REVOKED
core_breakdown,1000,500,50,26,116,18,5768,3.237,2.15,0.071,0.211,3.485,0.009,REVOKED
core_breakdown,1000,500,50,26,116,19,5769,3.129,2.098,0.052,0.224,3.566,0.009,REVOKED
core_breakdown,1000,500,50,26,116,20,5770,3.035,2.094,0.028,0.207,3.564,0.008,REVOKED
core_breakdown,1000,500,50,26,116,21,5771,3.162,2.184,0.03,0.206,3.573,0.011,REVOKED
core_breakdown,1000,500,50,26,116,22,5772,3.145,2.175,0.033,0.207,3.634,0.008,REVOKED
core_breakdown,1000,500,50,26,116,23,5773,3.056,2.107,0.038,0.22,3.566,0.006,REVOKED
core_breakdown,1000,500,50,26,116,24,5774,2.825,1.861,0.027,0.192,3.04,0.006,REVOKED
core_breakdown,1000,500,50,26,116,25,5775,2.67,1.788,0.035,0.178,3.126,0.009,REVOKED
core_breakdown,1000,500,50,26,116,26,5776,3.081,2.061,0.031,0.213,3.516,0.007,REVOKED
core_breakdown,1000,500,50,26,116,27,5777,3.004,2.059,0.026,0.212,3.514,0.007,REVOKED
core_breakdown,1000,500,50,26,116,28,5778,3.048,2.049,0.03,0.197,3.595,0.007,REVOKED
core_breakdown,1000,500,50,26,116,29,5779,3.299,2.268,0.03,0.203,3.494,0.011,REVOKED
core_breakdown,1000,500,50,26,116,30,5780,3.031,2.064,0.026,0.223,3.554,0.011,REVOKED
core_breakdown,1000,500,50,26,116,31,5781,3.086,2.123,0.027,0.201,3.491,0.007,REVOKED
core_breakdown,1000,500,50,26,116,32,5782,3.048,2.096,0.029,0.202,3.469,0.007,REVOKED
core_breakdown,1000,500,50,26,116,33,5783,3.028,2.088,0.031,0.227,3.567,0.007,REVOKED
core_breakdown,1000,500,50,26,116,34,5784,3.005,2.065,0.027,0.194,3.437,0.006,REVOKED
core_breakdown,1000,500,50,26,116,35,5785,3.012,2.075,0.022,0.196,3.578,0.006,REVOKED
core_breakdown,1000,500,50,26,116,36,5786,3.058,2.094,0.025,0.214,3.495,0.006,REVOKED
core_breakdown,1000,500,50,26,116,37,5787,3.019,2.075,0.024,0.198,3.467,0.007,REVOKED
core_breakdown,1000,500,50,26,116,38,5788,3.152,2.18,0.023,0.197,3.448,0.007,REVOKED
core_breakdown,1000,500,50,26,116,39,5789,3.073,2.082,0.033,0.206,3.438,0.007,REVOKED
core_breakdown,1000,500,50,26,116,40,5790,3.048,2.102,0.026,0.196,3.539,0.007,REVOKED
core_breakdown,1000,500,50,26,116,41,5791,3.055,2.091,0.029,0.205,3.449,0.007,REVOKED
core_breakdown,1000,500,50,26,116,42,5792,3.103,2.135,0.03,0.21,3.477,0.007,REVOKED
core_breakdown,1000,500,50,26,116,43,5793,3.037,2.096,0.027,0.209,3.493,0.007,REVOKED
core_breakdown,1000,500,50,26,116,44,5794,3.102,2.133,0.03,0.212,3.514,0.007,REVOKED
core_breakdown,1000,500,50,26,116,45,5795,3.031,2.059,0.023,0.204,3.427,0.007,REVOKED
core_breakdown,1000,500,50,26,116,46,5796,3.028,2.072,0.035,0.205,3.328,0.007,REVOKED
core_breakdown,1000,500,50,26,116,47,5797,3.177,2.118,0.028,0.192,3.406,0.007,REVOKED
core_breakdown,1000,500,50,26,116,48,5798,3.063,2.1,0.028,0.196,3.605,0.007,REVOKED
core_breakdown,1000,500,50,26,116,49,5799,3.0,2.027,0.028,0.203,3.243,0.014,REVOKED
core_breakdown,1000,500,50,26,116,50,5800,3.064,2.104,0.025,0.195,3.452,0.007,REVOKED
core_breakdown,1000,500,50,27,117,1,5801,5.518,3.647,0.105,0.437,4.962,0.022,REVOKED
core_breakdown,1000,500,50,27,117,2,5802,3.951,2.665,0.051,0.255,4.59,0.013,REVOKED
core_breakdown,1000,500,50,27,117,3,5803,3.353,2.188,0.045,0.232,3.98,0.011,REVOKED
core_breakdown,1000,500,50,27,117,4,5804,3.113,2.048,0.032,0.201,3.421,0.009,REVOKED
core_breakdown,1000,500,50,27,117,5,5805,3.231,2.261,0.031,0.256,3.735,0.008,REVOKED
core_breakdown,1000,500,50,27,117,6,5806,3.32,2.281,0.029,0.239,3.783,0.009,REVOKED
core_breakdown,1000,500,50,27,117,7,5807,3.25,2.252,0.029,0.213,3.62,0.008,REVOKED
core_breakdown,1000,500,50,27,117,8,5808,3.587,2.556,0.029,0.235,4.036,0.032,REVOKED
core_breakdown,1000,500,50,27,117,9,5809,3.826,2.64,0.045,0.237,3.899,0.012,REVOKED
core_breakdown,1000,500,50,27,117,10,5810,3.288,2.193,0.04,0.237,3.873,0.008,REVOKED
core_breakdown,1000,500,50,27,117,11,5811,3.417,2.419,0.029,0.221,3.573,0.008,REVOKED
core_breakdown,1000,500,50,27,117,12,5812,3.36,2.257,0.035,0.219,3.734,0.006,REVOKED
core_breakdown,1000,500,50,27,117,13,5813,3.188,2.181,0.03,0.342,3.984,0.011,REVOKED
core_breakdown,1000,500,50,27,117,14,5814,3.485,2.376,0.04,0.235,3.97,0.009,REVOKED
core_breakdown,1000,500,50,27,117,15,5815,3.55,2.456,0.046,0.216,3.714,0.008,REVOKED
core_breakdown,1000,500,50,27,117,16,5816,3.102,2.13,0.028,0.206,3.257,0.008,REVOKED
core_breakdown,1000,500,50,27,117,17,5817,2.724,1.878,0.028,0.184,3.213,0.007,REVOKED
core_breakdown,1000,500,50,27,117,18,5818,2.723,1.863,0.028,0.175,3.205,0.007,REVOKED
core_breakdown,1000,500,50,27,117,19,5819,2.831,1.966,0.026,0.201,3.067,0.006,REVOKED
core_breakdown,1000,500,50,27,117,20,5820,2.634,1.779,0.025,0.185,3.128,0.007,REVOKED
core_breakdown,1000,500,50,27,117,21,5821,2.678,1.839,0.026,0.179,3.042,0.007,REVOKED
core_breakdown,1000,500,50,27,117,22,5822,2.866,1.905,0.022,0.181,3.069,0.007,REVOKED
core_breakdown,1000,500,50,27,117,23,5823,2.699,1.823,0.027,0.161,3.097,0.006,REVOKED
core_breakdown,1000,500,50,27,117,24,5824,2.643,1.827,0.02,0.198,3.015,0.006,REVOKED
core_breakdown,1000,500,50,27,117,25,5825,2.595,1.756,0.025,0.187,3.008,0.013,REVOKED
core_breakdown,1000,500,50,27,117,26,5826,2.614,1.781,0.023,0.193,3.115,0.009,REVOKED
core_breakdown,1000,500,50,27,117,27,5827,2.65,1.807,0.031,0.169,3.194,0.007,REVOKED
core_breakdown,1000,500,50,27,117,28,5828,2.614,1.81,0.025,0.184,3.359,0.007,REVOKED
core_breakdown,1000,500,50,27,117,29,5829,2.738,1.862,0.028,0.177,3.04,0.008,REVOKED
core_breakdown,1000,500,50,27,117,30,5830,2.698,1.821,0.028,0.174,3.058,0.007,REVOKED
core_breakdown,1000,500,50,27,117,31,5831,2.67,1.828,0.025,0.176,2.948,0.006,REVOKED
core_breakdown,1000,500,50,27,117,32,5832,2.629,1.814,0.022,0.17,2.97,0.006,REVOKED
core_breakdown,1000,500,50,27,117,33,5833,2.585,1.753,0.026,0.183,2.994,0.006,REVOKED
core_breakdown,1000,500,50,27,117,34,5834,2.672,1.801,0.021,0.182,2.973,0.007,REVOKED
core_breakdown,1000,500,50,27,117,35,5835,2.478,1.677,0.028,0.175,2.894,0.007,REVOKED
core_breakdown,1000,500,50,27,117,36,5836,2.606,1.795,0.022,0.176,2.98,0.006,REVOKED
core_breakdown,1000,500,50,27,117,37,5837,2.526,1.729,0.024,0.182,2.953,0.006,REVOKED
core_breakdown,1000,500,50,27,117,38,5838,2.475,1.713,0.027,0.178,2.953,0.006,REVOKED
core_breakdown,1000,500,50,27,117,39,5839,2.895,2.063,0.031,0.189,3.259,0.006,REVOKED
core_breakdown,1000,500,50,27,117,40,5840,2.91,2.002,0.026,0.192,3.374,0.006,REVOKED
core_breakdown,1000,500,50,27,117,41,5841,2.916,1.986,0.027,0.192,3.243,0.006,REVOKED
core_breakdown,1000,500,50,27,117,42,5842,2.903,1.995,0.023,0.196,3.29,0.006,REVOKED
core_breakdown,1000,500,50,27,117,43,5843,2.879,1.94,0.025,0.188,3.257,0.006,REVOKED
core_breakdown,1000,500,50,27,117,44,5844,2.874,1.996,0.02,0.188,3.346,0.007,REVOKED
core_breakdown,1000,500,50,27,117,45,5845,2.862,1.951,0.025,0.199,3.213,0.006,REVOKED
core_breakdown,1000,500,50,27,117,46,5846,2.802,1.9,0.023,0.222,3.255,0.006,REVOKED
core_breakdown,1000,500,50,27,117,47,5847,2.831,1.935,0.022,0.193,3.267,0.006,REVOKED
core_breakdown,1000,500,50,27,117,48,5848,3.164,2.225,0.026,0.22,3.598,0.007,REVOKED
core_breakdown,1000,500,50,27,117,49,5849,3.332,2.269,0.043,0.212,3.52,0.016,REVOKED
core_breakdown,1000,500,50,27,117,50,5850,2.932,1.986,0.024,0.202,3.4,0.007,REVOKED
core_breakdown,1000,500,50,28,118,1,5851,7.118,3.595,0.335,0.577,7.605,0.067,REVOKED
core_breakdown,1000,500,50,28,118,2,5852,5.349,3.562,0.105,0.339,4.87,0.024,REVOKED
core_breakdown,1000,500,50,28,118,3,5853,3.067,1.983,0.073,0.203,4.101,0.019,REVOKED
core_breakdown,1000,500,50,28,118,4,5854,3.026,1.953,0.058,0.199,3.659,0.01,REVOKED
core_breakdown,1000,500,50,28,118,5,5855,3.26,2.18,0.044,0.258,3.984,0.008,REVOKED
core_breakdown,1000,500,50,28,118,6,5856,3.312,2.238,0.035,0.219,3.75,0.008,REVOKED
core_breakdown,1000,500,50,28,118,7,5857,3.266,2.254,0.025,0.285,3.933,0.007,REVOKED
core_breakdown,1000,500,50,28,118,8,5858,3.246,2.214,0.023,0.233,3.769,0.006,REVOKED
core_breakdown,1000,500,50,28,118,9,5859,3.232,2.218,0.031,0.236,3.587,0.007,REVOKED
core_breakdown,1000,500,50,28,118,10,5860,3.092,2.063,0.021,0.211,3.701,0.006,REVOKED
core_breakdown,1000,500,50,28,118,11,5861,3.123,2.15,0.028,0.207,3.435,0.006,REVOKED
core_breakdown,1000,500,50,28,118,12,5862,3.152,2.175,0.026,0.204,3.598,0.007,REVOKED
core_breakdown,1000,500,50,28,118,13,5863,3.026,2.09,0.023,0.229,3.519,0.008,REVOKED
core_breakdown,1000,500,50,28,118,14,5864,3.081,2.053,0.024,0.221,3.546,0.006,REVOKED
core_breakdown,1000,500,50,28,118,15,5865,2.998,2.034,0.022,0.204,3.383,0.006,REVOKED
core_breakdown,1000,500,50,28,118,16,5866,3.048,2.097,0.024,0.218,3.462,0.006,REVOKED
core_breakdown,1000,500,50,28,118,17,5867,3.06,2.058,0.021,0.204,3.511,0.007,REVOKED
core_breakdown,1000,500,50,28,118,18,5868,3.245,2.258,0.026,0.218,3.532,0.006,REVOKED
core_breakdown,1000,500,50,28,118,19,5869,3.135,2.149,0.027,0.22,3.538,0.006,REVOKED
core_breakdown,1000,500,50,28,118,20,5870,3.129,2.125,0.023,0.216,3.511,0.005,REVOKED
core_breakdown,1000,500,50,28,118,21,5871,3.082,2.123,0.027,0.224,3.125,0.006,REVOKED
core_breakdown,1000,500,50,28,118,22,5872,2.625,1.817,0.024,0.177,3.421,0.007,REVOKED
core_breakdown,1000,500,50,28,118,23,5873,3.067,2.106,0.028,0.208,3.418,0.006,REVOKED
core_breakdown,1000,500,50,28,118,24,5874,3.024,2.061,0.027,0.198,3.4,0.006,REVOKED
core_breakdown,1000,500,50,28,118,25,5875,3.043,2.108,0.026,0.212,3.427,0.009,REVOKED
core_breakdown,1000,500,50,28,118,26,5876,3.035,2.08,0.024,0.191,3.372,0.007,REVOKED
core_breakdown,1000,500,50,28,118,27,5877,2.853,1.939,0.026,0.184,3.022,0.011,REVOKED
core_breakdown,1000,500,50,28,118,28,5878,2.647,1.809,0.024,0.187,3.11,0.005,REVOKED
core_breakdown,1000,500,50,28,118,29,5879,2.818,1.985,0.022,0.176,3.13,0.007,REVOKED
core_breakdown,1000,500,50,28,118,30,5880,2.6,1.744,0.029,0.179,3.096,0.006,REVOKED
core_breakdown,1000,500,50,28,118,31,5881,2.651,1.794,0.029,0.174,3.207,0.006,REVOKED
core_breakdown,1000,500,50,28,118,32,5882,2.633,1.819,0.026,0.182,3.025,0.006,REVOKED
core_breakdown,1000,500,50,28,118,33,5883,2.655,1.748,0.025,0.202,2.98,0.006,REVOKED
core_breakdown,1000,500,50,28,118,34,5884,2.641,1.796,0.023,0.181,3.012,0.006,REVOKED
core_breakdown,1000,500,50,28,118,35,5885,2.549,1.735,0.024,0.188,3.073,0.006,REVOKED
core_breakdown,1000,500,50,28,118,36,5886,2.622,1.788,0.025,0.177,3.005,0.005,REVOKED
core_breakdown,1000,500,50,28,118,37,5887,2.644,1.847,0.021,0.19,3.014,0.005,REVOKED
core_breakdown,1000,500,50,28,118,38,5888,2.609,1.775,0.022,0.179,3.144,0.005,REVOKED
core_breakdown,1000,500,50,28,118,39,5889,2.574,1.777,0.022,0.18,2.959,0.006,REVOKED
core_breakdown,1000,500,50,28,118,40,5890,2.58,1.782,0.022,0.195,3.082,0.006,REVOKED
core_breakdown,1000,500,50,28,118,41,5891,2.554,1.738,0.03,0.187,2.946,0.007,REVOKED
core_breakdown,1000,500,50,28,118,42,5892,2.61,1.768,0.024,0.183,3.001,0.006,REVOKED
core_breakdown,1000,500,50,28,118,43,5893,2.602,1.749,0.023,0.187,2.945,0.006,REVOKED
core_breakdown,1000,500,50,28,118,44,5894,2.601,1.773,0.021,0.188,2.928,0.006,REVOKED
core_breakdown,1000,500,50,28,118,45,5895,2.588,1.731,0.025,0.174,2.929,0.006,REVOKED
core_breakdown,1000,500,50,28,118,46,5896,2.504,1.713,0.024,0.172,3.135,0.006,REVOKED
core_breakdown,1000,500,50,28,118,47,5897,2.603,1.796,0.023,0.173,2.937,0.006,REVOKED
core_breakdown,1000,500,50,28,118,48,5898,3.491,2.561,0.033,0.264,3.623,0.008,REVOKED
core_breakdown,1000,500,50,28,118,49,5899,2.849,1.941,0.027,0.194,3.467,0.012,REVOKED
core_breakdown,1000,500,50,28,118,50,5900,3.063,2.099,0.032,0.233,3.208,0.009,REVOKED
core_breakdown,1000,500,50,29,119,1,5901,5.804,3.642,0.232,0.483,6.122,0.063,REVOKED
core_breakdown,1000,500,50,29,119,2,5902,5.627,3.713,0.116,0.378,5.642,0.019,REVOKED
core_breakdown,1000,500,50,29,119,3,5903,4.735,3.218,0.081,0.301,4.888,0.016,REVOKED
core_breakdown,1000,500,50,29,119,4,5904,4.307,2.943,0.067,0.247,4.052,0.01,REVOKED
core_breakdown,1000,500,50,29,119,5,5905,3.251,2.175,0.03,0.229,3.854,0.013,REVOKED
core_breakdown,1000,500,50,29,119,6,5906,3.244,2.204,0.046,0.216,3.556,0.008,REVOKED
core_breakdown,1000,500,50,29,119,7,5907,3.15,2.159,0.026,0.2,3.343,0.006,REVOKED
core_breakdown,1000,500,50,29,119,8,5908,2.989,2.035,0.025,0.221,3.389,0.006,REVOKED
core_breakdown,1000,500,50,29,119,9,5909,3.131,2.126,0.055,0.235,3.532,0.011,REVOKED
core_breakdown,1000,500,50,29,119,10,5910,3.138,2.112,0.035,0.21,3.49,0.006,REVOKED
core_breakdown,1000,500,50,29,119,11,5911,3.158,2.135,0.036,0.219,3.49,0.008,REVOKED
core_breakdown,1000,500,50,29,119,12,5912,3.043,2.045,0.027,0.242,3.548,0.006,REVOKED
core_breakdown,1000,500,50,29,119,13,5913,3.14,2.168,0.021,0.209,3.518,0.007,REVOKED
core_breakdown,1000,500,50,29,119,14,5914,3.078,2.097,0.028,0.263,3.48,0.007,REVOKED
core_breakdown,1000,500,50,29,119,15,5915,3.111,2.094,0.02,0.22,3.513,0.007,REVOKED
core_breakdown,1000,500,50,29,119,16,5916,3.007,2.052,0.027,0.197,3.381,0.006,REVOKED
core_breakdown,1000,500,50,29,119,17,5917,2.944,2.024,0.022,0.211,3.37,0.005,REVOKED
core_breakdown,1000,500,50,29,119,18,5918,2.988,2.027,0.023,0.217,3.459,0.007,REVOKED
core_breakdown,1000,500,50,29,119,19,5919,3.045,2.053,0.026,0.229,3.381,0.006,REVOKED
core_breakdown,1000,500,50,29,119,20,5920,2.957,2.011,0.024,0.247,3.358,0.006,REVOKED
core_breakdown,1000,500,50,29,119,21,5921,2.904,1.935,0.024,0.205,3.408,0.005,REVOKED
core_breakdown,1000,500,50,29,119,22,5922,2.949,2.011,0.021,0.21,3.401,0.005,REVOKED
core_breakdown,1000,500,50,29,119,23,5923,2.953,1.965,0.021,0.224,3.38,0.006,REVOKED
core_breakdown,1000,500,50,29,119,24,5924,2.94,1.991,0.023,0.207,3.333,0.006,REVOKED
core_breakdown,1000,500,50,29,119,25,5925,3.073,2.129,0.026,0.173,3.042,0.008,REVOKED
core_breakdown,1000,500,50,29,119,26,5926,2.564,1.743,0.023,0.181,3.037,0.006,REVOKED
core_breakdown,1000,500,50,29,119,27,5927,2.572,1.756,0.02,0.187,2.982,0.011,REVOKED
core_breakdown,1000,500,50,29,119,28,5928,2.579,1.775,0.02,0.162,2.957,0.006,REVOKED
core_breakdown,1000,500,50,29,119,29,5929,2.584,1.782,0.025,0.161,3.014,0.005,REVOKED
core_breakdown,1000,500,50,29,119,30,5930,2.588,1.74,0.027,0.168,3.027,0.005,REVOKED
core_breakdown,1000,500,50,29,119,31,5931,2.574,1.72,0.022,0.186,3.013,0.006,REVOKED
core_breakdown,1000,500,50,29,119,32,5932,2.641,1.801,0.023,0.232,2.942,0.006,REVOKED
core_breakdown,1000,500,50,29,119,33,5933,2.569,1.72,0.025,0.179,3.028,0.005,REVOKED
core_breakdown,1000,500,50,29,119,34,5934,2.502,1.689,0.021,0.171,2.918,0.005,REVOKED
core_breakdown,1000,500,50,29,119,35,5935,2.585,1.769,0.023,0.174,2.934,0.005,REVOKED
core_breakdown,1000,500,50,29,119,36,5936,2.624,1.796,0.022,0.175,2.97,0.006,REVOKED
core_breakdown,1000,500,50,29,119,37,5937,2.564,1.756,0.02,0.172,2.919,0.006,REVOKED
core_breakdown,1000,500,50,29,119,38,5938,2.67,1.751,0.025,0.18,2.956,0.006,REVOKED
core_breakdown,1000,500,50,29,119,39,5939,2.504,1.684,0.027,0.178,3.07,0.006,REVOKED
core_breakdown,1000,500,50,29,119,40,5940,2.568,1.744,0.023,0.165,2.967,0.006,REVOKED
core_breakdown,1000,500,50,29,119,41,5941,2.627,1.795,0.022,0.203,3.106,0.006,REVOKED
core_breakdown,1000,500,50,29,119,42,5942,2.552,1.747,0.022,0.169,3.043,0.005,REVOKED
core_breakdown,1000,500,50,29,119,43,5943,2.542,1.759,0.02,0.176,2.902,0.005,REVOKED
core_breakdown,1000,500,50,29,119,44,5944,2.538,1.704,0.026,0.198,2.971,0.006,REVOKED
core_breakdown,1000,500,50,29,119,45,5945,2.547,1.733,0.02,0.175,3.058,0.006,REVOKED
core_breakdown,1000,500,50,29,119,46,5946,2.572,1.755,0.024,0.169,2.931,0.005,REVOKED
core_breakdown,1000,500,50,29,119,47,5947,2.659,1.88,0.023,0.197,2.969,0.006,REVOKED
core_breakdown,1000,500,50,29,119,48,5948,2.571,1.741,0.022,0.205,2.963,0.006,REVOKED
core_breakdown,1000,500,50,29,119,49,5949,2.545,1.753,0.02,0.175,2.942,0.011,REVOKED
core_breakdown,1000,500,50,29,119,50,5950,2.586,1.711,0.021,0.182,3.011,0.006,REVOKED
core_breakdown,1000,500,50,30,120,1,5951,5.848,3.253,0.275,0.468,6.28,0.057,REVOKED
core_breakdown,1000,500,50,30,120,2,5952,6.906,4.537,0.113,0.405,6.066,0.038,REVOKED
core_breakdown,1000,500,50,30,120,3,5953,4.031,2.659,0.1,0.28,4.832,0.021,REVOKED
core_breakdown,1000,500,50,30,120,4,5954,4.361,3.006,0.075,0.229,3.857,0.011,REVOKED
core_breakdown,1000,500,50,30,120,5,5955,3.283,2.229,0.042,0.222,3.772,0.009,REVOKED
core_breakdown,1000,500,50,30,120,6,5956,3.276,2.207,0.029,0.225,3.613,0.007,REVOKED
core_breakdown,1000,500,50,30,120,7,5957,3.277,2.29,0.03,0.204,3.852,0.014,REVOKED
core_breakdown,1000,500,50,30,120,8,5958,3.366,2.289,0.053,0.227,3.572,0.009,REVOKED
core_breakdown,1000,500,50,30,120,9,5959,3.104,2.111,0.036,0.237,3.521,0.007,REVOKED
core_breakdown,1000,500,50,30,120,10,5960,3.144,2.136,0.026,0.22,3.568,0.006,REVOKED
core_breakdown,1000,500,50,30,120,11,5961,3.122,2.166,0.03,0.214,3.53,0.006,REVOKED
core_breakdown,1000,500,50,30,120,12,5962,3.044,2.055,0.029,0.199,3.219,0.007,REVOKED
core_breakdown,1000,500,50,30,120,13,5963,2.717,1.838,0.034,0.169,3.025,0.008,REVOKED
core_breakdown,1000,500,50,30,120,14,5964,2.668,1.837,0.026,0.187,3.368,0.006,REVOKED
core_breakdown,1000,500,50,30,120,15,5965,2.662,1.837,0.029,0.203,3.067,0.006,REVOKED
core_breakdown,1000,500,50,30,120,16,5966,2.569,1.744,0.024,0.167,3.296,0.007,REVOKED
core_breakdown,1000,500,50,30,120,17,5967,2.642,1.813,0.022,0.184,3.061,0.006,REVOKED
core_breakdown,1000,500,50,30,120,18,5968,2.638,1.799,0.029,0.166,3.086,0.005,REVOKED
core_breakdown,1000,500,50,30,120,19,5969,2.698,1.805,0.028,0.187,3.047,0.006,REVOKED
core_breakdown,1000,500,50,30,120,20,5970,2.612,1.806,0.024,0.182,3.003,0.005,REVOKED
core_breakdown,1000,500,50,30,120,21,5971,2.554,1.722,0.025,0.179,3.049,0.007,REVOKED
core_breakdown,1000,500,50,30,120,22,5972,2.543,1.746,0.025,0.181,2.996,0.007,REVOKED
core_breakdown,1000,500,50,30,120,23,5973,2.542,1.748,0.022,0.181,2.918,0.006,REVOKED
core_breakdown,1000,500,50,30,120,24,5974,2.475,1.684,0.022,0.181,3.007,0.008,REVOKED
core_breakdown,1000,500,50,30,120,25,5975,2.54,1.73,0.027,0.173,2.899,0.008,REVOKED
core_breakdown,1000,500,50,30,120,26,5976,2.493,1.714,0.026,0.174,3.014,0.005,REVOKED
core_breakdown,1000,500,50,30,120,27,5977,2.639,1.821,0.025,0.175,3.054,0.005,REVOKED
core_breakdown,1000,500,50,30,120,28,5978,2.6,1.755,0.021,0.182,3.025,0.006,REVOKED
core_breakdown,1000,500,50,30,120,29,5979,2.552,1.744,0.024,0.172,2.937,0.007,REVOKED
core_breakdown,1000,500,50,30,120,30,5980,2.575,1.746,0.025,0.168,3.01,0.006,REVOKED
core_breakdown,1000,500,50,30,120,31,5981,2.526,1.728,0.023,0.157,2.913,0.006,REVOKED
core_breakdown,1000,500,50,30,120,32,5982,2.543,1.738,0.025,0.177,2.966,0.005,REVOKED
core_breakdown,1000,500,50,30,120,33,5983,2.643,1.795,0.022,0.17,3.027,0.006,REVOKED
core_breakdown,1000,500,50,30,120,34,5984,2.624,1.79,0.028,0.186,3.065,0.005,REVOKED
core_breakdown,1000,500,50,30,120,35,5985,2.609,1.791,0.024,0.184,3.047,0.005,REVOKED
core_breakdown,1000,500,50,30,120,36,5986,2.637,1.795,0.02,0.182,3.101,0.006,REVOKED
core_breakdown,1000,500,50,30,120,37,5987,2.618,1.767,0.024,0.206,3.003,0.006,REVOKED
core_breakdown,1000,500,50,30,120,38,5988,2.634,1.816,0.022,0.181,2.992,0.007,REVOKED
core_breakdown,1000,500,50,30,120,39,5989,2.641,1.819,0.022,0.189,2.938,0.005,REVOKED
core_breakdown,1000,500,50,30,120,40,5990,2.684,1.811,0.027,0.209,3.041,0.006,REVOKED
core_breakdown,1000,500,50,30,120,41,5991,2.533,1.725,0.02,0.177,3.053,0.005,REVOKED
core_breakdown,1000,500,50,30,120,42,5992,2.528,1.744,0.033,0.179,2.921,0.006,REVOKED
core_breakdown,1000,500,50,30,120,43,5993,2.572,1.748,0.022,0.197,2.95,0.006,REVOKED
core_breakdown,1000,500,50,30,120,44,5994,2.742,1.913,0.022,0.186,3.012,0.005,REVOKED
core_breakdown,1000,500,50,30,120,45,5995,2.63,1.811,0.024,0.191,3.056,0.006,REVOKED
core_breakdown,1000,500,50,30,120,46,5996,2.488,1.679,0.021,0.176,2.93,0.007,REVOKED
core_breakdown,1000,500,50,30,120,47,5997,2.615,1.784,0.02,0.179,2.986,0.006,REVOKED
core_breakdown,1000,500,50,30,120,48,5998,2.606,1.775,0.026,0.188,2.992,0.005,REVOKED
core_breakdown,1000,500,50,30,120,49,5999,2.639,1.806,0.025,0.159,2.984,0.013,REVOKED
core_breakdown,1000,500,50,30,120,50,6000,2.521,1.713,0.021,0.177,2.93,0.005,REVOKED
core_breakdown,1000,500,50,31,121,1,6001,6.718,4.146,0.275,0.433,7.832,0.067,REVOKED
core_breakdown,1000,500,50,31,121,2,6002,6.212,3.998,0.12,0.337,5.717,0.03,REVOKED
core_breakdown,1000,500,50,31,121,3,6003,5.061,3.484,0.1,0.263,5.224,0.019,REVOKED
core_breakdown,1000,500,50,31,121,4,6004,4.615,3.101,0.058,0.311,4.373,0.014,REVOKED
core_breakdown,1000,500,50,31,121,5,6005,3.769,2.549,0.054,0.246,3.972,0.008,REVOKED
core_breakdown,1000,500,50,31,121,6,6006,3.625,2.474,0.035,0.222,3.847,0.006,REVOKED
core_breakdown,1000,500,50,31,121,7,6007,3.42,2.352,0.028,0.218,4.176,0.008,REVOKED
core_breakdown,1000,500,50,31,121,8,6008,3.486,2.362,0.035,0.223,3.788,0.009,REVOKED
core_breakdown,1000,500,50,31,121,9,6009,3.513,2.416,0.039,0.229,3.773,0.006,REVOKED
core_breakdown,1000,500,50,31,121,10,6010,3.489,2.343,0.035,0.227,3.895,0.008,REVOKED
core_breakdown,1000,500,50,31,121,11,6011,3.41,2.335,0.034,0.224,3.775,0.016,REVOKED
core_breakdown,1000,500,50,31,121,12,6012,3.146,2.15,0.053,0.202,3.452,0.008,REVOKED
core_breakdown,1000,500,50,31,121,13,6013,2.992,2.058,0.032,0.207,3.439,0.009,REVOKED
core_breakdown,1000,500,50,31,121,14,6014,3.021,2.025,0.029,0.218,3.377,0.008,REVOKED
core_breakdown,1000,500,50,31,121,15,6015,2.968,2.048,0.023,0.203,3.4,0.006,REVOKED
core_breakdown,1000,500,50,31,121,16,6016,2.981,2.038,0.028,0.196,3.367,0.008,REVOKED
core_breakdown,1000,500,50,31,121,17,6017,2.979,2.058,0.022,0.2,3.34,0.006,REVOKED
core_breakdown,1000,500,50,31,121,18,6018,2.957,2.034,0.026,0.192,3.404,0.006,REVOKED
core_breakdown,1000,500,50,31,121,19,6019,2.997,2.068,0.026,0.201,3.377,0.008,REVOKED
core_breakdown,1000,500,50,31,121,20,6020,2.945,1.991,0.025,0.201,3.377,0.006,REVOKED
core_breakdown,1000,500,50,31,121,21,6021,2.902,1.959,0.026,0.2,3.374,0.006,REVOKED
core_breakdown,1000,500,50,31,121,22,6022,3.016,2.107,0.024,0.203,3.466,0.006,REVOKED
core_breakdown,1000,500,50,31,121,23,6023,2.972,2.029,0.028,0.2,3.335,0.006,REVOKED
core_breakdown,1000,500,50,31,121,24,6024,2.931,2.013,0.021,0.202,3.449,0.006,REVOKED
core_breakdown,1000,500,50,31,121,25,6025,2.937,1.984,0.027,0.185,3.47,0.008,REVOKED
core_breakdown,1000,500,50,31,121,26,6026,2.512,1.718,0.022,0.176,2.989,0.01,REVOKED
core_breakdown,1000,500,50,31,121,27,6027,2.76,1.895,0.019,0.2,3.328,0.007,REVOKED
core_breakdown,1000,500,50,31,121,28,6028,2.981,2.065,0.02,0.196,3.35,0.005,REVOKED
core_breakdown,1000,500,50,31,121,29,6029,3.012,2.06,0.029,0.213,3.378,0.006,REVOKED
core_breakdown,1000,500,50,31,121,30,6030,2.994,2.033,0.021,0.214,3.336,0.005,REVOKED
core_breakdown,1000,500,50,31,121,31,6031,2.906,1.97,0.025,0.213,3.317,0.007,REVOKED
core_breakdown,1000,500,50,31,121,32,6032,2.959,2.032,0.022,0.191,3.28,0.006,REVOKED
core_breakdown,1000,500,50,31,121,33,6033,3.058,2.029,0.021,0.197,3.387,0.005,REVOKED
core_breakdown,1000,500,50,31,121,34,6034,2.912,1.992,0.019,0.223,3.437,0.006,REVOKED
core_breakdown,1000,500,50,31,121,35,6035,2.91,2.014,0.025,0.206,3.368,0.005,REVOKED
core_breakdown,1000,500,50,31,121,36,6036,2.973,2.048,0.02,0.206,3.343,0.006,REVOKED
core_breakdown,1000,500,50,31,121,37,6037,2.938,2.027,0.028,0.198,3.358,0.006,REVOKED
core_breakdown,1000,500,50,31,121,38,6038,2.982,2.063,0.023,0.195,3.31,0.006,REVOKED
core_breakdown,1000,500,50,31,121,39,6039,2.951,2.013,0.026,0.187,3.354,0.006,REVOKED
core_breakdown,1000,500,50,31,121,40,6040,2.933,2.028,0.024,0.199,3.325,0.006,REVOKED
core_breakdown,1000,500,50,31,121,41,6041,2.949,2.01,0.024,0.199,3.416,0.005,REVOKED
core_breakdown,1000,500,50,31,121,42,6042,2.97,2.019,0.022,0.196,3.309,0.006,REVOKED
core_breakdown,1000,500,50,31,121,43,6043,2.95,2.022,0.023,0.187,3.279,0.007,REVOKED
core_breakdown,1000,500,50,31,121,44,6044,2.938,2.014,0.02,0.208,3.369,0.006,REVOKED
core_breakdown,1000,500,50,31,121,45,6045,2.965,2.067,0.024,0.198,3.312,0.005,REVOKED
core_breakdown,1000,500,50,31,121,46,6046,3.009,2.094,0.027,0.199,3.376,0.006,REVOKED
core_breakdown,1000,500,50,31,121,47,6047,2.905,1.992,0.022,0.204,3.396,0.006,REVOKED
core_breakdown,1000,500,50,31,121,48,6048,2.964,2.018,0.021,0.207,3.373,0.005,REVOKED
core_breakdown,1000,500,50,31,121,49,6049,2.919,2.015,0.019,0.201,3.436,0.015,REVOKED
core_breakdown,1000,500,50,31,121,50,6050,2.913,2.002,0.021,0.192,3.339,0.006,REVOKED
core_breakdown,1000,500,50,32,122,1,6051,5.535,3.441,0.33,0.367,5.273,0.057,REVOKED
core_breakdown,1000,500,50,32,122,2,6052,3.965,2.66,0.074,0.247,4.075,0.023,REVOKED
core_breakdown,1000,500,50,32,122,3,6053,3.472,2.359,0.077,0.224,3.835,0.014,REVOKED
core_breakdown,1000,500,50,32,122,4,6054,3.29,2.233,0.038,0.21,3.616,0.008,REVOKED
core_breakdown,1000,500,50,32,122,5,6055,3.419,2.308,0.083,0.247,3.399,0.015,REVOKED
core_breakdown,1000,500,50,32,122,6,6056,2.781,1.878,0.029,0.192,3.239,0.008,REVOKED
core_breakdown,1000,500,50,32,122,7,6057,2.645,1.813,0.034,0.176,3.088,0.008,REVOKED
core_breakdown,1000,500,50,32,122,8,6058,2.612,1.759,0.025,0.182,3.012,0.006,REVOKED
core_breakdown,1000,500,50,32,122,9,6059,2.677,1.823,0.036,0.196,3.133,0.007,REVOKED
core_breakdown,1000,500,50,32,122,10,6060,2.619,1.756,0.031,0.179,3.438,0.008,REVOKED
core_breakdown,1000,500,50,32,122,11,6061,3.282,2.326,0.036,0.211,3.678,0.009,REVOKED
core_breakdown,1000,500,50,32,122,12,6062,2.61,1.772,0.028,0.187,3.205,0.006,REVOKED
core_breakdown,1000,500,50,32,122,13,6063,2.809,1.809,0.033,0.204,3.127,0.012,REVOKED
core_breakdown,1000,500,50,32,122,14,6064,2.707,1.852,0.027,0.19,3.011,0.006,REVOKED
core_breakdown,1000,500,50,32,122,15,6065,2.646,1.821,0.024,0.164,3.011,0.007,REVOKED
core_breakdown,1000,500,50,32,122,16,6066,2.693,1.865,0.028,0.173,3.553,0.008,REVOKED
core_breakdown,1000,500,50,32,122,17,6067,2.848,1.963,0.031,0.213,3.435,0.009,REVOKED
core_breakdown,1000,500,50,32,122,18,6068,2.975,1.924,0.03,0.251,3.367,0.009,REVOKED
core_breakdown,1000,500,50,32,122,19,6069,2.913,1.857,0.032,0.213,3.261,0.008,REVOKED
core_breakdown,1000,500,50,32,122,20,6070,2.646,1.796,0.025,0.2,3.095,0.008,REVOKED
core_breakdown,1000,500,50,32,122,21,6071,2.666,1.79,0.026,0.161,3.015,0.006,REVOKED
core_breakdown,1000,500,50,32,122,22,6072,2.654,1.823,0.023,0.174,3.074,0.006,REVOKED
core_breakdown,1000,500,50,32,122,23,6073,2.615,1.775,0.028,0.172,3.12,0.008,REVOKED
core_breakdown,1000,500,50,32,122,24,6074,2.584,1.78,0.024,0.173,2.992,0.007,REVOKED
core_breakdown,1000,500,50,32,122,25,6075,2.643,1.798,0.023,0.177,3.006,0.009,REVOKED
core_breakdown,1000,500,50,32,122,26,6076,2.569,1.748,0.026,0.199,3.03,0.005,REVOKED
core_breakdown,1000,500,50,32,122,27,6077,2.618,1.778,0.024,0.196,3.03,0.006,REVOKED
core_breakdown,1000,500,50,32,122,28,6078,2.602,1.774,0.028,0.182,3.028,0.006,REVOKED
core_breakdown,1000,500,50,32,122,29,6079,2.666,1.84,0.023,0.193,3.074,0.006,REVOKED
core_breakdown,1000,500,50,32,122,30,6080,2.58,1.775,0.025,0.198,3.065,0.006,REVOKED
core_breakdown,1000,500,50,32,122,31,6081,2.557,1.733,0.021,0.17,3.067,0.006,REVOKED
core_breakdown,1000,500,50,32,122,32,6082,2.635,1.794,0.022,0.178,3.02,0.006,REVOKED
core_breakdown,1000,500,50,32,122,33,6083,2.621,1.763,0.029,0.164,2.987,0.005,REVOKED
core_breakdown,1000,500,50,32,122,34,6084,2.582,1.745,0.021,0.157,3.002,0.006,REVOKED
core_breakdown,1000,500,50,32,122,35,6085,2.525,1.727,0.027,0.176,2.994,0.005,REVOKED
core_breakdown,1000,500,50,32,122,36,6086,2.713,1.859,0.026,0.187,2.955,0.006,REVOKED
core_breakdown,1000,500,50,32,122,37,6087,2.6,1.776,0.023,0.185,3.045,0.007,REVOKED
core_breakdown,1000,500,50,32,122,38,6088,2.633,1.797,0.023,0.187,2.896,0.007,REVOKED
core_breakdown,1000,500,50,32,122,39,6089,2.686,1.823,0.022,0.187,2.968,0.006,REVOKED
core_breakdown,1000,500,50,32,122,40,6090,2.653,1.829,0.026,0.198,3.004,0.006,REVOKED
core_breakdown,1000,500,50,32,122,41,6091,2.609,1.781,0.023,0.18,2.959,0.007,REVOKED
core_breakdown,1000,500,50,32,122,42,6092,2.572,1.782,0.022,0.18,2.949,0.007,REVOKED
core_breakdown,1000,500,50,32,122,43,6093,2.627,1.798,0.02,0.172,3.013,0.006,REVOKED
core_breakdown,1000,500,50,32,122,44,6094,2.598,1.765,0.023,0.17,2.928,0.005,REVOKED
core_breakdown,1000,500,50,32,122,45,6095,2.682,1.801,0.027,0.186,3.045,0.006,REVOKED
core_breakdown,1000,500,50,32,122,46,6096,2.681,1.856,0.023,0.159,2.969,0.006,REVOKED
core_breakdown,1000,500,50,32,122,47,6097,2.199,1.506,0.026,0.146,2.961,0.006,REVOKED
core_breakdown,1000,500,50,32,122,48,6098,2.568,1.743,0.025,0.181,3.026,0.007,REVOKED
core_breakdown,1000,500,50,32,122,49,6099,2.607,1.775,0.024,0.18,2.973,0.011,REVOKED
core_breakdown,1000,500,50,32,122,50,6100,2.577,1.731,0.023,0.176,2.98,0.005,REVOKED
core_breakdown,1000,500,50,33,123,1,6101,5.584,3.648,0.14,0.404,6.079,0.042,REVOKED
core_breakdown,1000,500,50,33,123,2,6102,4.287,2.84,0.063,0.316,4.819,0.01,REVOKED
core_breakdown,1000,500,50,33,123,3,6103,4.139,2.8,0.043,0.264,3.767,0.007,REVOKED
core_breakdown,1000,500,50,33,123,4,6104,3.409,2.306,0.026,0.246,4.304,0.008,REVOKED
core_breakdown,1000,500,50,33,123,5,6105,4.036,2.718,0.031,0.238,3.936,0.007,REVOKED
core_breakdown,1000,500,50,33,123,6,6106,3.705,2.579,0.026,0.231,4.263,0.006,REVOKED
core_breakdown,1000,500,50,33,123,7,6107,3.818,2.614,0.03,0.247,4.07,0.006,REVOKED
core_breakdown,1000,500,50,33,123,8,6108,3.641,2.559,0.023,0.262,3.966,0.007,REVOKED
core_breakdown,1000,500,50,33,123,9,6109,3.447,2.393,0.021,0.235,3.768,0.006,REVOKED
core_breakdown,1000,500,50,33,123,10,6110,3.449,2.382,0.024,0.245,3.858,0.005,REVOKED
core_breakdown,1000,500,50,33,123,11,6111,3.448,2.371,0.027,0.225,3.762,0.006,REVOKED
core_breakdown,1000,500,50,33,123,12,6112,3.536,2.353,0.023,0.241,3.817,0.006,REVOKED
core_breakdown,1000,500,50,33,123,13,6113,3.499,2.4,0.028,0.264,4.039,0.009,REVOKED
core_breakdown,1000,500,50,33,123,14,6114,3.122,2.147,0.03,0.234,3.468,0.006,REVOKED
core_breakdown,1000,500,50,33,123,15,6115,3.079,2.077,0.024,0.237,3.439,0.005,REVOKED
core_breakdown,1000,500,50,33,123,16,6116,3.06,2.064,0.028,0.21,3.444,0.007,REVOKED
core_breakdown,1000,500,50,33,123,17,6117,3.107,2.078,0.025,0.17,3.032,0.006,REVOKED
core_breakdown,1000,500,50,33,123,18,6118,2.727,1.861,0.027,0.202,3.067,0.006,REVOKED
core_breakdown,1000,500,50,33,123,19,6119,2.625,1.797,0.025,0.175,2.946,0.007,REVOKED
core_breakdown,1000,500,50,33,123,20,6120,3.019,2.029,0.021,0.21,3.425,0.006,REVOKED
core_breakdown,1000,500,50,33,123,21,6121,2.676,1.814,0.02,0.209,3.142,0.006,REVOKED
core_breakdown,1000,500,50,33,123,22,6122,2.69,1.797,0.03,0.193,3.2,0.006,REVOKED
core_breakdown,1000,500,50,33,123,23,6123,2.625,1.805,0.024,0.167,2.989,0.006,REVOKED
core_breakdown,1000,500,50,33,123,24,6124,2.594,1.774,0.025,0.186,2.946,0.006,REVOKED
core_breakdown,1000,500,50,33,123,25,6125,2.662,1.826,0.024,0.163,2.945,0.009,REVOKED
core_breakdown,1000,500,50,33,123,26,6126,2.712,1.828,0.022,0.175,3.026,0.006,REVOKED
core_breakdown,1000,500,50,33,123,27,6127,2.631,1.778,0.021,0.167,3.011,0.008,REVOKED
core_breakdown,1000,500,50,33,123,28,6128,2.582,1.774,0.026,0.177,2.993,0.005,REVOKED
core_breakdown,1000,500,50,33,123,29,6129,2.744,1.841,0.026,0.195,3.259,0.007,REVOKED
core_breakdown,1000,500,50,33,123,30,6130,2.535,1.738,0.027,0.222,3.411,0.006,REVOKED
core_breakdown,1000,500,50,33,123,31,6131,2.936,2.036,0.023,0.199,3.308,0.006,REVOKED
core_breakdown,1000,500,50,33,123,32,6132,2.938,2.026,0.024,0.2,3.312,0.006,REVOKED
core_breakdown,1000,500,50,33,123,33,6133,2.933,2.01,0.028,0.183,3.29,0.008,REVOKED
core_breakdown,1000,500,50,33,123,34,6134,2.982,2.017,0.021,0.193,3.366,0.005,REVOKED
core_breakdown,1000,500,50,33,123,35,6135,2.963,2.032,0.019,0.207,3.486,0.007,REVOKED
core_breakdown,1000,500,50,33,123,36,6136,2.888,1.962,0.026,0.187,3.368,0.005,REVOKED
core_breakdown,1000,500,50,33,123,37,6137,2.945,2.023,0.021,0.186,3.348,0.006,REVOKED
core_breakdown,1000,500,50,33,123,38,6138,3.015,2.063,0.023,0.198,3.411,0.006,REVOKED
core_breakdown,1000,500,50,33,123,39,6139,2.968,2.047,0.019,0.203,3.404,0.006,REVOKED
core_breakdown,1000,500,50,33,123,40,6140,2.912,2.013,0.022,0.201,3.328,0.005,REVOKED
core_breakdown,1000,500,50,33,123,41,6141,3.021,2.12,0.023,0.215,3.337,0.006,REVOKED
core_breakdown,1000,500,50,33,123,42,6142,2.943,2.051,0.024,0.187,3.34,0.006,REVOKED
core_breakdown,1000,500,50,33,123,43,6143,2.982,2.031,0.027,0.214,3.324,0.006,REVOKED
core_breakdown,1000,500,50,33,123,44,6144,2.971,2.048,0.023,0.198,3.317,0.008,REVOKED
core_breakdown,1000,500,50,33,123,45,6145,2.898,1.994,0.022,0.218,3.273,0.006,REVOKED
core_breakdown,1000,500,50,33,123,46,6146,2.919,1.971,0.026,0.193,3.242,0.005,REVOKED
core_breakdown,1000,500,50,33,123,47,6147,2.915,2.018,0.025,0.192,3.356,0.007,REVOKED
core_breakdown,1000,500,50,33,123,48,6148,2.966,2.043,0.021,0.208,3.27,0.006,REVOKED
core_breakdown,1000,500,50,33,123,49,6149,2.956,2.025,0.025,0.199,3.476,0.013,REVOKED
core_breakdown,1000,500,50,33,123,50,6150,2.931,2.004,0.023,0.202,3.245,0.006,REVOKED
core_breakdown,1000,500,50,34,124,1,6151,7.035,4.562,0.282,0.482,6.575,0.046,REVOKED
core_breakdown,1000,500,50,34,124,2,6152,6.549,4.12,0.118,0.365,5.886,0.03,REVOKED
core_breakdown,1000,500,50,34,124,3,6153,5.237,3.495,0.079,0.318,5.347,0.018,REVOKED
core_breakdown,1000,500,50,34,124,4,6154,4.912,3.3,0.095,0.288,4.519,0.013,REVOKED
core_breakdown,1000,500,50,34,124,5,6155,4.045,2.771,0.048,0.246,4.044,0.011,REVOKED
core_breakdown,1000,500,50,34,124,6,6156,3.859,2.591,0.045,0.256,3.979,0.007,REVOKED
core_breakdown,1000,500,50,34,124,7,6157,3.586,2.463,0.032,0.346,9.683,0.021,REVOKED
core_breakdown,1000,500,50,34,124,8,6158,3.642,2.44,0.093,0.272,3.886,0.01,REVOKED
core_breakdown,1000,500,50,34,124,9,6159,3.592,2.414,0.049,0.236,3.776,0.007,REVOKED
core_breakdown,1000,500,50,34,124,10,6160,3.317,2.25,0.029,0.215,3.876,0.009,REVOKED
core_breakdown,1000,500,50,34,124,11,6161,3.376,2.299,0.043,0.239,3.795,0.008,REVOKED
core_breakdown,1000,500,50,34,124,12,6162,3.364,2.301,0.037,0.216,3.573,0.006,REVOKED
core_breakdown,1000,500,50,34,124,13,6163,3.165,2.177,0.026,0.229,3.569,0.017,REVOKED
core_breakdown,1000,500,50,34,124,14,6164,3.001,2.022,0.042,0.197,3.362,0.008,REVOKED
core_breakdown,1000,500,50,34,124,15,6165,2.959,2.023,0.025,0.2,3.336,0.008,REVOKED
core_breakdown,1000,500,50,34,124,16,6166,2.915,1.991,0.032,0.183,3.465,0.007,REVOKED
core_breakdown,1000,500,50,34,124,17,6167,2.957,2.022,0.025,0.214,3.27,0.006,REVOKED
core_breakdown,1000,500,50,34,124,18,6168,2.895,1.998,0.021,0.274,3.385,0.006,REVOKED
core_breakdown,1000,500,50,34,124,19,6169,2.905,2.005,0.025,0.191,3.339,0.007,REVOKED
core_breakdown,1000,500,50,34,124,20,6170,2.923,2.012,0.022,0.194,3.335,0.007,REVOKED
core_breakdown,1000,500,50,34,124,21,6171,3.037,2.068,0.031,0.208,3.412,0.008,REVOKED
core_breakdown,1000,500,50,34,124,22,6172,3.063,2.09,0.027,0.208,3.424,0.006,REVOKED
core_breakdown,1000,500,50,34,124,23,6173,3.168,2.225,0.021,0.205,3.501,0.008,REVOKED
core_breakdown,1000,500,50,34,124,24,6174,3.035,2.056,0.021,0.208,3.413,0.006,REVOKED
core_breakdown,1000,500,50,34,124,25,6175,3.005,2.074,0.025,0.196,3.334,0.008,REVOKED
core_breakdown,1000,500,50,34,124,26,6176,2.977,2.02,0.021,0.205,3.378,0.006,REVOKED
core_breakdown,1000,500,50,34,124,27,6177,2.996,2.007,0.026,0.206,3.321,0.007,REVOKED
core_breakdown,1000,500,50,34,124,28,6178,2.981,2.043,0.021,0.206,3.355,0.008,REVOKED
core_breakdown,1000,500,50,34,124,29,6179,2.978,2.039,0.039,0.232,3.383,0.006,REVOKED
core_breakdown,1000,500,50,34,124,30,6180,2.987,2.079,0.027,0.202,3.373,0.006,REVOKED
core_breakdown,1000,500,50,34,124,31,6181,2.971,2.019,0.027,0.192,3.328,0.006,REVOKED
core_breakdown,1000,500,50,34,124,32,6182,2.959,2.029,0.024,0.198,3.329,0.006,REVOKED
core_breakdown,1000,500,50,34,124,33,6183,3.019,2.084,0.022,0.207,3.377,0.006,REVOKED
core_breakdown,1000,500,50,34,124,34,6184,2.95,2.046,0.025,0.199,3.326,0.011,REVOKED
core_breakdown,1000,500,50,34,124,35,6185,2.978,2.043,0.022,0.2,3.343,0.006,REVOKED
core_breakdown,1000,500,50,34,124,36,6186,2.94,2.013,0.027,0.201,3.313,0.005,REVOKED
core_breakdown,1000,500,50,34,124,37,6187,3.008,2.07,0.024,0.196,3.351,0.006,REVOKED
core_breakdown,1000,500,50,34,124,38,6188,2.919,2.002,0.024,0.218,3.256,0.006,REVOKED
core_breakdown,1000,500,50,34,124,39,6189,2.982,2.048,0.026,0.216,3.32,0.01,REVOKED
core_breakdown,1000,500,50,34,124,40,6190,2.951,1.996,0.022,0.189,3.387,0.006,REVOKED
core_breakdown,1000,500,50,34,124,41,6191,2.92,2.011,0.022,0.203,3.356,0.006,REVOKED
core_breakdown,1000,500,50,34,124,42,6192,2.942,1.979,0.025,0.198,3.289,0.007,REVOKED
core_breakdown,1000,500,50,34,124,43,6193,2.972,2.017,0.023,0.206,3.356,0.006,REVOKED
core_breakdown,1000,500,50,34,124,44,6194,2.989,2.02,0.023,0.192,3.335,0.007,REVOKED
core_breakdown,1000,500,50,34,124,45,6195,2.891,1.993,0.019,0.197,3.285,0.006,REVOKED
core_breakdown,1000,500,50,34,124,46,6196,2.986,2.057,0.02,0.197,3.286,0.006,REVOKED
core_breakdown,1000,500,50,34,124,47,6197,3.032,2.078,0.025,0.193,3.359,0.006,REVOKED
core_breakdown,1000,500,50,34,124,48,6198,2.923,2.007,0.024,0.206,3.296,0.007,REVOKED
core_breakdown,1000,500,50,34,124,49,6199,3.003,2.072,0.022,0.199,3.405,0.015,REVOKED
core_breakdown,1000,500,50,34,124,50,6200,2.914,1.972,0.024,0.193,3.296,0.005,REVOKED
core_breakdown,1000,500,50,35,125,1,6201,6.429,4.123,0.266,0.441,7.331,0.064,REVOKED
core_breakdown,1000,500,50,35,125,2,6202,6.024,3.944,0.118,0.307,5.995,0.026,REVOKED
core_breakdown,1000,500,50,35,125,3,6203,5.074,3.423,0.087,0.276,4.549,0.01,REVOKED
core_breakdown,1000,500,50,35,125,4,6204,3.894,2.689,0.053,0.274,4.198,0.011,REVOKED
core_breakdown,1000,500,50,35,125,5,6205,4.014,2.823,0.063,0.248,4.144,0.014,REVOKED
core_breakdown,1000,500,50,35,125,6,6206,3.572,2.437,0.032,0.217,3.821,0.007,REVOKED
core_breakdown,1000,500,50,35,125,7,6207,3.602,2.465,0.034,0.242,3.872,0.01,REVOKED
core_breakdown,1000,500,50,35,125,8,6208,3.493,2.365,0.036,0.224,3.772,0.006,REVOKED
core_breakdown,1000,500,50,35,125,9,6209,3.422,2.33,0.035,0.243,3.755,0.006,REVOKED
core_breakdown,1000,500,50,35,125,10,6210,3.443,2.374,0.03,0.224,3.749,0.019,REVOKED
core_breakdown,1000,500,50,35,125,11,6211,3.111,2.092,0.062,0.214,3.463,0.009,REVOKED
core_breakdown,1000,500,50,35,125,12,6212,2.954,2.019,0.035,0.209,3.322,0.006,REVOKED
core_breakdown,1000,500,50,35,125,13,6213,3.051,2.053,0.028,0.216,3.294,0.009,REVOKED
core_breakdown,1000,500,50,35,125,14,6214,2.969,2.04,0.034,0.192,3.308,0.006,REVOKED
core_breakdown,1000,500,50,35,125,15,6215,2.916,2.007,0.025,0.198,3.338,0.007,REVOKED
core_breakdown,1000,500,50,35,125,16,6216,2.933,2.005,0.028,0.192,3.289,0.007,REVOKED
core_breakdown,1000,500,50,35,125,17,6217,3.001,2.049,0.022,0.198,3.286,0.006,REVOKED
core_breakdown,1000,500,50,35,125,18,6218,3.048,2.083,0.028,0.198,3.329,0.005,REVOKED
core_breakdown,1000,500,50,35,125,19,6219,3.054,2.102,0.023,0.218,3.288,0.009,REVOKED
core_breakdown,1000,500,50,35,125,20,6220,2.945,2.008,0.021,0.204,3.434,0.007,REVOKED
core_breakdown,1000,500,50,35,125,21,6221,2.943,1.975,0.025,0.199,3.333,0.006,REVOKED
core_breakdown,1000,500,50,35,125,22,6222,2.925,2.011,0.025,0.204,3.208,0.005,REVOKED
core_breakdown,1000,500,50,35,125,23,6223,2.973,2.025,0.023,0.197,3.387,0.006,REVOKED
core_breakdown,1000,500,50,35,125,24,6224,2.886,1.984,0.022,0.191,3.269,0.006,REVOKED
core_breakdown,1000,500,50,35,125,25,6225,3.241,2.051,0.03,0.199,3.361,0.008,REVOKED
core_breakdown,1000,500,50,35,125,26,6226,2.97,2.071,0.024,0.193,3.458,0.007,REVOKED
core_breakdown,1000,500,50,35,125,27,6227,3.081,2.062,0.026,0.282,3.885,0.008,REVOKED
core_breakdown,1000,500,50,35,125,28,6228,3.275,2.216,0.04,0.205,3.857,0.01,REVOKED
core_breakdown,1000,500,50,35,125,29,6229,3.335,2.252,0.04,0.216,3.784,0.009,REVOKED
core_breakdown,1000,500,50,35,125,30,6230,3.259,2.231,0.047,0.211,3.788,0.007,REVOKED
core_breakdown,1000,500,50,35,125,31,6231,4.207,3.093,0.036,0.276,4.112,0.008,REVOKED
core_breakdown,1000,500,50,35,125,32,6232,3.944,2.679,0.034,0.24,3.688,0.009,REVOKED
core_breakdown,1000,500,50,35,125,33,6233,3.153,2.188,0.035,0.225,3.335,0.007,REVOKED
core_breakdown,1000,500,50,35,125,34,6234,3.19,2.222,0.033,0.251,3.965,0.009,REVOKED
core_breakdown,1000,500,50,35,125,35,6235,3.364,2.329,0.034,0.21,3.79,0.008,REVOKED
core_breakdown,1000,500,50,35,125,36,6236,3.382,2.296,0.036,0.254,4.637,0.009,REVOKED
core_breakdown,1000,500,50,35,125,37,6237,3.993,2.775,0.039,0.243,4.146,0.008,REVOKED
core_breakdown,1000,500,50,35,125,38,6238,4.319,3.05,0.04,0.231,4.897,0.009,REVOKED
core_breakdown,1000,500,50,35,125,39,6239,4.193,2.972,0.042,0.253,3.607,0.009,REVOKED
core_breakdown,1000,500,50,35,125,40,6240,3.074,2.078,0.033,0.236,3.633,0.007,REVOKED
core_breakdown,1000,500,50,35,125,41,6241,2.988,2.036,0.029,0.234,3.433,0.007,REVOKED
core_breakdown,1000,500,50,35,125,42,6242,2.626,1.777,0.028,0.186,2.923,0.007,REVOKED
core_breakdown,1000,500,50,35,125,43,6243,2.529,1.751,0.023,0.214,2.931,0.006,REVOKED
core_breakdown,1000,500,50,35,125,44,6244,2.586,1.77,0.024,0.179,3.353,0.007,REVOKED
core_breakdown,1000,500,50,35,125,45,6245,2.906,1.997,0.025,0.204,3.272,0.007,REVOKED
core_breakdown,1000,500,50,35,125,46,6246,2.88,1.988,0.02,0.185,3.254,0.006,REVOKED
core_breakdown,1000,500,50,35,125,47,6247,2.923,1.994,0.026,0.189,3.22,0.005,REVOKED
core_breakdown,1000,500,50,35,125,48,6248,2.933,2.012,0.024,0.205,3.316,0.007,REVOKED
core_breakdown,1000,500,50,35,125,49,6249,2.914,1.995,0.023,0.204,3.345,0.011,REVOKED
core_breakdown,1000,500,50,35,125,50,6250,2.887,1.988,0.021,0.214,3.275,0.006,REVOKED
core_breakdown,1000,500,50,36,126,1,6251,6.373,4.029,0.271,0.515,6.895,0.064,REVOKED
core_breakdown,1000,500,50,36,126,2,6252,6.044,4.068,0.117,0.386,6.165,0.021,REVOKED
core_breakdown,1000,500,50,36,126,3,6253,4.998,3.359,0.083,0.23,5.251,0.015,REVOKED
core_breakdown,1000,500,50,36,126,4,6254,4.901,3.31,0.107,0.311,5.173,0.016,REVOKED
core_breakdown,1000,500,50,36,126,5,6255,4.064,2.746,0.058,0.268,4.572,0.014,REVOKED
core_breakdown,1000,500,50,36,126,6,6256,4.124,2.778,0.071,0.28,4.254,0.009,REVOKED
core_breakdown,1000,500,50,36,126,7,6257,3.683,2.52,0.039,0.25,3.962,0.006,REVOKED
core_breakdown,1000,500,50,36,126,8,6258,3.467,2.378,0.034,0.268,3.807,0.007,REVOKED
core_breakdown,1000,500,50,36,126,9,6259,3.402,2.344,0.029,0.225,3.804,0.008,REVOKED
core_breakdown,1000,500,50,36,126,10,6260,3.445,2.384,0.033,0.223,3.748,0.015,REVOKED
core_breakdown,1000,500,50,36,126,11,6261,3.036,2.058,0.05,0.218,3.412,0.013,REVOKED
core_breakdown,1000,500,50,36,126,12,6262,3.053,2.103,0.039,0.206,3.427,0.008,REVOKED
core_breakdown,1000,500,50,36,126,13,6263,3.019,2.078,0.021,0.19,3.436,0.008,REVOKED
core_breakdown,1000,500,50,36,126,14,6264,2.925,1.986,0.03,0.198,3.401,0.006,REVOKED
core_breakdown,1000,500,50,36,126,15,6265,2.926,2.01,0.026,0.21,3.424,0.008,REVOKED
core_breakdown,1000,500,50,36,126,16,6266,3.004,2.053,0.025,0.201,3.386,0.007,REVOKED
core_breakdown,1000,500,50,36,126,17,6267,2.925,1.979,0.023,0.197,3.35,0.006,REVOKED
core_breakdown,1000,500,50,36,126,18,6268,2.913,2.005,0.02,0.21,3.373,0.006,REVOKED
core_breakdown,1000,500,50,36,126,19,6269,2.971,2.018,0.022,0.202,3.353,0.006,REVOKED
core_breakdown,1000,500,50,36,126,20,6270,2.917,1.978,0.019,0.201,3.361,0.005,REVOKED
core_breakdown,1000,500,50,36,126,21,6271,2.941,2.031,0.022,0.197,3.295,0.007,REVOKED
core_breakdown,1000,500,50,36,126,22,6272,2.925,2.015,0.026,0.22,3.31,0.006,REVOKED
core_breakdown,1000,500,50,36,126,23,6273,3.018,2.064,0.023,0.195,3.4,0.007,REVOKED
core_breakdown,1000,500,50,36,126,24,6274,2.96,2.026,0.028,0.216,3.376,0.006,REVOKED
core_breakdown,1000,500,50,36,126,25,6275,2.976,2.027,0.029,0.198,3.281,0.009,REVOKED
core_breakdown,1000,500,50,36,126,26,6276,2.944,2.026,0.021,0.187,3.469,0.006,REVOKED
core_breakdown,1000,500,50,36,126,27,6277,2.965,2.028,0.027,0.2,3.34,0.007,REVOKED
core_breakdown,1000,500,50,36,126,28,6278,2.916,2.005,0.023,0.2,3.318,0.006,REVOKED
core_breakdown,1000,500,50,36,126,29,6279,2.964,2.032,0.026,0.205,3.405,0.007,REVOKED
core_breakdown,1000,500,50,36,126,30,6280,2.907,2.018,0.024,0.203,3.368,0.006,REVOKED
core_breakdown,1000,500,50,36,126,31,6281,2.976,2.065,0.023,0.218,3.341,0.006,REVOKED
core_breakdown,1000,500,50,36,126,32,6282,2.932,2.02,0.026,0.196,3.288,0.006,REVOKED
core_breakdown,1000,500,50,36,126,33,6283,2.936,2.021,0.022,0.188,3.289,0.005,REVOKED
core_breakdown,1000,500,50,36,126,34,6284,2.954,2.032,0.023,0.193,3.469,0.006,REVOKED
core_breakdown,1000,500,50,36,126,35,6285,3.006,2.043,0.02,0.19,3.367,0.005,REVOKED
core_breakdown,1000,500,50,36,126,36,6286,2.974,2.01,0.028,0.197,3.31,0.008,REVOKED
core_breakdown,1000,500,50,36,126,37,6287,2.923,1.991,0.022,0.193,3.382,0.009,REVOKED
core_breakdown,1000,500,50,36,126,38,6288,2.932,2.006,0.023,0.202,3.352,0.007,REVOKED
core_breakdown,1000,500,50,36,126,39,6289,2.923,1.991,0.02,0.189,3.374,0.005,REVOKED
core_breakdown,1000,500,50,36,126,40,6290,2.914,2.005,0.023,0.198,3.329,0.005,REVOKED
core_breakdown,1000,500,50,36,126,41,6291,2.956,2.047,0.026,0.189,3.394,0.007,REVOKED
core_breakdown,1000,500,50,36,126,42,6292,2.896,1.956,0.024,0.211,3.295,0.006,REVOKED
core_breakdown,1000,500,50,36,126,43,6293,2.937,2.009,0.028,0.214,3.301,0.005,REVOKED
core_breakdown,1000,500,50,36,126,44,6294,2.991,2.055,0.019,0.188,3.341,0.005,REVOKED
core_breakdown,1000,500,50,36,126,45,6295,2.939,2.014,0.025,0.187,3.267,0.007,REVOKED
core_breakdown,1000,500,50,36,126,46,6296,2.937,2.009,0.023,0.195,3.298,0.005,REVOKED
core_breakdown,1000,500,50,36,126,47,6297,2.907,2.002,0.023,0.185,3.322,0.006,REVOKED
core_breakdown,1000,500,50,36,126,48,6298,2.967,2.015,0.021,0.188,3.372,0.005,REVOKED
core_breakdown,1000,500,50,36,126,49,6299,3.064,2.137,0.027,0.203,3.337,0.012,REVOKED
core_breakdown,1000,500,50,36,126,50,6300,2.937,2.021,0.021,0.2,3.31,0.009,REVOKED
core_breakdown,1000,500,50,37,127,1,6301,5.985,3.772,0.26,0.495,7.139,0.067,REVOKED
core_breakdown,1000,500,50,37,127,2,6302,6.577,4.399,0.156,0.409,6.668,0.036,REVOKED
core_breakdown,1000,500,50,37,127,3,6303,5.531,3.65,0.13,0.37,5.356,0.027,REVOKED
core_breakdown,1000,500,50,37,127,4,6304,3.94,2.629,0.071,0.247,3.844,0.017,REVOKED
core_breakdown,1000,500,50,37,127,5,6305,3.251,2.198,0.056,0.222,3.571,0.012,REVOKED
core_breakdown,1000,500,50,37,127,6,6306,3.223,2.183,0.061,0.219,3.633,0.014,REVOKED
core_breakdown,1000,500,50,37,127,7,6307,3.317,2.241,0.043,0.242,3.621,0.009,REVOKED
core_breakdown,1000,500,50,37,127,8,6308,3.87,2.598,0.056,0.252,4.04,0.012,REVOKED
core_breakdown,1000,500,50,37,127,9,6309,3.536,2.381,0.06,0.237,3.787,0.011,REVOKED
core_breakdown,1000,500,50,37,127,10,6310,3.211,2.204,0.03,0.207,3.359,0.008,REVOKED
core_breakdown,1000,500,50,37,127,11,6311,2.658,1.818,0.035,0.171,3.043,0.007,REVOKED
core_breakdown,1000,500,50,37,127,12,6312,2.566,1.752,0.023,0.18,3.029,0.009,REVOKED
core_breakdown,1000,500,50,37,127,13,6313,2.613,1.769,0.021,0.203,3.058,0.009,REVOKED
core_breakdown,1000,500,50,37,127,14,6314,3.01,2.062,0.027,0.201,3.397,0.006,REVOKED
core_breakdown,1000,500,50,37,127,15,6315,2.961,2.018,0.022,0.192,3.039,0.006,REVOKED
core_breakdown,1000,500,50,37,127,16,6316,2.852,2.023,0.028,0.196,3.235,0.006,REVOKED
core_breakdown,1000,500,50,37,127,17,6317,2.834,1.932,0.023,0.165,3.032,0.007,REVOKED
core_breakdown,1000,500,50,37,127,18,6318,2.601,1.751,0.027,0.168,3.024,0.006,REVOKED
core_breakdown,1000,500,50,37,127,19,6319,2.649,1.804,0.028,0.186,2.95,0.006,REVOKED
core_breakdown,1000,500,50,37,127,20,6320,2.578,1.804,0.022,0.182,2.924,0.006,REVOKED
core_breakdown,1000,500,50,37,127,21,6321,2.594,1.759,0.029,0.179,3.058,0.006,REVOKED
core_breakdown,1000,500,50,37,127,22,6322,2.57,1.76,0.026,0.168,2.92,0.006,REVOKED
core_breakdown,1000,500,50,37,127,23,6323,2.614,1.809,0.023,0.165,2.946,0.006,REVOKED
core_breakdown,1000,500,50,37,127,24,6324,2.539,1.747,0.022,0.172,2.953,0.006,REVOKED
core_breakdown,1000,500,50,37,127,25,6325,2.667,1.745,0.024,0.198,2.884,0.008,REVOKED
core_breakdown,1000,500,50,37,127,26,6326,2.539,1.727,0.024,0.174,3.01,0.006,REVOKED
core_breakdown,1000,500,50,37,127,27,6327,2.546,1.731,0.024,0.182,2.867,0.006,REVOKED
core_breakdown,1000,500,50,37,127,28,6328,2.643,1.742,0.024,0.193,3.066,0.006,REVOKED
core_breakdown,1000,500,50,37,127,29,6329,2.622,1.75,0.025,0.183,3.02,0.006,REVOKED
core_breakdown,1000,500,50,37,127,30,6330,2.669,1.819,0.022,0.205,3.064,0.006,REVOKED
core_breakdown,1000,500,50,37,127,31,6331,2.666,1.766,0.035,0.169,3.115,0.005,REVOKED
core_breakdown,1000,500,50,37,127,32,6332,2.707,1.841,0.022,0.191,3.052,0.006,REVOKED
core_breakdown,1000,500,50,37,127,33,6333,2.736,1.807,0.027,0.189,3.184,0.007,REVOKED
core_breakdown,1000,500,50,37,127,34,6334,2.798,1.966,0.022,0.163,3.115,0.006,REVOKED
core_breakdown,1000,500,50,37,127,35,6335,2.61,1.825,0.025,0.193,2.949,0.006,REVOKED
core_breakdown,1000,500,50,37,127,36,6336,2.584,1.762,0.024,0.179,3.049,0.006,REVOKED
core_breakdown,1000,500,50,37,127,37,6337,2.644,1.831,0.029,0.18,3.051,0.006,REVOKED
core_breakdown,1000,500,50,37,127,38,6338,2.643,1.794,0.024,0.189,2.966,0.006,REVOKED
core_breakdown,1000,500,50,37,127,39,6339,2.591,1.744,0.024,0.185,3.034,0.007,REVOKED
core_breakdown,1000,500,50,37,127,40,6340,2.635,1.789,0.024,0.187,3.054,0.006,REVOKED
core_breakdown,1000,500,50,37,127,41,6341,2.583,1.723,0.026,0.18,3.037,0.006,REVOKED
core_breakdown,1000,500,50,37,127,42,6342,2.565,1.754,0.026,0.235,2.987,0.005,REVOKED
core_breakdown,1000,500,50,37,127,43,6343,2.627,1.819,0.023,0.176,3.03,0.006,REVOKED
core_breakdown,1000,500,50,37,127,44,6344,2.602,1.773,0.022,0.174,2.936,0.006,REVOKED
core_breakdown,1000,500,50,37,127,45,6345,2.533,1.729,0.027,0.187,2.96,0.006,REVOKED
core_breakdown,1000,500,50,37,127,46,6346,2.608,1.798,0.023,0.194,3.04,0.005,REVOKED
core_breakdown,1000,500,50,37,127,47,6347,2.688,1.821,0.024,0.187,3.083,0.006,REVOKED
core_breakdown,1000,500,50,37,127,48,6348,2.591,1.749,0.024,0.187,3.043,0.007,REVOKED
core_breakdown,1000,500,50,37,127,49,6349,2.608,1.791,0.023,0.199,2.959,0.012,REVOKED
core_breakdown,1000,500,50,37,127,50,6350,2.608,1.798,0.023,0.174,2.975,0.006,REVOKED
core_breakdown,1000,500,50,38,128,1,6351,5.671,3.447,0.269,0.487,6.375,0.072,REVOKED
core_breakdown,1000,500,50,38,128,2,6352,5.098,3.338,0.157,0.385,5.121,0.03,REVOKED
core_breakdown,1000,500,50,38,128,3,6353,4.636,3.127,0.085,0.297,5.326,0.02,REVOKED
core_breakdown,1000,500,50,38,128,4,6354,4.421,2.886,0.101,0.298,5.064,0.016,REVOKED
core_breakdown,1000,500,50,38,128,5,6355,4.404,3.12,0.076,0.246,4.321,0.014,REVOKED
core_breakdown,1000,500,50,38,128,6,6356,3.75,2.541,0.046,0.231,3.778,0.006,REVOKED
core_breakdown,1000,500,50,38,128,7,6357,3.345,2.322,0.03,0.229,3.763,0.006,REVOKED
core_breakdown,1000,500,50,38,128,8,6358,3.341,2.297,0.028,0.227,3.958,0.007,REVOKED
core_breakdown,1000,500,50,38,128,9,6359,3.663,2.498,0.033,0.242,4.076,0.007,REVOKED
core_breakdown,1000,500,50,38,128,10,6360,3.565,2.431,0.03,0.229,4.024,0.008,REVOKED
core_breakdown,1000,500,50,38,128,11,6361,3.56,2.409,0.033,0.229,3.989,0.009,REVOKED
core_breakdown,1000,500,50,38,128,12,6362,3.268,2.194,0.089,0.221,3.515,0.016,REVOKED
core_breakdown,1000,500,50,38,128,13,6363,3.173,2.148,0.04,0.208,3.614,0.012,REVOKED
core_breakdown,1000,500,50,38,128,14,6364,3.079,2.119,0.042,0.221,3.507,0.009,REVOKED
core_breakdown,1000,500,50,38,128,15,6365,3.277,2.207,0.038,0.202,3.6,0.008,REVOKED
core_breakdown,1000,500,50,38,128,16,6366,3.097,2.096,0.032,0.21,3.537,0.006,REVOKED
core_breakdown,1000,500,50,38,128,17,6367,3.051,2.067,0.031,0.193,3.567,0.006,REVOKED
core_breakdown,1000,500,50,38,128,18,6368,3.124,2.115,0.035,0.204,3.47,0.008,REVOKED
core_breakdown,1000,500,50,38,128,19,6369,3.139,2.154,0.029,0.207,3.537,0.006,REVOKED
core_breakdown,1000,500,50,38,128,20,6370,3.095,2.098,0.033,0.2,3.528,0.006,REVOKED
core_breakdown,1000,500,50,38,128,21,6371,3.1,2.139,0.03,0.202,3.434,0.007,REVOKED
core_breakdown,1000,500,50,38,128,22,6372,3.178,2.14,0.028,0.195,3.345,0.008,REVOKED
core_breakdown,1000,500,50,38,128,23,6373,2.828,1.954,0.028,0.218,3.481,0.007,REVOKED
core_breakdown,1000,500,50,38,128,24,6374,3.185,2.203,0.029,0.209,3.401,0.008,REVOKED
core_breakdown,1000,500,50,38,128,25,6375,3.04,2.073,0.03,0.209,3.472,0.01,REVOKED
core_breakdown,1000,500,50,38,128,26,6376,3.054,2.114,0.028,0.206,3.568,0.007,REVOKED
core_breakdown,1000,500,50,38,128,27,6377,3.069,2.087,0.029,0.211,3.534,0.007,REVOKED
core_breakdown,1000,500,50,38,128,28,6378,3.028,2.071,0.026,0.198,3.465,0.006,REVOKED
core_breakdown,1000,500,50,38,128,29,6379,3.031,2.089,0.026,0.2,3.53,0.006,REVOKED
core_breakdown,1000,500,50,38,128,30,6380,3.079,2.098,0.026,0.216,3.571,0.006,REVOKED
core_breakdown,1000,500,50,38,128,31,6381,3.005,2.067,0.03,0.207,3.536,0.007,REVOKED
core_breakdown,1000,500,50,38,128,32,6382,3.01,2.052,0.029,0.207,3.438,0.006,REVOKED
core_breakdown,1000,500,50,38,128,33,6383,3.102,2.147,0.028,0.199,3.558,0.007,REVOKED
core_breakdown,1000,500,50,38,128,34,6384,3.031,2.068,0.027,0.216,3.585,0.007,REVOKED
core_breakdown,1000,500,50,38,128,35,6385,3.082,2.14,0.028,0.208,3.524,0.007,REVOKED
core_breakdown,1000,500,50,38,128,36,6386,3.045,2.083,0.033,0.2,3.629,0.007,REVOKED
core_breakdown,1000,500,50,38,128,37,6387,3.1,2.141,0.028,0.211,3.515,0.009,REVOKED
core_breakdown,1000,500,50,38,128,38,6388,3.147,2.153,0.031,0.219,3.572,0.007,REVOKED
core_breakdown,1000,500,50,38,128,39,6389,3.112,2.095,0.055,0.205,3.543,0.007,REVOKED
core_breakdown,1000,500,50,38,128,40,6390,3.085,2.099,0.026,0.222,3.496,0.007,REVOKED
core_breakdown,1000,500,50,38,128,41,6391,3.107,2.145,0.027,0.199,3.589,0.008,REVOKED
core_breakdown,1000,500,50,38,128,42,6392,3.11,2.154,0.028,0.208,3.562,0.007,REVOKED
core_breakdown,1000,500,50,38,128,43,6393,3.212,2.126,0.03,0.221,3.617,0.007,REVOKED
core_breakdown,1000,500,50,38,128,44,6394,3.12,2.095,0.045,0.21,3.552,0.007,REVOKED
core_breakdown,1000,500,50,38,128,45,6395,3.099,2.075,0.034,0.238,3.583,0.006,REVOKED
core_breakdown,1000,500,50,38,128,46,6396,3.212,2.223,0.031,0.201,3.526,0.009,REVOKED
core_breakdown,1000,500,50,38,128,47,6397,3.271,2.26,0.03,0.191,3.062,0.008,REVOKED
core_breakdown,1000,500,50,38,128,48,6398,3.055,2.121,0.028,0.206,3.53,0.007,REVOKED
core_breakdown,1000,500,50,38,128,49,6399,3.356,2.308,0.029,0.222,3.622,0.016,REVOKED
core_breakdown,1000,500,50,38,128,50,6400,3.102,2.124,0.027,0.209,3.586,0.007,REVOKED
core_breakdown,1000,500,50,39,129,1,6401,4.422,2.743,0.111,0.431,5.851,0.033,REVOKED
core_breakdown,1000,500,50,39,129,2,6402,4.65,3.031,0.095,0.238,5.048,0.013,REVOKED
core_breakdown,1000,500,50,39,129,3,6403,4.559,3.056,0.081,0.313,4.694,0.018,REVOKED
core_breakdown,1000,500,50,39,129,4,6404,4.193,2.785,0.074,0.205,3.696,0.007,REVOKED
core_breakdown,1000,500,50,39,129,5,6405,3.653,2.476,0.045,0.26,4.126,0.009,REVOKED
core_breakdown,1000,500,50,39,129,6,6406,3.594,2.438,0.057,0.252,4.072,0.008,REVOKED
core_breakdown,1000,500,50,39,129,7,6407,3.67,2.504,0.045,0.235,4.032,0.007,REVOKED
core_breakdown,1000,500,50,39,129,8,6408,3.622,2.462,0.028,0.227,4.021,0.007,REVOKED
core_breakdown,1000,500,50,39,129,9,6409,3.531,2.414,0.032,0.215,3.847,0.005,REVOKED
core_breakdown,1000,500,50,39,129,10,6410,3.447,2.348,0.029,0.222,3.78,0.006,REVOKED
core_breakdown,1000,500,50,39,129,11,6411,3.632,2.465,0.09,0.261,4.361,0.016,REVOKED
core_breakdown,1000,500,50,39,129,12,6412,3.682,2.512,0.041,0.243,3.574,0.009,REVOKED
core_breakdown,1000,500,50,39,129,13,6413,3.21,2.194,0.028,0.207,3.501,0.01,REVOKED
core_breakdown,1000,500,50,39,129,14,6414,3.043,2.087,0.027,0.205,3.536,0.007,REVOKED
core_breakdown,1000,500,50,39,129,15,6415,3.159,2.106,0.027,0.199,3.572,0.007,REVOKED
core_breakdown,1000,500,50,39,129,16,6416,3.132,2.142,0.032,0.205,3.445,0.008,REVOKED
core_breakdown,1000,500,50,39,129,17,6417,3.143,2.144,0.034,0.215,3.54,0.008,REVOKED
core_breakdown,1000,500,50,39,129,18,6418,3.24,2.268,0.03,0.236,3.425,0.01,REVOKED
core_breakdown,1000,500,50,39,129,19,6419,3.039,2.077,0.028,0.209,3.543,0.006,REVOKED
core_breakdown,1000,500,50,39,129,20,6420,3.082,2.103,0.026,0.211,3.431,0.006,REVOKED
core_breakdown,1000,500,50,39,129,21,6421,3.065,2.118,0.032,0.229,3.453,0.006,REVOKED
core_breakdown,1000,500,50,39,129,22,6422,3.046,2.064,0.027,0.221,3.466,0.006,REVOKED
core_breakdown,1000,500,50,39,129,23,6423,3.07,2.064,0.024,0.243,3.532,0.007,REVOKED
core_breakdown,1000,500,50,39,129,24,6424,2.999,2.038,0.024,0.206,3.622,0.008,REVOKED
core_breakdown,1000,500,50,39,129,25,6425,3.138,2.105,0.028,0.212,3.489,0.01,REVOKED
core_breakdown,1000,500,50,39,129,26,6426,3.185,2.203,0.027,0.211,3.57,0.005,REVOKED
core_breakdown,1000,500,50,39,129,27,6427,3.142,2.11,0.029,0.175,3.203,0.007,REVOKED
core_breakdown,1000,500,50,39,129,28,6428,3.251,2.233,0.026,0.219,3.622,0.028,REVOKED
core_breakdown,1000,500,50,39,129,29,6429,3.114,2.117,0.028,0.23,3.635,0.007,REVOKED
core_breakdown,1000,500,50,39,129,30,6430,3.154,2.166,0.023,0.23,3.669,0.005,REVOKED
core_breakdown,1000,500,50,39,129,31,6431,3.132,2.136,0.025,0.213,3.548,0.007,REVOKED
core_breakdown,1000,500,50,39,129,32,6432,3.219,2.213,0.027,0.219,3.613,0.007,REVOKED
core_breakdown,1000,500,50,39,129,33,6433,3.018,2.086,0.023,0.207,3.455,0.007,REVOKED
core_breakdown,1000,500,50,39,129,34,6434,3.073,2.018,0.028,0.198,3.389,0.007,REVOKED
core_breakdown,1000,500,50,39,129,35,6435,2.936,2.001,0.025,0.192,3.432,0.007,REVOKED
core_breakdown,1000,500,50,39,129,36,6436,3.129,2.154,0.025,0.209,3.5,0.007,REVOKED
core_breakdown,1000,500,50,39,129,37,6437,3.179,2.166,0.027,0.211,3.624,0.007,REVOKED
core_breakdown,1000,500,50,39,129,38,6438,3.24,2.217,0.025,0.216,3.61,0.007,REVOKED
core_breakdown,1000,500,50,39,129,39,6439,3.212,2.201,0.024,0.198,3.516,0.007,REVOKED
core_breakdown,1000,500,50,39,129,40,6440,3.155,2.145,0.025,0.224,3.518,0.006,REVOKED
core_breakdown,1000,500,50,39,129,41,6441,3.153,2.131,0.036,0.228,3.552,0.006,REVOKED
core_breakdown,1000,500,50,39,129,42,6442,3.227,2.254,0.025,0.202,3.466,0.007,REVOKED
core_breakdown,1000,500,50,39,129,43,6443,3.503,2.418,0.034,0.205,3.473,0.008,REVOKED
core_breakdown,1000,500,50,39,129,44,6444,2.973,2.046,0.03,0.203,3.399,0.007,REVOKED
core_breakdown,1000,500,50,39,129,45,6445,2.993,2.055,0.029,0.199,3.393,0.008,REVOKED
core_breakdown,1000,500,50,39,129,46,6446,3.112,2.158,0.024,0.209,3.549,0.006,REVOKED
core_breakdown,1000,500,50,39,129,47,6447,3.236,2.253,0.023,0.202,3.569,0.007,REVOKED
core_breakdown,1000,500,50,39,129,48,6448,3.174,2.182,0.029,0.227,3.791,0.006,REVOKED
core_breakdown,1000,500,50,39,129,49,6449,3.158,2.178,0.025,0.231,3.592,0.013,REVOKED
core_breakdown,1000,500,50,39,129,50,6450,3.054,2.087,0.022,0.199,3.583,0.006,REVOKED
core_breakdown,1000,500,50,40,130,1,6451,5.622,3.807,0.077,1.339,5.287,0.017,REVOKED
core_breakdown,1000,500,50,40,130,2,6452,3.18,2.132,0.044,0.2,3.604,0.011,REVOKED
core_breakdown,1000,500,50,40,130,3,6453,3.018,2.048,0.037,0.208,3.613,0.009,REVOKED
core_breakdown,1000,500,50,40,130,4,6454,2.993,2.04,0.033,0.197,3.496,0.008,REVOKED
core_breakdown,1000,500,50,40,130,5,6455,3.048,2.118,0.029,0.212,3.424,0.009,REVOKED
core_breakdown,1000,500,50,40,130,6,6456,2.911,1.992,0.031,0.195,3.514,0.006,REVOKED
core_breakdown,1000,500,50,40,130,7,6457,2.488,1.673,0.026,0.182,2.909,0.008,REVOKED
core_breakdown,1000,500,50,40,130,8,6458,2.835,1.994,0.031,0.215,3.417,0.008,REVOKED
core_breakdown,1000,500,50,40,130,9,6459,3.337,2.314,0.034,0.256,3.802,0.01,REVOKED
core_breakdown,1000,500,50,40,130,10,6460,3.504,2.485,0.044,0.235,3.629,0.008,REVOKED
core_breakdown,1000,500,50,40,130,11,6461,3.231,2.207,0.03,0.208,3.503,0.007,REVOKED
core_breakdown,1000,500,50,40,130,12,6462,3.083,2.101,0.026,0.201,3.51,0.006,REVOKED
core_breakdown,1000,500,50,40,130,13,6463,3.012,2.046,0.033,0.195,3.471,0.009,REVOKED
core_breakdown,1000,500,50,40,130,14,6464,3.227,2.156,0.031,0.209,3.676,0.007,REVOKED
core_breakdown,1000,500,50,40,130,15,6465,3.068,2.099,0.03,0.204,3.522,0.007,REVOKED
core_breakdown,1000,500,50,40,130,16,6466,3.106,2.151,0.025,0.211,3.51,0.006,REVOKED
core_breakdown,1000,500,50,40,130,17,6467,3.141,2.144,0.026,0.213,3.194,0.007,REVOKED
core_breakdown,1000,500,50,40,130,18,6468,2.598,1.743,0.026,0.178,3.063,0.006,REVOKED
core_breakdown,1000,500,50,40,130,19,6469,2.626,1.789,0.032,0.178,3.048,0.006,REVOKED
core_breakdown,1000,500,50,40,130,20,6470,2.688,1.82,0.038,0.171,3.086,0.007,REVOKED
core_breakdown,1000,500,50,40,130,21,6471,2.767,1.817,0.025,0.179,3.141,0.006,REVOKED
core_breakdown,1000,500,50,40,130,22,6472,2.584,1.753,0.029,0.179,3.034,0.006,REVOKED
core_breakdown,1000,500,50,40,130,23,6473,2.566,1.728,0.025,0.176,2.982,0.01,REVOKED
core_breakdown,1000,500,50,40,130,24,6474,2.594,1.761,0.023,0.179,3.051,0.006,REVOKED
core_breakdown,1000,500,50,40,130,25,6475,2.682,1.836,0.025,0.177,3.084,0.01,REVOKED
core_breakdown,1000,500,50,40,130,26,6476,2.593,1.762,0.031,0.201,3.18,0.006,REVOKED
core_breakdown,1000,500,50,40,130,27,6477,2.246,1.512,0.025,0.164,2.801,0.007,REVOKED
core_breakdown,1000,500,50,40,130,28,6478,2.713,1.89,0.029,0.215,3.022,0.007,REVOKED
core_breakdown,1000,500,50,40,130,29,6479,2.639,1.822,0.03,0.175,3.117,0.007,REVOKED
core_breakdown,1000,500,50,40,130,30,6480,2.556,1.731,0.026,0.175,3.04,0.006,REVOKED
core_breakdown,1000,500,50,40,130,31,6481,2.635,1.809,0.026,0.172,3.156,0.007,REVOKED
core_breakdown,1000,500,50,40,130,32,6482,2.677,1.84,0.026,0.193,3.081,0.006,REVOKED
core_breakdown,1000,500,50,40,130,33,6483,2.649,1.811,0.025,0.19,3.182,0.007,REVOKED
core_breakdown,1000,500,50,40,130,34,6484,2.703,1.842,0.025,0.19,2.794,0.006,REVOKED
core_breakdown,1000,500,50,40,130,35,6485,2.481,1.72,0.028,0.185,3.12,0.017,REVOKED
core_breakdown,1000,500,50,40,130,36,6486,2.717,1.893,0.026,0.182,3.035,0.006,REVOKED
core_breakdown,1000,500,50,40,130,37,6487,2.665,1.787,0.031,0.171,3.097,0.007,REVOKED
core_breakdown,1000,500,50,40,130,38,6488,2.689,1.842,0.027,0.182,3.138,0.007,REVOKED
core_breakdown,1000,500,50,40,130,39,6489,2.6,1.769,0.028,0.212,3.313,0.007,REVOKED
core_breakdown,1000,500,50,40,130,40,6490,2.676,1.877,0.024,0.193,3.193,0.007,REVOKED
core_breakdown,1000,500,50,40,130,41,6491,2.668,1.804,0.03,0.166,3.134,0.006,REVOKED
core_breakdown,1000,500,50,40,130,42,6492,2.632,1.796,0.023,0.182,3.142,0.007,REVOKED
core_breakdown,1000,500,50,40,130,43,6493,2.691,1.882,0.029,0.164,3.092,0.006,REVOKED
core_breakdown,1000,500,50,40,130,44,6494,2.599,1.744,0.03,0.18,3.124,0.006,REVOKED
core_breakdown,1000,500,50,40,130,45,6495,2.679,1.819,0.024,0.186,3.145,0.007,REVOKED
core_breakdown,1000,500,50,40,130,46,6496,2.601,1.797,0.022,0.19,3.164,0.007,REVOKED
core_breakdown,1000,500,50,40,130,47,6497,2.714,1.818,0.025,0.189,3.156,0.007,REVOKED
core_breakdown,1000,500,50,40,130,48,6498,2.622,1.777,0.03,0.182,3.1,0.011,REVOKED
core_breakdown,1000,500,50,40,130,49,6499,2.596,1.79,0.025,0.181,3.017,0.015,REVOKED
core_breakdown,1000,500,50,40,130,50,6500,2.741,1.882,0.028,0.18,3.137,0.008,REVOKED
core_breakdown,1000,500,50,41,131,1,6501,4.789,3.131,0.109,0.373,5.095,0.031,REVOKED
core_breakdown,1000,500,50,41,131,2,6502,4.693,3.04,0.113,0.328,5.171,0.02,REVOKED
core_breakdown,1000,500,50,41,131,3,6503,4.152,2.781,0.08,0.308,4.364,0.017,REVOKED
core_breakdown,1000,500,50,41,131,4,6504,4.418,3.082,0.029,0.283,4.35,0.013,REVOKED
core_breakdown,1000,500,50,41,131,5,6505,3.57,2.409,0.031,0.228,4.154,0.007,REVOKED
core_breakdown,1000,500,50,41,131,6,6506,3.46,2.378,0.034,0.24,4.308,0.009,REVOKED
core_breakdown,1000,500,50,41,131,7,6507,3.077,2.097,0.032,0.205,3.55,0.008,REVOKED
core_breakdown,1000,500,50,41,131,8,6508,3.121,2.102,0.034,0.204,3.53,0.008,REVOKED
core_breakdown,1000,500,50,41,131,9,6509,3.125,2.133,0.027,0.205,3.477,0.005,REVOKED
core_breakdown,1000,500,50,41,131,10,6510,3.053,2.114,0.028,0.236,3.606,0.006,REVOKED
core_breakdown,1000,500,50,41,131,11,6511,2.874,1.957,0.027,0.223,3.738,0.007,REVOKED
core_breakdown,1000,500,50,41,131,12,6512,3.326,2.29,0.026,0.24,4.768,0.013,REVOKED
core_breakdown,1000,500,50,41,131,13,6513,4.182,2.839,0.05,0.253,4.435,0.012,REVOKED
core_breakdown,1000,500,50,41,131,14,6514,4.236,2.75,0.045,0.284,4.488,0.011,REVOKED
core_breakdown,1000,500,50,41,131,15,6515,4.397,2.836,0.052,0.254,4.968,0.012,REVOKED
core_breakdown,1000,500,50,41,131,16,6516,3.419,2.22,0.042,0.225,3.099,0.008,REVOKED
core_breakdown,1000,500,50,41,131,17,6517,2.981,2.121,0.031,0.206,3.454,0.008,REVOKED
core_breakdown,1000,500,50,41,131,18,6518,3.169,2.192,0.031,0.222,3.867,0.008,REVOKED
core_breakdown,1000,500,50,41,131,19,6519,3.38,2.301,0.027,0.225,3.774,0.008,REVOKED
core_breakdown,1000,500,50,41,131,20,6520,3.398,2.338,0.04,0.219,3.82,0.007,REVOKED
core_breakdown,1000,500,50,41,131,21,6521,3.336,2.29,0.026,0.244,3.741,0.007,REVOKED
core_breakdown,1000,500,50,41,131,22,6522,3.27,2.24,0.023,0.208,3.758,0.007,REVOKED
core_breakdown,1000,500,50,41,131,23,6523,3.353,2.317,0.02,0.226,3.617,0.006,REVOKED
core_breakdown,1000,500,50,41,131,24,6524,2.976,2.058,0.028,0.224,3.406,0.007,REVOKED
core_breakdown,1000,500,50,41,131,25,6525,2.884,1.977,0.029,0.195,3.316,0.009,REVOKED
core_breakdown,1000,500,50,41,131,26,6526,2.915,1.993,0.02,0.186,3.304,0.006,REVOKED
core_breakdown,1000,500,50,41,131,27,6527,2.963,2.028,0.028,0.2,3.363,0.006,REVOKED
core_breakdown,1000,500,50,41,131,28,6528,3.16,2.184,0.03,0.19,3.396,0.007,REVOKED
core_breakdown,1000,500,50,41,131,29,6529,2.9,2.001,0.027,0.202,3.373,0.007,REVOKED
core_breakdown,1000,500,50,41,131,30,6530,3.014,2.101,0.03,0.206,3.453,0.006,REVOKED
core_breakdown,1000,500,50,41,131,31,6531,3.069,2.1,0.029,0.199,3.557,0.007,REVOKED
core_breakdown,1000,500,50,41,131,32,6532,3.026,2.045,0.033,0.195,3.366,0.007,REVOKED
core_breakdown,1000,500,50,41,131,33,6533,2.975,2.036,0.027,0.193,3.376,0.006,REVOKED
core_breakdown,1000,500,50,41,131,34,6534,3.0,2.006,0.031,0.198,3.376,0.007,REVOKED
core_breakdown,1000,500,50,41,131,35,6535,2.998,2.064,0.025,0.204,3.454,0.006,REVOKED
core_breakdown,1000,500,50,41,131,36,6536,3.028,2.064,0.027,0.197,3.421,0.007,REVOKED
core_breakdown,1000,500,50,41,131,37,6537,3.049,2.077,0.026,0.213,3.496,0.007,REVOKED
core_breakdown,1000,500,50,41,131,38,6538,3.143,2.19,0.027,0.217,3.409,0.007,REVOKED
core_breakdown,1000,500,50,41,131,39,6539,3.128,2.168,0.029,0.21,3.272,0.007,REVOKED
core_breakdown,1000,500,50,41,131,40,6540,2.574,1.727,0.025,0.183,3.25,0.007,REVOKED
core_breakdown,1000,500,50,41,131,41,6541,2.841,1.985,0.025,0.168,2.893,0.006,REVOKED
core_breakdown,1000,500,50,41,131,42,6542,2.274,1.537,0.026,0.196,3.089,0.006,REVOKED
core_breakdown,1000,500,50,41,131,43,6543,2.703,1.841,0.03,0.187,3.081,0.006,REVOKED
core_breakdown,1000,500,50,41,131,44,6544,2.666,1.814,0.025,0.182,3.065,0.006,REVOKED
core_breakdown,1000,500,50,41,131,45,6545,2.761,1.949,0.026,0.182,3.046,0.005,REVOKED
core_breakdown,1000,500,50,41,131,46,6546,2.649,1.804,0.024,0.184,3.139,0.007,REVOKED
core_breakdown,1000,500,50,41,131,47,6547,2.708,1.837,0.026,0.188,3.194,0.006,REVOKED
core_breakdown,1000,500,50,41,131,48,6548,2.646,1.785,0.024,0.186,3.165,0.006,REVOKED
core_breakdown,1000,500,50,41,131,49,6549,2.645,1.82,0.025,0.183,3.241,0.016,REVOKED
core_breakdown,1000,500,50,41,131,50,6550,3.183,2.133,0.035,0.208,4.08,0.014,REVOKED
core_breakdown,1000,500,50,42,132,1,6551,4.986,2.738,0.102,0.431,5.699,0.031,REVOKED
core_breakdown,1000,500,50,42,132,2,6552,4.411,2.968,0.096,0.288,4.861,0.02,REVOKED
core_breakdown,1000,500,50,42,132,3,6553,3.369,2.149,0.033,0.238,3.693,0.007,REVOKED
core_breakdown,1000,500,50,42,132,4,6554,3.212,2.18,0.036,0.215,3.569,0.007,REVOKED
core_breakdown,1000,500,50,42,132,5,6555,3.043,2.041,0.039,0.227,3.282,0.007,REVOKED
core_breakdown,1000,500,50,42,132,6,6556,3.026,1.99,0.028,0.285,3.617,0.012,REVOKED
core_breakdown,1000,500,50,42,132,7,6557,3.182,2.172,0.04,0.194,3.347,0.009,REVOKED
core_breakdown,1000,500,50,42,132,8,6558,3.074,2.13,0.036,0.2,3.362,0.006,REVOKED
core_breakdown,1000,500,50,42,132,9,6559,2.975,2.036,0.027,0.203,3.357,0.006,REVOKED
core_breakdown,1000,500,50,42,132,10,6560,2.962,2.021,0.032,0.2,3.438,0.006,REVOKED
core_breakdown,1000,500,50,42,132,11,6561,3.018,2.09,0.026,0.199,3.323,0.008,REVOKED
core_breakdown,1000,500,50,42,132,12,6562,3.049,2.103,0.022,0.22,3.285,0.006,REVOKED
core_breakdown,1000,500,50,42,132,13,6563,2.897,1.939,0.025,0.237,3.749,0.007,REVOKED
core_breakdown,1000,500,50,42,132,14,6564,3.41,2.311,0.025,0.275,3.459,0.005,REVOKED
core_breakdown,1000,500,50,42,132,15,6565,3.004,2.081,0.034,0.224,3.277,0.006,REVOKED
core_breakdown,1000,500,50,42,132,16,6566,3.019,2.078,0.028,0.207,3.405,0.006,REVOKED
core_breakdown,1000,500,50,42,132,17,6567,2.966,2.048,0.025,0.214,3.374,0.006,REVOKED
core_breakdown,1000,500,50,42,132,18,6568,2.986,2.024,0.021,0.204,3.361,0.007,REVOKED
core_breakdown,1000,500,50,42,132,19,6569,2.898,2.01,0.024,0.166,5.191,0.009,REVOKED
core_breakdown,1000,500,50,42,132,20,6570,2.796,1.892,0.033,0.19,3.048,0.007,REVOKED
core_breakdown,1000,500,50,42,132,21,6571,2.675,1.812,0.031,0.189,3.08,0.007,REVOKED
core_breakdown,1000,500,50,42,132,22,6572,2.716,1.812,0.027,0.193,3.2,0.006,REVOKED
core_breakdown,1000,500,50,42,132,23,6573,2.686,1.837,0.029,0.182,3.398,0.007,REVOKED
core_breakdown,1000,500,50,42,132,24,6574,3.027,2.084,0.029,0.223,3.504,0.006,REVOKED
core_breakdown,1000,500,50,42,132,25,6575,3.037,2.084,0.03,0.186,3.378,0.01,REVOKED
core_breakdown,1000,500,50,42,132,26,6576,3.082,2.131,0.028,0.175,3.144,0.006,REVOKED
core_breakdown,1000,500,50,42,132,27,6577,2.625,1.719,0.025,0.207,3.081,0.006,REVOKED
core_breakdown,1000,500,50,42,132,28,6578,2.67,1.797,0.026,0.182,3.118,0.007,REVOKED
core_breakdown,1000,500,50,42,132,29,6579,2.656,1.835,0.025,0.199,3.086,0.006,REVOKED
core_breakdown,1000,500,50,42,132,30,6580,2.629,1.788,0.025,0.177,3.087,0.007,REVOKED
core_breakdown,1000,500,50,42,132,31,6581,2.709,1.871,0.026,0.187,3.151,0.007,REVOKED
core_breakdown,1000,500,50,42,132,32,6582,2.677,1.824,0.025,0.192,3.128,0.006,REVOKED
core_breakdown,1000,500,50,42,132,33,6583,2.719,1.836,0.027,0.204,3.042,0.006,REVOKED
core_breakdown,1000,500,50,42,132,34,6584,2.596,1.749,0.026,0.206,3.204,0.006,REVOKED
core_breakdown,1000,500,50,42,132,35,6585,2.726,1.872,0.027,0.2,3.064,0.007,REVOKED
core_breakdown,1000,500,50,42,132,36,6586,3.029,2.074,0.028,0.197,3.439,0.007,REVOKED
core_breakdown,1000,500,50,42,132,37,6587,3.011,2.05,0.031,0.209,3.469,0.007,REVOKED
core_breakdown,1000,500,50,42,132,38,6588,2.97,2.017,0.026,0.193,3.345,0.007,REVOKED
core_breakdown,1000,500,50,42,132,39,6589,3.04,2.027,0.03,0.201,3.41,0.006,REVOKED
core_breakdown,1000,500,50,42,132,40,6590,3.075,2.123,0.027,0.204,3.417,0.007,REVOKED
core_breakdown,1000,500,50,42,132,41,6591,2.727,1.782,0.027,0.182,3.178,0.007,REVOKED
core_breakdown,1000,500,50,42,132,42,6592,2.618,1.763,0.026,0.229,3.037,0.007,REVOKED
core_breakdown,1000,500,50,42,132,43,6593,2.663,1.798,0.03,0.181,3.02,0.006,REVOKED
core_breakdown,1000,500,50,42,132,44,6594,2.644,1.813,0.024,0.168,3.101,0.007,REVOKED
core_breakdown,1000,500,50,42,132,45,6595,2.64,1.802,0.026,0.187,3.156,0.007,REVOKED
core_breakdown,1000,500,50,42,132,46,6596,2.571,1.752,0.026,0.182,3.065,0.008,REVOKED
core_breakdown,1000,500,50,42,132,47,6597,2.582,1.792,0.025,0.181,3.003,0.006,REVOKED
core_breakdown,1000,500,50,42,132,48,6598,2.722,1.89,0.027,0.2,3.085,0.007,REVOKED
core_breakdown,1000,500,50,42,132,49,6599,2.693,1.825,0.029,0.172,3.146,0.013,REVOKED
core_breakdown,1000,500,50,42,132,50,6600,2.809,1.935,0.027,0.197,3.344,0.011,REVOKED
core_breakdown,1000,500,50,43,133,1,6601,7.178,4.818,0.262,0.438,6.461,0.046,REVOKED
core_breakdown,1000,500,50,43,133,2,6602,5.032,3.396,0.135,0.334,5.141,0.015,REVOKED
core_breakdown,1000,500,50,43,133,3,6603,4.516,3.221,0.061,0.264,4.151,0.013,REVOKED
core_breakdown,1000,500,50,43,133,4,6604,3.911,2.692,0.05,0.252,4.47,0.011,REVOKED
core_breakdown,1000,500,50,43,133,5,6605,3.984,2.663,0.06,0.284,4.37,0.011,REVOKED
core_breakdown,1000,500,50,43,133,6,6606,3.998,2.818,0.029,0.224,4.518,0.01,REVOKED
core_breakdown,1000,500,50,43,133,7,6607,3.984,2.695,0.06,0.228,4.384,0.011,REVOKED
core_breakdown,1000,500,50,43,133,8,6608,3.961,2.657,0.049,0.225,3.97,0.008,REVOKED
core_breakdown,1000,500,50,43,133,9,6609,3.626,2.458,0.037,0.208,3.946,0.008,REVOKED
core_breakdown,1000,500,50,43,133,10,6610,3.57,2.468,0.026,0.232,3.785,0.006,REVOKED
core_breakdown,1000,500,50,43,133,11,6611,3.498,2.436,0.031,0.249,3.947,0.011,REVOKED
core_breakdown,1000,500,50,43,133,12,6612,3.526,2.414,0.044,0.235,3.87,0.009,REVOKED
core_breakdown,1000,500,50,43,133,13,6613,3.482,2.385,0.036,0.221,3.86,0.012,REVOKED
core_breakdown,1000,500,50,43,133,14,6614,3.411,2.337,0.028,0.231,3.999,0.015,REVOKED
core_breakdown,1000,500,50,43,133,15,6615,3.211,2.176,0.075,0.213,3.565,0.009,REVOKED
core_breakdown,1000,500,50,43,133,16,6616,3.069,2.126,0.031,0.213,3.503,0.013,REVOKED
core_breakdown,1000,500,50,43,133,17,6617,3.054,2.101,0.034,0.212,3.45,0.006,REVOKED
core_breakdown,1000,500,50,43,133,18,6618,3.072,2.118,0.031,0.209,3.454,0.006,REVOKED
core_breakdown,1000,500,50,43,133,19,6619,3.047,2.086,0.025,0.206,3.416,0.008,REVOKED
core_breakdown,1000,500,50,43,133,20,6620,3.033,2.099,0.023,0.214,3.392,0.007,REVOKED
core_breakdown,1000,500,50,43,133,21,6621,3.021,2.077,0.031,0.203,3.479,0.006,REVOKED
core_breakdown,1000,500,50,43,133,22,6622,2.946,2.017,0.024,0.19,3.361,0.006,REVOKED
core_breakdown,1000,500,50,43,133,23,6623,2.98,2.039,0.022,0.194,3.459,0.006,REVOKED
core_breakdown,1000,500,50,43,133,24,6624,3.082,2.064,0.028,0.233,3.437,0.008,REVOKED
core_breakdown,1000,500,50,43,133,25,6625,2.977,2.024,0.027,0.202,3.51,0.009,REVOKED
core_breakdown,1000,500,50,43,133,26,6626,3.012,2.064,0.026,0.195,3.383,0.009,REVOKED
core_breakdown,1000,500,50,43,133,27,6627,3.0,2.028,0.03,0.2,3.396,0.006,REVOKED
core_breakdown,1000,500,50,43,133,28,6628,3.013,2.054,0.025,0.209,3.415,0.007,REVOKED
core_breakdown,1000,500,50,43,133,29,6629,2.93,2.001,0.02,0.204,3.377,0.006,REVOKED
core_breakdown,1000,500,50,43,133,30,6630,3.031,2.035,0.028,0.211,3.393,0.006,REVOKED
core_breakdown,1000,500,50,43,133,31,6631,2.99,2.072,0.023,0.203,3.397,0.007,REVOKED
core_breakdown,1000,500,50,43,133,32,6632,3.096,2.135,0.029,0.219,3.408,0.006,REVOKED
core_breakdown,1000,500,50,43,133,33,6633,3.02,2.064,0.029,0.21,3.41,0.009,REVOKED
core_breakdown,1000,500,50,43,133,34,6634,2.962,2.033,0.024,0.196,3.399,0.006,REVOKED
core_breakdown,1000,500,50,43,133,35,6635,3.145,2.169,0.028,0.208,3.419,0.006,REVOKED
core_breakdown,1000,500,50,43,133,36,6636,2.981,2.054,0.025,0.226,3.296,0.008,REVOKED
core_breakdown,1000,500,50,43,133,37,6637,2.639,1.803,0.038,0.177,3.197,0.008,REVOKED
core_breakdown,1000,500,50,43,133,38,6638,2.772,1.866,0.027,0.193,3.283,0.008,REVOKED
core_breakdown,1000,500,50,43,133,39,6639,3.12,2.106,0.032,0.201,3.458,0.007,REVOKED
core_breakdown,1000,500,50,43,133,40,6640,3.046,2.074,0.026,0.215,3.462,0.007,REVOKED
core_breakdown,1000,500,50,43,133,41,6641,3.051,2.072,0.031,0.211,3.473,0.007,REVOKED
core_breakdown,1000,500,50,43,133,42,6642,2.979,2.022,0.03,0.2,3.404,0.007,REVOKED
core_breakdown,1000,500,50,43,133,43,6643,3.105,2.101,0.029,0.219,3.507,0.007,REVOKED
core_breakdown,1000,500,50,43,133,44,6644,3.176,2.208,0.027,0.213,3.504,0.008,REVOKED
core_breakdown,1000,500,50,43,133,45,6645,3.133,2.151,0.029,0.202,3.467,0.007,REVOKED
core_breakdown,1000,500,50,43,133,46,6646,3.147,2.144,0.027,0.205,3.48,0.007,REVOKED
core_breakdown,1000,500,50,43,133,47,6647,3.055,2.083,0.029,0.2,3.413,0.007,REVOKED
core_breakdown,1000,500,50,43,133,48,6648,2.929,1.982,0.024,0.201,5.251,0.006,REVOKED
core_breakdown,1000,500,50,43,133,49,6649,3.067,2.147,0.042,0.255,3.666,0.019,REVOKED
core_breakdown,1000,500,50,43,133,50,6650,3.194,2.163,0.032,0.207,3.613,0.008,REVOKED
core_breakdown,1000,500,50,44,134,1,6651,5.812,3.743,0.109,0.414,5.444,0.022,REVOKED
core_breakdown,1000,500,50,44,134,2,6652,4.224,2.854,0.122,0.34,4.749,0.02,REVOKED
core_breakdown,1000,500,50,44,134,3,6653,4.5,2.986,0.082,0.214,4.945,0.006,REVOKED
core_breakdown,1000,500,50,44,134,4,6654,3.91,2.665,0.07,0.301,4.571,0.016,REVOKED
core_breakdown,1000,500,50,44,134,5,6655,4.195,2.991,0.067,0.315,4.323,0.012,REVOKED
core_breakdown,1000,500,50,44,134,6,6656,3.345,2.253,0.035,0.246,4.016,0.009,REVOKED
core_breakdown,1000,500,50,44,134,7,6657,3.577,2.426,0.042,0.234,3.761,0.007,REVOKED
core_breakdown,1000,500,50,44,134,8,6658,3.388,2.288,0.036,0.215,3.845,0.006,REVOKED
core_breakdown,1000,500,50,44,134,9,6659,3.352,2.247,0.027,0.233,3.767,0.008,REVOKED
core_breakdown,1000,500,50,44,134,10,6660,3.512,2.321,0.046,0.239,3.751,0.008,REVOKED
core_breakdown,1000,500,50,44,134,11,6661,3.29,2.212,0.056,0.216,3.506,0.011,REVOKED
core_breakdown,1000,500,50,44,134,12,6662,2.951,2.012,0.028,0.197,3.41,0.007,REVOKED
core_breakdown,1000,500,50,44,134,13,6663,3.029,2.071,0.035,0.205,3.384,0.01,REVOKED
core_breakdown,1000,500,50,44,134,14,6664,3.056,2.087,0.036,0.193,3.332,0.008,REVOKED
core_breakdown,1000,500,50,44,134,15,6665,2.994,2.05,0.028,0.206,3.439,0.007,REVOKED
core_breakdown,1000,500,50,44,134,16,6666,3.012,2.05,0.03,0.197,3.407,0.007,REVOKED
core_breakdown,1000,500,50,44,134,17,6667,2.993,2.037,0.023,0.217,3.423,0.007,REVOKED
core_breakdown,1000,500,50,44,134,18,6668,2.994,2.038,0.029,0.191,3.507,0.007,REVOKED
core_breakdown,1000,500,50,44,134,19,6669,3.158,2.18,0.029,0.242,3.528,0.009,REVOKED
core_breakdown,1000,500,50,44,134,20,6670,3.216,2.173,0.042,0.244,4.088,0.009,REVOKED
core_breakdown,1000,500,50,44,134,21,6671,3.34,2.293,0.041,0.225,3.483,0.011,REVOKED
core_breakdown,1000,500,50,44,134,22,6672,3.295,2.248,0.041,0.296,3.971,0.011,REVOKED
core_breakdown,1000,500,50,44,134,23,6673,4.48,3.303,0.046,0.325,4.079,0.009,REVOKED
core_breakdown,1000,500,50,44,134,24,6674,3.956,2.614,0.04,0.23,3.796,0.01,REVOKED
core_breakdown,1000,500,50,44,134,25,6675,2.993,2.046,0.037,0.191,3.77,0.011,REVOKED
core_breakdown,1000,500,50,44,134,26,6676,3.861,2.574,0.041,0.292,4.324,0.009,REVOKED
core_breakdown,1000,500,50,44,134,27,6677,3.768,2.551,0.037,0.239,4.238,0.009,REVOKED
core_breakdown,1000,500,50,44,134,28,6678,3.98,2.67,0.044,0.265,4.603,0.01,REVOKED
core_breakdown,1000,500,50,44,134,29,6679,3.252,2.127,0.039,0.197,4.084,0.009,REVOKED
core_breakdown,1000,500,50,44,134,30,6680,4.732,3.224,0.042,0.287,5.201,0.01,REVOKED
core_breakdown,1000,500,50,44,134,31,6681,4.338,2.92,0.047,0.246,3.983,0.009,REVOKED
core_breakdown,1000,500,50,44,134,32,6682,3.449,2.356,0.038,0.231,3.504,0.008,REVOKED
core_breakdown,1000,500,50,44,134,33,6683,2.973,2.027,0.026,0.208,3.368,0.011,REVOKED
core_breakdown,1000,500,50,44,134,34,6684,2.918,1.986,0.024,0.189,3.316,0.008,REVOKED
core_breakdown,1000,500,50,44,134,35,6685,2.63,1.766,0.031,0.18,3.038,0.006,REVOKED
core_breakdown,1000,500,50,44,134,36,6686,2.596,1.739,0.027,0.182,2.927,0.007,REVOKED
core_breakdown,1000,500,50,44,134,37,6687,2.657,1.805,0.026,0.204,3.097,0.007,REVOKED
core_breakdown,1000,500,50,44,134,38,6688,2.657,1.794,0.028,0.178,3.088,0.007,REVOKED
core_breakdown,1000,500,50,44,134,39,6689,2.704,1.875,0.029,0.184,3.037,0.006,REVOKED
core_breakdown,1000,500,50,44,134,40,6690,2.716,1.856,0.031,0.209,3.384,0.007,REVOKED
core_breakdown,1000,500,50,44,134,41,6691,2.992,2.043,0.033,0.206,3.363,0.006,REVOKED
core_breakdown,1000,500,50,44,134,42,6692,2.997,2.056,0.031,0.192,3.366,0.007,REVOKED
core_breakdown,1000,500,50,44,134,43,6693,2.987,2.049,0.028,0.211,3.479,0.006,REVOKED
core_breakdown,1000,500,50,44,134,44,6694,2.972,2.026,0.027,0.202,3.349,0.007,REVOKED
core_breakdown,1000,500,50,44,134,45,6695,2.994,2.062,0.026,0.192,3.379,0.007,REVOKED
core_breakdown,1000,500,50,44,134,46,6696,2.973,2.023,0.03,0.208,3.421,0.006,REVOKED
core_breakdown,1000,500,50,44,134,47,6697,2.999,2.054,0.026,0.201,3.371,0.007,REVOKED
core_breakdown,1000,500,50,44,134,48,6698,3.045,2.056,0.029,0.203,3.462,0.007,REVOKED
core_breakdown,1000,500,50,44,134,49,6699,2.999,2.044,0.027,0.201,3.406,0.013,REVOKED
core_breakdown,1000,500,50,44,134,50,6700,3.069,2.088,0.032,0.192,3.382,0.007,REVOKED
core_breakdown,1000,500,50,45,135,1,6701,6.364,3.843,0.216,0.418,6.465,0.037,REVOKED
core_breakdown,1000,500,50,45,135,2,6702,4.899,3.223,0.112,0.262,4.47,0.012,REVOKED
core_breakdown,1000,500,50,45,135,3,6703,3.521,2.395,0.089,0.23,4.852,0.02,REVOKED
core_breakdown,1000,500,50,45,135,4,6704,4.75,3.287,0.076,0.33,5.303,0.017,REVOKED
core_breakdown,1000,500,50,45,135,5,6705,4.37,2.914,0.052,0.276,4.501,0.006,REVOKED
core_breakdown,1000,500,50,45,135,6,6706,3.995,2.695,0.055,0.278,4.459,0.011,REVOKED
core_breakdown,1000,500,50,45,135,7,6707,3.963,2.663,0.052,0.249,4.054,0.008,REVOKED
core_breakdown,1000,500,50,45,135,8,6708,3.693,2.528,0.053,0.249,4.017,0.008,REVOKED
core_breakdown,1000,500,50,45,135,9,6709,3.658,2.517,0.035,0.246,4.06,0.009,REVOKED
core_breakdown,1000,500,50,45,135,10,6710,3.75,2.561,0.037,0.241,3.966,0.007,REVOKED
core_breakdown,1000,500,50,45,135,11,6711,3.647,2.502,0.043,0.245,3.995,0.009,REVOKED
core_breakdown,1000,500,50,45,135,12,6712,3.663,2.479,0.035,0.244,4.19,0.008,REVOKED
core_breakdown,1000,500,50,45,135,13,6713,3.725,2.547,0.038,0.225,3.904,0.011,REVOKED
core_breakdown,1000,500,50,45,135,14,6714,3.517,2.386,0.033,0.232,3.968,0.01,REVOKED
core_breakdown,1000,500,50,45,135,15,6715,3.617,2.49,0.034,0.257,3.872,0.008,REVOKED
core_breakdown,1000,500,50,45,135,16,6716,3.542,2.368,0.042,0.235,3.874,0.009,REVOKED
core_breakdown,1000,500,50,45,135,17,6717,3.396,2.312,0.029,0.228,3.811,0.007,REVOKED
core_breakdown,1000,500,50,45,135,18,6718,3.488,2.371,0.085,0.228,3.61,0.014,REVOKED
core_breakdown,1000,500,50,45,135,19,6719,3.097,2.097,0.047,0.199,3.61,0.008,REVOKED
core_breakdown,1000,500,50,45,135,20,6720,3.108,2.145,0.034,0.206,3.654,0.007,REVOKED
core_breakdown,1000,500,50,45,135,21,6721,3.09,2.12,0.034,0.207,5.878,0.013,REVOKED
core_breakdown,1000,500,50,45,135,22,6722,3.179,2.148,0.042,0.202,3.36,0.008,REVOKED
core_breakdown,1000,500,50,45,135,23,6723,2.937,2.003,0.032,0.222,3.509,0.008,REVOKED
core_breakdown,1000,500,50,45,135,24,6724,2.771,1.857,0.026,0.178,3.081,0.008,REVOKED
core_breakdown,1000,500,50,45,135,25,6725,3.029,2.074,0.031,0.204,3.426,0.011,REVOKED
core_breakdown,1000,500,50,45,135,26,6726,3.066,2.092,0.028,0.197,3.474,0.007,REVOKED
core_breakdown,1000,500,50,45,135,27,6727,2.982,2.042,0.027,0.196,3.463,0.007,REVOKED
core_breakdown,1000,500,50,45,135,28,6728,2.966,2.02,0.029,0.206,3.423,0.006,REVOKED
core_breakdown,1000,500,50,45,135,29,6729,3.025,2.06,0.029,0.19,3.453,0.006,REVOKED
core_breakdown,1000,500,50,45,135,30,6730,2.974,2.037,0.027,0.212,3.463,0.007,REVOKED
core_breakdown,1000,500,50,45,135,31,6731,3.0,2.01,0.029,0.191,3.413,0.007,REVOKED
core_breakdown,1000,500,50,45,135,32,6732,2.981,2.02,0.031,0.202,3.438,0.007,REVOKED
core_breakdown,1000,500,50,45,135,33,6733,3.129,2.191,0.027,0.2,3.478,0.006,REVOKED
core_breakdown,1000,500,50,45,135,34,6734,2.975,1.991,0.024,0.174,3.062,0.007,REVOKED
core_breakdown,1000,500,50,45,135,35,6735,2.574,1.762,0.03,0.174,3.077,0.007,REVOKED
core_breakdown,1000,500,50,45,135,36,6736,2.711,1.854,0.027,0.214,3.052,0.006,REVOKED
core_breakdown,1000,500,50,45,135,37,6737,2.828,1.883,0.03,0.171,3.115,0.006,REVOKED
core_breakdown,1000,500,50,45,135,38,6738,2.654,1.831,0.027,0.181,3.163,0.005,REVOKED
core_breakdown,1000,500,50,45,135,39,6739,2.817,1.905,0.027,0.188,3.077,0.007,REVOKED
core_breakdown,1000,500,50,45,135,40,6740,2.8,1.944,0.028,0.186,3.253,0.006,REVOKED
core_breakdown,1000,500,50,45,135,41,6741,2.627,1.772,0.029,0.201,3.181,0.006,REVOKED
core_breakdown,1000,500,50,45,135,42,6742,2.741,1.843,0.027,0.162,3.115,0.007,REVOKED
core_breakdown,1000,500,50,45,135,43,6743,2.582,1.776,0.025,0.185,3.137,0.007,REVOKED
core_breakdown,1000,500,50,45,135,44,6744,2.783,1.884,0.025,0.179,3.176,0.007,REVOKED
core_breakdown,1000,500,50,45,135,45,6745,2.641,1.782,0.031,0.19,3.178,0.006,REVOKED
core_breakdown,1000,500,50,45,135,46,6746,2.709,1.842,0.03,0.176,3.203,0.006,REVOKED
core_breakdown,1000,500,50,45,135,47,6747,2.718,1.874,0.028,0.222,3.248,0.007,REVOKED
core_breakdown,1000,500,50,45,135,48,6748,2.737,1.837,0.029,0.177,3.131,0.007,REVOKED
core_breakdown,1000,500,50,45,135,49,6749,2.753,1.914,0.023,0.184,3.111,0.012,REVOKED
core_breakdown,1000,500,50,45,135,50,6750,2.696,1.821,0.023,0.186,3.567,0.007,REVOKED
core_breakdown,1000,500,50,46,136,1,6751,6.35,4.064,0.257,0.477,6.823,0.051,REVOKED
core_breakdown,1000,500,50,46,136,2,6752,5.104,3.372,0.146,0.323,5.548,0.022,REVOKED
core_breakdown,1000,500,50,46,136,3,6753,4.289,3.011,0.082,0.3,4.901,0.018,REVOKED
core_breakdown,1000,500,50,46,136,4,6754,4.13,2.706,0.039,0.27,4.079,0.01,REVOKED
core_breakdown,1000,500,50,46,136,5,6755,3.297,2.225,0.04,0.231,3.864,0.006,REVOKED
core_breakdown,1000,500,50,46,136,6,6756,3.188,2.168,0.04,0.215,5.033,0.013,REVOKED
core_breakdown,1000,500,50,46,136,7,6757,3.177,2.101,0.04,0.199,3.807,0.01,REVOKED
core_breakdown,1000,500,50,46,136,8,6758,3.658,2.485,0.045,0.221,4.033,0.008,REVOKED
core_breakdown,1000,500,50,46,136,9,6759,3.685,2.501,0.039,0.214,3.957,0.006,REVOKED
core_breakdown,1000,500,50,46,136,10,6760,3.586,2.45,0.031,0.242,3.942,0.015,REVOKED
core_breakdown,1000,500,50,46,136,11,6761,3.514,2.422,0.03,0.242,4.003,0.006,REVOKED
core_breakdown,1000,500,50,46,136,12,6762,3.432,2.351,0.026,0.241,3.904,0.007,REVOKED
core_breakdown,1000,500,50,46,136,13,6763,3.474,2.319,0.027,0.277,3.82,0.009,REVOKED
core_breakdown,1000,500,50,46,136,14,6764,3.512,2.427,0.031,0.23,3.884,0.007,REVOKED
core_breakdown,1000,500,50,46,136,15,6765,4.404,3.258,0.039,0.236,4.07,0.007,REVOKED
core_breakdown,1000,500,50,46,136,16,6766,3.481,2.408,0.033,0.242,3.923,0.009,REVOKED
core_breakdown,1000,500,50,46,136,17,6767,3.474,2.358,0.032,0.211,3.859,0.008,REVOKED
core_breakdown,1000,500,50,46,136,18,6768,3.125,2.078,0.031,0.222,3.752,0.013,REVOKED
core_breakdown,1000,500,50,46,136,19,6769,3.378,2.326,0.05,0.237,3.853,0.006,REVOKED
core_breakdown,1000,500,50,46,136,20,6770,3.191,2.103,0.035,0.213,3.01,0.011,REVOKED
core_breakdown,1000,500,50,46,136,21,6771,2.7,1.839,0.034,0.188,3.217,0.008,REVOKED
core_breakdown,1000,500,50,46,136,22,6772,2.83,1.97,0.039,0.183,3.147,0.008,REVOKED
core_breakdown,1000,500,50,46,136,23,6773,2.681,1.823,0.028,0.185,3.154,0.007,REVOKED
core_breakdown,1000,500,50,46,136,24,6774,2.63,1.807,0.028,0.18,3.155,0.007,REVOKED
core_breakdown,1000,500,50,46,136,25,6775,2.703,1.822,0.035,0.184,3.143,0.009,REVOKED
core_breakdown,1000,500,50,46,136,26,6776,2.983,2.04,0.034,0.187,3.052,0.007,REVOKED
core_breakdown,1000,500,50,46,136,27,6777,2.679,1.81,0.03,0.186,3.225,0.006,REVOKED
core_breakdown,1000,500,50,46,136,28,6778,2.646,1.796,0.025,0.177,3.191,0.008,REVOKED
core_breakdown,1000,500,50,46,136,29,6779,2.667,1.792,0.039,0.19,3.153,0.007,REVOKED
core_breakdown,1000,500,50,46,136,30,6780,2.675,1.779,0.027,0.208,3.111,0.007,REVOKED
core_breakdown,1000,500,50,46,136,31,6781,2.387,1.595,0.027,0.166,3.043,0.006,REVOKED
core_breakdown,1000,500,50,46,136,32,6782,2.707,1.852,0.023,0.207,3.157,0.007,REVOKED
core_breakdown,1000,500,50,46,136,33,6783,2.8,1.932,0.035,0.204,3.186,0.007,REVOKED
core_breakdown,1000,500,50,46,136,34,6784,2.704,1.813,0.026,0.19,3.351,0.008,REVOKED
core_breakdown,1000,500,50,46,136,35,6785,2.771,1.88,0.029,0.176,3.588,0.007,REVOKED
core_breakdown,1000,500,50,46,136,36,6786,3.088,2.094,0.033,0.185,3.503,0.007,REVOKED
core_breakdown,1000,500,50,46,136,37,6787,3.108,2.148,0.026,0.208,3.523,0.007,REVOKED
core_breakdown,1000,500,50,46,136,38,6788,3.222,2.173,0.028,0.221,3.445,0.006,REVOKED
core_breakdown,1000,500,50,46,136,39,6789,3.072,2.128,0.026,0.209,3.54,0.007,REVOKED
core_breakdown,1000,500,50,46,136,40,6790,3.055,2.079,0.03,0.258,3.656,0.007,REVOKED
core_breakdown,1000,500,50,46,136,41,6791,3.059,2.087,0.028,0.209,3.376,0.007,REVOKED
core_breakdown,1000,500,50,46,136,42,6792,3.038,2.086,0.028,0.202,3.524,0.006,REVOKED
core_breakdown,1000,500,50,46,136,43,6793,3.127,2.191,0.028,0.203,3.448,0.009,REVOKED
core_breakdown,1000,500,50,46,136,44,6794,2.985,2.024,0.03,0.218,3.479,0.007,REVOKED
core_breakdown,1000,500,50,46,136,45,6795,3.175,2.162,0.024,0.25,3.455,0.006,REVOKED
core_breakdown,1000,500,50,46,136,46,6796,3.046,2.043,0.032,0.201,3.42,0.007,REVOKED
core_breakdown,1000,500,50,46,136,47,6797,3.038,2.066,0.027,0.259,3.479,0.007,REVOKED
core_breakdown,1000,500,50,46,136,48,6798,3.162,2.188,0.029,0.202,3.449,0.007,REVOKED
core_breakdown,1000,500,50,46,136,49,6799,3.075,2.134,0.024,0.202,3.606,0.014,REVOKED
core_breakdown,1000,500,50,46,136,50,6800,3.188,2.187,0.027,0.196,3.417,0.007,REVOKED
core_breakdown,1000,500,50,47,137,1,6801,5.435,3.506,0.202,0.418,5.773,0.031,REVOKED
core_breakdown,1000,500,50,47,137,2,6802,4.941,3.273,0.104,0.275,4.734,0.022,REVOKED
core_breakdown,1000,500,50,47,137,3,6803,3.984,2.671,0.051,0.25,4.102,0.014,REVOKED
core_breakdown,1000,500,50,47,137,4,6804,3.422,2.318,0.042,0.241,3.94,0.01,REVOKED
core_breakdown,1000,500,50,47,137,5,6805,3.44,2.343,0.043,0.255,3.947,0.008,REVOKED
core_breakdown,1000,500,50,47,137,6,6806,3.356,2.276,0.039,0.22,3.832,0.011,REVOKED
core_breakdown,1000,500,50,47,137,7,6807,3.349,2.266,0.035,0.249,3.69,0.008,REVOKED
core_breakdown,1000,500,50,47,137,8,6808,3.457,2.275,0.032,0.243,3.63,0.007,REVOKED
core_breakdown,1000,500,50,47,137,9,6809,3.159,2.132,0.032,0.226,3.733,0.007,REVOKED
core_breakdown,1000,500,50,47,137,10,6810,3.16,2.157,0.035,0.202,3.704,0.007,REVOKED
core_breakdown,1000,500,50,47,137,11,6811,3.353,2.291,0.032,0.206,3.631,0.008,REVOKED
core_breakdown,1000,500,50,47,137,12,6812,3.317,2.196,0.073,0.245,3.932,0.013,REVOKED
core_breakdown,1000,500,50,47,137,13,6813,3.348,2.295,0.046,0.232,3.799,0.013,REVOKED
core_breakdown,1000,500,50,47,137,14,6814,3.214,2.19,0.041,0.248,3.799,0.007,REVOKED
core_breakdown,1000,500,50,47,137,15,6815,3.546,2.427,0.035,0.259,4.018,0.009,REVOKED
core_breakdown,1000,500,50,47,137,16,6816,3.543,2.416,0.031,0.259,4.051,0.008,REVOKED
core_breakdown,1000,500,50,47,137,17,6817,3.566,2.44,0.031,0.228,3.907,0.008,REVOKED
core_breakdown,1000,500,50,47,137,18,6818,3.514,2.372,0.034,0.209,3.5,0.006,REVOKED
core_breakdown,1000,500,50,47,137,19,6819,2.981,2.028,0.032,0.196,3.347,0.007,REVOKED
core_breakdown,1000,500,50,47,137,20,6820,3.0,2.043,0.027,0.219,3.301,0.007,REVOKED
core_breakdown,1000,500,50,47,137,21,6821,3.068,2.116,0.024,0.203,3.374,0.007,REVOKED
core_breakdown,1000,500,50,47,137,22,6822,2.951,2.029,0.022,0.201,3.338,0.007,REVOKED
core_breakdown,1000,500,50,47,137,23,6823,3.029,2.062,0.029,0.204,3.528,0.007,REVOKED
core_breakdown,1000,500,50,47,137,24,6824,3.066,2.112,0.026,0.205,3.69,0.007,REVOKED
core_breakdown,1000,500,50,47,137,25,6825,3.173,2.139,0.032,0.21,3.515,0.009,REVOKED
core_breakdown,1000,500,50,47,137,26,6826,3.0,2.042,0.03,0.216,3.472,0.006,REVOKED
core_breakdown,1000,500,50,47,137,27,6827,3.024,2.076,0.026,0.199,3.641,0.007,REVOKED
core_breakdown,1000,500,50,47,137,28,6828,3.235,2.13,0.028,0.218,3.489,0.007,REVOKED
core_breakdown,1000,500,50,47,137,29,6829,3.14,2.146,0.031,0.214,3.505,0.007,REVOKED
core_breakdown,1000,500,50,47,137,30,6830,2.994,2.062,0.026,0.202,3.472,0.007,REVOKED
core_breakdown,1000,500,50,47,137,31,6831,3.132,2.146,0.024,0.214,3.374,0.006,REVOKED
core_breakdown,1000,500,50,47,137,32,6832,3.07,2.138,0.027,0.197,3.534,0.007,REVOKED
core_breakdown,1000,500,50,47,137,33,6833,3.192,2.218,0.026,0.194,3.625,0.007,REVOKED
core_breakdown,1000,500,50,47,137,34,6834,2.741,1.798,0.031,0.201,3.196,0.007,REVOKED
core_breakdown,1000,500,50,47,137,35,6835,3.074,2.113,0.03,0.213,3.649,0.006,REVOKED
core_breakdown,1000,500,50,47,137,36,6836,3.053,2.106,0.028,0.193,3.432,0.007,REVOKED
core_breakdown,1000,500,50,47,137,37,6837,3.06,2.087,0.028,0.208,3.508,0.007,REVOKED
core_breakdown,1000,500,50,47,137,38,6838,3.162,2.192,0.03,0.206,3.465,0.007,REVOKED
core_breakdown,1000,500,50,47,137,39,6839,3.184,2.197,0.027,0.224,3.54,0.008,REVOKED
core_breakdown,1000,500,50,47,137,40,6840,3.182,2.199,0.03,0.209,3.431,0.007,REVOKED
core_breakdown,1000,500,50,47,137,41,6841,3.024,2.082,0.026,0.201,3.417,0.009,REVOKED
core_breakdown,1000,500,50,47,137,42,6842,3.034,2.079,0.027,0.209,3.514,0.006,REVOKED
core_breakdown,1000,500,50,47,137,43,6843,3.045,2.065,0.028,0.208,3.469,0.007,REVOKED
core_breakdown,1000,500,50,47,137,44,6844,3.022,2.075,0.025,0.199,3.426,0.007,REVOKED
core_breakdown,1000,500,50,47,137,45,6845,3.093,2.095,0.028,0.197,3.492,0.007,REVOKED
core_breakdown,1000,500,50,47,137,46,6846,3.093,2.119,0.026,0.227,3.648,0.007,REVOKED
core_breakdown,1000,500,50,47,137,47,6847,3.06,2.083,0.028,0.206,3.445,0.007,REVOKED
core_breakdown,1000,500,50,47,137,48,6848,3.05,2.092,0.027,0.202,3.401,0.008,REVOKED
core_breakdown,1000,500,50,47,137,49,6849,2.989,2.047,0.029,0.199,3.462,0.014,REVOKED
core_breakdown,1000,500,50,47,137,50,6850,2.975,2.04,0.023,0.194,3.411,0.007,REVOKED
core_breakdown,1000,500,50,48,138,1,6851,5.17,3.207,0.224,0.469,6.435,0.047,REVOKED
core_breakdown,1000,500,50,48,138,2,6852,4.797,3.263,0.156,0.356,4.627,0.02,REVOKED
core_breakdown,1000,500,50,48,138,3,6853,4.531,3.159,0.095,0.305,4.627,0.009,REVOKED
core_breakdown,1000,500,50,48,138,4,6854,4.438,3.008,0.069,0.259,4.44,0.013,REVOKED
core_breakdown,1000,500,50,48,138,5,6855,3.679,2.519,0.031,0.208,3.902,0.012,REVOKED
core_breakdown,1000,500,50,48,138,6,6856,4.122,2.8,0.072,0.29,5.018,0.017,REVOKED
core_breakdown,1000,500,50,48,138,7,6857,3.924,2.617,0.032,0.252,4.289,0.012,REVOKED
core_breakdown,1000,500,50,48,138,8,6858,3.334,2.256,0.028,0.228,3.903,0.009,REVOKED
core_breakdown,1000,500,50,48,138,9,6859,3.339,2.276,0.028,0.234,3.793,0.007,REVOKED
core_breakdown,1000,500,50,48,138,10,6860,3.309,2.299,0.033,0.236,3.623,0.01,REVOKED
core_breakdown,1000,500,50,48,138,11,6861,3.094,2.113,0.047,0.206,3.74,0.006,REVOKED
core_breakdown,1000,500,50,48,138,12,6862,3.192,2.184,0.026,0.201,3.648,0.007,REVOKED
core_breakdown,1000,500,50,48,138,13,6863,3.189,2.106,0.067,0.278,3.887,0.017,REVOKED
core_breakdown,1000,500,50,48,138,14,6864,3.234,2.205,0.051,0.22,3.724,0.009,REVOKED
core_breakdown,1000,500,50,48,138,15,6865,3.318,2.262,0.031,0.223,3.723,0.008,REVOKED
core_breakdown,1000,500,50,48,138,16,6866,3.248,2.224,0.037,0.246,3.772,0.008,REVOKED
core_breakdown,1000,500,50,48,138,17,6867,3.234,2.224,0.031,0.198,3.274,0.007,REVOKED
core_breakdown,1000,500,50,48,138,18,6868,2.752,1.876,0.025,0.191,3.233,0.008,REVOKED
core_breakdown,1000,500,50,48,138,19,6869,2.697,1.869,0.029,0.19,3.229,0.008,REVOKED
core_breakdown,1000,500,50,48,138,20,6870,2.74,1.866,0.033,0.173,3.194,0.007,REVOKED
core_breakdown,1000,500,50,48,138,21,6871,2.728,1.848,0.035,0.167,3.21,0.011,REVOKED
core_breakdown,1000,500,50,48,138,22,6872,2.778,1.869,0.029,0.219,3.157,0.007,REVOKED
core_breakdown,1000,500,50,48,138,23,6873,2.889,1.969,0.03,0.207,3.103,0.007,REVOKED
core_breakdown,1000,500,50,48,138,24,6874,2.851,1.919,0.03,0.186,3.219,0.007,REVOKED
core_breakdown,1000,500,50,48,138,25,6875,2.697,1.837,0.026,0.183,3.05,0.01,REVOKED
core_breakdown,1000,500,50,48,138,26,6876,2.699,1.786,0.024,0.205,3.164,0.006,REVOKED
core_breakdown,1000,500,50,48,138,27,6877,2.765,1.893,0.03,0.198,3.083,0.006,REVOKED
core_breakdown,1000,500,50,48,138,28,6878,2.682,1.861,0.029,0.18,3.114,0.007,REVOKED
core_breakdown,1000,500,50,48,138,29,6879,2.679,1.802,0.026,0.176,3.172,0.007,REVOKED
core_breakdown,1000,500,50,48,138,30,6880,2.83,1.974,0.029,0.197,3.14,0.009,REVOKED
core_breakdown,1000,500,50,48,138,31,6881,2.715,1.817,0.026,0.231,3.045,0.007,REVOKED
core_breakdown,1000,500,50,48,138,32,6882,2.87,1.971,0.031,0.177,3.259,0.007,REVOKED
core_breakdown,1000,500,50,48,138,33,6883,2.556,1.726,0.027,0.239,3.167,0.007,REVOKED
core_breakdown,1000,500,50,48,138,34,6884,2.794,1.867,0.03,0.189,3.098,0.007,REVOKED
core_breakdown,1000,500,50,48,138,35,6885,2.739,1.865,0.026,0.186,3.208,0.007,REVOKED
core_breakdown,1000,500,50,48,138,36,6886,2.681,1.787,0.026,0.173,3.13,0.007,REVOKED
core_breakdown,1000,500,50,48,138,37,6887,2.823,1.97,0.03,0.213,3.198,0.006,REVOKED
core_breakdown,1000,500,50,48,138,38,6888,2.274,1.541,0.025,0.176,3.314,0.01,REVOKED
core_breakdown,1000,500,50,48,138,39,6889,2.646,1.821,0.028,0.172,3.151,0.007,REVOKED
core_breakdown,1000,500,50,48,138,40,6890,2.724,1.894,0.028,0.212,3.111,0.007,REVOKED
core_breakdown,1000,500,50,48,138,41,6891,2.604,1.77,0.023,0.177,3.084,0.006,REVOKED
core_breakdown,1000,500,50,48,138,42,6892,2.746,1.835,0.025,0.2,3.075,0.007,REVOKED
core_breakdown,1000,500,50,48,138,43,6893,2.64,1.745,0.026,0.179,3.108,0.007,REVOKED
core_breakdown,1000,500,50,48,138,44,6894,2.727,1.8,0.03,0.199,3.083,0.007,REVOKED
core_breakdown,1000,500,50,48,138,45,6895,2.591,1.77,0.028,0.219,3.289,0.007,REVOKED
core_breakdown,1000,500,50,48,138,46,6896,3.132,2.105,0.029,0.194,3.462,0.006,REVOKED
core_breakdown,1000,500,50,48,138,47,6897,3.007,2.047,0.029,0.204,3.426,0.006,REVOKED
core_breakdown,1000,500,50,48,138,48,6898,3.066,2.089,0.03,0.202,3.481,0.007,REVOKED
core_breakdown,1000,500,50,48,138,49,6899,3.068,2.106,0.027,0.202,3.443,0.018,REVOKED
core_breakdown,1000,500,50,48,138,50,6900,2.991,2.044,0.029,0.197,3.568,0.007,REVOKED
core_breakdown,1000,500,50,49,139,1,6901,6.25,3.927,0.223,0.417,7.587,0.056,REVOKED
core_breakdown,1000,500,50,49,139,2,6902,6.025,4.016,0.123,0.377,5.635,0.019,REVOKED
core_breakdown,1000,500,50,49,139,3,6903,3.913,2.608,0.045,0.245,4.435,0.01,REVOKED
core_breakdown,1000,500,50,49,139,4,6904,3.85,2.599,0.073,0.277,4.22,0.021,REVOKED
core_breakdown,1000,500,50,49,139,5,6905,3.705,2.457,0.086,0.38,4.777,0.015,REVOKED
core_breakdown,1000,500,50,49,139,6,6906,3.714,2.516,0.043,0.257,3.979,0.009,REVOKED
core_breakdown,1000,500,50,49,139,7,6907,3.585,2.454,0.03,0.227,3.471,0.009,REVOKED
core_breakdown,1000,500,50,49,139,8,6908,3.094,2.134,0.03,0.216,3.503,0.007,REVOKED
core_breakdown,1000,500,50,49,139,9,6909,3.203,2.13,0.03,0.208,4.146,0.009,REVOKED
core_breakdown,1000,500,50,49,139,10,6910,3.239,2.219,0.038,0.221,3.436,0.008,REVOKED
core_breakdown,1000,500,50,49,139,11,6911,3.37,2.336,0.033,0.24,3.969,0.008,REVOKED
core_breakdown,1000,500,50,49,139,12,6912,3.109,2.076,0.028,0.209,3.506,0.007,REVOKED
core_breakdown,1000,500,50,49,139,13,6913,3.025,2.067,0.022,0.209,3.42,0.008,REVOKED
core_breakdown,1000,500,50,49,139,14,6914,3.03,2.089,0.027,0.197,3.485,0.006,REVOKED
core_breakdown,1000,500,50,49,139,15,6915,2.985,2.07,0.025,0.199,3.524,0.007,REVOKED
core_breakdown,1000,500,50,49,139,16,6916,3.047,2.099,0.029,0.204,3.411,0.007,REVOKED
core_breakdown,1000,500,50,49,139,17,6917,3.007,2.049,0.022,0.205,3.384,0.007,REVOKED
core_breakdown,1000,500,50,49,139,18,6918,2.98,2.027,0.023,0.183,3.435,0.006,REVOKED
core_breakdown,1000,500,50,49,139,19,6919,2.981,2.042,0.024,0.206,3.397,0.005,REVOKED
core_breakdown,1000,500,50,49,139,20,6920,3.013,2.06,0.025,0.208,3.397,0.007,REVOKED
core_breakdown,1000,500,50,49,139,21,6921,3.024,2.074,0.028,0.194,3.337,0.007,REVOKED
core_breakdown,1000,500,50,49,139,22,6922,3.127,2.134,0.022,0.2,3.353,0.006,REVOKED
core_breakdown,1000,500,50,49,139,23,6923,3.005,2.048,0.025,0.196,3.342,0.011,REVOKED
core_breakdown,1000,500,50,49,139,24,6924,2.975,2.029,0.024,0.206,3.368,0.006,REVOKED
core_breakdown,1000,500,50,49,139,25,6925,2.963,2.019,0.028,0.192,3.33,0.01,REVOKED
core_breakdown,1000,500,50,49,139,26,6926,3.024,2.079,0.024,0.196,3.397,0.006,REVOKED
core_breakdown,1000,500,50,49,139,27,6927,2.98,2.034,0.023,0.227,3.454,0.007,REVOKED
core_breakdown,1000,500,50,49,139,28,6928,2.927,2.0,0.024,0.201,3.358,0.007,REVOKED
core_breakdown,1000,500,50,49,139,29,6929,3.041,2.09,0.024,0.201,3.273,0.006,REVOKED
core_breakdown,1000,500,50,49,139,30,6930,3.492,2.517,0.034,0.204,3.418,0.007,REVOKED
core_breakdown,1000,500,50,49,139,31,6931,2.994,2.053,0.028,0.207,3.374,0.006,REVOKED
core_breakdown,1000,500,50,49,139,32,6932,3.017,2.043,0.029,0.207,3.369,0.006,REVOKED
core_breakdown,1000,500,50,49,139,33,6933,3.067,2.063,0.028,0.181,3.356,0.005,REVOKED
core_breakdown,1000,500,50,49,139,34,6934,2.948,2.022,0.023,0.21,3.445,0.006,REVOKED
core_breakdown,1000,500,50,49,139,35,6935,2.964,2.036,0.021,0.209,3.526,0.006,REVOKED
core_breakdown,1000,500,50,49,139,36,6936,2.958,2.031,0.026,0.192,3.361,0.007,REVOKED
core_breakdown,1000,500,50,49,139,37,6937,3.032,2.058,0.026,0.215,3.4,0.006,REVOKED
core_breakdown,1000,500,50,49,139,38,6938,2.968,2.026,0.025,0.198,3.332,0.006,REVOKED
core_breakdown,1000,500,50,49,139,39,6939,3.132,2.178,0.028,0.204,3.4,0.007,REVOKED
core_breakdown,1000,500,50,49,139,40,6940,3.003,2.045,0.025,0.198,3.438,0.006,REVOKED
core_breakdown,1000,500,50,49,139,41,6941,3.235,2.146,0.025,0.206,3.396,0.008,REVOKED
core_breakdown,1000,500,50,49,139,42,6942,3.84,2.938,0.046,0.255,3.249,0.01,REVOKED
core_breakdown,1000,500,50,49,139,43,6943,2.629,1.766,0.028,0.16,3.109,0.008,REVOKED
core_breakdown,1000,500,50,49,139,44,6944,2.97,2.035,0.029,0.198,3.397,0.007,REVOKED
core_breakdown,1000,500,50,49,139,45,6945,3.012,2.104,0.026,0.201,3.391,0.008,REVOKED
core_breakdown,1000,500,50,49,139,46,6946,2.995,2.051,0.026,0.198,3.349,0.011,REVOKED
core_breakdown,1000,500,50,49,139,47,6947,3.033,2.065,0.022,0.203,3.437,0.006,REVOKED
core_breakdown,1000,500,50,49,139,48,6948,2.913,1.986,0.028,0.208,3.287,0.006,REVOKED
core_breakdown,1000,500,50,49,139,49,6949,2.924,1.977,0.025,0.216,3.427,0.014,REVOKED
core_breakdown,1000,500,50,49,139,50,6950,3.026,2.076,0.022,0.196,3.389,0.006,REVOKED
core_breakdown,1000,500,50,50,140,1,6951,5.771,3.909,0.105,0.398,5.397,0.03,REVOKED
core_breakdown,1000,500,50,50,140,2,6952,4.011,2.494,0.05,0.233,4.488,0.016,REVOKED
core_breakdown,1000,500,50,50,140,3,6953,4.063,2.746,0.058,0.274,4.295,0.013,REVOKED
core_breakdown,1000,500,50,50,140,4,6954,3.991,2.709,0.051,0.275,4.313,0.013,REVOKED
core_breakdown,1000,500,50,50,140,5,6955,3.793,2.554,0.052,0.262,3.922,0.006,REVOKED
core_breakdown,1000,500,50,50,140,6,6956,3.313,2.261,0.036,0.2,3.801,0.007,REVOKED
core_breakdown,1000,500,50,50,140,7,6957,3.483,2.371,0.038,0.229,3.761,0.006,REVOKED
core_breakdown,1000,500,50,50,140,8,6958,3.365,2.321,0.027,0.221,3.832,0.008,REVOKED
core_breakdown,1000,500,50,50,140,9,6959,3.441,2.34,0.037,0.225,3.82,0.005,REVOKED
core_breakdown,1000,500,50,50,140,10,6960,3.033,2.087,0.026,0.22,3.467,0.008,REVOKED
core_breakdown,1000,500,50,50,140,11,6961,3.008,2.019,0.03,0.232,3.409,0.005,REVOKED
core_breakdown,1000,500,50,50,140,12,6962,3.06,2.048,0.072,0.226,3.084,0.014,REVOKED
core_breakdown,1000,500,50,50,140,13,6963,2.738,1.854,0.043,0.183,3.205,0.011,REVOKED
core_breakdown,1000,500,50,50,140,14,6964,2.724,1.851,0.036,0.18,3.094,0.011,REVOKED
core_breakdown,1000,500,50,50,140,15,6965,2.638,1.811,0.033,0.188,3.128,0.007,REVOKED
core_breakdown,1000,500,50,50,140,16,6966,2.65,1.811,0.027,0.2,2.996,0.007,REVOKED
core_breakdown,1000,500,50,50,140,17,6967,2.606,1.782,0.029,0.174,3.167,0.006,REVOKED
core_breakdown,1000,500,50,50,140,18,6968,2.665,1.808,0.032,0.182,3.268,0.008,REVOKED
core_breakdown,1000,500,50,50,140,19,6969,3.019,2.07,0.031,0.215,3.542,0.008,REVOKED
core_breakdown,1000,500,50,50,140,20,6970,3.007,2.082,0.029,0.197,3.45,0.007,REVOKED
core_breakdown,1000,500,50,50,140,21,6971,3.161,2.138,0.031,0.216,3.512,0.007,REVOKED
core_breakdown,1000,500,50,50,140,22,6972,2.962,2.012,0.029,0.201,3.368,0.007,REVOKED
core_breakdown,1000,500,50,50,140,23,6973,2.995,2.028,0.03,0.2,3.46,0.008,REVOKED
core_breakdown,1000,500,50,50,140,24,6974,3.043,2.066,0.025,0.21,3.423,0.007,REVOKED
core_breakdown,1000,500,50,50,140,25,6975,2.97,2.049,0.029,0.213,3.365,0.01,REVOKED
core_breakdown,1000,500,50,50,140,26,6976,2.93,1.998,0.027,0.215,3.374,0.006,REVOKED
core_breakdown,1000,500,50,50,140,27,6977,2.912,2.003,0.023,0.287,3.399,0.006,REVOKED
core_breakdown,1000,500,50,50,140,28,6978,2.99,2.067,0.025,0.214,3.38,0.006,REVOKED
core_breakdown,1000,500,50,50,140,29,6979,3.016,2.092,0.026,0.224,3.384,0.006,REVOKED
core_breakdown,1000,500,50,50,140,30,6980,2.975,1.997,0.024,0.195,3.337,0.006,REVOKED
core_breakdown,1000,500,50,50,140,31,6981,2.931,2.013,0.032,0.207,3.391,0.006,REVOKED
core_breakdown,1000,500,50,50,140,32,6982,2.931,2.012,0.02,0.205,3.402,0.006,REVOKED
core_breakdown,1000,500,50,50,140,33,6983,2.953,2.017,0.026,0.198,3.392,0.006,REVOKED
core_breakdown,1000,500,50,50,140,34,6984,2.972,1.998,0.022,0.201,3.395,0.006,REVOKED
core_breakdown,1000,500,50,50,140,35,6985,2.96,2.029,0.025,0.206,3.362,0.006,REVOKED
core_breakdown,1000,500,50,50,140,36,6986,2.986,2.079,0.023,0.199,3.342,0.005,REVOKED
core_breakdown,1000,500,50,50,140,37,6987,3.0,2.053,0.025,0.2,3.594,0.007,REVOKED
core_breakdown,1000,500,50,50,140,38,6988,2.686,1.839,0.027,0.18,3.062,0.006,REVOKED
core_breakdown,1000,500,50,50,140,39,6989,2.665,1.833,0.03,0.18,3.056,0.007,REVOKED
core_breakdown,1000,500,50,50,140,40,6990,2.854,1.962,0.03,0.22,3.451,0.007,REVOKED
core_breakdown,1000,500,50,50,140,41,6991,3.018,2.078,0.028,0.218,3.4,0.007,REVOKED
core_breakdown,1000,500,50,50,140,42,6992,4.84,2.979,0.054,0.313,4.247,0.01,REVOKED
core_breakdown,1000,500,50,50,140,43,6993,3.745,2.6,0.034,0.233,4.298,0.011,REVOKED
core_breakdown,1000,500,50,50,140,44,6994,3.693,2.461,0.044,0.231,4.129,0.008,REVOKED
core_breakdown,1000,500,50,50,140,45,6995,3.724,2.521,0.041,0.23,4.717,0.013,REVOKED
core_breakdown,1000,500,50,50,140,46,6996,3.013,1.971,0.038,0.191,3.268,0.009,REVOKED
core_breakdown,1000,500,50,50,140,47,6997,3.019,2.069,0.029,0.216,3.508,0.008,REVOKED
core_breakdown,1000,500,50,50,140,48,6998,2.977,2.031,0.027,0.201,3.335,0.007,REVOKED
core_breakdown,1000,500,50,50,140,49,6999,2.947,2.028,0.027,0.205,3.501,0.012,REVOKED
core_breakdown,1000,500,50,50,140,50,7000,2.988,2.059,0.026,0.21,3.387,0.007,REVOKED
