scenario,poller_interval_ms,scheduler_interval_ms,requested_session_count,iteration,trigger_event_id,session_sequence,session_id,reevaluation_duration_ms,pip_fetch_ms,pdp_evaluate_ms,revoke_update_ms,post_processing_ms,revoke_publish_ms,final_status
core_breakdown,1000,500,100,1,31,1,3001,6.656,4.219,0.251,0.457,6.805,0.06,REVOKED
core_breakdown,1000,500,100,1,31,2,3002,5.854,3.87,0.12,0.387,5.851,0.03,REVOKED
core_breakdown,1000,500,100,1,31,3,3003,4.778,3.208,0.068,0.272,4.501,0.014,REVOKED
core_breakdown,1000,500,100,1,31,4,3004,4.112,2.914,0.043,0.254,4.023,0.009,REVOKED
core_breakdown,1000,500,100,1,31,5,3005,3.662,2.485,0.043,0.258,4.595,0.019,REVOKED
core_breakdown,1000,500,100,1,31,6,3006,4.017,2.74,0.098,0.28,4.228,0.033,REVOKED
core_breakdown,1000,500,100,1,31,7,3007,3.7,2.493,0.098,0.243,3.823,0.017,REVOKED
core_breakdown,1000,500,100,1,31,8,3008,3.5,2.349,0.055,0.235,3.585,0.014,REVOKED
core_breakdown,1000,500,100,1,31,9,3009,3.045,2.061,0.047,0.205,3.921,0.012,REVOKED
core_breakdown,1000,500,100,1,31,10,3010,2.924,1.996,0.044,0.175,2.978,0.006,REVOKED
core_breakdown,1000,500,100,1,31,11,3011,2.625,1.815,0.025,0.179,3.008,0.006,REVOKED
core_breakdown,1000,500,100,1,31,12,3012,2.802,1.971,0.023,0.2,2.996,0.006,REVOKED
core_breakdown,1000,500,100,1,31,13,3013,2.614,1.768,0.03,0.183,3.042,0.008,REVOKED
core_breakdown,1000,500,100,1,31,14,3014,2.629,1.817,0.024,0.201,2.882,0.007,REVOKED
core_breakdown,1000,500,100,1,31,15,3015,2.551,1.727,0.029,0.166,2.859,0.006,REVOKED
core_breakdown,1000,500,100,1,31,16,3016,2.628,1.79,0.024,0.171,2.912,0.006,REVOKED
core_breakdown,1000,500,100,1,31,17,3017,2.531,1.739,0.025,0.162,2.946,0.006,REVOKED
core_breakdown,1000,500,100,1,31,18,3018,2.518,1.72,0.026,0.168,2.889,0.006,REVOKED
core_breakdown,1000,500,100,1,31,19,3019,2.578,1.759,0.028,0.183,2.855,0.006,REVOKED
core_breakdown,1000,500,100,1,31,20,3020,2.543,1.75,0.024,0.172,2.899,0.006,REVOKED
core_breakdown,1000,500,100,1,31,21,3021,2.547,1.742,0.022,0.19,2.93,0.006,REVOKED
core_breakdown,1000,500,100,1,31,22,3022,2.523,1.723,0.023,0.184,2.891,0.011,REVOKED
core_breakdown,1000,500,100,1,31,23,3023,2.62,1.785,0.023,0.208,2.933,0.006,REVOKED
core_breakdown,1000,500,100,1,31,24,3024,2.528,1.722,0.025,0.157,2.946,0.006,REVOKED
core_breakdown,1000,500,100,1,31,25,3025,2.525,1.751,0.024,0.167,2.911,0.007,REVOKED
core_breakdown,1000,500,100,1,31,26,3026,2.564,1.764,0.024,0.178,2.891,0.006,REVOKED
core_breakdown,1000,500,100,1,31,27,3027,2.528,1.712,0.021,0.175,2.981,0.006,REVOKED
core_breakdown,1000,500,100,1,31,28,3028,2.568,1.756,0.026,0.177,2.95,0.006,REVOKED
core_breakdown,1000,500,100,1,31,29,3029,2.661,1.787,0.025,0.198,2.987,0.007,REVOKED
core_breakdown,1000,500,100,1,31,30,3030,2.575,1.799,0.023,0.194,2.908,0.006,REVOKED
core_breakdown,1000,500,100,1,31,31,3031,2.556,1.754,0.026,0.172,2.879,0.006,REVOKED
core_breakdown,1000,500,100,1,31,32,3032,2.536,1.707,0.02,0.176,2.926,0.006,REVOKED
core_breakdown,1000,500,100,1,31,33,3033,2.534,1.731,0.022,0.163,3.193,0.006,REVOKED
core_breakdown,1000,500,100,1,31,34,3034,2.982,2.002,0.025,0.2,3.311,0.008,REVOKED
core_breakdown,1000,500,100,1,31,35,3035,2.924,1.99,0.021,0.189,3.284,0.01,REVOKED
core_breakdown,1000,500,100,1,31,36,3036,2.943,2.025,0.023,0.207,3.294,0.006,REVOKED
core_breakdown,1000,500,100,1,31,37,3037,3.083,2.103,0.021,0.205,3.435,0.006,REVOKED
core_breakdown,1000,500,100,1,31,38,3038,3.007,2.038,0.022,0.195,3.396,0.011,REVOKED
core_breakdown,1000,500,100,1,31,39,3039,2.979,2.033,0.026,0.211,3.447,0.005,REVOKED
core_breakdown,1000,500,100,1,31,40,3040,3.118,2.147,0.025,0.219,3.437,0.006,REVOKED
core_breakdown,1000,500,100,1,31,41,3041,3.034,2.086,0.021,0.202,3.361,0.006,REVOKED
core_breakdown,1000,500,100,1,31,42,3042,2.987,1.987,0.021,0.187,3.366,0.006,REVOKED
core_breakdown,1000,500,100,1,31,43,3043,2.957,2.044,0.023,0.193,3.266,0.006,REVOKED
core_breakdown,1000,500,100,1,31,44,3044,2.962,2.048,0.02,0.189,3.339,0.007,REVOKED
core_breakdown,1000,500,100,1,31,45,3045,2.953,2.011,0.021,0.201,3.26,0.005,REVOKED
core_breakdown,1000,500,100,1,31,46,3046,2.909,2.003,0.021,0.224,3.265,0.005,REVOKED
core_breakdown,1000,500,100,1,31,47,3047,2.889,1.997,0.02,0.208,3.351,0.006,REVOKED
core_breakdown,1000,500,100,1,31,48,3048,2.889,2.007,0.019,0.19,3.269,0.014,REVOKED
core_breakdown,1000,500,100,1,31,49,3049,3.073,2.142,0.02,0.192,3.372,0.012,REVOKED
core_breakdown,1000,500,100,1,31,50,3050,2.938,2.037,0.018,0.191,3.297,0.005,REVOKED
core_breakdown,1000,500,100,1,31,51,3051,2.887,1.966,0.024,0.201,3.291,0.006,REVOKED
core_breakdown,1000,500,100,1,31,52,3052,2.971,2.062,0.021,0.193,3.307,0.006,REVOKED
core_breakdown,1000,500,100,1,31,53,3053,2.912,2.01,0.018,0.204,3.344,0.006,REVOKED
core_breakdown,1000,500,100,1,31,54,3054,2.922,2.027,0.025,0.202,3.308,0.005,REVOKED
core_breakdown,1000,500,100,1,31,55,3055,2.928,1.99,0.029,0.198,3.252,0.005,REVOKED
core_breakdown,1000,500,100,1,31,56,3056,2.897,2.0,0.02,0.193,3.275,0.005,REVOKED
core_breakdown,1000,500,100,1,31,57,3057,2.943,2.016,0.025,0.198,3.313,0.006,REVOKED
core_breakdown,1000,500,100,1,31,58,3058,3.009,2.054,0.022,0.236,3.496,0.005,REVOKED
core_breakdown,1000,500,100,1,31,59,3059,2.975,2.072,0.022,0.202,3.3,0.006,REVOKED
core_breakdown,1000,500,100,1,31,60,3060,2.904,1.991,0.019,0.194,3.268,0.005,REVOKED
core_breakdown,1000,500,100,1,31,61,3061,2.936,2.02,0.019,0.193,3.391,0.006,REVOKED
core_breakdown,1000,500,100,1,31,62,3062,2.948,2.022,0.026,0.2,3.417,0.006,REVOKED
core_breakdown,1000,500,100,1,31,63,3063,2.988,2.059,0.021,0.197,3.333,0.006,REVOKED
core_breakdown,1000,500,100,1,31,64,3064,2.922,2.017,0.019,0.194,3.304,0.011,REVOKED
core_breakdown,1000,500,100,1,31,65,3065,2.981,2.035,0.02,0.192,3.354,0.005,REVOKED
core_breakdown,1000,500,100,1,31,66,3066,2.998,2.043,0.025,0.193,3.311,0.005,REVOKED
core_breakdown,1000,500,100,1,31,67,3067,2.991,2.067,0.026,0.188,3.275,0.005,REVOKED
core_breakdown,1000,500,100,1,31,68,3068,3.199,2.267,0.026,0.198,3.679,0.009,REVOKED
core_breakdown,1000,500,100,1,31,69,3069,3.261,2.183,0.029,0.216,3.57,0.008,REVOKED
core_breakdown,1000,500,100,1,31,70,3070,3.198,2.217,0.03,0.243,3.597,0.007,REVOKED
core_breakdown,1000,500,100,1,31,71,3071,3.12,2.156,0.032,0.197,3.543,0.007,REVOKED
core_breakdown,1000,500,100,1,31,72,3072,3.096,2.119,0.033,0.21,3.548,0.006,REVOKED
core_breakdown,1000,500,100,1,31,73,3073,3.248,2.173,0.03,0.22,3.501,0.007,REVOKED
core_breakdown,1000,500,100,1,31,74,3074,3.021,2.047,0.022,0.214,3.37,0.006,REVOKED
core_breakdown,1000,500,100,1,31,75,3075,3.044,2.082,0.023,0.195,3.296,0.006,REVOKED
core_breakdown,1000,500,100,1,31,76,3076,2.932,2.025,0.024,0.23,3.339,0.007,REVOKED
core_breakdown,1000,500,100,1,31,77,3077,2.961,2.024,0.025,0.191,3.428,0.01,REVOKED
core_breakdown,1000,500,100,1,31,78,3078,2.966,2.043,0.022,0.195,3.259,0.005,REVOKED
core_breakdown,1000,500,100,1,31,79,3079,3.076,2.067,0.02,0.207,3.289,0.007,REVOKED
core_breakdown,1000,500,100,1,31,80,3080,3.0,2.064,0.026,0.187,3.301,0.006,REVOKED
core_breakdown,1000,500,100,1,31,81,3081,2.967,2.026,0.025,0.214,3.371,0.006,REVOKED
core_breakdown,1000,500,100,1,31,82,3082,2.894,1.993,0.023,0.192,3.36,0.006,REVOKED
core_breakdown,1000,500,100,1,31,83,3083,2.628,1.808,0.027,0.189,3.005,0.006,REVOKED
core_breakdown,1000,500,100,1,31,84,3084,2.625,1.814,0.025,0.169,2.977,0.006,REVOKED
core_breakdown,1000,500,100,1,31,85,3085,2.638,1.843,0.024,0.177,2.995,0.006,REVOKED
core_breakdown,1000,500,100,1,31,86,3086,2.575,1.802,0.022,0.171,2.946,0.007,REVOKED
core_breakdown,1000,500,100,1,31,87,3087,2.602,1.808,0.022,0.167,2.976,0.006,REVOKED
core_breakdown,1000,500,100,1,31,88,3088,2.624,1.8,0.026,0.176,3.05,0.006,REVOKED
core_breakdown,1000,500,100,1,31,89,3089,2.589,1.737,0.026,0.187,2.979,0.006,REVOKED
core_breakdown,1000,500,100,1,31,90,3090,2.583,1.759,0.022,0.178,2.932,0.006,REVOKED
core_breakdown,1000,500,100,1,31,91,3091,2.515,1.734,0.026,0.202,3.023,0.006,REVOKED
core_breakdown,1000,500,100,1,31,92,3092,2.603,1.769,0.023,0.165,2.963,0.006,REVOKED
core_breakdown,1000,500,100,1,31,93,3093,2.658,1.799,0.022,0.176,2.974,0.006,REVOKED
core_breakdown,1000,500,100,1,31,94,3094,2.567,1.75,0.026,0.175,2.978,0.005,REVOKED
core_breakdown,1000,500,100,1,31,95,3095,2.552,1.727,0.029,0.163,2.95,0.006,REVOKED
core_breakdown,1000,500,100,1,31,96,3096,2.558,1.738,0.023,0.172,2.99,0.006,REVOKED
core_breakdown,1000,500,100,1,31,97,3097,2.573,1.762,0.025,0.181,3.499,0.02,REVOKED
core_breakdown,1000,500,100,1,31,98,3098,2.933,1.991,0.024,0.224,3.373,0.007,REVOKED
core_breakdown,1000,500,100,1,31,99,3099,2.612,1.848,0.023,0.161,2.897,0.006,REVOKED
core_breakdown,1000,500,100,1,31,100,3100,2.448,1.659,0.024,0.189,2.956,0.005,REVOKED
core_breakdown,1000,500,100,2,32,1,3101,7.162,3.866,0.296,0.607,7.023,0.066,REVOKED
core_breakdown,1000,500,100,2,32,2,3102,5.813,3.803,0.14,0.396,5.766,0.029,REVOKED
core_breakdown,1000,500,100,2,32,3,3103,4.76,3.221,0.085,0.315,4.562,0.015,REVOKED
core_breakdown,1000,500,100,2,32,4,3104,3.739,2.563,0.048,0.221,3.704,0.009,REVOKED
core_breakdown,1000,500,100,2,32,5,3105,3.291,2.236,0.042,0.225,3.604,0.008,REVOKED
core_breakdown,1000,500,100,2,32,6,3106,3.199,2.18,0.037,0.221,3.592,0.007,REVOKED
core_breakdown,1000,500,100,2,32,7,3107,3.158,2.156,0.035,0.581,3.494,0.007,REVOKED
core_breakdown,1000,500,100,2,32,8,3108,3.03,2.042,0.032,0.201,3.414,0.018,REVOKED
core_breakdown,1000,500,100,2,32,9,3109,2.718,1.826,0.075,0.181,3.068,0.008,REVOKED
core_breakdown,1000,500,100,2,32,10,3110,3.246,2.35,0.038,0.205,3.984,0.008,REVOKED
core_breakdown,1000,500,100,2,32,11,3111,3.197,2.176,0.024,0.213,3.61,0.007,REVOKED
core_breakdown,1000,500,100,2,32,12,3112,3.247,2.216,0.03,0.216,3.538,0.007,REVOKED
core_breakdown,1000,500,100,2,32,13,3113,3.222,2.219,0.031,0.22,3.405,0.007,REVOKED
core_breakdown,1000,500,100,2,32,14,3114,2.901,1.989,0.02,0.196,3.388,0.006,REVOKED
core_breakdown,1000,500,100,2,32,15,3115,2.926,2.016,0.023,0.193,3.283,0.006,REVOKED
core_breakdown,1000,500,100,2,32,16,3116,2.912,2.003,0.021,0.199,3.348,0.006,REVOKED
core_breakdown,1000,500,100,2,32,17,3117,2.927,1.993,0.022,0.199,3.214,0.006,REVOKED
core_breakdown,1000,500,100,2,32,18,3118,2.872,1.983,0.026,0.216,3.231,0.007,REVOKED
core_breakdown,1000,500,100,2,32,19,3119,2.921,1.991,0.022,0.194,3.251,0.006,REVOKED
core_breakdown,1000,500,100,2,32,20,3120,2.922,2.013,0.025,0.206,3.284,0.006,REVOKED
core_breakdown,1000,500,100,2,32,21,3121,2.92,1.962,0.02,0.191,3.214,0.007,REVOKED
core_breakdown,1000,500,100,2,32,22,3122,2.915,1.955,0.02,0.193,3.205,0.006,REVOKED
core_breakdown,1000,500,100,2,32,23,3123,2.905,1.992,0.019,0.224,3.315,0.006,REVOKED
core_breakdown,1000,500,100,2,32,24,3124,2.928,1.999,0.027,0.212,3.228,0.006,REVOKED
core_breakdown,1000,500,100,2,32,25,3125,2.915,2.006,0.026,0.19,3.268,0.009,REVOKED
core_breakdown,1000,500,100,2,32,26,3126,2.959,2.035,0.023,0.2,3.289,0.005,REVOKED
core_breakdown,1000,500,100,2,32,27,3127,2.917,1.981,0.026,0.205,3.308,0.006,REVOKED
core_breakdown,1000,500,100,2,32,28,3128,2.958,2.028,0.024,0.205,3.322,0.006,REVOKED
core_breakdown,1000,500,100,2,32,29,3129,2.983,2.048,0.019,0.197,3.357,0.005,REVOKED
core_breakdown,1000,500,100,2,32,30,3130,3.029,2.018,0.025,0.19,3.235,0.006,REVOKED
core_breakdown,1000,500,100,2,32,31,3131,2.909,1.99,0.019,0.198,3.227,0.005,REVOKED
core_breakdown,1000,500,100,2,32,32,3132,2.882,1.978,0.024,0.187,3.257,0.005,REVOKED
core_breakdown,1000,500,100,2,32,33,3133,2.927,1.995,0.028,0.21,3.259,0.006,REVOKED
core_breakdown,1000,500,100,2,32,34,3134,2.962,2.03,0.024,0.195,3.24,0.006,REVOKED
core_breakdown,1000,500,100,2,32,35,3135,2.877,1.954,0.023,0.189,3.244,0.005,REVOKED
core_breakdown,1000,500,100,2,32,36,3136,2.95,2.016,0.025,0.191,3.302,0.006,REVOKED
core_breakdown,1000,500,100,2,32,37,3137,2.906,1.996,0.024,0.203,3.224,0.006,REVOKED
core_breakdown,1000,500,100,2,32,38,3138,2.92,1.995,0.024,0.189,3.53,0.006,REVOKED
core_breakdown,1000,500,100,2,32,39,3139,3.014,2.098,0.024,0.19,3.296,0.006,REVOKED
core_breakdown,1000,500,100,2,32,40,3140,2.909,2.005,0.024,0.203,3.391,0.005,REVOKED
core_breakdown,1000,500,100,2,32,41,3141,2.919,1.98,0.023,0.194,3.294,0.005,REVOKED
core_breakdown,1000,500,100,2,32,42,3142,2.893,1.964,0.025,0.203,3.372,0.006,REVOKED
core_breakdown,1000,500,100,2,32,43,3143,2.978,2.068,0.021,0.208,3.287,0.006,REVOKED
core_breakdown,1000,500,100,2,32,44,3144,2.933,2.002,0.02,0.195,3.33,0.006,REVOKED
core_breakdown,1000,500,100,2,32,45,3145,2.865,1.971,0.023,0.191,3.231,0.012,REVOKED
core_breakdown,1000,500,100,2,32,46,3146,2.886,1.976,0.02,0.218,3.27,0.006,REVOKED
core_breakdown,1000,500,100,2,32,47,3147,2.973,2.041,0.026,0.188,3.39,0.007,REVOKED
core_breakdown,1000,500,100,2,32,48,3148,2.911,1.996,0.025,0.189,3.33,0.005,REVOKED
core_breakdown,1000,500,100,2,32,49,3149,2.927,2.007,0.026,0.202,3.225,0.011,REVOKED
core_breakdown,1000,500,100,2,32,50,3150,2.911,1.994,0.025,0.237,3.576,0.007,REVOKED
core_breakdown,1000,500,100,2,32,51,3151,3.377,2.292,0.035,0.24,3.478,0.008,REVOKED
core_breakdown,1000,500,100,2,32,52,3152,3.227,2.226,0.03,0.211,3.426,0.007,REVOKED
core_breakdown,1000,500,100,2,32,53,3153,3.26,2.251,0.035,0.21,3.561,0.009,REVOKED
core_breakdown,1000,500,100,2,32,54,3154,3.342,2.35,0.032,0.227,3.807,0.009,REVOKED
core_breakdown,1000,500,100,2,32,55,3155,3.805,2.522,0.033,0.226,4.32,0.008,REVOKED
core_breakdown,1000,500,100,2,32,56,3156,3.424,2.364,0.032,0.215,3.656,0.007,REVOKED
core_breakdown,1000,500,100,2,32,57,3157,3.312,2.269,0.035,0.23,3.761,0.008,REVOKED
core_breakdown,1000,500,100,2,32,58,3158,3.798,2.494,0.034,0.223,3.841,0.008,REVOKED
core_breakdown,1000,500,100,2,32,59,3159,3.364,2.319,0.034,0.214,3.868,0.008,REVOKED
core_breakdown,1000,500,100,2,32,60,3160,3.671,2.59,0.036,0.253,4.11,0.009,REVOKED
core_breakdown,1000,500,100,2,32,61,3161,3.765,2.629,0.035,0.241,4.284,0.008,REVOKED
core_breakdown,1000,500,100,2,32,62,3162,4.035,2.651,0.037,0.283,4.458,0.009,REVOKED
core_breakdown,1000,500,100,2,32,63,3163,3.572,2.378,0.037,0.215,3.394,0.008,REVOKED
core_breakdown,1000,500,100,2,32,64,3164,3.025,2.049,0.033,0.202,3.581,0.006,REVOKED
core_breakdown,1000,500,100,2,32,65,3165,2.957,2.037,0.028,0.197,3.356,0.007,REVOKED
core_breakdown,1000,500,100,2,32,66,3166,2.893,1.991,0.024,0.192,3.205,0.006,REVOKED
core_breakdown,1000,500,100,2,32,67,3167,2.865,1.953,0.025,0.191,3.273,0.007,REVOKED
core_breakdown,1000,500,100,2,32,68,3168,2.919,1.971,0.023,0.195,3.312,0.006,REVOKED
core_breakdown,1000,500,100,2,32,69,3169,2.892,1.97,0.024,0.213,3.271,0.006,REVOKED
core_breakdown,1000,500,100,2,32,70,3170,2.964,2.022,0.032,0.206,3.247,0.006,REVOKED
core_breakdown,1000,500,100,2,32,71,3171,2.899,1.986,0.028,0.196,3.317,0.007,REVOKED
core_breakdown,1000,500,100,2,32,72,3172,2.873,1.997,0.023,0.206,3.23,0.006,REVOKED
core_breakdown,1000,500,100,2,32,73,3173,2.924,1.985,0.021,0.211,3.271,0.006,REVOKED
core_breakdown,1000,500,100,2,32,74,3174,2.911,1.994,0.029,0.185,3.256,0.006,REVOKED
core_breakdown,1000,500,100,2,32,75,3175,2.877,1.982,0.026,0.184,3.18,0.006,REVOKED
core_breakdown,1000,500,100,2,32,76,3176,2.983,2.099,0.022,0.213,3.272,0.006,REVOKED
core_breakdown,1000,500,100,2,32,77,3177,2.899,1.98,0.022,0.221,3.386,0.007,REVOKED
core_breakdown,1000,500,100,2,32,78,3178,2.966,2.03,0.019,0.206,3.391,0.005,REVOKED
core_breakdown,1000,500,100,2,32,79,3179,2.997,2.02,0.022,0.213,3.363,0.006,REVOKED
core_breakdown,1000,500,100,2,32,80,3180,3.048,2.075,0.027,0.216,3.347,0.007,REVOKED
core_breakdown,1000,500,100,2,32,81,3181,2.966,2.034,0.024,0.217,3.333,0.006,REVOKED
core_breakdown,1000,500,100,2,32,82,3182,2.987,2.034,0.023,0.196,3.364,0.006,REVOKED
core_breakdown,1000,500,100,2,32,83,3183,2.928,2.017,0.02,0.171,3.33,0.005,REVOKED
core_breakdown,1000,500,100,2,32,84,3184,2.927,2.017,0.025,0.183,3.263,0.006,REVOKED
core_breakdown,1000,500,100,2,32,85,3185,2.9,1.984,0.023,0.186,3.243,0.01,REVOKED
core_breakdown,1000,500,100,2,32,86,3186,2.888,1.982,0.022,0.196,3.286,0.006,REVOKED
core_breakdown,1000,500,100,2,32,87,3187,2.892,1.984,0.019,0.199,3.304,0.005,REVOKED
core_breakdown,1000,500,100,2,32,88,3188,2.957,2.018,0.024,0.188,3.241,0.006,REVOKED
core_breakdown,1000,500,100,2,32,89,3189,2.924,1.992,0.024,0.205,3.251,0.006,REVOKED
core_breakdown,1000,500,100,2,32,90,3190,2.903,2.004,0.022,0.206,3.341,0.005,REVOKED
core_breakdown,1000,500,100,2,32,91,3191,2.943,1.994,0.021,0.195,3.226,0.006,REVOKED
core_breakdown,1000,500,100,2,32,92,3192,2.913,2.022,0.023,0.19,3.28,0.007,REVOKED
core_breakdown,1000,500,100,2,32,93,3193,2.975,2.032,0.026,0.196,3.274,0.006,REVOKED
core_breakdown,1000,500,100,2,32,94,3194,3.602,2.698,0.02,0.195,3.281,0.006,REVOKED
core_breakdown,1000,500,100,2,32,95,3195,2.905,1.971,0.026,0.179,3.251,0.007,REVOKED
core_breakdown,1000,500,100,2,32,96,3196,2.926,1.993,0.023,0.235,3.28,0.006,REVOKED
core_breakdown,1000,500,100,2,32,97,3197,2.894,1.982,0.029,0.191,3.259,0.014,REVOKED
core_breakdown,1000,500,100,2,32,98,3198,2.862,1.912,0.021,0.201,3.269,0.005,REVOKED
core_breakdown,1000,500,100,2,32,99,3199,2.911,1.99,0.024,0.203,3.244,0.005,REVOKED
core_breakdown,1000,500,100,2,32,100,3200,2.995,2.024,0.023,0.194,3.372,0.006,REVOKED
core_breakdown,1000,500,100,3,33,1,3201,7.515,5.387,0.347,0.466,6.636,0.063,REVOKED
core_breakdown,1000,500,100,3,33,2,3202,5.011,3.336,0.091,0.335,4.413,0.023,REVOKED
core_breakdown,1000,500,100,3,33,3,3203,3.686,2.588,0.048,0.253,3.807,0.013,REVOKED
core_breakdown,1000,500,100,3,33,4,3204,3.361,2.279,0.036,0.223,3.754,0.009,REVOKED
core_breakdown,1000,500,100,3,33,5,3205,3.379,2.263,0.048,0.229,3.642,0.013,REVOKED
core_breakdown,1000,500,100,3,33,6,3206,3.221,2.133,0.034,0.263,3.904,0.015,REVOKED
core_breakdown,1000,500,100,3,33,7,3207,3.288,2.214,0.05,0.22,3.726,0.008,REVOKED
core_breakdown,1000,500,100,3,33,8,3208,3.267,2.25,0.03,0.217,3.564,0.008,REVOKED
core_breakdown,1000,500,100,3,33,9,3209,3.123,2.126,0.029,0.221,3.493,0.007,REVOKED
core_breakdown,1000,500,100,3,33,10,3210,3.249,2.244,0.027,0.23,3.625,0.007,REVOKED
core_breakdown,1000,500,100,3,33,11,3211,3.249,2.248,0.021,0.187,3.555,0.006,REVOKED
core_breakdown,1000,500,100,3,33,12,3212,3.109,2.04,0.02,0.214,3.487,0.006,REVOKED
core_breakdown,1000,500,100,3,33,13,3213,3.197,2.189,0.019,0.222,3.482,0.007,REVOKED
core_breakdown,1000,500,100,3,33,14,3214,2.991,2.041,0.034,0.225,3.425,0.006,REVOKED
core_breakdown,1000,500,100,3,33,15,3215,3.028,2.037,0.024,0.217,3.376,0.006,REVOKED
core_breakdown,1000,500,100,3,33,16,3216,2.979,2.014,0.02,0.197,3.375,0.007,REVOKED
core_breakdown,1000,500,100,3,33,17,3217,2.938,1.996,0.018,0.214,3.385,0.005,REVOKED
core_breakdown,1000,500,100,3,33,18,3218,3.023,2.013,0.025,0.224,3.462,0.006,REVOKED
core_breakdown,1000,500,100,3,33,19,3219,2.999,2.047,0.02,0.21,3.04,0.006,REVOKED
core_breakdown,1000,500,100,3,33,20,3220,2.695,1.777,0.022,0.16,2.969,0.006,REVOKED
core_breakdown,1000,500,100,3,33,21,3221,2.635,1.794,0.024,0.159,3.111,0.006,REVOKED
core_breakdown,1000,500,100,3,33,22,3222,2.621,1.803,0.023,0.157,3.009,0.007,REVOKED
core_breakdown,1000,500,100,3,33,23,3223,2.674,1.858,0.03,0.177,3.038,0.012,REVOKED
core_breakdown,1000,500,100,3,33,24,3224,2.603,1.801,0.024,0.176,3.015,0.006,REVOKED
core_breakdown,1000,500,100,3,33,25,3225,2.624,1.776,0.023,0.17,3.074,0.009,REVOKED
core_breakdown,1000,500,100,3,33,26,3226,2.622,1.786,0.024,0.208,3.031,0.006,REVOKED
core_breakdown,1000,500,100,3,33,27,3227,2.565,1.771,0.022,0.18,3.073,0.006,REVOKED
core_breakdown,1000,500,100,3,33,28,3228,2.651,1.825,0.031,0.171,2.949,0.006,REVOKED
core_breakdown,1000,500,100,3,33,29,3229,2.61,1.819,0.024,0.157,3.098,0.006,REVOKED
core_breakdown,1000,500,100,3,33,30,3230,2.67,1.831,0.025,0.179,3.043,0.006,REVOKED
core_breakdown,1000,500,100,3,33,31,3231,2.655,1.848,0.024,0.175,2.964,0.007,REVOKED
core_breakdown,1000,500,100,3,33,32,3232,2.601,1.772,0.022,0.162,2.974,0.008,REVOKED
core_breakdown,1000,500,100,3,33,33,3233,2.67,1.86,0.021,0.202,2.957,0.006,REVOKED
core_breakdown,1000,500,100,3,33,34,3234,2.615,1.794,0.026,0.183,2.993,0.017,REVOKED
core_breakdown,1000,500,100,3,33,35,3235,2.582,1.767,0.023,0.18,3.012,0.006,REVOKED
core_breakdown,1000,500,100,3,33,36,3236,2.58,1.748,0.025,0.184,2.964,0.006,REVOKED
core_breakdown,1000,500,100,3,33,37,3237,2.61,1.787,0.023,0.17,2.85,0.006,REVOKED
core_breakdown,1000,500,100,3,33,38,3238,2.563,1.752,0.023,0.174,2.966,0.006,REVOKED
core_breakdown,1000,500,100,3,33,39,3239,2.567,1.73,0.02,0.2,2.951,0.006,REVOKED
core_breakdown,1000,500,100,3,33,40,3240,2.611,1.761,0.025,0.179,3.083,0.006,REVOKED
core_breakdown,1000,500,100,3,33,41,3241,2.675,1.851,0.023,0.175,2.925,0.006,REVOKED
core_breakdown,1000,500,100,3,33,42,3242,2.663,1.778,0.021,0.182,2.912,0.006,REVOKED
core_breakdown,1000,500,100,3,33,43,3243,2.565,1.733,0.026,0.2,2.949,0.006,REVOKED
core_breakdown,1000,500,100,3,33,44,3244,2.617,1.818,0.024,0.17,2.981,0.006,REVOKED
core_breakdown,1000,500,100,3,33,45,3245,2.58,1.756,0.025,0.175,2.973,0.006,REVOKED
core_breakdown,1000,500,100,3,33,46,3246,2.556,1.745,0.022,0.189,2.919,0.018,REVOKED
core_breakdown,1000,500,100,3,33,47,3247,2.618,1.807,0.021,0.172,2.945,0.006,REVOKED
core_breakdown,1000,500,100,3,33,48,3248,2.633,1.762,0.021,0.175,3.021,0.006,REVOKED
core_breakdown,1000,500,100,3,33,49,3249,2.646,1.832,0.026,0.189,3.031,0.01,REVOKED
core_breakdown,1000,500,100,3,33,50,3250,2.661,1.815,0.021,0.195,3.025,0.006,REVOKED
core_breakdown,1000,500,100,3,33,51,3251,2.573,1.739,0.02,0.17,2.92,0.006,REVOKED
core_breakdown,1000,500,100,3,33,52,3252,2.579,1.75,0.026,0.185,3.039,0.006,REVOKED
core_breakdown,1000,500,100,3,33,53,3253,2.597,1.76,0.025,0.184,2.944,0.005,REVOKED
core_breakdown,1000,500,100,3,33,54,3254,2.631,1.799,0.021,0.156,3.039,0.006,REVOKED
core_breakdown,1000,500,100,3,33,55,3255,2.605,1.807,0.022,0.178,2.994,0.006,REVOKED
core_breakdown,1000,500,100,3,33,56,3256,2.554,1.772,0.022,0.2,2.979,0.005,REVOKED
core_breakdown,1000,500,100,3,33,57,3257,2.687,1.799,0.02,0.169,2.942,0.007,REVOKED
core_breakdown,1000,500,100,3,33,58,3258,2.624,1.825,0.022,0.198,3.348,0.006,REVOKED
core_breakdown,1000,500,100,3,33,59,3259,2.955,2.014,0.021,0.202,3.29,0.006,REVOKED
core_breakdown,1000,500,100,3,33,60,3260,2.934,1.977,0.026,0.219,3.341,0.006,REVOKED
core_breakdown,1000,500,100,3,33,61,3261,2.922,1.981,0.019,0.209,3.328,0.006,REVOKED
core_breakdown,1000,500,100,3,33,62,3262,2.914,2.007,0.025,0.198,3.349,0.005,REVOKED
core_breakdown,1000,500,100,3,33,63,3263,2.886,1.964,0.022,0.195,3.296,0.005,REVOKED
core_breakdown,1000,500,100,3,33,64,3264,2.998,2.077,0.02,0.191,3.28,0.01,REVOKED
core_breakdown,1000,500,100,3,33,65,3265,2.953,2.042,0.027,0.193,3.325,0.006,REVOKED
core_breakdown,1000,500,100,3,33,66,3266,3.043,2.086,0.022,0.222,3.335,0.006,REVOKED
core_breakdown,1000,500,100,3,33,67,3267,2.941,1.982,0.026,0.193,3.278,0.005,REVOKED
core_breakdown,1000,500,100,3,33,68,3268,2.954,2.063,0.021,0.211,3.304,0.006,REVOKED
core_breakdown,1000,500,100,3,33,69,3269,3.013,2.089,0.023,0.194,3.34,0.006,REVOKED
core_breakdown,1000,500,100,3,33,70,3270,2.92,2.005,0.02,0.194,3.341,0.005,REVOKED
core_breakdown,1000,500,100,3,33,71,3271,2.971,2.052,0.019,0.191,3.307,0.007,REVOKED
core_breakdown,1000,500,100,3,33,72,3272,2.958,2.037,0.023,0.191,3.395,0.01,REVOKED
core_breakdown,1000,500,100,3,33,73,3273,2.956,2.047,0.024,0.2,3.314,0.006,REVOKED
core_breakdown,1000,500,100,3,33,74,3274,2.932,2.002,0.025,0.184,3.355,0.006,REVOKED
core_breakdown,1000,500,100,3,33,75,3275,2.946,2.027,0.024,0.201,3.275,0.007,REVOKED
core_breakdown,1000,500,100,3,33,76,3276,2.952,2.044,0.02,0.196,3.257,0.006,REVOKED
core_breakdown,1000,500,100,3,33,77,3277,2.951,2.013,0.02,0.201,3.361,0.006,REVOKED
core_breakdown,1000,500,100,3,33,78,3278,2.947,2.008,0.023,0.198,3.263,0.006,REVOKED
core_breakdown,1000,500,100,3,33,79,3279,2.913,1.968,0.025,0.201,3.314,0.006,REVOKED
core_breakdown,1000,500,100,3,33,80,3280,2.958,2.03,0.024,0.194,3.317,0.006,REVOKED
core_breakdown,1000,500,100,3,33,81,3281,2.956,2.013,0.023,0.221,3.298,0.006,REVOKED
core_breakdown,1000,500,100,3,33,82,3282,2.953,2.02,0.022,0.208,3.424,0.006,REVOKED
core_breakdown,1000,500,100,3,33,83,3283,2.739,1.818,0.023,0.184,3.063,0.006,REVOKED
core_breakdown,1000,500,100,3,33,84,3284,2.62,1.794,0.023,0.186,2.686,0.006,REVOKED
core_breakdown,1000,500,100,3,33,85,3285,2.299,1.58,0.023,0.176,2.946,0.006,REVOKED
core_breakdown,1000,500,100,3,33,86,3286,2.603,1.759,0.021,0.175,2.959,0.006,REVOKED
core_breakdown,1000,500,100,3,33,87,3287,2.619,1.808,0.02,0.179,2.885,0.006,REVOKED
core_breakdown,1000,500,100,3,33,88,3288,2.599,1.763,0.024,0.175,2.975,0.005,REVOKED
core_breakdown,1000,500,100,3,33,89,3289,2.61,1.768,0.024,0.171,2.985,0.006,REVOKED
core_breakdown,1000,500,100,3,33,90,3290,2.605,1.766,0.024,0.182,2.964,0.006,REVOKED
core_breakdown,1000,500,100,3,33,91,3291,2.622,1.788,0.022,0.171,3.047,0.006,REVOKED
core_breakdown,1000,500,100,3,33,92,3292,2.649,1.818,0.021,0.16,2.932,0.006,REVOKED
core_breakdown,1000,500,100,3,33,93,3293,2.557,1.728,0.019,0.185,2.926,0.006,REVOKED
core_breakdown,1000,500,100,3,33,94,3294,2.63,1.811,0.024,0.184,3.002,0.006,REVOKED
core_breakdown,1000,500,100,3,33,95,3295,2.589,1.743,0.024,0.183,2.973,0.006,REVOKED
core_breakdown,1000,500,100,3,33,96,3296,2.599,1.738,0.022,0.177,2.873,0.006,REVOKED
core_breakdown,1000,500,100,3,33,97,3297,2.586,1.756,0.02,0.179,3.016,0.018,REVOKED
core_breakdown,1000,500,100,3,33,98,3298,2.614,1.752,0.024,0.176,2.927,0.006,REVOKED
core_breakdown,1000,500,100,3,33,99,3299,2.508,1.712,0.02,0.193,3.016,0.007,REVOKED
core_breakdown,1000,500,100,3,33,100,3300,2.584,1.768,0.024,0.21,2.871,0.006,REVOKED
core_breakdown,1000,500,100,4,34,1,3301,4.559,2.966,0.096,0.857,5.533,0.031,REVOKED
core_breakdown,1000,500,100,4,34,2,3302,4.901,3.33,0.106,0.321,4.497,0.019,REVOKED
core_breakdown,1000,500,100,4,34,3,3303,4.424,2.99,0.057,0.273,4.391,0.013,REVOKED
core_breakdown,1000,500,100,4,34,4,3304,3.528,2.349,0.04,0.233,3.712,0.008,REVOKED
core_breakdown,1000,500,100,4,34,5,3305,3.364,2.293,0.035,0.224,3.656,0.007,REVOKED
core_breakdown,1000,500,100,4,34,6,3306,3.301,2.267,0.029,0.209,3.67,0.006,REVOKED
core_breakdown,1000,500,100,4,34,7,3307,3.291,2.228,0.032,0.216,3.735,0.008,REVOKED
core_breakdown,1000,500,100,4,34,8,3308,3.359,2.299,0.03,0.231,3.745,0.006,REVOKED
core_breakdown,1000,500,100,4,34,9,3309,3.27,2.192,0.027,0.227,3.483,0.012,REVOKED
core_breakdown,1000,500,100,4,34,10,3310,3.123,2.167,0.052,0.193,3.423,0.01,REVOKED
core_breakdown,1000,500,100,4,34,11,3311,3.072,2.142,0.031,0.206,3.361,0.009,REVOKED
core_breakdown,1000,500,100,4,34,12,3312,2.837,1.92,0.028,0.209,3.235,0.007,REVOKED
core_breakdown,1000,500,100,4,34,13,3313,2.714,1.901,0.024,0.188,3.214,0.01,REVOKED
core_breakdown,1000,500,100,4,34,14,3314,2.963,1.942,0.031,0.224,3.363,0.008,REVOKED
core_breakdown,1000,500,100,4,34,15,3315,2.945,2.026,0.024,0.199,3.332,0.008,REVOKED
core_breakdown,1000,500,100,4,34,16,3316,2.937,2.01,0.026,0.191,3.3,0.006,REVOKED
core_breakdown,1000,500,100,4,34,17,3317,2.926,1.997,0.022,0.196,3.325,0.006,REVOKED
core_breakdown,1000,500,100,4,34,18,3318,2.937,1.987,0.027,0.195,3.395,0.007,REVOKED
core_breakdown,1000,500,100,4,34,19,3319,3.001,2.063,0.027,0.199,3.399,0.006,REVOKED
core_breakdown,1000,500,100,4,34,20,3320,3.006,2.023,0.023,0.201,3.318,0.006,REVOKED
core_breakdown,1000,500,100,4,34,21,3321,2.966,2.033,0.026,0.199,3.25,0.006,REVOKED
core_breakdown,1000,500,100,4,34,22,3322,2.931,2.013,0.029,0.207,3.331,0.006,REVOKED
core_breakdown,1000,500,100,4,34,23,3323,2.983,2.036,0.025,0.195,3.288,0.006,REVOKED
core_breakdown,1000,500,100,4,34,24,3324,2.932,1.998,0.021,0.199,3.335,0.006,REVOKED
core_breakdown,1000,500,100,4,34,25,3325,2.956,2.04,0.025,0.202,3.289,0.007,REVOKED
core_breakdown,1000,500,100,4,34,26,3326,2.898,1.992,0.023,0.199,3.227,0.006,REVOKED
core_breakdown,1000,500,100,4,34,27,3327,2.922,1.997,0.022,0.198,3.408,0.008,REVOKED
core_breakdown,1000,500,100,4,34,28,3328,2.907,1.998,0.021,0.19,3.275,0.007,REVOKED
core_breakdown,1000,500,100,4,34,29,3329,2.876,1.965,0.023,0.187,3.288,0.005,REVOKED
core_breakdown,1000,500,100,4,34,30,3330,3.044,2.079,0.023,0.187,3.446,0.006,REVOKED
core_breakdown,1000,500,100,4,34,31,3331,3.09,2.115,0.023,0.215,3.31,0.006,REVOKED
core_breakdown,1000,500,100,4,34,32,3332,2.938,2.003,0.021,0.207,3.248,0.006,REVOKED
core_breakdown,1000,500,100,4,34,33,3333,2.896,1.991,0.022,0.191,3.661,0.007,REVOKED
core_breakdown,1000,500,100,4,34,34,3334,2.792,1.919,0.03,0.171,3.003,0.006,REVOKED
core_breakdown,1000,500,100,4,34,35,3335,2.647,1.815,0.025,0.18,2.927,0.005,REVOKED
core_breakdown,1000,500,100,4,34,36,3336,2.663,1.804,0.03,0.168,2.973,0.009,REVOKED
core_breakdown,1000,500,100,4,34,37,3337,2.614,1.768,0.019,0.171,3.047,0.012,REVOKED
core_breakdown,1000,500,100,4,34,38,3338,3.047,2.086,0.019,0.197,3.389,0.007,REVOKED
core_breakdown,1000,500,100,4,34,39,3339,2.988,2.037,0.017,0.214,3.411,0.005,REVOKED
core_breakdown,1000,500,100,4,34,40,3340,2.948,2.052,0.026,0.203,3.436,0.006,REVOKED
core_breakdown,1000,500,100,4,34,41,3341,3.061,2.064,0.025,0.206,3.367,0.006,REVOKED
core_breakdown,1000,500,100,4,34,42,3342,2.929,2.006,0.023,0.195,3.259,0.005,REVOKED
core_breakdown,1000,500,100,4,34,43,3343,2.909,1.955,0.021,0.193,3.353,0.006,REVOKED
core_breakdown,1000,500,100,4,34,44,3344,2.956,2.03,0.027,0.198,3.283,0.006,REVOKED
core_breakdown,1000,500,100,4,34,45,3345,2.978,2.036,0.02,0.201,3.307,0.006,REVOKED
core_breakdown,1000,500,100,4,34,46,3346,3.071,2.101,0.025,0.239,3.292,0.006,REVOKED
core_breakdown,1000,500,100,4,34,47,3347,2.936,2.006,0.024,0.195,3.332,0.006,REVOKED
core_breakdown,1000,500,100,4,34,48,3348,2.928,1.984,0.025,0.201,3.259,0.005,REVOKED
core_breakdown,1000,500,100,4,34,49,3349,2.957,2.032,0.021,0.189,3.35,0.013,REVOKED
core_breakdown,1000,500,100,4,34,50,3350,2.884,1.963,0.022,0.194,3.304,0.006,REVOKED
core_breakdown,1000,500,100,4,34,51,3351,2.955,2.036,0.025,0.18,3.325,0.006,REVOKED
core_breakdown,1000,500,100,4,34,52,3352,2.927,1.991,0.022,0.196,3.206,0.006,REVOKED
core_breakdown,1000,500,100,4,34,53,3353,2.943,2.036,0.023,0.208,3.266,0.005,REVOKED
core_breakdown,1000,500,100,4,34,54,3354,2.939,2.018,0.022,0.191,3.378,0.005,REVOKED
core_breakdown,1000,500,100,4,34,55,3355,2.903,1.998,0.021,0.2,3.315,0.006,REVOKED
core_breakdown,1000,500,100,4,34,56,3356,2.96,2.035,0.02,0.208,3.385,0.005,REVOKED
core_breakdown,1000,500,100,4,34,57,3357,2.966,2.021,0.023,0.214,3.47,0.006,REVOKED
core_breakdown,1000,500,100,4,34,58,3358,2.984,2.067,0.025,0.196,3.371,0.006,REVOKED
core_breakdown,1000,500,100,4,34,59,3359,3.035,2.119,0.023,0.209,3.285,0.006,REVOKED
core_breakdown,1000,500,100,4,34,60,3360,3.11,2.175,0.025,0.202,3.318,0.006,REVOKED
core_breakdown,1000,500,100,4,34,61,3361,2.884,1.962,0.024,0.196,3.257,0.006,REVOKED
core_breakdown,1000,500,100,4,34,62,3362,2.935,1.978,0.022,0.202,3.322,0.007,REVOKED
core_breakdown,1000,500,100,4,34,63,3363,2.92,1.995,0.023,0.188,3.307,0.005,REVOKED
core_breakdown,1000,500,100,4,34,64,3364,2.94,2.019,0.022,0.218,3.277,0.006,REVOKED
core_breakdown,1000,500,100,4,34,65,3365,3.017,2.092,0.021,0.221,3.281,0.006,REVOKED
core_breakdown,1000,500,100,4,34,66,3366,2.956,2.011,0.022,0.201,3.256,0.006,REVOKED
core_breakdown,1000,500,100,4,34,67,3367,2.966,2.036,0.023,0.166,3.307,0.006,REVOKED
core_breakdown,1000,500,100,4,34,68,3368,2.866,1.972,0.021,0.211,5.876,0.009,REVOKED
core_breakdown,1000,500,100,4,34,69,3369,3.056,2.089,0.031,0.199,3.305,0.006,REVOKED
core_breakdown,1000,500,100,4,34,70,3370,2.86,1.956,0.022,0.191,3.271,0.006,REVOKED
core_breakdown,1000,500,100,4,34,71,3371,2.983,2.103,0.021,0.189,3.246,0.006,REVOKED
core_breakdown,1000,500,100,4,34,72,3372,2.94,2.019,0.028,0.192,3.265,0.005,REVOKED
core_breakdown,1000,500,100,4,34,73,3373,2.94,2.023,0.022,0.203,3.282,0.005,REVOKED
core_breakdown,1000,500,100,4,34,74,3374,2.863,1.948,0.025,0.189,3.237,0.005,REVOKED
core_breakdown,1000,500,100,4,34,75,3375,2.929,2.01,0.023,0.194,3.199,0.006,REVOKED
core_breakdown,1000,500,100,4,34,76,3376,2.89,1.978,0.021,0.191,3.23,0.006,REVOKED
core_breakdown,1000,500,100,4,34,77,3377,2.917,1.997,0.025,0.205,3.275,0.006,REVOKED
core_breakdown,1000,500,100,4,34,78,3378,2.876,1.974,0.023,0.198,3.236,0.006,REVOKED
core_breakdown,1000,500,100,4,34,79,3379,2.885,1.976,0.024,0.23,3.275,0.005,REVOKED
core_breakdown,1000,500,100,4,34,80,3380,2.868,1.964,0.022,0.186,3.228,0.006,REVOKED
core_breakdown,1000,500,100,4,34,81,3381,2.951,2.006,0.024,0.192,3.189,0.006,REVOKED
core_breakdown,1000,500,100,4,34,82,3382,2.886,1.992,0.023,0.215,3.232,0.007,REVOKED
core_breakdown,1000,500,100,4,34,83,3383,3.033,2.082,0.022,0.196,3.257,0.007,REVOKED
core_breakdown,1000,500,100,4,34,84,3384,3.019,2.101,0.026,0.204,3.229,0.006,REVOKED
core_breakdown,1000,500,100,4,34,85,3385,2.909,1.998,0.023,0.203,3.258,0.006,REVOKED
core_breakdown,1000,500,100,4,34,86,3386,2.982,2.066,0.023,0.209,3.534,0.006,REVOKED
core_breakdown,1000,500,100,4,34,87,3387,2.993,2.004,0.024,0.185,3.431,0.006,REVOKED
core_breakdown,1000,500,100,4,34,88,3388,2.972,2.026,0.02,0.221,3.51,0.006,REVOKED
core_breakdown,1000,500,100,4,34,89,3389,3.025,2.054,0.021,0.214,3.361,0.007,REVOKED
core_breakdown,1000,500,100,4,34,90,3390,2.973,2.014,0.025,0.204,3.443,0.013,REVOKED
core_breakdown,1000,500,100,4,34,91,3391,2.907,1.985,0.019,0.194,3.31,0.006,REVOKED
core_breakdown,1000,500,100,4,34,92,3392,2.928,2.002,0.021,0.185,3.245,0.006,REVOKED
core_breakdown,1000,500,100,4,34,93,3393,2.976,2.071,0.024,0.19,3.281,0.006,REVOKED
core_breakdown,1000,500,100,4,34,94,3394,2.923,1.998,0.026,0.191,3.265,0.006,REVOKED
core_breakdown,1000,500,100,4,34,95,3395,2.902,2.01,0.019,0.189,3.285,0.005,REVOKED
core_breakdown,1000,500,100,4,34,96,3396,2.977,2.07,0.02,0.202,3.303,0.006,REVOKED
core_breakdown,1000,500,100,4,34,97,3397,2.95,2.009,0.02,0.199,3.276,0.021,REVOKED
core_breakdown,1000,500,100,4,34,98,3398,3.059,2.13,0.018,0.195,3.261,0.006,REVOKED
core_breakdown,1000,500,100,4,34,99,3399,3.006,2.064,0.024,0.193,3.291,0.006,REVOKED
core_breakdown,1000,500,100,4,34,100,3400,2.944,2.041,0.024,0.194,3.298,0.006,REVOKED
core_breakdown,1000,500,100,5,35,1,3401,6.402,4.027,0.292,0.443,7.831,0.053,REVOKED
core_breakdown,1000,500,100,5,35,2,3402,6.072,3.959,0.125,0.414,5.721,0.025,REVOKED
core_breakdown,1000,500,100,5,35,3,3403,4.738,3.264,0.088,0.33,5.055,0.023,REVOKED
core_breakdown,1000,500,100,5,35,4,3404,4.271,2.864,0.097,0.298,4.546,0.013,REVOKED
core_breakdown,1000,500,100,5,35,5,3405,4.087,2.758,0.053,0.275,4.371,0.012,REVOKED
core_breakdown,1000,500,100,5,35,6,3406,4.087,2.754,0.058,0.237,4.044,0.01,REVOKED
core_breakdown,1000,500,100,5,35,7,3407,3.65,2.49,0.04,0.253,4.035,0.011,REVOKED
core_breakdown,1000,500,100,5,35,8,3408,3.675,2.535,0.038,0.257,4.066,0.009,REVOKED
core_breakdown,1000,500,100,5,35,9,3409,3.62,2.447,0.035,0.244,3.878,0.007,REVOKED
core_breakdown,1000,500,100,5,35,10,3410,3.549,2.431,0.032,0.244,4.462,0.014,REVOKED
core_breakdown,1000,500,100,5,35,11,3411,4.067,2.792,0.043,0.233,3.856,0.009,REVOKED
core_breakdown,1000,500,100,5,35,12,3412,3.557,2.418,0.037,0.231,3.941,0.009,REVOKED
core_breakdown,1000,500,100,5,35,13,3413,3.434,2.334,0.03,0.218,3.79,0.009,REVOKED
core_breakdown,1000,500,100,5,35,14,3414,3.466,2.385,0.08,0.219,3.473,0.015,REVOKED
core_breakdown,1000,500,100,5,35,15,3415,3.021,2.08,0.031,0.194,3.322,0.008,REVOKED
core_breakdown,1000,500,100,5,35,16,3416,2.973,2.033,0.036,0.206,3.357,0.008,REVOKED
core_breakdown,1000,500,100,5,35,17,3417,2.956,2.035,0.024,0.193,3.354,0.007,REVOKED
core_breakdown,1000,500,100,5,35,18,3418,2.965,2.04,0.027,0.2,3.301,0.006,REVOKED
core_breakdown,1000,500,100,5,35,19,3419,3.005,2.082,0.026,0.197,3.25,0.009,REVOKED
core_breakdown,1000,500,100,5,35,20,3420,2.918,1.984,0.024,0.203,3.3,0.007,REVOKED
core_breakdown,1000,500,100,5,35,21,3421,3.019,2.093,0.027,0.199,3.378,0.006,REVOKED
core_breakdown,1000,500,100,5,35,22,3422,2.937,1.981,0.026,0.237,3.293,0.007,REVOKED
core_breakdown,1000,500,100,5,35,23,3423,2.953,2.03,0.027,0.197,3.254,0.006,REVOKED
core_breakdown,1000,500,100,5,35,24,3424,2.905,1.987,0.023,0.198,3.303,0.007,REVOKED
core_breakdown,1000,500,100,5,35,25,3425,2.963,2.017,0.025,0.203,3.328,0.009,REVOKED
core_breakdown,1000,500,100,5,35,26,3426,2.907,2.019,0.021,0.2,3.375,0.006,REVOKED
core_breakdown,1000,500,100,5,35,27,3427,2.97,2.044,0.025,0.198,3.424,0.006,REVOKED
core_breakdown,1000,500,100,5,35,28,3428,2.934,2.007,0.023,0.201,3.32,0.006,REVOKED
core_breakdown,1000,500,100,5,35,29,3429,2.959,2.027,0.024,0.196,3.321,0.006,REVOKED
core_breakdown,1000,500,100,5,35,30,3430,2.977,2.081,0.022,0.209,3.428,0.006,REVOKED
core_breakdown,1000,500,100,5,35,31,3431,2.997,2.03,0.024,0.192,3.327,0.006,REVOKED
core_breakdown,1000,500,100,5,35,32,3432,2.982,2.028,0.022,0.198,3.291,0.006,REVOKED
core_breakdown,1000,500,100,5,35,33,3433,2.961,2.014,0.025,0.209,3.337,0.006,REVOKED
core_breakdown,1000,500,100,5,35,34,3434,2.968,2.048,0.022,0.192,3.35,0.006,REVOKED
core_breakdown,1000,500,100,5,35,35,3435,3.017,2.031,0.029,0.188,3.349,0.006,REVOKED
core_breakdown,1000,500,100,5,35,36,3436,2.981,2.041,0.026,0.221,3.326,0.006,REVOKED
core_breakdown,1000,500,100,5,35,37,3437,2.99,2.089,0.024,0.208,3.46,0.006,REVOKED
core_breakdown,1000,500,100,5,35,38,3438,2.938,2.026,0.022,0.207,3.289,0.005,REVOKED
core_breakdown,1000,500,100,5,35,39,3439,3.022,2.02,0.026,0.199,3.276,0.006,REVOKED
core_breakdown,1000,500,100,5,35,40,3440,2.931,2.011,0.022,0.244,3.216,0.006,REVOKED
core_breakdown,1000,500,100,5,35,41,3441,3.018,2.054,0.022,0.214,3.474,0.005,REVOKED
core_breakdown,1000,500,100,5,35,42,3442,3.016,2.071,0.021,0.193,3.331,0.006,REVOKED
core_breakdown,1000,500,100,5,35,43,3443,2.947,2.037,0.024,0.19,3.284,0.006,REVOKED
core_breakdown,1000,500,100,5,35,44,3444,2.98,2.051,0.029,0.2,3.276,0.006,REVOKED
core_breakdown,1000,500,100,5,35,45,3445,2.981,2.045,0.021,0.199,3.362,0.007,REVOKED
core_breakdown,1000,500,100,5,35,46,3446,2.957,2.016,0.024,0.201,3.279,0.007,REVOKED
core_breakdown,1000,500,100,5,35,47,3447,2.928,2.025,0.02,0.193,3.278,0.005,REVOKED
core_breakdown,1000,500,100,5,35,48,3448,3.016,2.12,0.023,0.2,3.292,0.005,REVOKED
core_breakdown,1000,500,100,5,35,49,3449,2.99,2.04,0.023,0.197,3.292,0.011,REVOKED
core_breakdown,1000,500,100,5,35,50,3450,2.945,2.062,0.021,0.213,3.342,0.006,REVOKED
core_breakdown,1000,500,100,5,35,51,3451,2.862,1.937,0.02,0.189,3.242,0.005,REVOKED
core_breakdown,1000,500,100,5,35,52,3452,2.925,2.024,0.019,0.193,3.36,0.007,REVOKED
core_breakdown,1000,500,100,5,35,53,3453,2.806,1.914,0.02,0.169,2.936,0.005,REVOKED
core_breakdown,1000,500,100,5,35,54,3454,3.524,2.536,0.031,0.214,3.404,0.007,REVOKED
core_breakdown,1000,500,100,5,35,55,3455,2.979,2.047,0.03,0.192,3.295,0.006,REVOKED
core_breakdown,1000,500,100,5,35,56,3456,2.942,2.012,0.024,0.199,3.249,0.006,REVOKED
core_breakdown,1000,500,100,5,35,57,3457,2.888,1.988,0.024,0.193,3.232,0.006,REVOKED
core_breakdown,1000,500,100,5,35,58,3458,2.847,1.953,0.023,0.189,3.236,0.005,REVOKED
core_breakdown,1000,500,100,5,35,59,3459,2.973,2.052,0.022,0.191,3.215,0.006,REVOKED
core_breakdown,1000,500,100,5,35,60,3460,2.898,1.984,0.021,0.196,3.235,0.007,REVOKED
core_breakdown,1000,500,100,5,35,61,3461,2.923,2.017,0.024,0.193,3.251,0.007,REVOKED
core_breakdown,1000,500,100,5,35,62,3462,2.993,2.018,0.028,0.195,3.332,0.006,REVOKED
core_breakdown,1000,500,100,5,35,63,3463,2.881,1.975,0.021,0.185,3.256,0.006,REVOKED
core_breakdown,1000,500,100,5,35,64,3464,2.943,2.012,0.027,0.192,3.261,0.005,REVOKED
core_breakdown,1000,500,100,5,35,65,3465,2.889,1.966,0.021,0.192,3.304,0.005,REVOKED
core_breakdown,1000,500,100,5,35,66,3466,2.871,1.975,0.02,0.189,3.255,0.005,REVOKED
core_breakdown,1000,500,100,5,35,67,3467,2.937,1.998,0.021,0.185,3.246,0.005,REVOKED
core_breakdown,1000,500,100,5,35,68,3468,2.898,1.976,0.027,0.191,3.348,0.006,REVOKED
core_breakdown,1000,500,100,5,35,69,3469,2.958,2.02,0.021,0.197,3.248,0.006,REVOKED
core_breakdown,1000,500,100,5,35,70,3470,3.178,2.266,0.025,0.218,3.35,0.007,REVOKED
core_breakdown,1000,500,100,5,35,71,3471,2.939,2.004,0.023,0.225,3.365,0.006,REVOKED
core_breakdown,1000,500,100,5,35,72,3472,3.086,2.104,0.026,0.229,3.389,0.005,REVOKED
core_breakdown,1000,500,100,5,35,73,3473,3.048,2.097,0.023,0.216,3.31,0.006,REVOKED
core_breakdown,1000,500,100,5,35,74,3474,2.911,1.996,0.021,0.212,3.297,0.006,REVOKED
core_breakdown,1000,500,100,5,35,75,3475,3.051,2.11,0.024,0.226,2.969,0.005,REVOKED
core_breakdown,1000,500,100,5,35,76,3476,2.744,1.921,0.023,0.211,3.303,0.006,REVOKED
core_breakdown,1000,500,100,5,35,77,3477,2.959,1.971,0.027,0.191,3.235,0.006,REVOKED
core_breakdown,1000,500,100,5,35,78,3478,2.918,2.002,0.02,0.195,3.271,0.006,REVOKED
core_breakdown,1000,500,100,5,35,79,3479,2.996,2.096,0.025,0.19,2.979,0.006,REVOKED
core_breakdown,1000,500,100,5,35,80,3480,2.648,1.784,0.019,0.193,3.442,0.006,REVOKED
core_breakdown,1000,500,100,5,35,81,3481,2.919,2.01,0.027,0.184,3.31,0.005,REVOKED
core_breakdown,1000,500,100,5,35,82,3482,2.958,2.006,0.026,0.207,3.293,0.007,REVOKED
core_breakdown,1000,500,100,5,35,83,3483,2.88,1.975,0.02,0.194,3.294,0.006,REVOKED
core_breakdown,1000,500,100,5,35,84,3484,2.948,2.024,0.024,0.19,3.35,0.007,REVOKED
core_breakdown,1000,500,100,5,35,85,3485,2.903,1.97,0.021,0.197,3.191,0.007,REVOKED
core_breakdown,1000,500,100,5,35,86,3486,2.89,1.986,0.025,0.194,3.236,0.007,REVOKED
core_breakdown,1000,500,100,5,35,87,3487,2.964,2.027,0.019,0.208,3.302,0.005,REVOKED
core_breakdown,1000,500,100,5,35,88,3488,2.884,1.959,0.024,0.212,3.336,0.006,REVOKED
core_breakdown,1000,500,100,5,35,89,3489,3.0,2.057,0.028,0.2,3.27,0.006,REVOKED
core_breakdown,1000,500,100,5,35,90,3490,2.962,2.049,0.021,0.195,3.232,0.005,REVOKED
core_breakdown,1000,500,100,5,35,91,3491,2.873,1.978,0.025,0.189,3.291,0.005,REVOKED
core_breakdown,1000,500,100,5,35,92,3492,2.99,2.043,0.019,0.202,3.287,0.006,REVOKED
core_breakdown,1000,500,100,5,35,93,3493,2.897,1.971,0.019,0.195,3.36,0.007,REVOKED
core_breakdown,1000,500,100,5,35,94,3494,2.926,2.009,0.019,0.198,3.315,0.006,REVOKED
core_breakdown,1000,500,100,5,35,95,3495,2.957,2.04,0.022,0.203,3.257,0.007,REVOKED
core_breakdown,1000,500,100,5,35,96,3496,2.935,2.03,0.019,0.195,3.224,0.006,REVOKED
core_breakdown,1000,500,100,5,35,97,3497,2.937,2.026,0.026,0.194,3.258,0.016,REVOKED
core_breakdown,1000,500,100,5,35,98,3498,2.926,1.993,0.019,0.196,3.336,0.006,REVOKED
core_breakdown,1000,500,100,5,35,99,3499,2.977,2.074,0.022,0.193,3.26,0.005,REVOKED
core_breakdown,1000,500,100,5,35,100,3500,2.912,1.988,0.02,0.202,3.348,0.006,REVOKED
core_breakdown,1000,500,100,6,36,1,3501,5.846,3.724,0.227,0.441,7.76,0.06,REVOKED
core_breakdown,1000,500,100,6,36,2,3502,6.038,3.98,0.148,0.396,5.545,0.035,REVOKED
core_breakdown,1000,500,100,6,36,3,3503,4.912,3.308,0.13,0.313,4.975,0.028,REVOKED
core_breakdown,1000,500,100,6,36,4,3504,4.517,3.034,0.11,0.304,4.57,0.021,REVOKED
core_breakdown,1000,500,100,6,36,5,3505,3.934,2.624,0.09,0.27,4.162,0.019,REVOKED
core_breakdown,1000,500,100,6,36,6,3506,3.748,2.524,0.071,0.264,3.923,0.014,REVOKED
core_breakdown,1000,500,100,6,36,7,3507,3.334,2.246,0.055,0.27,3.708,0.015,REVOKED
core_breakdown,1000,500,100,6,36,8,3508,3.403,2.314,0.058,0.22,3.596,0.011,REVOKED
core_breakdown,1000,500,100,6,36,9,3509,3.214,2.168,0.052,0.218,3.551,0.012,REVOKED
core_breakdown,1000,500,100,6,36,10,3510,3.416,2.356,0.069,0.279,3.897,0.013,REVOKED
core_breakdown,1000,500,100,6,36,11,3511,3.46,2.34,0.029,0.256,3.83,0.008,REVOKED
core_breakdown,1000,500,100,6,36,12,3512,3.4,2.336,0.022,0.207,3.328,0.007,REVOKED
core_breakdown,1000,500,100,6,36,13,3513,2.957,1.998,0.021,0.202,3.286,0.008,REVOKED
core_breakdown,1000,500,100,6,36,14,3514,2.915,1.965,0.035,0.231,3.335,0.007,REVOKED
core_breakdown,1000,500,100,6,36,15,3515,2.898,1.986,0.026,0.199,3.248,0.007,REVOKED
core_breakdown,1000,500,100,6,36,16,3516,2.884,1.958,0.027,0.2,3.2,0.006,REVOKED
core_breakdown,1000,500,100,6,36,17,3517,2.957,2.033,0.027,0.193,3.23,0.007,REVOKED
core_breakdown,1000,500,100,6,36,18,3518,2.871,1.936,0.025,0.214,3.303,0.006,REVOKED
core_breakdown,1000,500,100,6,36,19,3519,2.862,1.947,0.025,0.203,3.337,0.006,REVOKED
core_breakdown,1000,500,100,6,36,20,3520,2.895,1.983,0.023,0.192,3.225,0.006,REVOKED
core_breakdown,1000,500,100,6,36,21,3521,2.937,2.038,0.022,0.189,3.215,0.006,REVOKED
core_breakdown,1000,500,100,6,36,22,3522,2.853,1.961,0.026,0.192,3.206,0.006,REVOKED
core_breakdown,1000,500,100,6,36,23,3523,2.957,2.019,0.027,0.205,3.243,0.006,REVOKED
core_breakdown,1000,500,100,6,36,24,3524,2.877,1.976,0.023,0.203,3.205,0.006,REVOKED
core_breakdown,1000,500,100,6,36,25,3525,2.879,1.982,0.026,0.199,3.251,0.008,REVOKED
core_breakdown,1000,500,100,6,36,26,3526,2.845,1.939,0.021,0.19,3.252,0.006,REVOKED
core_breakdown,1000,500,100,6,36,27,3527,2.801,1.948,0.023,0.194,3.231,0.005,REVOKED
core_breakdown,1000,500,100,6,36,28,3528,2.987,2.02,0.025,0.191,3.237,0.005,REVOKED
core_breakdown,1000,500,100,6,36,29,3529,2.85,1.941,0.021,0.186,3.235,0.006,REVOKED
core_breakdown,1000,500,100,6,36,30,3530,2.85,1.95,0.02,0.19,3.21,0.006,REVOKED
core_breakdown,1000,500,100,6,36,31,3531,2.906,1.975,0.026,0.191,3.283,0.006,REVOKED
core_breakdown,1000,500,100,6,36,32,3532,2.862,1.98,0.021,0.188,3.193,0.005,REVOKED
core_breakdown,1000,500,100,6,36,33,3533,2.868,1.943,0.026,0.196,3.18,0.006,REVOKED
core_breakdown,1000,500,100,6,36,34,3534,2.802,1.895,0.024,0.193,3.235,0.006,REVOKED
core_breakdown,1000,500,100,6,36,35,3535,2.865,1.982,0.022,0.189,3.224,0.006,REVOKED
core_breakdown,1000,500,100,6,36,36,3536,2.873,1.961,0.021,0.203,3.223,0.008,REVOKED
core_breakdown,1000,500,100,6,36,37,3537,2.844,1.959,0.02,0.189,3.224,0.006,REVOKED
core_breakdown,1000,500,100,6,36,38,3538,2.859,1.96,0.022,0.19,3.166,0.006,REVOKED
core_breakdown,1000,500,100,6,36,39,3539,2.871,1.981,0.021,0.191,3.317,0.006,REVOKED
core_breakdown,1000,500,100,6,36,40,3540,2.873,1.967,0.021,0.188,3.179,0.006,REVOKED
core_breakdown,1000,500,100,6,36,41,3541,2.8,1.9,0.025,0.246,5.272,0.009,REVOKED
core_breakdown,1000,500,100,6,36,42,3542,2.946,2.009,0.031,0.2,3.256,0.007,REVOKED
core_breakdown,1000,500,100,6,36,43,3543,2.852,1.939,0.024,0.195,3.222,0.006,REVOKED
core_breakdown,1000,500,100,6,36,44,3544,2.837,1.93,0.026,0.198,3.258,0.006,REVOKED
core_breakdown,1000,500,100,6,36,45,3545,2.82,1.929,0.022,0.199,3.241,0.006,REVOKED
core_breakdown,1000,500,100,6,36,46,3546,2.855,1.952,0.027,0.194,3.196,0.006,REVOKED
core_breakdown,1000,500,100,6,36,47,3547,2.86,1.942,0.025,0.202,3.215,0.007,REVOKED
core_breakdown,1000,500,100,6,36,48,3548,2.72,1.817,0.024,0.175,2.839,0.006,REVOKED
core_breakdown,1000,500,100,6,36,49,3549,2.531,1.729,0.02,0.171,2.941,0.009,REVOKED
core_breakdown,1000,500,100,6,36,50,3550,2.457,1.669,0.023,0.163,2.868,0.006,REVOKED
core_breakdown,1000,500,100,6,36,51,3551,2.471,1.687,0.024,0.172,2.833,0.006,REVOKED
core_breakdown,1000,500,100,6,36,52,3552,2.533,1.715,0.023,0.159,2.901,0.006,REVOKED
core_breakdown,1000,500,100,6,36,53,3553,2.528,1.743,0.022,0.176,2.909,0.006,REVOKED
core_breakdown,1000,500,100,6,36,54,3554,2.482,1.711,0.02,0.169,2.918,0.006,REVOKED
core_breakdown,1000,500,100,6,36,55,3555,2.497,1.684,0.02,0.176,2.861,0.005,REVOKED
core_breakdown,1000,500,100,6,36,56,3556,2.461,1.673,0.026,0.163,2.932,0.006,REVOKED
core_breakdown,1000,500,100,6,36,57,3557,2.488,1.675,0.027,0.19,2.917,0.006,REVOKED
core_breakdown,1000,500,100,6,36,58,3558,2.477,1.688,0.023,0.181,3.021,0.006,REVOKED
core_breakdown,1000,500,100,6,36,59,3559,2.484,1.691,0.025,0.179,2.903,0.005,REVOKED
core_breakdown,1000,500,100,6,36,60,3560,2.451,1.688,0.021,0.184,2.873,0.006,REVOKED
core_breakdown,1000,500,100,6,36,61,3561,2.509,1.685,0.021,0.174,2.947,0.006,REVOKED
core_breakdown,1000,500,100,6,36,62,3562,2.409,1.649,0.023,0.174,2.874,0.005,REVOKED
core_breakdown,1000,500,100,6,36,63,3563,2.515,1.722,0.021,0.164,2.877,0.006,REVOKED
core_breakdown,1000,500,100,6,36,64,3564,2.434,1.659,0.025,0.16,2.982,0.005,REVOKED
core_breakdown,1000,500,100,6,36,65,3565,2.518,1.719,0.022,0.168,2.902,0.006,REVOKED
core_breakdown,1000,500,100,6,36,66,3566,2.576,1.782,0.022,0.165,2.848,0.006,REVOKED
core_breakdown,1000,500,100,6,36,67,3567,2.464,1.673,0.023,0.159,2.835,0.006,REVOKED
core_breakdown,1000,500,100,6,36,68,3568,2.469,1.664,0.021,0.17,2.805,0.006,REVOKED
core_breakdown,1000,500,100,6,36,69,3569,2.476,1.684,0.024,0.168,2.825,0.005,REVOKED
core_breakdown,1000,500,100,6,36,70,3570,2.482,1.685,0.021,0.185,2.868,0.006,REVOKED
core_breakdown,1000,500,100,6,36,71,3571,2.455,1.657,0.022,0.168,2.911,0.006,REVOKED
core_breakdown,1000,500,100,6,36,72,3572,2.428,1.657,0.023,0.176,2.729,0.006,REVOKED
core_breakdown,1000,500,100,6,36,73,3573,2.505,1.725,0.025,0.182,2.885,0.006,REVOKED
core_breakdown,1000,500,100,6,36,74,3574,2.455,1.693,0.023,0.167,2.819,0.006,REVOKED
core_breakdown,1000,500,100,6,36,75,3575,2.439,1.635,0.021,0.182,2.842,0.005,REVOKED
core_breakdown,1000,500,100,6,36,76,3576,2.479,1.689,0.026,0.177,2.859,0.006,REVOKED
core_breakdown,1000,500,100,6,36,77,3577,2.472,1.668,0.023,0.186,2.883,0.006,REVOKED
core_breakdown,1000,500,100,6,36,78,3578,2.444,1.653,0.022,0.172,2.831,0.006,REVOKED
core_breakdown,1000,500,100,6,36,79,3579,2.65,1.791,0.022,0.199,3.199,0.006,REVOKED
core_breakdown,1000,500,100,6,36,80,3580,2.824,1.93,0.023,0.192,3.145,0.006,REVOKED
core_breakdown,1000,500,100,6,36,81,3581,2.816,1.924,0.024,0.212,3.226,0.005,REVOKED
core_breakdown,1000,500,100,6,36,82,3582,2.808,1.93,0.023,0.191,3.162,0.006,REVOKED
core_breakdown,1000,500,100,6,36,83,3583,2.856,1.972,0.024,0.191,3.188,0.005,REVOKED
core_breakdown,1000,500,100,6,36,84,3584,2.862,1.98,0.024,0.188,3.123,0.006,REVOKED
core_breakdown,1000,500,100,6,36,85,3585,2.818,1.935,0.021,0.19,3.164,0.005,REVOKED
core_breakdown,1000,500,100,6,36,86,3586,2.849,1.96,0.021,0.195,3.247,0.005,REVOKED
core_breakdown,1000,500,100,6,36,87,3587,2.837,1.959,0.021,0.195,3.223,0.007,REVOKED
core_breakdown,1000,500,100,6,36,88,3588,2.838,1.94,0.023,0.198,3.202,0.006,REVOKED
core_breakdown,1000,500,100,6,36,89,3589,2.852,1.95,0.021,0.194,3.243,0.006,REVOKED
core_breakdown,1000,500,100,6,36,90,3590,2.864,1.945,0.02,0.198,3.156,0.005,REVOKED
core_breakdown,1000,500,100,6,36,91,3591,2.859,1.967,0.023,0.183,3.174,0.006,REVOKED
core_breakdown,1000,500,100,6,36,92,3592,2.808,1.924,0.021,0.194,3.149,0.005,REVOKED
core_breakdown,1000,500,100,6,36,93,3593,2.868,1.962,0.024,0.189,3.219,0.005,REVOKED
core_breakdown,1000,500,100,6,36,94,3594,2.823,1.95,0.024,0.194,3.155,0.005,REVOKED
core_breakdown,1000,500,100,6,36,95,3595,2.946,2.04,0.025,0.2,3.22,0.006,REVOKED
core_breakdown,1000,500,100,6,36,96,3596,2.871,1.964,0.023,0.198,3.186,0.005,REVOKED
core_breakdown,1000,500,100,6,36,97,3597,2.857,1.942,0.021,0.192,3.24,0.017,REVOKED
core_breakdown,1000,500,100,6,36,98,3598,2.846,1.971,0.022,0.194,3.2,0.005,REVOKED
core_breakdown,1000,500,100,6,36,99,3599,2.835,1.935,0.021,0.189,3.218,0.006,REVOKED
core_breakdown,1000,500,100,6,36,100,3600,2.844,1.955,0.024,0.188,3.175,0.007,REVOKED
core_breakdown,1000,500,100,7,37,1,3601,6.708,4.069,0.283,0.47,7.692,0.063,REVOKED
core_breakdown,1000,500,100,7,37,2,3602,6.284,4.088,0.13,0.393,6.034,0.029,REVOKED
core_breakdown,1000,500,100,7,37,3,3603,5.093,3.471,0.081,0.32,5.345,0.011,REVOKED
core_breakdown,1000,500,100,7,37,4,3604,4.25,3.001,0.09,0.302,4.878,0.019,REVOKED
core_breakdown,1000,500,100,7,37,5,3605,4.37,3.008,0.065,0.249,4.162,0.011,REVOKED
core_breakdown,1000,500,100,7,37,6,3606,3.719,2.539,0.052,0.253,3.887,0.008,REVOKED
core_breakdown,1000,500,100,7,37,7,3607,3.272,2.213,0.04,0.224,3.633,0.007,REVOKED
core_breakdown,1000,500,100,7,37,8,3608,3.162,2.152,0.032,0.21,3.726,0.015,REVOKED
core_breakdown,1000,500,100,7,37,9,3609,3.27,2.235,0.076,0.256,3.608,0.008,REVOKED
core_breakdown,1000,500,100,7,37,10,3610,3.089,2.078,0.029,0.209,3.398,0.007,REVOKED
core_breakdown,1000,500,100,7,37,11,3611,3.035,2.087,0.034,0.214,3.481,0.008,REVOKED
core_breakdown,1000,500,100,7,37,12,3612,3.034,2.042,0.024,0.211,3.441,0.006,REVOKED
core_breakdown,1000,500,100,7,37,13,3613,3.432,2.337,0.022,0.232,3.481,0.008,REVOKED
core_breakdown,1000,500,100,7,37,14,3614,3.014,2.054,0.028,0.224,3.33,0.006,REVOKED
core_breakdown,1000,500,100,7,37,15,3615,2.993,2.069,0.029,0.191,3.621,0.007,REVOKED
core_breakdown,1000,500,100,7,37,16,3616,2.953,1.978,0.032,0.185,2.958,0.006,REVOKED
core_breakdown,1000,500,100,7,37,17,3617,2.651,1.814,0.025,0.17,3.841,0.012,REVOKED
core_breakdown,1000,500,100,7,37,18,3618,2.576,1.701,0.025,0.174,2.992,0.006,REVOKED
core_breakdown,1000,500,100,7,37,19,3619,2.634,1.825,0.024,0.172,2.995,0.006,REVOKED
core_breakdown,1000,500,100,7,37,20,3620,2.623,1.791,0.021,0.16,3.015,0.011,REVOKED
core_breakdown,1000,500,100,7,37,21,3621,2.574,1.738,0.026,0.174,3.002,0.008,REVOKED
core_breakdown,1000,500,100,7,37,22,3622,2.668,1.758,0.024,0.18,2.987,0.006,REVOKED
core_breakdown,1000,500,100,7,37,23,3623,2.556,1.737,0.022,0.179,2.99,0.006,REVOKED
core_breakdown,1000,500,100,7,37,24,3624,2.609,1.781,0.027,0.158,3.145,0.006,REVOKED
core_breakdown,1000,500,100,7,37,25,3625,2.538,1.726,0.024,0.171,2.949,0.008,REVOKED
core_breakdown,1000,500,100,7,37,26,3626,2.643,1.802,0.025,0.181,3.009,0.006,REVOKED
core_breakdown,1000,500,100,7,37,27,3627,2.502,1.706,0.023,0.19,3.027,0.006,REVOKED
core_breakdown,1000,500,100,7,37,28,3628,2.565,1.749,0.026,0.188,2.953,0.006,REVOKED
core_breakdown,1000,500,100,7,37,29,3629,2.604,1.794,0.023,0.19,2.974,0.008,REVOKED
core_breakdown,1000,500,100,7,37,30,3630,2.569,1.759,0.022,0.181,2.96,0.006,REVOKED
core_breakdown,1000,500,100,7,37,31,3631,2.562,1.732,0.033,0.172,2.986,0.006,REVOKED
core_breakdown,1000,500,100,7,37,32,3632,2.717,1.779,0.024,0.181,2.845,0.006,REVOKED
core_breakdown,1000,500,100,7,37,33,3633,2.54,1.736,0.02,0.173,2.931,0.006,REVOKED
core_breakdown,1000,500,100,7,37,34,3634,2.631,1.812,0.025,0.169,2.898,0.005,REVOKED
core_breakdown,1000,500,100,7,37,35,3635,2.506,1.729,0.022,0.163,2.931,0.006,REVOKED
core_breakdown,1000,500,100,7,37,36,3636,2.557,1.74,0.026,0.159,2.945,0.005,REVOKED
core_breakdown,1000,500,100,7,37,37,3637,2.621,1.798,0.024,0.178,2.941,0.005,REVOKED
core_breakdown,1000,500,100,7,37,38,3638,2.628,1.812,0.024,0.173,2.965,0.006,REVOKED
core_breakdown,1000,500,100,7,37,39,3639,2.549,1.73,0.02,0.177,3.066,0.006,REVOKED
core_breakdown,1000,500,100,7,37,40,3640,2.53,1.706,0.022,0.171,2.906,0.006,REVOKED
core_breakdown,1000,500,100,7,37,41,3641,2.564,1.772,0.02,0.185,3.01,0.005,REVOKED
core_breakdown,1000,500,100,7,37,42,3642,2.492,1.665,0.023,0.173,2.895,0.007,REVOKED
core_breakdown,1000,500,100,7,37,43,3643,2.551,1.754,0.02,0.167,2.985,0.005,REVOKED
core_breakdown,1000,500,100,7,37,44,3644,2.555,1.726,0.019,0.186,2.947,0.006,REVOKED
core_breakdown,1000,500,100,7,37,45,3645,2.53,1.74,0.025,0.175,2.926,0.006,REVOKED
core_breakdown,1000,500,100,7,37,46,3646,2.571,1.741,0.026,0.176,2.926,0.005,REVOKED
core_breakdown,1000,500,100,7,37,47,3647,2.664,1.744,0.022,0.18,3.033,0.005,REVOKED
core_breakdown,1000,500,100,7,37,48,3648,2.523,1.722,0.024,0.176,2.875,0.006,REVOKED
core_breakdown,1000,500,100,7,37,49,3649,2.518,1.698,0.024,0.178,2.972,0.01,REVOKED
core_breakdown,1000,500,100,7,37,50,3650,2.58,1.741,0.02,0.18,2.868,0.005,REVOKED
core_breakdown,1000,500,100,7,37,51,3651,2.527,1.705,0.024,0.165,2.934,0.005,REVOKED
core_breakdown,1000,500,100,7,37,52,3652,2.601,1.772,0.023,0.165,2.916,0.005,REVOKED
core_breakdown,1000,500,100,7,37,53,3653,2.536,1.721,0.025,0.185,2.972,0.006,REVOKED
core_breakdown,1000,500,100,7,37,54,3654,2.594,1.774,0.024,0.18,3.113,0.006,REVOKED
core_breakdown,1000,500,100,7,37,55,3655,2.602,1.782,0.023,0.162,2.931,0.005,REVOKED
core_breakdown,1000,500,100,7,37,56,3656,2.522,1.708,0.023,0.178,2.944,0.006,REVOKED
core_breakdown,1000,500,100,7,37,57,3657,2.571,1.767,0.024,0.18,2.915,0.006,REVOKED
core_breakdown,1000,500,100,7,37,58,3658,2.587,1.74,0.023,0.179,2.984,0.006,REVOKED
core_breakdown,1000,500,100,7,37,59,3659,2.595,1.768,0.025,0.176,2.933,0.006,REVOKED
core_breakdown,1000,500,100,7,37,60,3660,2.523,1.735,0.022,0.174,2.93,0.006,REVOKED
core_breakdown,1000,500,100,7,37,61,3661,2.588,1.773,0.023,0.18,2.979,0.005,REVOKED
core_breakdown,1000,500,100,7,37,62,3662,2.666,1.763,0.024,0.185,2.922,0.011,REVOKED
core_breakdown,1000,500,100,7,37,63,3663,2.582,1.782,0.022,0.17,2.94,0.006,REVOKED
core_breakdown,1000,500,100,7,37,64,3664,2.561,1.768,0.024,0.169,2.924,0.005,REVOKED
core_breakdown,1000,500,100,7,37,65,3665,2.519,1.695,0.022,0.17,2.968,0.006,REVOKED
core_breakdown,1000,500,100,7,37,66,3666,2.738,1.921,0.021,0.198,3.25,0.006,REVOKED
core_breakdown,1000,500,100,7,37,67,3667,2.928,2.037,0.022,0.194,3.26,0.006,REVOKED
core_breakdown,1000,500,100,7,37,68,3668,2.922,2.021,0.021,0.192,3.312,0.007,REVOKED
core_breakdown,1000,500,100,7,37,69,3669,2.757,1.839,0.022,0.168,2.992,0.006,REVOKED
core_breakdown,1000,500,100,7,37,70,3670,2.483,1.698,0.021,0.174,2.881,0.006,REVOKED
core_breakdown,1000,500,100,7,37,71,3671,2.541,1.762,0.021,0.183,2.992,0.006,REVOKED
core_breakdown,1000,500,100,7,37,72,3672,2.631,1.785,0.028,0.171,3.028,0.006,REVOKED
core_breakdown,1000,500,100,7,37,73,3673,2.604,1.763,0.021,0.17,3.0,0.006,REVOKED
core_breakdown,1000,500,100,7,37,74,3674,2.538,1.759,0.021,0.177,2.947,0.006,REVOKED
core_breakdown,1000,500,100,7,37,75,3675,2.54,1.734,0.025,0.161,2.972,0.007,REVOKED
core_breakdown,1000,500,100,7,37,76,3676,2.573,1.785,0.023,0.198,3.299,0.006,REVOKED
core_breakdown,1000,500,100,7,37,77,3677,2.812,1.905,0.031,0.191,3.03,0.008,REVOKED
core_breakdown,1000,500,100,7,37,78,3678,2.715,1.914,0.029,0.199,3.188,0.008,REVOKED
core_breakdown,1000,500,100,7,37,79,3679,2.725,1.878,0.023,0.178,3.187,0.006,REVOKED
core_breakdown,1000,500,100,7,37,80,3680,2.716,1.873,0.029,0.185,3.111,0.006,REVOKED
core_breakdown,1000,500,100,7,37,81,3681,2.772,1.886,0.027,0.185,3.179,0.006,REVOKED
core_breakdown,1000,500,100,7,37,82,3682,2.711,1.832,0.028,0.182,3.317,0.009,REVOKED
core_breakdown,1000,500,100,7,37,83,3683,2.644,1.812,0.025,0.201,3.016,0.007,REVOKED
core_breakdown,1000,500,100,7,37,84,3684,2.653,1.834,0.026,0.19,3.061,0.006,REVOKED
core_breakdown,1000,500,100,7,37,85,3685,2.617,1.791,0.027,0.168,3.005,0.007,REVOKED
core_breakdown,1000,500,100,7,37,86,3686,2.57,1.762,0.023,0.176,2.967,0.006,REVOKED
core_breakdown,1000,500,100,7,37,87,3687,2.554,1.736,0.025,0.176,3.108,0.006,REVOKED
core_breakdown,1000,500,100,7,37,88,3688,2.604,1.751,0.024,0.189,2.945,0.007,REVOKED
core_breakdown,1000,500,100,7,37,89,3689,2.582,1.722,0.032,0.18,2.946,0.006,REVOKED
core_breakdown,1000,500,100,7,37,90,3690,2.598,1.732,0.024,0.17,2.973,0.008,REVOKED
core_breakdown,1000,500,100,7,37,91,3691,2.689,1.845,0.024,0.177,2.913,0.006,REVOKED
core_breakdown,1000,500,100,7,37,92,3692,2.735,1.899,0.027,0.179,2.971,0.008,REVOKED
core_breakdown,1000,500,100,7,37,93,3693,2.504,1.726,0.025,0.187,2.925,0.006,REVOKED
core_breakdown,1000,500,100,7,37,94,3694,2.549,1.718,0.023,0.196,2.969,0.005,REVOKED
core_breakdown,1000,500,100,7,37,95,3695,2.576,1.769,0.024,0.178,2.943,0.007,REVOKED
core_breakdown,1000,500,100,7,37,96,3696,2.541,1.731,0.024,0.185,2.938,0.007,REVOKED
core_breakdown,1000,500,100,7,37,97,3697,2.532,1.735,0.023,0.172,2.924,0.017,REVOKED
core_breakdown,1000,500,100,7,37,98,3698,2.573,1.76,0.024,0.179,2.885,0.007,REVOKED
core_breakdown,1000,500,100,7,37,99,3699,2.603,1.792,0.024,0.168,3.004,0.006,REVOKED
core_breakdown,1000,500,100,7,37,100,3700,2.59,1.763,0.021,0.183,2.943,0.005,REVOKED
core_breakdown,1000,500,100,8,38,1,3701,5.467,3.399,0.249,0.383,5.35,0.043,REVOKED
core_breakdown,1000,500,100,8,38,2,3702,3.929,2.627,0.096,0.255,3.855,0.022,REVOKED
core_breakdown,1000,500,100,8,38,3,3703,3.294,2.248,0.059,0.227,3.639,0.014,REVOKED
core_breakdown,1000,500,100,8,38,4,3704,3.114,2.111,0.045,0.238,3.718,0.017,REVOKED
core_breakdown,1000,500,100,8,38,5,3705,3.075,2.031,0.075,0.235,3.729,0.013,REVOKED
core_breakdown,1000,500,100,8,38,6,3706,3.195,2.188,0.049,0.215,3.501,0.006,REVOKED
core_breakdown,1000,500,100,8,38,7,3707,3.076,2.106,0.026,0.205,3.382,0.007,REVOKED
core_breakdown,1000,500,100,8,38,8,3708,2.955,2.003,0.023,0.2,3.391,0.006,REVOKED
core_breakdown,1000,500,100,8,38,9,3709,3.081,2.142,0.027,0.241,3.447,0.007,REVOKED
core_breakdown,1000,500,100,8,38,10,3710,3.007,2.048,0.022,0.209,3.399,0.006,REVOKED
core_breakdown,1000,500,100,8,38,11,3711,2.98,2.027,0.025,0.201,3.366,0.007,REVOKED
core_breakdown,1000,500,100,8,38,12,3712,2.961,2.001,0.024,0.217,3.32,0.006,REVOKED
core_breakdown,1000,500,100,8,38,13,3713,2.978,2.022,0.024,0.208,3.42,0.008,REVOKED
core_breakdown,1000,500,100,8,38,14,3714,2.94,2.002,0.021,0.206,3.309,0.005,REVOKED
core_breakdown,1000,500,100,8,38,15,3715,2.858,1.943,0.018,0.212,3.43,0.006,REVOKED
core_breakdown,1000,500,100,8,38,16,3716,2.937,1.989,0.019,0.214,3.232,0.006,REVOKED
core_breakdown,1000,500,100,8,38,17,3717,2.895,1.982,0.023,0.205,3.023,0.006,REVOKED
core_breakdown,1000,500,100,8,38,18,3718,2.549,1.726,0.023,0.195,2.837,0.006,REVOKED
core_breakdown,1000,500,100,8,38,19,3719,2.505,1.727,0.025,0.18,2.903,0.006,REVOKED
core_breakdown,1000,500,100,8,38,20,3720,2.523,1.723,0.02,0.177,2.902,0.008,REVOKED
core_breakdown,1000,500,100,8,38,21,3721,2.501,1.7,0.021,0.192,2.914,0.005,REVOKED
core_breakdown,1000,500,100,8,38,22,3722,2.623,1.826,0.025,0.163,2.898,0.006,REVOKED
core_breakdown,1000,500,100,8,38,23,3723,2.499,1.726,0.023,0.17,2.88,0.006,REVOKED
core_breakdown,1000,500,100,8,38,24,3724,2.476,1.683,0.021,0.196,2.757,0.007,REVOKED
core_breakdown,1000,500,100,8,38,25,3725,2.531,1.717,0.021,0.174,2.898,0.009,REVOKED
core_breakdown,1000,500,100,8,38,26,3726,2.557,1.737,0.021,0.17,2.893,0.006,REVOKED
core_breakdown,1000,500,100,8,38,27,3727,2.464,1.707,0.028,0.169,2.877,0.006,REVOKED
core_breakdown,1000,500,100,8,38,28,3728,2.663,1.831,0.025,0.169,2.854,0.006,REVOKED
core_breakdown,1000,500,100,8,38,29,3729,2.541,1.76,0.027,0.176,2.879,0.006,REVOKED
core_breakdown,1000,500,100,8,38,30,3730,2.522,1.726,0.024,0.171,2.981,0.008,REVOKED
core_breakdown,1000,500,100,8,38,31,3731,2.476,1.701,0.022,0.185,2.873,0.005,REVOKED
core_breakdown,1000,500,100,8,38,32,3732,2.501,1.694,0.026,0.172,2.88,0.005,REVOKED
core_breakdown,1000,500,100,8,38,33,3733,2.491,1.701,0.024,0.172,2.843,0.005,REVOKED
core_breakdown,1000,500,100,8,38,34,3734,2.616,1.755,0.026,0.186,2.98,0.006,REVOKED
core_breakdown,1000,500,100,8,38,35,3735,2.54,1.752,0.024,0.171,2.925,0.007,REVOKED
core_breakdown,1000,500,100,8,38,36,3736,2.547,1.711,0.025,0.199,2.904,0.006,REVOKED
core_breakdown,1000,500,100,8,38,37,3737,2.495,1.709,0.025,0.179,2.909,0.006,REVOKED
core_breakdown,1000,500,100,8,38,38,3738,2.592,1.757,0.021,0.171,3.028,0.006,REVOKED
core_breakdown,1000,500,100,8,38,39,3739,2.472,1.709,0.022,0.173,2.981,0.005,REVOKED
core_breakdown,1000,500,100,8,38,40,3740,2.478,1.704,0.022,0.177,2.809,0.005,REVOKED
core_breakdown,1000,500,100,8,38,41,3741,2.478,1.702,0.02,0.168,2.898,0.008,REVOKED
core_breakdown,1000,500,100,8,38,42,3742,2.506,1.721,0.023,0.171,2.87,0.006,REVOKED
core_breakdown,1000,500,100,8,38,43,3743,2.461,1.675,0.029,0.16,2.846,0.006,REVOKED
core_breakdown,1000,500,100,8,38,44,3744,2.536,1.721,0.023,0.18,2.873,0.006,REVOKED
core_breakdown,1000,500,100,8,38,45,3745,2.495,1.681,0.021,0.168,2.856,0.006,REVOKED
core_breakdown,1000,500,100,8,38,46,3746,2.492,1.698,0.025,0.177,2.917,0.006,REVOKED
core_breakdown,1000,500,100,8,38,47,3747,2.514,1.71,0.021,0.171,2.869,0.006,REVOKED
core_breakdown,1000,500,100,8,38,48,3748,2.49,1.701,0.02,0.166,2.857,0.007,REVOKED
core_breakdown,1000,500,100,8,38,49,3749,2.583,1.777,0.02,0.172,2.98,0.012,REVOKED
core_breakdown,1000,500,100,8,38,50,3750,2.614,1.785,0.023,0.19,2.992,0.005,REVOKED
core_breakdown,1000,500,100,8,38,51,3751,2.579,1.734,0.026,0.173,2.998,0.006,REVOKED
core_breakdown,1000,500,100,8,38,52,3752,2.701,1.815,0.021,0.24,3.129,0.008,REVOKED
core_breakdown,1000,500,100,8,38,53,3753,2.558,1.734,0.026,0.197,3.047,0.005,REVOKED
core_breakdown,1000,500,100,8,38,54,3754,2.632,1.802,0.023,0.177,2.963,0.006,REVOKED
core_breakdown,1000,500,100,8,38,55,3755,2.603,1.781,0.027,0.188,3.001,0.006,REVOKED
core_breakdown,1000,500,100,8,38,56,3756,2.624,1.783,0.025,0.175,2.906,0.006,REVOKED
core_breakdown,1000,500,100,8,38,57,3757,2.611,1.792,0.022,0.17,2.994,0.006,REVOKED
core_breakdown,1000,500,100,8,38,58,3758,2.581,1.783,0.023,0.174,2.896,0.006,REVOKED
core_breakdown,1000,500,100,8,38,59,3759,2.608,1.784,0.02,0.177,2.938,0.005,REVOKED
core_breakdown,1000,500,100,8,38,60,3760,2.555,1.735,0.026,0.172,2.96,0.006,REVOKED
core_breakdown,1000,500,100,8,38,61,3761,2.573,1.769,0.02,0.186,2.967,0.006,REVOKED
core_breakdown,1000,500,100,8,38,62,3762,2.619,1.786,0.023,0.176,2.923,0.007,REVOKED
core_breakdown,1000,500,100,8,38,63,3763,2.674,1.836,0.02,0.174,2.947,0.005,REVOKED
core_breakdown,1000,500,100,8,38,64,3764,2.635,1.789,0.022,0.174,2.891,0.006,REVOKED
core_breakdown,1000,500,100,8,38,65,3765,2.646,1.797,0.025,0.208,2.973,0.005,REVOKED
core_breakdown,1000,500,100,8,38,66,3766,2.556,1.743,0.025,0.172,2.927,0.006,REVOKED
core_breakdown,1000,500,100,8,38,67,3767,2.795,1.859,0.026,0.206,3.481,0.008,REVOKED
core_breakdown,1000,500,100,8,38,68,3768,2.848,1.931,0.025,0.2,3.316,0.008,REVOKED
core_breakdown,1000,500,100,8,38,69,3769,3.086,2.197,0.031,0.211,3.322,0.009,REVOKED
core_breakdown,1000,500,100,8,38,70,3770,2.884,1.914,0.035,0.206,3.255,0.008,REVOKED
core_breakdown,1000,500,100,8,38,71,3771,2.511,1.755,0.032,0.153,3.207,0.008,REVOKED
core_breakdown,1000,500,100,8,38,72,3772,2.892,1.833,0.031,0.176,3.194,0.008,REVOKED
core_breakdown,1000,500,100,8,38,73,3773,3.29,2.186,0.033,0.187,3.296,0.008,REVOKED
core_breakdown,1000,500,100,8,38,74,3774,2.962,2.047,0.033,0.205,3.452,0.007,REVOKED
core_breakdown,1000,500,100,8,38,75,3775,2.972,2.086,0.032,0.234,3.92,0.007,REVOKED
core_breakdown,1000,500,100,8,38,76,3776,2.968,2.03,0.033,0.234,3.37,0.007,REVOKED
core_breakdown,1000,500,100,8,38,77,3777,2.901,2.017,0.033,0.186,3.533,0.007,REVOKED
core_breakdown,1000,500,100,8,38,78,3778,3.375,2.257,0.037,0.222,3.64,0.008,REVOKED
core_breakdown,1000,500,100,8,38,79,3779,3.084,2.112,0.035,0.184,3.789,0.008,REVOKED
core_breakdown,1000,500,100,8,38,80,3780,3.529,2.385,0.036,0.244,3.721,0.009,REVOKED
core_breakdown,1000,500,100,8,38,81,3781,3.654,2.392,0.038,0.199,3.137,0.008,REVOKED
core_breakdown,1000,500,100,8,38,82,3782,2.648,1.808,0.029,0.182,3.107,0.025,REVOKED
core_breakdown,1000,500,100,8,38,83,3783,2.659,1.783,0.025,0.173,3.011,0.007,REVOKED
core_breakdown,1000,500,100,8,38,84,3784,2.58,1.798,0.022,0.179,3.003,0.007,REVOKED
core_breakdown,1000,500,100,8,38,85,3785,2.557,1.723,0.032,0.175,2.898,0.006,REVOKED
core_breakdown,1000,500,100,8,38,86,3786,2.565,1.741,0.027,0.179,2.934,0.006,REVOKED
core_breakdown,1000,500,100,8,38,87,3787,2.643,1.844,0.024,0.173,3.013,0.009,REVOKED
core_breakdown,1000,500,100,8,38,88,3788,2.693,1.856,0.026,0.191,2.935,0.006,REVOKED
core_breakdown,1000,500,100,8,38,89,3789,2.645,1.814,0.024,0.175,2.887,0.006,REVOKED
core_breakdown,1000,500,100,8,38,90,3790,2.586,1.778,0.022,0.174,2.951,0.006,REVOKED
core_breakdown,1000,500,100,8,38,91,3791,2.488,1.704,0.028,0.172,2.923,0.006,REVOKED
core_breakdown,1000,500,100,8,38,92,3792,2.607,1.799,0.022,0.182,2.912,0.006,REVOKED
core_breakdown,1000,500,100,8,38,93,3793,2.546,1.738,0.025,0.186,2.918,0.006,REVOKED
core_breakdown,1000,500,100,8,38,94,3794,2.501,1.695,0.022,0.174,3.002,0.006,REVOKED
core_breakdown,1000,500,100,8,38,95,3795,2.545,1.742,0.022,0.161,2.91,0.005,REVOKED
core_breakdown,1000,500,100,8,38,96,3796,2.566,1.743,0.023,0.179,2.938,0.006,REVOKED
core_breakdown,1000,500,100,8,38,97,3797,2.66,1.826,0.024,0.19,3.122,0.017,REVOKED
core_breakdown,1000,500,100,8,38,98,3798,2.691,1.819,0.026,0.166,3.079,0.007,REVOKED
core_breakdown,1000,500,100,8,38,99,3799,2.621,1.747,0.025,0.188,3.051,0.006,REVOKED
core_breakdown,1000,500,100,8,38,100,3800,2.611,1.75,0.023,0.18,2.872,0.005,REVOKED
core_breakdown,1000,500,100,9,39,1,3801,5.88,3.612,0.281,0.441,6.437,0.049,REVOKED
core_breakdown,1000,500,100,9,39,2,3802,6.012,3.918,0.096,0.328,5.575,0.025,REVOKED
core_breakdown,1000,500,100,9,39,3,3803,4.192,2.835,0.044,0.275,4.304,0.013,REVOKED
core_breakdown,1000,500,100,9,39,4,3804,3.783,2.571,0.037,0.246,4.099,0.009,REVOKED
core_breakdown,1000,500,100,9,39,5,3805,3.697,2.491,0.038,0.261,4.085,0.01,REVOKED
core_breakdown,1000,500,100,9,39,6,3806,3.736,2.531,0.045,0.25,4.064,0.009,REVOKED
core_breakdown,1000,500,100,9,39,7,3807,3.644,2.478,0.041,0.248,4.018,0.01,REVOKED
core_breakdown,1000,500,100,9,39,8,3808,3.685,2.516,0.044,0.252,4.2,0.012,REVOKED
core_breakdown,1000,500,100,9,39,9,3809,3.705,2.511,0.048,0.242,3.992,0.01,REVOKED
core_breakdown,1000,500,100,9,39,10,3810,3.696,2.53,0.05,0.244,4.115,0.012,REVOKED
core_breakdown,1000,500,100,9,39,11,3811,3.709,2.515,0.044,0.233,4.086,0.015,REVOKED
core_breakdown,1000,500,100,9,39,12,3812,3.607,2.386,0.056,0.224,3.867,0.008,REVOKED
core_breakdown,1000,500,100,9,39,13,3813,3.454,2.371,0.033,0.218,3.775,0.012,REVOKED
core_breakdown,1000,500,100,9,39,14,3814,3.723,2.586,0.077,0.256,3.74,0.014,REVOKED
core_breakdown,1000,500,100,9,39,15,3815,3.073,2.062,0.033,0.219,3.355,0.009,REVOKED
core_breakdown,1000,500,100,9,39,16,3816,2.838,1.923,0.023,0.196,3.032,0.006,REVOKED
core_breakdown,1000,500,100,9,39,17,3817,2.654,1.8,0.034,0.16,3.063,0.007,REVOKED
core_breakdown,1000,500,100,9,39,18,3818,2.694,1.853,0.026,0.18,3.018,0.007,REVOKED
core_breakdown,1000,500,100,9,39,19,3819,2.54,1.703,0.029,0.193,2.999,0.011,REVOKED
core_breakdown,1000,500,100,9,39,20,3820,2.571,1.757,0.024,0.175,2.959,0.006,REVOKED
core_breakdown,1000,500,100,9,39,21,3821,2.566,1.732,0.025,0.18,2.981,0.006,REVOKED
core_breakdown,1000,500,100,9,39,22,3822,2.565,1.752,0.023,0.208,3.238,0.006,REVOKED
core_breakdown,1000,500,100,9,39,23,3823,2.772,1.865,0.029,0.168,2.951,0.006,REVOKED
core_breakdown,1000,500,100,9,39,24,3824,2.527,1.716,0.023,0.186,3.329,0.006,REVOKED
core_breakdown,1000,500,100,9,39,25,3825,3.009,2.057,0.029,0.205,3.281,0.009,REVOKED
core_breakdown,1000,500,100,9,39,26,3826,2.989,2.019,0.026,0.191,3.297,0.006,REVOKED
core_breakdown,1000,500,100,9,39,27,3827,2.979,2.032,0.027,0.19,3.355,0.005,REVOKED
core_breakdown,1000,500,100,9,39,28,3828,3.684,2.034,0.029,0.192,3.314,0.006,REVOKED
core_breakdown,1000,500,100,9,39,29,3829,2.996,2.078,0.026,0.193,3.379,0.005,REVOKED
core_breakdown,1000,500,100,9,39,30,3830,2.969,2.038,0.025,0.194,3.358,0.006,REVOKED
core_breakdown,1000,500,100,9,39,31,3831,2.937,2.003,0.022,0.206,3.325,0.008,REVOKED
core_breakdown,1000,500,100,9,39,32,3832,3.016,2.057,0.026,0.193,3.363,0.005,REVOKED
core_breakdown,1000,500,100,9,39,33,3833,2.944,2.006,0.024,0.199,3.375,0.005,REVOKED
core_breakdown,1000,500,100,9,39,34,3834,2.899,1.997,0.023,0.192,3.266,0.007,REVOKED
core_breakdown,1000,500,100,9,39,35,3835,2.959,2.03,0.02,0.19,3.347,0.006,REVOKED
core_breakdown,1000,500,100,9,39,36,3836,2.929,2.018,0.025,0.187,3.294,0.005,REVOKED
core_breakdown,1000,500,100,9,39,37,3837,3.013,2.042,0.024,0.197,3.333,0.006,REVOKED
core_breakdown,1000,500,100,9,39,38,3838,2.991,2.059,0.025,0.197,3.199,0.005,REVOKED
core_breakdown,1000,500,100,9,39,39,3839,2.94,2.019,0.024,0.193,3.235,0.007,REVOKED
core_breakdown,1000,500,100,9,39,40,3840,2.922,2.016,0.024,0.196,3.248,0.006,REVOKED
core_breakdown,1000,500,100,9,39,41,3841,2.948,1.988,0.022,0.216,3.282,0.006,REVOKED
core_breakdown,1000,500,100,9,39,42,3842,2.953,2.008,0.024,0.188,3.205,0.005,REVOKED
core_breakdown,1000,500,100,9,39,43,3843,2.931,1.991,0.024,0.189,3.258,0.007,REVOKED
core_breakdown,1000,500,100,9,39,44,3844,2.911,2.003,0.021,0.202,3.429,0.006,REVOKED
core_breakdown,1000,500,100,9,39,45,3845,2.926,2.014,0.024,0.192,3.32,0.005,REVOKED
core_breakdown,1000,500,100,9,39,46,3846,2.911,2.023,0.023,0.191,3.307,0.007,REVOKED
core_breakdown,1000,500,100,9,39,47,3847,2.894,1.987,0.023,0.198,3.204,0.006,REVOKED
core_breakdown,1000,500,100,9,39,48,3848,2.918,1.994,0.024,0.197,3.233,0.006,REVOKED
core_breakdown,1000,500,100,9,39,49,3849,2.941,2.047,0.023,0.19,3.325,0.01,REVOKED
core_breakdown,1000,500,100,9,39,50,3850,2.973,2.028,0.02,0.191,3.268,0.006,REVOKED
core_breakdown,1000,500,100,9,39,51,3851,2.94,2.019,0.019,0.176,3.261,0.006,REVOKED
core_breakdown,1000,500,100,9,39,52,3852,2.999,2.062,0.025,0.205,3.263,0.006,REVOKED
core_breakdown,1000,500,100,9,39,53,3853,2.93,2.001,0.023,0.189,3.309,0.007,REVOKED
core_breakdown,1000,500,100,9,39,54,3854,2.941,2.015,0.021,0.191,3.353,0.006,REVOKED
core_breakdown,1000,500,100,9,39,55,3855,2.985,2.063,0.025,0.199,3.355,0.005,REVOKED
core_breakdown,1000,500,100,9,39,56,3856,2.939,1.985,0.024,0.192,3.268,0.005,REVOKED
core_breakdown,1000,500,100,9,39,57,3857,2.891,1.996,0.021,0.198,3.291,0.005,REVOKED
core_breakdown,1000,500,100,9,39,58,3858,2.936,2.013,0.022,0.211,3.266,0.005,REVOKED
core_breakdown,1000,500,100,9,39,59,3859,2.979,2.035,0.022,0.198,3.245,0.006,REVOKED
core_breakdown,1000,500,100,9,39,60,3860,2.94,2.026,0.02,0.197,3.258,0.006,REVOKED
core_breakdown,1000,500,100,9,39,61,3861,2.942,1.992,0.021,0.192,3.335,0.007,REVOKED
core_breakdown,1000,500,100,9,39,62,3862,2.978,2.056,0.023,0.206,3.289,0.005,REVOKED
core_breakdown,1000,500,100,9,39,63,3863,2.933,2.017,0.024,0.206,3.322,0.006,REVOKED
core_breakdown,1000,500,100,9,39,64,3864,2.956,2.022,0.024,0.2,3.321,0.005,REVOKED
core_breakdown,1000,500,100,9,39,65,3865,2.893,2.032,0.026,0.193,3.364,0.006,REVOKED
core_breakdown,1000,500,100,9,39,66,3866,2.976,2.029,0.022,0.198,3.31,0.006,REVOKED
core_breakdown,1000,500,100,9,39,67,3867,2.89,1.988,0.025,0.227,3.226,0.006,REVOKED
core_breakdown,1000,500,100,9,39,68,3868,2.918,2.002,0.021,0.207,3.249,0.008,REVOKED
core_breakdown,1000,500,100,9,39,69,3869,2.927,2.008,0.02,0.191,3.311,0.006,REVOKED
core_breakdown,1000,500,100,9,39,70,3870,2.945,2.0,0.026,0.193,3.306,0.013,REVOKED
core_breakdown,1000,500,100,9,39,71,3871,2.961,2.023,0.019,0.191,3.34,0.005,REVOKED
core_breakdown,1000,500,100,9,39,72,3872,2.929,2.008,0.023,0.216,3.328,0.005,REVOKED
core_breakdown,1000,500,100,9,39,73,3873,2.902,1.985,0.023,0.194,3.271,0.006,REVOKED
core_breakdown,1000,500,100,9,39,74,3874,2.939,2.027,0.025,0.207,3.279,0.006,REVOKED
core_breakdown,1000,500,100,9,39,75,3875,3.046,2.11,0.021,0.202,3.222,0.006,REVOKED
core_breakdown,1000,500,100,9,39,76,3876,2.979,2.062,0.025,0.208,3.439,0.005,REVOKED
core_breakdown,1000,500,100,9,39,77,3877,2.962,2.03,0.024,0.191,3.354,0.006,REVOKED
core_breakdown,1000,500,100,9,39,78,3878,2.924,2.007,0.025,0.202,3.301,0.006,REVOKED
core_breakdown,1000,500,100,9,39,79,3879,2.937,2.003,0.022,0.189,3.329,0.005,REVOKED
core_breakdown,1000,500,100,9,39,80,3880,2.924,2.031,0.024,0.186,3.401,0.012,REVOKED
core_breakdown,1000,500,100,9,39,81,3881,2.929,1.998,0.02,0.204,3.301,0.006,REVOKED
core_breakdown,1000,500,100,9,39,82,3882,2.865,1.945,0.02,0.187,3.317,0.005,REVOKED
core_breakdown,1000,500,100,9,39,83,3883,2.933,2.037,0.024,0.2,3.322,0.006,REVOKED
core_breakdown,1000,500,100,9,39,84,3884,3.076,2.094,0.023,0.196,3.253,0.005,REVOKED
core_breakdown,1000,500,100,9,39,85,3885,2.982,2.04,0.022,0.19,3.259,0.007,REVOKED
core_breakdown,1000,500,100,9,39,86,3886,2.949,1.992,0.026,0.221,3.26,0.006,REVOKED
core_breakdown,1000,500,100,9,39,87,3887,2.971,2.046,0.021,0.197,3.23,0.006,REVOKED
core_breakdown,1000,500,100,9,39,88,3888,2.954,2.026,0.021,0.194,3.221,0.007,REVOKED
core_breakdown,1000,500,100,9,39,89,3889,2.911,1.987,0.023,0.201,3.254,0.007,REVOKED
core_breakdown,1000,500,100,9,39,90,3890,2.893,1.932,0.025,0.2,3.291,0.006,REVOKED
core_breakdown,1000,500,100,9,39,91,3891,2.907,1.979,0.022,0.199,3.339,0.006,REVOKED
core_breakdown,1000,500,100,9,39,92,3892,2.944,2.038,0.022,0.198,3.274,0.006,REVOKED
core_breakdown,1000,500,100,9,39,93,3893,2.928,2.01,0.025,0.192,3.449,0.006,REVOKED
core_breakdown,1000,500,100,9,39,94,3894,3.011,2.029,0.024,0.192,3.026,0.005,REVOKED
core_breakdown,1000,500,100,9,39,95,3895,2.54,1.758,0.024,0.173,2.905,0.006,REVOKED
core_breakdown,1000,500,100,9,39,96,3896,2.962,2.059,0.025,0.191,3.336,0.005,REVOKED
core_breakdown,1000,500,100,9,39,97,3897,2.951,2.007,0.021,0.195,3.396,0.021,REVOKED
core_breakdown,1000,500,100,9,39,98,3898,2.973,2.03,0.026,0.208,3.248,0.005,REVOKED
core_breakdown,1000,500,100,9,39,99,3899,2.944,2.004,0.024,0.196,3.395,0.006,REVOKED
core_breakdown,1000,500,100,9,39,100,3900,2.941,2.011,0.024,0.191,3.253,0.005,REVOKED
core_breakdown,1000,500,100,10,40,1,3901,6.589,4.068,0.265,0.448,7.729,0.047,REVOKED
core_breakdown,1000,500,100,10,40,2,3902,5.971,4.116,0.118,0.314,5.786,0.025,REVOKED
core_breakdown,1000,500,100,10,40,3,3903,4.547,2.988,0.096,0.318,4.789,0.021,REVOKED
core_breakdown,1000,500,100,10,40,4,3904,4.724,3.333,0.095,0.233,5.129,0.021,REVOKED
core_breakdown,1000,500,100,10,40,5,3905,4.28,2.814,0.058,0.23,4.305,0.009,REVOKED
core_breakdown,1000,500,100,10,40,6,3906,3.598,2.435,0.041,0.236,4.013,0.008,REVOKED
core_breakdown,1000,500,100,10,40,7,3907,3.665,2.469,0.042,0.244,3.994,0.008,REVOKED
core_breakdown,1000,500,100,10,40,8,3908,3.628,2.486,0.035,0.248,3.752,0.007,REVOKED
core_breakdown,1000,500,100,10,40,9,3909,3.376,2.304,0.031,0.222,4.091,0.009,REVOKED
core_breakdown,1000,500,100,10,40,10,3910,3.48,2.378,0.036,0.236,3.773,0.007,REVOKED
core_breakdown,1000,500,100,10,40,11,3911,3.39,2.282,0.036,0.246,3.75,0.016,REVOKED
core_breakdown,1000,500,100,10,40,12,3912,3.069,2.061,0.053,0.213,3.315,0.007,REVOKED
core_breakdown,1000,500,100,10,40,13,3913,2.992,2.01,0.037,0.196,3.459,0.008,REVOKED
core_breakdown,1000,500,100,10,40,14,3914,2.948,2.027,0.027,0.201,3.317,0.008,REVOKED
core_breakdown,1000,500,100,10,40,15,3915,2.984,2.076,0.025,0.195,3.346,0.005,REVOKED
core_breakdown,1000,500,100,10,40,16,3916,2.958,2.009,0.023,0.198,3.329,0.007,REVOKED
core_breakdown,1000,500,100,10,40,17,3917,2.969,2.042,0.023,0.199,3.361,0.005,REVOKED
core_breakdown,1000,500,100,10,40,18,3918,3.058,2.035,0.024,0.188,3.348,0.006,REVOKED
core_breakdown,1000,500,100,10,40,19,3919,2.928,2.007,0.028,0.191,3.342,0.006,REVOKED
core_breakdown,1000,500,100,10,40,20,3920,2.927,2.004,0.022,0.204,3.35,0.006,REVOKED
core_breakdown,1000,500,100,10,40,21,3921,2.974,2.028,0.024,0.203,3.275,0.006,REVOKED
core_breakdown,1000,500,100,10,40,22,3922,2.981,2.023,0.033,0.192,3.313,0.006,REVOKED
core_breakdown,1000,500,100,10,40,23,3923,2.974,2.044,0.025,0.198,3.312,0.011,REVOKED
core_breakdown,1000,500,100,10,40,24,3924,2.876,1.971,0.023,0.202,3.449,0.007,REVOKED
core_breakdown,1000,500,100,10,40,25,3925,2.956,2.031,0.023,0.202,3.389,0.01,REVOKED
core_breakdown,1000,500,100,10,40,26,3926,2.983,2.048,0.024,0.193,3.346,0.005,REVOKED
core_breakdown,1000,500,100,10,40,27,3927,2.9,1.986,0.024,0.197,3.368,0.006,REVOKED
core_breakdown,1000,500,100,10,40,28,3928,2.936,1.997,0.02,0.188,3.257,0.005,REVOKED
core_breakdown,1000,500,100,10,40,29,3929,2.92,2.014,0.019,0.194,3.288,0.006,REVOKED
core_breakdown,1000,500,100,10,40,30,3930,2.978,2.063,0.024,0.196,3.272,0.006,REVOKED
core_breakdown,1000,500,100,10,40,31,3931,2.98,2.026,0.021,0.196,3.349,0.006,REVOKED
core_breakdown,1000,500,100,10,40,32,3932,2.939,1.989,0.026,0.201,3.296,0.006,REVOKED
core_breakdown,1000,500,100,10,40,33,3933,2.93,2.009,0.022,0.201,3.358,0.005,REVOKED
core_breakdown,1000,500,100,10,40,34,3934,2.951,2.012,0.019,0.206,3.481,0.006,REVOKED
core_breakdown,1000,500,100,10,40,35,3935,2.951,2.014,0.028,0.203,3.31,0.007,REVOKED
core_breakdown,1000,500,100,10,40,36,3936,2.982,2.046,0.023,0.199,3.281,0.006,REVOKED
core_breakdown,1000,500,100,10,40,37,3937,2.896,1.959,0.022,0.199,3.312,0.006,REVOKED
core_breakdown,1000,500,100,10,40,38,3938,2.945,2.023,0.024,0.202,3.341,0.006,REVOKED
core_breakdown,1000,500,100,10,40,39,3939,2.939,2.019,0.03,0.194,3.35,0.006,REVOKED
core_breakdown,1000,500,100,10,40,40,3940,2.891,1.968,0.022,0.221,3.27,0.006,REVOKED
core_breakdown,1000,500,100,10,40,41,3941,2.941,2.013,0.022,0.196,3.281,0.006,REVOKED
core_breakdown,1000,500,100,10,40,42,3942,2.909,1.986,0.024,0.194,3.276,0.007,REVOKED
core_breakdown,1000,500,100,10,40,43,3943,2.916,2.01,0.022,0.188,3.323,0.006,REVOKED
core_breakdown,1000,500,100,10,40,44,3944,2.983,2.028,0.025,0.207,3.239,0.006,REVOKED
core_breakdown,1000,500,100,10,40,45,3945,2.965,2.054,0.022,0.195,3.305,0.006,REVOKED
core_breakdown,1000,500,100,10,40,46,3946,2.942,2.02,0.022,0.188,3.251,0.008,REVOKED
core_breakdown,1000,500,100,10,40,47,3947,2.996,2.062,0.023,0.187,3.334,0.006,REVOKED
core_breakdown,1000,500,100,10,40,48,3948,2.925,2.01,0.023,0.195,3.306,0.006,REVOKED
core_breakdown,1000,500,100,10,40,49,3949,2.948,2.038,0.022,0.202,3.641,0.012,REVOKED
core_breakdown,1000,500,100,10,40,50,3950,3.418,2.21,0.038,0.228,3.415,0.007,REVOKED
core_breakdown,1000,500,100,10,40,51,3951,2.931,1.989,0.029,0.199,3.323,0.007,REVOKED
core_breakdown,1000,500,100,10,40,52,3952,2.941,2.038,0.024,0.195,3.309,0.006,REVOKED
core_breakdown,1000,500,100,10,40,53,3953,2.957,2.025,0.025,0.195,3.307,0.006,REVOKED
core_breakdown,1000,500,100,10,40,54,3954,2.906,1.986,0.023,0.189,3.246,0.006,REVOKED
core_breakdown,1000,500,100,10,40,55,3955,2.88,1.968,0.028,0.188,3.298,0.006,REVOKED
core_breakdown,1000,500,100,10,40,56,3956,2.987,2.057,0.021,0.189,3.219,0.006,REVOKED
core_breakdown,1000,500,100,10,40,57,3957,2.947,2.033,0.039,0.226,3.269,0.006,REVOKED
core_breakdown,1000,500,100,10,40,58,3958,2.884,1.977,0.023,0.2,3.305,0.006,REVOKED
core_breakdown,1000,500,100,10,40,59,3959,2.921,1.992,0.023,0.172,3.291,0.014,REVOKED
core_breakdown,1000,500,100,10,40,60,3960,2.873,1.988,0.023,0.201,3.262,0.005,REVOKED
core_breakdown,1000,500,100,10,40,61,3961,2.911,1.981,0.02,0.184,3.271,0.006,REVOKED
core_breakdown,1000,500,100,10,40,62,3962,2.896,1.976,0.02,0.191,3.299,0.006,REVOKED
core_breakdown,1000,500,100,10,40,63,3963,2.916,1.955,0.028,0.2,3.226,0.006,REVOKED
core_breakdown,1000,500,100,10,40,64,3964,2.897,1.963,0.024,0.2,3.204,0.006,REVOKED
core_breakdown,1000,500,100,10,40,65,3965,2.99,2.072,0.024,0.205,3.214,0.006,REVOKED
core_breakdown,1000,500,100,10,40,66,3966,2.954,2.013,0.023,0.197,3.343,0.006,REVOKED
core_breakdown,1000,500,100,10,40,67,3967,3.044,2.079,0.023,0.197,3.303,0.006,REVOKED
core_breakdown,1000,500,100,10,40,68,3968,3.067,2.062,0.022,0.201,3.501,0.005,REVOKED
core_breakdown,1000,500,100,10,40,69,3969,2.957,2.01,0.024,0.214,3.549,0.006,REVOKED
core_breakdown,1000,500,100,10,40,70,3970,2.987,2.056,0.022,0.209,3.324,0.008,REVOKED
core_breakdown,1000,500,100,10,40,71,3971,3.031,2.071,0.024,0.224,3.405,0.006,REVOKED
core_breakdown,1000,500,100,10,40,72,3972,3.022,2.088,0.022,0.196,3.274,0.006,REVOKED
core_breakdown,1000,500,100,10,40,73,3973,2.932,1.991,0.022,0.192,3.369,0.007,REVOKED
core_breakdown,1000,500,100,10,40,74,3974,2.948,2.002,0.021,0.229,3.292,0.006,REVOKED
core_breakdown,1000,500,100,10,40,75,3975,2.936,1.991,0.022,0.202,3.313,0.006,REVOKED
core_breakdown,1000,500,100,10,40,76,3976,2.923,2.008,0.026,0.198,3.304,0.007,REVOKED
core_breakdown,1000,500,100,10,40,77,3977,2.922,1.995,0.022,0.197,3.267,0.005,REVOKED
core_breakdown,1000,500,100,10,40,78,3978,2.936,2.0,0.021,0.19,3.28,0.006,REVOKED
core_breakdown,1000,500,100,10,40,79,3979,2.909,2.037,0.023,0.223,3.229,0.006,REVOKED
core_breakdown,1000,500,100,10,40,80,3980,2.896,1.978,0.026,0.202,3.288,0.005,REVOKED
core_breakdown,1000,500,100,10,40,81,3981,2.944,1.985,0.022,0.204,3.337,0.006,REVOKED
core_breakdown,1000,500,100,10,40,82,3982,2.896,1.996,0.021,0.195,3.292,0.005,REVOKED
core_breakdown,1000,500,100,10,40,83,3983,2.952,2.023,0.023,0.187,3.263,0.007,REVOKED
core_breakdown,1000,500,100,10,40,84,3984,2.91,1.988,0.023,0.206,3.222,0.005,REVOKED
core_breakdown,1000,500,100,10,40,85,3985,2.949,2.003,0.023,0.19,3.333,0.005,REVOKED
core_breakdown,1000,500,100,10,40,86,3986,2.93,2.033,0.024,0.191,3.319,0.006,REVOKED
core_breakdown,1000,500,100,10,40,87,3987,2.946,2.005,0.022,0.196,3.267,0.005,REVOKED
core_breakdown,1000,500,100,10,40,88,3988,2.983,2.046,0.023,0.216,3.209,0.005,REVOKED
core_breakdown,1000,500,100,10,40,89,3989,2.893,1.982,0.021,0.206,3.268,0.006,REVOKED
core_breakdown,1000,500,100,10,40,90,3990,2.948,2.018,0.021,0.191,3.249,0.005,REVOKED
core_breakdown,1000,500,100,10,40,91,3991,2.976,2.02,0.024,0.209,3.314,0.006,REVOKED
core_breakdown,1000,500,100,10,40,92,3992,2.943,2.029,0.023,0.186,3.272,0.006,REVOKED
core_breakdown,1000,500,100,10,40,93,3993,2.927,1.994,0.02,0.235,3.3,0.006,REVOKED
core_breakdown,1000,500,100,10,40,94,3994,2.96,2.06,0.025,0.192,3.33,0.006,REVOKED
core_breakdown,1000,500,100,10,40,95,3995,2.866,1.979,0.022,0.221,3.257,0.012,REVOKED
core_breakdown,1000,500,100,10,40,96,3996,2.954,2.018,0.019,0.197,3.351,0.006,REVOKED
core_breakdown,1000,500,100,10,40,97,3997,2.944,2.047,0.021,0.199,3.244,0.021,REVOKED
core_breakdown,1000,500,100,10,40,98,3998,3.024,2.116,0.027,0.188,3.271,0.013,REVOKED
core_breakdown,1000,500,100,10,40,99,3999,2.906,1.977,0.019,0.201,3.472,0.005,REVOKED
core_breakdown,1000,500,100,10,40,100,4000,2.892,1.987,0.024,0.204,3.327,0.007,REVOKED
core_breakdown,1000,500,100,11,41,1,4001,6.971,4.17,0.289,0.505,7.303,0.064,REVOKED
core_breakdown,1000,500,100,11,41,2,4002,6.448,4.32,0.139,0.393,6.382,0.028,REVOKED
core_breakdown,1000,500,100,11,41,3,4003,5.107,3.444,0.096,0.315,5.014,0.015,REVOKED
core_breakdown,1000,500,100,11,41,4,4004,4.171,2.815,0.071,0.328,4.505,0.017,REVOKED
core_breakdown,1000,500,100,11,41,5,4005,4.088,2.741,0.054,0.244,4.001,0.008,REVOKED
core_breakdown,1000,500,100,11,41,6,4006,3.632,2.47,0.034,0.223,3.89,0.007,REVOKED
core_breakdown,1000,500,100,11,41,7,4007,3.508,2.371,0.033,0.224,4.021,0.007,REVOKED
core_breakdown,1000,500,100,11,41,8,4008,3.539,2.423,0.033,0.226,4.089,0.014,REVOKED
core_breakdown,1000,500,100,11,41,9,4009,3.774,2.519,0.034,0.232,3.899,0.009,REVOKED
core_breakdown,1000,500,100,11,41,10,4010,3.507,2.374,0.04,0.278,3.773,0.007,REVOKED
core_breakdown,1000,500,100,11,41,11,4011,3.483,2.311,0.084,0.226,3.497,0.014,REVOKED
core_breakdown,1000,500,100,11,41,12,4012,3.057,2.07,0.04,0.219,3.337,0.009,REVOKED
core_breakdown,1000,500,100,11,41,13,4013,3.013,2.052,0.033,0.212,3.377,0.008,REVOKED
core_breakdown,1000,500,100,11,41,14,4014,2.999,2.068,0.025,0.197,3.375,0.007,REVOKED
core_breakdown,1000,500,100,11,41,15,4015,3.011,2.063,0.03,0.206,3.438,0.006,REVOKED
core_breakdown,1000,500,100,11,41,16,4016,2.979,2.051,0.026,0.203,3.391,0.007,REVOKED
core_breakdown,1000,500,100,11,41,17,4017,3.126,2.191,0.026,0.214,3.328,0.006,REVOKED
core_breakdown,1000,500,100,11,41,18,4018,3.034,2.078,0.029,0.203,3.344,0.005,REVOKED
core_breakdown,1000,500,100,11,41,19,4019,3.005,2.022,0.033,0.196,3.458,0.005,REVOKED
core_breakdown,1000,500,100,11,41,20,4020,2.969,2.05,0.025,0.2,3.29,0.005,REVOKED
core_breakdown,1000,500,100,11,41,21,4021,2.926,2.002,0.024,0.196,3.373,0.006,REVOKED
core_breakdown,1000,500,100,11,41,22,4022,3.044,2.096,0.024,0.197,3.354,0.007,REVOKED
core_breakdown,1000,500,100,11,41,23,4023,2.972,2.034,0.023,0.203,3.47,0.006,REVOKED
core_breakdown,1000,500,100,11,41,24,4024,2.932,2.021,0.02,0.199,3.329,0.005,REVOKED
core_breakdown,1000,500,100,11,41,25,4025,2.944,2.002,0.023,0.212,3.373,0.007,REVOKED
core_breakdown,1000,500,100,11,41,26,4026,2.997,2.07,0.028,0.201,3.345,0.007,REVOKED
core_breakdown,1000,500,100,11,41,27,4027,2.969,2.028,0.024,0.191,3.329,0.007,REVOKED
core_breakdown,1000,500,100,11,41,28,4028,2.971,2.053,0.023,0.202,3.333,0.006,REVOKED
core_breakdown,1000,500,100,11,41,29,4029,3.004,2.074,0.021,0.195,3.557,0.006,REVOKED
core_breakdown,1000,500,100,11,41,30,4030,2.945,2.041,0.018,0.196,3.318,0.006,REVOKED
core_breakdown,1000,500,100,11,41,31,4031,2.966,2.013,0.025,0.197,3.276,0.006,REVOKED
core_breakdown,1000,500,100,11,41,32,4032,2.956,2.03,0.023,0.205,3.278,0.006,REVOKED
core_breakdown,1000,500,100,11,41,33,4033,3.089,2.112,0.027,0.206,3.292,0.006,REVOKED
core_breakdown,1000,500,100,11,41,34,4034,3.013,2.044,0.022,0.202,3.255,0.006,REVOKED
core_breakdown,1000,500,100,11,41,35,4035,2.905,1.988,0.027,0.2,3.35,0.006,REVOKED
core_breakdown,1000,500,100,11,41,36,4036,3.836,2.836,0.028,0.237,3.567,0.007,REVOKED
core_breakdown,1000,500,100,11,41,37,4037,2.684,1.807,0.027,0.231,3.111,0.006,REVOKED
core_breakdown,1000,500,100,11,41,38,4038,2.608,1.771,0.024,0.178,2.923,0.005,REVOKED
core_breakdown,1000,500,100,11,41,39,4039,2.605,1.782,0.029,0.18,2.982,0.007,REVOKED
core_breakdown,1000,500,100,11,41,40,4040,2.532,1.75,0.022,0.173,2.936,0.006,REVOKED
core_breakdown,1000,500,100,11,41,41,4041,2.617,1.787,0.022,0.161,2.974,0.007,REVOKED
core_breakdown,1000,500,100,11,41,42,4042,2.551,1.741,0.027,0.173,2.919,0.006,REVOKED
core_breakdown,1000,500,100,11,41,43,4043,2.558,1.752,0.023,0.176,2.943,0.007,REVOKED
core_breakdown,1000,500,100,11,41,44,4044,2.542,1.732,0.024,0.178,2.936,0.006,REVOKED
core_breakdown,1000,500,100,11,41,45,4045,2.588,1.784,0.02,0.187,2.884,0.006,REVOKED
core_breakdown,1000,500,100,11,41,46,4046,2.546,1.749,0.024,0.18,2.939,0.006,REVOKED
core_breakdown,1000,500,100,11,41,47,4047,2.567,1.736,0.02,0.172,2.942,0.006,REVOKED
core_breakdown,1000,500,100,11,41,48,4048,2.552,1.742,0.018,0.174,2.907,0.008,REVOKED
core_breakdown,1000,500,100,11,41,49,4049,2.6,1.767,0.022,0.182,2.938,0.008,REVOKED
core_breakdown,1000,500,100,11,41,50,4050,2.589,1.764,0.025,0.159,2.833,0.007,REVOKED
core_breakdown,1000,500,100,11,41,51,4051,2.611,1.781,0.019,0.182,3.053,0.005,REVOKED
core_breakdown,1000,500,100,11,41,52,4052,2.638,1.843,0.019,0.176,2.99,0.009,REVOKED
core_breakdown,1000,500,100,11,41,53,4053,2.521,1.732,0.026,0.183,2.926,0.006,REVOKED
core_breakdown,1000,500,100,11,41,54,4054,2.69,1.75,0.026,0.18,2.92,0.006,REVOKED
core_breakdown,1000,500,100,11,41,55,4055,2.622,1.809,0.023,0.161,3.055,0.006,REVOKED
core_breakdown,1000,500,100,11,41,56,4056,2.565,1.748,0.025,0.175,2.895,0.006,REVOKED
core_breakdown,1000,500,100,11,41,57,4057,2.556,1.745,0.021,0.156,3.035,0.006,REVOKED
core_breakdown,1000,500,100,11,41,58,4058,2.562,1.763,0.024,0.173,2.942,0.006,REVOKED
core_breakdown,1000,500,100,11,41,59,4059,2.574,1.754,0.023,0.169,2.981,0.007,REVOKED
core_breakdown,1000,500,100,11,41,60,4060,2.535,1.719,0.023,0.167,2.922,0.006,REVOKED
core_breakdown,1000,500,100,11,41,61,4061,2.64,1.787,0.028,0.176,2.959,0.006,REVOKED
core_breakdown,1000,500,100,11,41,62,4062,2.664,1.798,0.02,0.167,2.897,0.005,REVOKED
core_breakdown,1000,500,100,11,41,63,4063,2.52,1.739,0.027,0.159,3.029,0.006,REVOKED
core_breakdown,1000,500,100,11,41,64,4064,2.717,1.868,0.025,0.195,3.023,0.006,REVOKED
core_breakdown,1000,500,100,11,41,65,4065,2.624,1.79,0.022,0.184,3.077,0.006,REVOKED
core_breakdown,1000,500,100,11,41,66,4066,2.692,1.823,0.019,0.175,3.182,0.005,REVOKED
core_breakdown,1000,500,100,11,41,67,4067,2.656,1.775,0.022,0.187,2.956,0.006,REVOKED
core_breakdown,1000,500,100,11,41,68,4068,2.591,1.774,0.022,0.169,3.038,0.006,REVOKED
core_breakdown,1000,500,100,11,41,69,4069,2.584,1.765,0.028,0.177,3.067,0.013,REVOKED
core_breakdown,1000,500,100,11,41,70,4070,2.728,1.854,0.024,0.199,3.109,0.006,REVOKED
core_breakdown,1000,500,100,11,41,71,4071,2.706,1.813,0.021,0.197,3.156,0.006,REVOKED
core_breakdown,1000,500,100,11,41,72,4072,3.382,2.437,0.027,0.2,3.644,0.006,REVOKED
core_breakdown,1000,500,100,11,41,73,4073,2.939,1.99,0.027,0.192,3.359,0.006,REVOKED
core_breakdown,1000,500,100,11,41,74,4074,2.932,2.025,0.029,0.202,3.288,0.006,REVOKED
core_breakdown,1000,500,100,11,41,75,4075,2.928,2.003,0.02,0.194,3.287,0.005,REVOKED
core_breakdown,1000,500,100,11,41,76,4076,2.89,2.01,0.023,0.193,3.2,0.006,REVOKED
core_breakdown,1000,500,100,11,41,77,4077,2.848,1.954,0.021,0.199,3.183,0.006,REVOKED
core_breakdown,1000,500,100,11,41,78,4078,2.89,1.988,0.022,0.19,3.231,0.005,REVOKED
core_breakdown,1000,500,100,11,41,79,4079,2.937,2.018,0.024,0.194,3.198,0.006,REVOKED
core_breakdown,1000,500,100,11,41,80,4080,2.885,1.98,0.021,0.188,3.197,0.005,REVOKED
core_breakdown,1000,500,100,11,41,81,4081,2.924,2.016,0.02,0.173,3.284,0.006,REVOKED
core_breakdown,1000,500,100,11,41,82,4082,2.887,1.983,0.021,0.189,3.252,0.006,REVOKED
core_breakdown,1000,500,100,11,41,83,4083,2.894,1.982,0.029,0.213,3.228,0.006,REVOKED
core_breakdown,1000,500,100,11,41,84,4084,2.841,1.928,0.023,0.192,3.233,0.005,REVOKED
core_breakdown,1000,500,100,11,41,85,4085,2.902,2.016,0.022,0.223,3.231,0.007,REVOKED
core_breakdown,1000,500,100,11,41,86,4086,2.949,1.986,0.023,0.217,3.247,0.006,REVOKED
core_breakdown,1000,500,100,11,41,87,4087,2.583,1.777,0.022,0.168,2.837,0.008,REVOKED
core_breakdown,1000,500,100,11,41,88,4088,2.566,1.753,0.023,0.164,3.035,0.013,REVOKED
core_breakdown,1000,500,100,11,41,89,4089,2.694,1.877,0.024,0.188,3.09,0.006,REVOKED
core_breakdown,1000,500,100,11,41,90,4090,2.665,1.802,0.023,0.181,3.046,0.006,REVOKED
core_breakdown,1000,500,100,11,41,91,4091,2.561,1.744,0.022,0.182,3.012,0.01,REVOKED
core_breakdown,1000,500,100,11,41,92,4092,2.673,1.814,0.022,0.182,2.909,0.006,REVOKED
core_breakdown,1000,500,100,11,41,93,4093,2.64,1.802,0.024,0.175,3.01,0.006,REVOKED
core_breakdown,1000,500,100,11,41,94,4094,2.666,1.81,0.024,0.18,3.063,0.006,REVOKED
core_breakdown,1000,500,100,11,41,95,4095,2.67,1.783,0.024,0.197,3.171,0.006,REVOKED
core_breakdown,1000,500,100,11,41,96,4096,2.552,1.729,0.022,0.164,2.902,0.007,REVOKED
core_breakdown,1000,500,100,11,41,97,4097,2.606,1.763,0.024,0.181,2.977,0.017,REVOKED
core_breakdown,1000,500,100,11,41,98,4098,2.591,1.776,0.024,0.158,2.87,0.005,REVOKED
core_breakdown,1000,500,100,11,41,99,4099,2.601,1.738,0.023,0.203,2.986,0.005,REVOKED
core_breakdown,1000,500,100,11,41,100,4100,2.612,1.771,0.025,0.209,2.966,0.006,REVOKED
core_breakdown,1000,500,100,12,42,1,4101,6.823,3.608,0.28,0.585,7.66,0.064,REVOKED
core_breakdown,1000,500,100,12,42,2,4102,5.989,4.051,0.128,0.405,5.825,0.034,REVOKED
core_breakdown,1000,500,100,12,42,3,4103,4.98,3.336,0.09,0.329,4.687,0.017,REVOKED
core_breakdown,1000,500,100,12,42,4,4104,3.791,2.549,0.054,0.27,4.431,0.01,REVOKED
core_breakdown,1000,500,100,12,42,5,4105,3.652,2.491,0.045,0.251,4.096,0.01,REVOKED
core_breakdown,1000,500,100,12,42,6,4106,3.665,2.487,0.042,0.247,3.907,0.007,REVOKED
core_breakdown,1000,500,100,12,42,7,4107,3.59,2.451,0.032,0.222,3.885,0.007,REVOKED
core_breakdown,1000,500,100,12,42,8,4108,3.542,2.412,0.031,0.226,3.879,0.007,REVOKED
core_breakdown,1000,500,100,12,42,9,4109,3.479,2.371,0.037,0.23,3.894,0.007,REVOKED
core_breakdown,1000,500,100,12,42,10,4110,3.505,2.382,0.043,0.234,3.823,0.008,REVOKED
core_breakdown,1000,500,100,12,42,11,4111,3.411,2.338,0.033,0.222,3.737,0.008,REVOKED
core_breakdown,1000,500,100,12,42,12,4112,3.418,2.32,0.092,0.221,3.425,0.015,REVOKED
core_breakdown,1000,500,100,12,42,13,4113,3.035,2.055,0.039,0.203,3.341,0.013,REVOKED
core_breakdown,1000,500,100,12,42,14,4114,3.014,2.09,0.027,0.179,3.333,0.006,REVOKED
core_breakdown,1000,500,100,12,42,15,4115,2.986,2.007,0.032,0.212,3.425,0.008,REVOKED
core_breakdown,1000,500,100,12,42,16,4116,2.923,2.001,0.022,0.194,3.342,0.007,REVOKED
core_breakdown,1000,500,100,12,42,17,4117,2.919,2.007,0.022,0.194,3.368,0.006,REVOKED
core_breakdown,1000,500,100,12,42,18,4118,3.015,2.092,0.034,0.22,3.316,0.007,REVOKED
core_breakdown,1000,500,100,12,42,19,4119,2.912,1.998,0.022,0.204,3.397,0.006,REVOKED
core_breakdown,1000,500,100,12,42,20,4120,2.949,2.014,0.027,0.201,3.312,0.006,REVOKED
core_breakdown,1000,500,100,12,42,21,4121,2.973,2.018,0.025,0.192,3.323,0.006,REVOKED
core_breakdown,1000,500,100,12,42,22,4122,2.95,2.011,0.031,0.222,3.334,0.007,REVOKED
core_breakdown,1000,500,100,12,42,23,4123,2.934,1.995,0.025,0.197,3.42,0.006,REVOKED
core_breakdown,1000,500,100,12,42,24,4124,2.952,2.02,0.024,0.193,3.261,0.007,REVOKED
core_breakdown,1000,500,100,12,42,25,4125,2.959,2.027,0.025,0.204,3.322,0.008,REVOKED
core_breakdown,1000,500,100,12,42,26,4126,2.94,2.018,0.021,0.192,3.307,0.006,REVOKED
core_breakdown,1000,500,100,12,42,27,4127,2.931,2.031,0.023,0.198,3.395,0.009,REVOKED
core_breakdown,1000,500,100,12,42,28,4128,3.004,2.065,0.024,0.202,3.316,0.006,REVOKED
core_breakdown,1000,500,100,12,42,29,4129,2.921,2.002,0.02,0.202,3.279,0.005,REVOKED
core_breakdown,1000,500,100,12,42,30,4130,2.945,2.028,0.027,0.2,3.312,0.006,REVOKED
core_breakdown,1000,500,100,12,42,31,4131,2.944,2.022,0.022,0.2,3.332,0.007,REVOKED
core_breakdown,1000,500,100,12,42,32,4132,2.953,2.018,0.025,0.198,3.312,0.008,REVOKED
core_breakdown,1000,500,100,12,42,33,4133,2.948,2.024,0.024,0.211,3.444,0.005,REVOKED
core_breakdown,1000,500,100,12,42,34,4134,2.891,1.975,0.022,0.201,3.311,0.006,REVOKED
core_breakdown,1000,500,100,12,42,35,4135,2.959,2.033,0.025,0.213,3.273,0.006,REVOKED
core_breakdown,1000,500,100,12,42,36,4136,2.976,2.057,0.026,0.184,3.324,0.006,REVOKED
core_breakdown,1000,500,100,12,42,37,4137,2.967,2.025,0.021,0.2,3.28,0.006,REVOKED
core_breakdown,1000,500,100,12,42,38,4138,2.923,2.001,0.022,0.198,3.296,0.006,REVOKED
core_breakdown,1000,500,100,12,42,39,4139,2.919,2.001,0.025,0.19,3.271,0.005,REVOKED
core_breakdown,1000,500,100,12,42,40,4140,2.966,2.064,0.02,0.194,3.281,0.008,REVOKED
core_breakdown,1000,500,100,12,42,41,4141,2.938,2.039,0.019,0.201,3.384,0.006,REVOKED
core_breakdown,1000,500,100,12,42,42,4142,2.903,1.978,0.021,0.187,3.295,0.008,REVOKED
core_breakdown,1000,500,100,12,42,43,4143,2.963,2.05,0.023,0.205,3.373,0.006,REVOKED
core_breakdown,1000,500,100,12,42,44,4144,2.94,2.015,0.02,0.201,3.354,0.006,REVOKED
core_breakdown,1000,500,100,12,42,45,4145,2.942,2.024,0.027,0.198,3.258,0.006,REVOKED
core_breakdown,1000,500,100,12,42,46,4146,2.996,2.039,0.024,0.205,3.267,0.005,REVOKED
core_breakdown,1000,500,100,12,42,47,4147,2.998,2.077,0.022,0.207,3.394,0.006,REVOKED
core_breakdown,1000,500,100,12,42,48,4148,2.966,2.03,0.022,0.207,3.248,0.006,REVOKED
core_breakdown,1000,500,100,12,42,49,4149,2.895,1.995,0.025,0.2,3.288,0.01,REVOKED
core_breakdown,1000,500,100,12,42,50,4150,2.931,2.028,0.022,0.195,3.28,0.006,REVOKED
core_breakdown,1000,500,100,12,42,51,4151,2.962,2.045,0.021,0.205,3.311,0.005,REVOKED
core_breakdown,1000,500,100,12,42,52,4152,2.896,1.992,0.023,0.193,3.318,0.006,REVOKED
core_breakdown,1000,500,100,12,42,53,4153,2.933,2.007,0.023,0.192,3.365,0.008,REVOKED
core_breakdown,1000,500,100,12,42,54,4154,2.924,2.03,0.021,0.201,3.36,0.006,REVOKED
core_breakdown,1000,500,100,12,42,55,4155,2.943,2.02,0.021,0.198,3.347,0.005,REVOKED
core_breakdown,1000,500,100,12,42,56,4156,2.98,2.053,0.024,0.203,3.315,0.006,REVOKED
core_breakdown,1000,500,100,12,42,57,4157,2.956,2.039,0.022,0.207,3.292,0.006,REVOKED
core_breakdown,1000,500,100,12,42,58,4158,2.96,2.046,0.023,0.198,3.268,0.006,REVOKED
core_breakdown,1000,500,100,12,42,59,4159,2.978,2.063,0.023,0.189,3.36,0.005,REVOKED
core_breakdown,1000,500,100,12,42,60,4160,2.941,2.013,0.019,0.199,3.303,0.006,REVOKED
core_breakdown,1000,500,100,12,42,61,4161,2.944,2.03,0.02,0.206,3.304,0.005,REVOKED
core_breakdown,1000,500,100,12,42,62,4162,2.926,2.013,0.019,0.199,3.245,0.006,REVOKED
core_breakdown,1000,500,100,12,42,63,4163,2.982,2.054,0.031,0.196,3.263,0.005,REVOKED
core_breakdown,1000,500,100,12,42,64,4164,2.897,1.981,0.019,0.195,3.281,0.006,REVOKED
core_breakdown,1000,500,100,12,42,65,4165,2.972,2.076,0.019,0.193,3.315,0.006,REVOKED
core_breakdown,1000,500,100,12,42,66,4166,2.944,2.026,0.026,0.201,3.294,0.006,REVOKED
core_breakdown,1000,500,100,12,42,67,4167,2.942,2.015,0.021,0.196,3.301,0.006,REVOKED
core_breakdown,1000,500,100,12,42,68,4168,2.899,1.987,0.024,0.209,3.296,0.005,REVOKED
core_breakdown,1000,500,100,12,42,69,4169,2.952,2.042,0.027,0.204,3.328,0.005,REVOKED
core_breakdown,1000,500,100,12,42,70,4170,2.92,2.009,0.023,0.205,3.285,0.017,REVOKED
core_breakdown,1000,500,100,12,42,71,4171,2.962,2.05,0.02,0.199,3.243,0.006,REVOKED
core_breakdown,1000,500,100,12,42,72,4172,2.912,2.007,0.023,0.232,3.288,0.006,REVOKED
core_breakdown,1000,500,100,12,42,73,4173,2.941,2.013,0.022,0.192,3.329,0.006,REVOKED
core_breakdown,1000,500,100,12,42,74,4174,2.933,2.026,0.02,0.202,3.346,0.006,REVOKED
core_breakdown,1000,500,100,12,42,75,4175,3.0,2.065,0.025,0.205,3.323,0.007,REVOKED
core_breakdown,1000,500,100,12,42,76,4176,2.992,2.07,0.023,0.197,3.268,0.032,REVOKED
core_breakdown,1000,500,100,12,42,77,4177,2.921,1.999,0.023,0.202,3.272,0.006,REVOKED
core_breakdown,1000,500,100,12,42,78,4178,2.913,2.01,0.018,0.195,3.278,0.006,REVOKED
core_breakdown,1000,500,100,12,42,79,4179,3.004,2.078,0.023,0.2,3.314,0.006,REVOKED
core_breakdown,1000,500,100,12,42,80,4180,3.011,2.055,0.027,0.222,3.368,0.006,REVOKED
core_breakdown,1000,500,100,12,42,81,4181,2.903,1.974,0.024,0.204,3.268,0.007,REVOKED
core_breakdown,1000,500,100,12,42,82,4182,2.921,1.995,0.025,0.189,3.277,0.006,REVOKED
core_breakdown,1000,500,100,12,42,83,4183,2.943,2.03,0.021,0.222,3.256,0.006,REVOKED
core_breakdown,1000,500,100,12,42,84,4184,2.918,1.997,0.025,0.212,3.287,0.007,REVOKED
core_breakdown,1000,500,100,12,42,85,4185,2.891,1.985,0.022,0.197,3.307,0.005,REVOKED
core_breakdown,1000,500,100,12,42,86,4186,2.958,2.05,0.024,0.191,3.273,0.007,REVOKED
core_breakdown,1000,500,100,12,42,87,4187,2.925,2.023,0.024,0.199,3.312,0.006,REVOKED
core_breakdown,1000,500,100,12,42,88,4188,3.001,2.068,0.023,0.2,3.265,0.006,REVOKED
core_breakdown,1000,500,100,12,42,89,4189,2.951,2.021,0.031,0.208,3.331,0.007,REVOKED
core_breakdown,1000,500,100,12,42,90,4190,2.931,2.012,0.021,0.192,3.245,0.006,REVOKED
core_breakdown,1000,500,100,12,42,91,4191,2.963,2.023,0.021,0.192,3.387,0.006,REVOKED
core_breakdown,1000,500,100,12,42,92,4192,2.874,1.968,0.033,0.189,2.827,0.006,REVOKED
core_breakdown,1000,500,100,12,42,93,4193,2.96,2.029,0.022,0.212,3.4,0.006,REVOKED
core_breakdown,1000,500,100,12,42,94,4194,2.931,2.022,0.019,0.196,3.289,0.005,REVOKED
core_breakdown,1000,500,100,12,42,95,4195,2.919,1.987,0.026,0.202,3.403,0.006,REVOKED
core_breakdown,1000,500,100,12,42,96,4196,2.961,2.04,0.023,0.189,3.309,0.005,REVOKED
core_breakdown,1000,500,100,12,42,97,4197,2.948,2.028,0.026,0.204,3.321,0.019,REVOKED
core_breakdown,1000,500,100,12,42,98,4198,2.969,2.051,0.023,0.203,3.301,0.006,REVOKED
core_breakdown,1000,500,100,12,42,99,4199,2.969,1.998,0.022,0.201,3.265,0.006,REVOKED
core_breakdown,1000,500,100,12,42,100,4200,2.922,2.012,0.026,0.213,3.27,0.006,REVOKED
core_breakdown,1000,500,100,13,43,1,4201,5.778,3.589,0.269,0.403,7.247,0.066,REVOKED
core_breakdown,1000,500,100,13,43,2,4202,5.699,3.788,0.115,0.39,5.447,0.026,REVOKED
core_breakdown,1000,500,100,13,43,3,4203,4.459,2.977,0.058,0.261,4.19,0.017,REVOKED
core_breakdown,1000,500,100,13,43,4,4204,3.589,2.395,0.064,0.23,3.837,0.013,REVOKED
core_breakdown,1000,500,100,13,43,5,4205,3.366,2.27,0.064,0.252,3.737,0.014,REVOKED
core_breakdown,1000,500,100,13,43,6,4206,3.309,2.213,0.039,0.209,3.651,0.009,REVOKED
core_breakdown,1000,500,100,13,43,7,4207,3.238,2.192,0.038,0.185,3.406,0.006,REVOKED
core_breakdown,1000,500,100,13,43,8,4208,3.386,2.324,0.072,0.244,3.743,0.013,REVOKED
core_breakdown,1000,500,100,13,43,9,4209,3.234,2.205,0.038,0.22,3.385,0.008,REVOKED
core_breakdown,1000,500,100,13,43,10,4210,3.078,2.1,0.034,0.219,3.522,0.007,REVOKED
core_breakdown,1000,500,100,13,43,11,4211,3.045,2.107,0.029,0.215,3.552,0.007,REVOKED
core_breakdown,1000,500,100,13,43,12,4212,2.967,2.03,0.022,0.222,3.027,0.006,REVOKED
core_breakdown,1000,500,100,13,43,13,4213,2.581,1.768,0.022,0.18,3.026,0.007,REVOKED
core_breakdown,1000,500,100,13,43,14,4214,2.637,1.791,0.028,0.166,2.955,0.008,REVOKED
core_breakdown,1000,500,100,13,43,15,4215,2.58,1.776,0.025,0.164,2.973,0.006,REVOKED
core_breakdown,1000,500,100,13,43,16,4216,2.635,1.815,0.024,0.174,2.995,0.006,REVOKED
core_breakdown,1000,500,100,13,43,17,4217,2.646,1.81,0.022,0.176,2.952,0.006,REVOKED
core_breakdown,1000,500,100,13,43,18,4218,2.571,1.732,0.029,0.191,2.923,0.006,REVOKED
core_breakdown,1000,500,100,13,43,19,4219,2.563,1.736,0.026,0.184,2.951,0.005,REVOKED
core_breakdown,1000,500,100,13,43,20,4220,3.039,2.146,0.024,0.196,3.387,0.007,REVOKED
core_breakdown,1000,500,100,13,43,21,4221,3.006,2.048,0.027,0.191,3.392,0.006,REVOKED
core_breakdown,1000,500,100,13,43,22,4222,3.233,2.197,0.028,0.203,3.441,0.009,REVOKED
core_breakdown,1000,500,100,13,43,23,4223,2.992,2.033,0.027,0.217,3.311,0.005,REVOKED
core_breakdown,1000,500,100,13,43,24,4224,3.123,2.172,0.021,0.193,3.407,0.008,REVOKED
core_breakdown,1000,500,100,13,43,25,4225,2.932,1.962,0.026,0.215,3.372,0.008,REVOKED
core_breakdown,1000,500,100,13,43,26,4226,3.002,2.074,0.026,0.2,3.438,0.006,REVOKED
core_breakdown,1000,500,100,13,43,27,4227,3.122,2.157,0.023,0.201,3.333,0.006,REVOKED
core_breakdown,1000,500,100,13,43,28,4228,3.006,2.062,0.027,0.202,3.347,0.007,REVOKED
core_breakdown,1000,500,100,13,43,29,4229,2.922,2.01,0.021,0.21,3.28,0.006,REVOKED
core_breakdown,1000,500,100,13,43,30,4230,2.937,2.021,0.023,0.198,3.267,0.007,REVOKED
core_breakdown,1000,500,100,13,43,31,4231,2.942,2.019,0.02,0.211,3.333,0.006,REVOKED
core_breakdown,1000,500,100,13,43,32,4232,3.211,2.238,0.02,0.215,3.435,0.006,REVOKED
core_breakdown,1000,500,100,13,43,33,4233,2.921,2.012,0.019,0.218,3.282,0.006,REVOKED
core_breakdown,1000,500,100,13,43,34,4234,2.945,2.015,0.028,0.194,3.347,0.007,REVOKED
core_breakdown,1000,500,100,13,43,35,4235,4.307,2.517,0.102,0.381,5.092,0.014,REVOKED
core_breakdown,1000,500,100,13,43,36,4236,3.068,2.075,0.056,0.209,3.471,0.008,REVOKED
core_breakdown,1000,500,100,13,43,37,4237,2.962,2.007,0.033,0.202,3.287,0.007,REVOKED
core_breakdown,1000,500,100,13,43,38,4238,2.947,2.011,0.027,0.194,3.296,0.007,REVOKED
core_breakdown,1000,500,100,13,43,39,4239,2.917,2.002,0.021,0.203,3.325,0.006,REVOKED
core_breakdown,1000,500,100,13,43,40,4240,2.935,1.995,0.028,0.204,3.33,0.006,REVOKED
core_breakdown,1000,500,100,13,43,41,4241,2.949,2.017,0.025,0.202,3.284,0.006,REVOKED
core_breakdown,1000,500,100,13,43,42,4242,2.901,1.991,0.023,0.196,3.322,0.011,REVOKED
core_breakdown,1000,500,100,13,43,43,4243,2.925,1.982,0.025,0.205,3.312,0.006,REVOKED
core_breakdown,1000,500,100,13,43,44,4244,2.862,1.947,0.023,0.207,3.27,0.006,REVOKED
core_breakdown,1000,500,100,13,43,45,4245,2.928,2.009,0.021,0.188,3.26,0.007,REVOKED
core_breakdown,1000,500,100,13,43,46,4246,2.953,2.055,0.024,0.194,3.291,0.006,REVOKED
core_breakdown,1000,500,100,13,43,47,4247,2.891,1.986,0.024,0.196,3.323,0.006,REVOKED
core_breakdown,1000,500,100,13,43,48,4248,2.936,2.027,0.027,0.208,3.364,0.007,REVOKED
core_breakdown,1000,500,100,13,43,49,4249,2.9,1.991,0.026,0.192,3.216,0.01,REVOKED
core_breakdown,1000,500,100,13,43,50,4250,3.599,2.054,0.024,0.205,3.304,0.008,REVOKED
core_breakdown,1000,500,100,13,43,51,4251,3.066,2.117,0.025,0.223,3.459,0.006,REVOKED
core_breakdown,1000,500,100,13,43,52,4252,3.012,2.007,0.021,0.203,3.365,0.008,REVOKED
core_breakdown,1000,500,100,13,43,53,4253,3.022,2.097,0.026,0.189,3.372,0.007,REVOKED
core_breakdown,1000,500,100,13,43,54,4254,3.037,2.034,0.026,0.194,3.44,0.006,REVOKED
core_breakdown,1000,500,100,13,43,55,4255,3.081,2.113,0.022,0.194,3.434,0.005,REVOKED
core_breakdown,1000,500,100,13,43,56,4256,3.025,2.043,0.021,0.189,3.294,0.005,REVOKED
core_breakdown,1000,500,100,13,43,57,4257,2.878,1.962,0.024,0.214,3.304,0.006,REVOKED
core_breakdown,1000,500,100,13,43,58,4258,2.945,2.03,0.02,0.192,3.239,0.006,REVOKED
core_breakdown,1000,500,100,13,43,59,4259,3.005,2.045,0.025,0.21,3.288,0.005,REVOKED
core_breakdown,1000,500,100,13,43,60,4260,2.92,2.017,0.021,0.198,3.336,0.006,REVOKED
core_breakdown,1000,500,100,13,43,61,4261,2.978,2.026,0.023,0.196,3.258,0.005,REVOKED
core_breakdown,1000,500,100,13,43,62,4262,2.908,2.004,0.021,0.196,3.255,0.006,REVOKED
core_breakdown,1000,500,100,13,43,63,4263,2.947,2.028,0.024,0.187,3.277,0.006,REVOKED
core_breakdown,1000,500,100,13,43,64,4264,2.924,1.977,0.021,0.19,3.245,0.006,REVOKED
core_breakdown,1000,500,100,13,43,65,4265,2.967,2.058,0.018,0.201,3.281,0.006,REVOKED
core_breakdown,1000,500,100,13,43,66,4266,3.015,2.07,0.019,0.199,3.319,0.005,REVOKED
core_breakdown,1000,500,100,13,43,67,4267,2.895,2.008,0.023,0.206,3.31,0.005,REVOKED
core_breakdown,1000,500,100,13,43,68,4268,2.92,1.983,0.024,0.189,3.283,0.006,REVOKED
core_breakdown,1000,500,100,13,43,69,4269,2.957,2.014,0.022,0.209,3.275,0.005,REVOKED
core_breakdown,1000,500,100,13,43,70,4270,3.088,2.109,0.021,0.2,3.438,0.006,REVOKED
core_breakdown,1000,500,100,13,43,71,4271,2.951,2.012,0.021,0.205,3.296,0.006,REVOKED
core_breakdown,1000,500,100,13,43,72,4272,2.957,2.038,0.021,0.21,3.28,0.006,REVOKED
core_breakdown,1000,500,100,13,43,73,4273,2.958,2.029,0.021,0.194,3.335,0.006,REVOKED
core_breakdown,1000,500,100,13,43,74,4274,2.944,2.03,0.026,0.209,3.266,0.006,REVOKED
core_breakdown,1000,500,100,13,43,75,4275,2.903,1.991,0.025,0.191,3.281,0.006,REVOKED
core_breakdown,1000,500,100,13,43,76,4276,2.904,1.989,0.026,0.192,3.276,0.006,REVOKED
core_breakdown,1000,500,100,13,43,77,4277,2.901,1.98,0.024,0.209,3.293,0.006,REVOKED
core_breakdown,1000,500,100,13,43,78,4278,2.914,2.015,0.021,0.191,3.269,0.006,REVOKED
core_breakdown,1000,500,100,13,43,79,4279,2.911,1.999,0.023,0.191,3.235,0.006,REVOKED
core_breakdown,1000,500,100,13,43,80,4280,3.005,2.065,0.023,0.191,3.268,0.006,REVOKED
core_breakdown,1000,500,100,13,43,81,4281,2.866,1.953,0.021,0.203,3.328,0.005,REVOKED
core_breakdown,1000,500,100,13,43,82,4282,2.924,2.002,0.02,0.197,3.332,0.006,REVOKED
core_breakdown,1000,500,100,13,43,83,4283,2.962,2.04,0.019,0.196,3.294,0.006,REVOKED
core_breakdown,1000,500,100,13,43,84,4284,2.936,2.027,0.019,0.194,3.273,0.005,REVOKED
core_breakdown,1000,500,100,13,43,85,4285,2.737,1.853,0.019,0.185,2.948,0.006,REVOKED
core_breakdown,1000,500,100,13,43,86,4286,2.682,1.843,0.026,0.192,3.11,0.007,REVOKED
core_breakdown,1000,500,100,13,43,87,4287,2.916,2.002,0.029,0.19,3.169,0.01,REVOKED
core_breakdown,1000,500,100,13,43,88,4288,2.764,1.91,0.027,0.191,3.189,0.008,REVOKED
core_breakdown,1000,500,100,13,43,89,4289,2.764,1.871,0.024,0.213,3.172,0.007,REVOKED
core_breakdown,1000,500,100,13,43,90,4290,2.811,1.829,0.031,0.169,3.422,0.008,REVOKED
core_breakdown,1000,500,100,13,43,91,4291,2.705,1.884,0.029,0.185,3.206,0.007,REVOKED
core_breakdown,1000,500,100,13,43,92,4292,2.833,1.948,0.028,0.183,2.98,0.007,REVOKED
core_breakdown,1000,500,100,13,43,93,4293,2.586,1.747,0.027,0.177,2.93,0.006,REVOKED
core_breakdown,1000,500,100,13,43,94,4294,2.579,1.754,0.025,0.184,2.889,0.011,REVOKED
core_breakdown,1000,500,100,13,43,95,4295,2.555,1.74,0.022,0.172,3.082,0.006,REVOKED
core_breakdown,1000,500,100,13,43,96,4296,2.846,2.015,0.024,0.203,3.308,0.006,REVOKED
core_breakdown,1000,500,100,13,43,97,4297,2.92,1.995,0.022,0.214,3.421,0.016,REVOKED
core_breakdown,1000,500,100,13,43,98,4298,3.053,2.106,0.02,0.19,3.252,0.006,REVOKED
core_breakdown,1000,500,100,13,43,99,4299,3.023,2.041,0.024,0.212,3.343,0.005,REVOKED
core_breakdown,1000,500,100,13,43,100,4300,3.112,2.11,0.027,0.194,3.331,0.006,REVOKED
core_breakdown,1000,500,100,14,44,1,4301,6.54,4.154,0.274,0.491,6.308,0.054,REVOKED
core_breakdown,1000,500,100,14,44,2,4302,6.44,4.222,0.131,0.403,6.321,0.026,REVOKED
core_breakdown,1000,500,100,14,44,3,4303,4.934,3.222,0.086,0.33,4.67,0.022,REVOKED
core_breakdown,1000,500,100,14,44,4,4304,4.103,2.771,0.073,0.259,4.023,0.008,REVOKED
core_breakdown,1000,500,100,14,44,5,4305,3.531,2.433,0.033,0.221,3.954,0.006,REVOKED
core_breakdown,1000,500,100,14,44,6,4306,3.461,2.362,0.032,0.214,4.129,0.008,REVOKED
core_breakdown,1000,500,100,14,44,7,4307,3.366,2.319,0.029,0.24,3.784,0.01,REVOKED
core_breakdown,1000,500,100,14,44,8,4308,3.536,2.417,0.041,0.256,3.782,0.008,REVOKED
core_breakdown,1000,500,100,14,44,9,4309,3.512,2.395,0.037,0.243,3.883,0.007,REVOKED
core_breakdown,1000,500,100,14,44,10,4310,3.614,2.491,0.055,0.23,3.687,0.008,REVOKED
core_breakdown,1000,500,100,14,44,11,4311,3.376,2.292,0.037,0.226,3.704,0.007,REVOKED
core_breakdown,1000,500,100,14,44,12,4312,3.351,2.236,0.075,0.214,3.42,0.013,REVOKED
core_breakdown,1000,500,100,14,44,13,4313,2.971,2.026,0.029,0.229,3.393,0.009,REVOKED
core_breakdown,1000,500,100,14,44,14,4314,2.932,1.999,0.023,0.195,3.311,0.007,REVOKED
core_breakdown,1000,500,100,14,44,15,4315,2.913,2.001,0.024,0.206,3.423,0.007,REVOKED
core_breakdown,1000,500,100,14,44,16,4316,2.916,1.985,0.02,0.199,3.308,0.006,REVOKED
core_breakdown,1000,500,100,14,44,17,4317,2.932,1.986,0.028,0.197,3.318,0.006,REVOKED
core_breakdown,1000,500,100,14,44,18,4318,3.008,2.06,0.031,0.188,3.432,0.006,REVOKED
core_breakdown,1000,500,100,14,44,19,4319,2.891,1.967,0.021,0.199,2.989,0.006,REVOKED
core_breakdown,1000,500,100,14,44,20,4320,2.716,1.893,0.035,0.201,3.334,0.006,REVOKED
core_breakdown,1000,500,100,14,44,21,4321,2.927,1.982,0.028,0.196,3.342,0.006,REVOKED
core_breakdown,1000,500,100,14,44,22,4322,2.945,2.042,0.025,0.2,3.274,0.007,REVOKED
core_breakdown,1000,500,100,14,44,23,4323,3.001,2.067,0.026,0.197,3.308,0.006,REVOKED
core_breakdown,1000,500,100,14,44,24,4324,2.923,1.992,0.026,0.2,3.374,0.006,REVOKED
core_breakdown,1000,500,100,14,44,25,4325,2.87,1.951,0.022,0.214,3.003,0.008,REVOKED
core_breakdown,1000,500,100,14,44,26,4326,2.586,1.751,0.025,0.179,3.042,0.006,REVOKED
core_breakdown,1000,500,100,14,44,27,4327,2.555,1.7,0.021,0.179,3.021,0.006,REVOKED
core_breakdown,1000,500,100,14,44,28,4328,2.632,1.809,0.023,0.171,2.981,0.006,REVOKED
core_breakdown,1000,500,100,14,44,29,4329,2.601,1.788,0.022,0.164,2.965,0.006,REVOKED
core_breakdown,1000,500,100,14,44,30,4330,2.563,1.748,0.021,0.18,2.93,0.006,REVOKED
core_breakdown,1000,500,100,14,44,31,4331,2.518,1.701,0.022,0.177,2.987,0.006,REVOKED
core_breakdown,1000,500,100,14,44,32,4332,2.582,1.757,0.022,0.172,2.933,0.006,REVOKED
core_breakdown,1000,500,100,14,44,33,4333,2.642,1.822,0.02,0.186,2.9,0.006,REVOKED
core_breakdown,1000,500,100,14,44,34,4334,2.616,1.774,0.027,0.167,2.913,0.006,REVOKED
core_breakdown,1000,500,100,14,44,35,4335,2.571,1.741,0.02,0.172,2.916,0.007,REVOKED
core_breakdown,1000,500,100,14,44,36,4336,2.528,1.718,0.025,0.169,2.847,0.006,REVOKED
core_breakdown,1000,500,100,14,44,37,4337,2.587,1.747,0.023,0.179,2.943,0.006,REVOKED
core_breakdown,1000,500,100,14,44,38,4338,2.581,1.756,0.023,0.183,2.942,0.006,REVOKED
core_breakdown,1000,500,100,14,44,39,4339,2.505,1.664,0.024,0.168,2.89,0.011,REVOKED
core_breakdown,1000,500,100,14,44,40,4340,2.534,1.738,0.021,0.176,3.034,0.013,REVOKED
core_breakdown,1000,500,100,14,44,41,4341,2.587,1.751,0.022,0.19,2.949,0.006,REVOKED
core_breakdown,1000,500,100,14,44,42,4342,2.529,1.767,0.02,0.181,2.944,0.005,REVOKED
core_breakdown,1000,500,100,14,44,43,4343,2.569,1.736,0.028,0.181,2.979,0.005,REVOKED
core_breakdown,1000,500,100,14,44,44,4344,2.568,1.755,0.019,0.202,3.003,0.006,REVOKED
core_breakdown,1000,500,100,14,44,45,4345,2.603,1.764,0.024,0.178,2.991,0.006,REVOKED
core_breakdown,1000,500,100,14,44,46,4346,2.53,1.72,0.025,0.176,2.945,0.018,REVOKED
core_breakdown,1000,500,100,14,44,47,4347,2.545,1.748,0.022,0.173,2.966,0.005,REVOKED
core_breakdown,1000,500,100,14,44,48,4348,2.607,1.825,0.021,0.182,2.956,0.006,REVOKED
core_breakdown,1000,500,100,14,44,49,4349,2.57,1.738,0.023,0.18,2.947,0.015,REVOKED
core_breakdown,1000,500,100,14,44,50,4350,2.579,1.746,0.02,0.169,2.938,0.006,REVOKED
core_breakdown,1000,500,100,14,44,51,4351,2.578,1.745,0.024,0.18,2.917,0.005,REVOKED
core_breakdown,1000,500,100,14,44,52,4352,2.618,1.769,0.026,0.172,2.972,0.006,REVOKED
core_breakdown,1000,500,100,14,44,53,4353,2.555,1.769,0.021,0.19,2.946,0.006,REVOKED
core_breakdown,1000,500,100,14,44,54,4354,2.535,1.742,0.024,0.174,2.953,0.005,REVOKED
core_breakdown,1000,500,100,14,44,55,4355,2.572,1.767,0.021,0.173,2.934,0.006,REVOKED
core_breakdown,1000,500,100,14,44,56,4356,2.579,1.766,0.023,0.188,3.206,0.006,REVOKED
core_breakdown,1000,500,100,14,44,57,4357,2.689,1.84,0.026,0.18,2.956,0.005,REVOKED
core_breakdown,1000,500,100,14,44,58,4358,2.575,1.768,0.027,0.175,2.977,0.006,REVOKED
core_breakdown,1000,500,100,14,44,59,4359,2.578,1.785,0.022,0.179,2.92,0.006,REVOKED
core_breakdown,1000,500,100,14,44,60,4360,2.631,1.838,0.019,0.176,2.986,0.005,REVOKED
core_breakdown,1000,500,100,14,44,61,4361,2.547,1.736,0.026,0.168,2.927,0.007,REVOKED
core_breakdown,1000,500,100,14,44,62,4362,2.542,1.756,0.027,0.174,2.95,0.006,REVOKED
core_breakdown,1000,500,100,14,44,63,4363,2.566,1.761,0.024,0.169,2.967,0.006,REVOKED
core_breakdown,1000,500,100,14,44,64,4364,2.547,1.737,0.021,0.172,2.946,0.006,REVOKED
core_breakdown,1000,500,100,14,44,65,4365,2.473,1.683,0.02,0.16,2.998,0.011,REVOKED
core_breakdown,1000,500,100,14,44,66,4366,2.573,1.773,0.023,0.18,2.945,0.006,REVOKED
core_breakdown,1000,500,100,14,44,67,4367,2.618,1.796,0.023,0.175,2.988,0.006,REVOKED
core_breakdown,1000,500,100,14,44,68,4368,2.552,1.76,0.023,0.179,2.908,0.006,REVOKED
core_breakdown,1000,500,100,14,44,69,4369,2.605,1.78,0.021,0.174,3.008,0.005,REVOKED
core_breakdown,1000,500,100,14,44,70,4370,2.577,1.713,0.022,0.174,3.032,0.006,REVOKED
core_breakdown,1000,500,100,14,44,71,4371,2.558,1.749,0.026,0.184,3.04,0.006,REVOKED
core_breakdown,1000,500,100,14,44,72,4372,2.6,1.775,0.026,0.177,2.946,0.005,REVOKED
core_breakdown,1000,500,100,14,44,73,4373,2.597,1.807,0.023,0.173,2.942,0.005,REVOKED
core_breakdown,1000,500,100,14,44,74,4374,2.537,1.722,0.022,0.173,2.921,0.006,REVOKED
core_breakdown,1000,500,100,14,44,75,4375,2.577,1.765,0.023,0.178,2.955,0.007,REVOKED
core_breakdown,1000,500,100,14,44,76,4376,2.563,1.759,0.024,0.178,2.92,0.005,REVOKED
core_breakdown,1000,500,100,14,44,77,4377,2.545,1.733,0.022,0.164,2.912,0.007,REVOKED
core_breakdown,1000,500,100,14,44,78,4378,2.716,1.82,0.023,0.179,2.952,0.005,REVOKED
core_breakdown,1000,500,100,14,44,79,4379,2.53,1.722,0.027,0.169,2.936,0.006,REVOKED
core_breakdown,1000,500,100,14,44,80,4380,2.557,1.745,0.021,0.162,2.94,0.006,REVOKED
core_breakdown,1000,500,100,14,44,81,4381,2.568,1.798,0.025,0.156,2.91,0.006,REVOKED
core_breakdown,1000,500,100,14,44,82,4382,2.551,1.737,0.021,0.176,2.921,0.006,REVOKED
core_breakdown,1000,500,100,14,44,83,4383,2.532,1.727,0.021,0.169,2.943,0.006,REVOKED
core_breakdown,1000,500,100,14,44,84,4384,2.686,1.834,0.022,0.168,2.921,0.005,REVOKED
core_breakdown,1000,500,100,14,44,85,4385,2.656,1.815,0.022,0.18,2.976,0.006,REVOKED
core_breakdown,1000,500,100,14,44,86,4386,2.561,1.744,0.023,0.176,3.015,0.006,REVOKED
core_breakdown,1000,500,100,14,44,87,4387,2.513,1.705,0.021,0.181,2.96,0.006,REVOKED
core_breakdown,1000,500,100,14,44,88,4388,2.58,1.77,0.025,0.186,2.928,0.005,REVOKED
core_breakdown,1000,500,100,14,44,89,4389,2.543,1.731,0.02,0.182,3.009,0.006,REVOKED
core_breakdown,1000,500,100,14,44,90,4390,2.548,1.753,0.022,0.191,2.948,0.006,REVOKED
core_breakdown,1000,500,100,14,44,91,4391,2.624,1.775,0.02,0.168,3.028,0.006,REVOKED
core_breakdown,1000,500,100,14,44,92,4392,2.49,1.705,0.025,0.181,3.024,0.006,REVOKED
core_breakdown,1000,500,100,14,44,93,4393,2.662,1.845,0.025,0.167,2.948,0.006,REVOKED
core_breakdown,1000,500,100,14,44,94,4394,2.585,1.812,0.022,0.179,2.938,0.013,REVOKED
core_breakdown,1000,500,100,14,44,95,4395,2.525,1.709,0.021,0.174,2.946,0.005,REVOKED
core_breakdown,1000,500,100,14,44,96,4396,2.565,1.782,0.021,0.166,2.949,0.006,REVOKED
core_breakdown,1000,500,100,14,44,97,4397,2.567,1.744,0.023,0.177,2.901,0.035,REVOKED
core_breakdown,1000,500,100,14,44,98,4398,2.97,2.034,0.021,0.205,3.268,0.006,REVOKED
core_breakdown,1000,500,100,14,44,99,4399,2.92,2.01,0.022,0.186,3.29,0.006,REVOKED
core_breakdown,1000,500,100,14,44,100,4400,2.896,1.972,0.023,0.193,3.347,0.006,REVOKED
core_breakdown,1000,500,100,15,45,1,4401,6.568,4.202,0.305,0.503,7.342,0.055,REVOKED
core_breakdown,1000,500,100,15,45,2,4402,5.163,3.421,0.152,0.319,5.665,0.032,REVOKED
core_breakdown,1000,500,100,15,45,3,4403,4.959,3.368,0.085,0.278,4.638,0.022,REVOKED
core_breakdown,1000,500,100,15,45,4,4404,4.125,2.787,0.073,0.296,4.66,0.022,REVOKED
core_breakdown,1000,500,100,15,45,5,4405,4.243,2.84,0.081,0.226,3.792,0.014,REVOKED
core_breakdown,1000,500,100,15,45,6,4406,3.479,2.364,0.037,0.238,3.461,0.007,REVOKED
core_breakdown,1000,500,100,15,45,7,4407,3.055,2.087,0.035,0.208,3.489,0.007,REVOKED
core_breakdown,1000,500,100,15,45,8,4408,3.274,2.116,0.056,0.431,3.779,0.018,REVOKED
core_breakdown,1000,500,100,15,45,9,4409,2.981,2.0,0.048,0.204,3.371,0.011,REVOKED
core_breakdown,1000,500,100,15,45,10,4410,2.907,1.926,0.044,0.183,3.238,0.008,REVOKED
core_breakdown,1000,500,100,15,45,11,4411,2.824,1.954,0.028,0.204,3.203,0.008,REVOKED
core_breakdown,1000,500,100,15,45,12,4412,2.77,1.883,0.031,0.184,3.15,0.006,REVOKED
core_breakdown,1000,500,100,15,45,13,4413,2.826,1.924,0.028,0.199,3.288,0.011,REVOKED
core_breakdown,1000,500,100,15,45,14,4414,3.232,2.259,0.033,0.198,3.351,0.006,REVOKED
core_breakdown,1000,500,100,15,45,15,4415,3.007,2.078,0.03,0.186,3.326,0.006,REVOKED
core_breakdown,1000,500,100,15,45,16,4416,2.955,2.045,0.026,0.195,3.331,0.007,REVOKED
core_breakdown,1000,500,100,15,45,17,4417,2.91,1.983,0.022,0.21,3.239,0.005,REVOKED
core_breakdown,1000,500,100,15,45,18,4418,3.08,2.172,0.022,0.204,3.409,0.005,REVOKED
core_breakdown,1000,500,100,15,45,19,4419,2.901,1.972,0.021,0.194,3.256,0.006,REVOKED
core_breakdown,1000,500,100,15,45,20,4420,2.909,1.999,0.027,0.196,3.278,0.007,REVOKED
core_breakdown,1000,500,100,15,45,21,4421,3.06,2.102,0.024,0.215,3.394,0.007,REVOKED
core_breakdown,1000,500,100,15,45,22,4422,2.922,1.999,0.023,0.218,3.329,0.006,REVOKED
core_breakdown,1000,500,100,15,45,23,4423,2.984,2.008,0.027,0.2,3.309,0.006,REVOKED
core_breakdown,1000,500,100,15,45,24,4424,3.057,2.065,0.026,0.213,3.329,0.005,REVOKED
core_breakdown,1000,500,100,15,45,25,4425,2.996,2.005,0.021,0.199,3.493,0.009,REVOKED
core_breakdown,1000,500,100,15,45,26,4426,2.585,1.763,0.024,0.184,3.256,0.006,REVOKED
core_breakdown,1000,500,100,15,45,27,4427,2.945,1.997,0.03,0.199,3.357,0.006,REVOKED
core_breakdown,1000,500,100,15,45,28,4428,2.916,1.982,0.024,0.198,3.316,0.006,REVOKED
core_breakdown,1000,500,100,15,45,29,4429,2.925,1.994,0.024,0.195,3.299,0.006,REVOKED
core_breakdown,1000,500,100,15,45,30,4430,3.085,2.151,0.024,0.2,3.298,0.008,REVOKED
core_breakdown,1000,500,100,15,45,31,4431,2.921,2.021,0.025,0.196,3.357,0.006,REVOKED
core_breakdown,1000,500,100,15,45,32,4432,2.936,1.997,0.023,0.193,3.314,0.006,REVOKED
core_breakdown,1000,500,100,15,45,33,4433,2.934,2.024,0.022,0.205,3.301,0.008,REVOKED
core_breakdown,1000,500,100,15,45,34,4434,2.954,2.051,0.025,0.19,3.259,0.006,REVOKED
core_breakdown,1000,500,100,15,45,35,4435,2.927,1.995,0.023,0.199,3.283,0.006,REVOKED
core_breakdown,1000,500,100,15,45,36,4436,2.945,2.003,0.025,0.198,3.212,0.005,REVOKED
core_breakdown,1000,500,100,15,45,37,4437,2.945,2.038,0.023,0.201,3.31,0.006,REVOKED
core_breakdown,1000,500,100,15,45,38,4438,2.901,2.008,0.025,0.192,3.313,0.006,REVOKED
core_breakdown,1000,500,100,15,45,39,4439,2.939,2.031,0.023,0.185,3.277,0.005,REVOKED
core_breakdown,1000,500,100,15,45,40,4440,2.942,2.008,0.024,0.219,3.321,0.006,REVOKED
core_breakdown,1000,500,100,15,45,41,4441,2.933,1.982,0.021,0.195,3.327,0.006,REVOKED
core_breakdown,1000,500,100,15,45,42,4442,2.939,2.04,0.019,0.197,3.306,0.006,REVOKED
core_breakdown,1000,500,100,15,45,43,4443,2.918,1.982,0.023,0.199,3.285,0.006,REVOKED
core_breakdown,1000,500,100,15,45,44,4444,2.884,1.962,0.027,0.19,3.353,0.006,REVOKED
core_breakdown,1000,500,100,15,45,45,4445,2.909,1.986,0.02,0.192,3.339,0.006,REVOKED
core_breakdown,1000,500,100,15,45,46,4446,2.956,2.03,0.024,0.207,3.274,0.006,REVOKED
core_breakdown,1000,500,100,15,45,47,4447,2.92,2.011,0.019,0.192,3.341,0.006,REVOKED
core_breakdown,1000,500,100,15,45,48,4448,2.983,2.074,0.019,0.203,4.01,0.008,REVOKED
core_breakdown,1000,500,100,15,45,49,4449,3.117,2.174,0.033,0.193,3.152,0.012,REVOKED
core_breakdown,1000,500,100,15,45,50,4450,3.026,2.046,0.025,0.195,3.339,0.007,REVOKED
core_breakdown,1000,500,100,15,45,51,4451,2.984,2.05,0.022,0.208,3.374,0.007,REVOKED
core_breakdown,1000,500,100,15,45,52,4452,2.795,1.764,0.026,0.169,3.045,0.007,REVOKED
core_breakdown,1000,500,100,15,45,53,4453,3.024,2.039,0.026,0.188,3.239,0.006,REVOKED
core_breakdown,1000,500,100,15,45,54,4454,2.952,2.039,0.025,0.201,3.369,0.006,REVOKED
core_breakdown,1000,500,100,15,45,55,4455,2.952,2.016,0.023,0.187,3.352,0.006,REVOKED
core_breakdown,1000,500,100,15,45,56,4456,2.929,2.033,0.02,0.19,3.231,0.01,REVOKED
core_breakdown,1000,500,100,15,45,57,4457,2.928,1.988,0.024,0.201,3.274,0.006,REVOKED
core_breakdown,1000,500,100,15,45,58,4458,2.914,2.002,0.025,0.197,3.318,0.006,REVOKED
core_breakdown,1000,500,100,15,45,59,4459,2.899,2.001,0.021,0.198,3.219,0.006,REVOKED
core_breakdown,1000,500,100,15,45,60,4460,3.716,2.025,0.806,0.199,3.241,0.006,REVOKED
core_breakdown,1000,500,100,15,45,61,4461,2.921,1.99,0.022,0.204,3.244,0.006,REVOKED
core_breakdown,1000,500,100,15,45,62,4462,2.945,2.0,0.026,0.201,3.306,0.005,REVOKED
core_breakdown,1000,500,100,15,45,63,4463,2.972,2.037,0.024,0.201,3.315,0.006,REVOKED
core_breakdown,1000,500,100,15,45,64,4464,2.944,2.011,0.023,0.202,3.26,0.006,REVOKED
core_breakdown,1000,500,100,15,45,65,4465,2.919,1.984,0.022,0.193,3.277,0.006,REVOKED
core_breakdown,1000,500,100,15,45,66,4466,2.847,1.957,0.024,0.188,3.181,0.006,REVOKED
core_breakdown,1000,500,100,15,45,67,4467,2.873,1.986,0.023,0.193,3.301,0.006,REVOKED
core_breakdown,1000,500,100,15,45,68,4468,2.93,2.03,0.021,0.19,3.278,0.006,REVOKED
core_breakdown,1000,500,100,15,45,69,4469,3.009,2.093,0.024,0.216,3.283,0.006,REVOKED
core_breakdown,1000,500,100,15,45,70,4470,2.884,1.965,0.02,0.196,3.28,0.006,REVOKED
core_breakdown,1000,500,100,15,45,71,4471,2.886,1.972,0.022,0.197,3.263,0.005,REVOKED
core_breakdown,1000,500,100,15,45,72,4472,2.901,2.001,0.02,0.196,3.275,0.005,REVOKED
core_breakdown,1000,500,100,15,45,73,4473,2.928,1.983,0.022,0.188,3.238,0.005,REVOKED
core_breakdown,1000,500,100,15,45,74,4474,2.926,2.007,0.025,0.19,3.305,0.006,REVOKED
core_breakdown,1000,500,100,15,45,75,4475,2.96,2.05,0.024,0.198,3.259,0.006,REVOKED
core_breakdown,1000,500,100,15,45,76,4476,2.86,1.964,0.023,0.217,3.281,0.005,REVOKED
core_breakdown,1000,500,100,15,45,77,4477,2.911,1.993,0.021,0.191,3.241,0.005,REVOKED
core_breakdown,1000,500,100,15,45,78,4478,2.946,2.036,0.027,0.221,3.309,0.006,REVOKED
core_breakdown,1000,500,100,15,45,79,4479,2.842,1.957,0.025,0.183,2.941,0.006,REVOKED
core_breakdown,1000,500,100,15,45,80,4480,2.545,1.751,0.023,0.17,2.845,0.006,REVOKED
core_breakdown,1000,500,100,15,45,81,4481,2.584,1.748,0.022,0.172,2.911,0.005,REVOKED
core_breakdown,1000,500,100,15,45,82,4482,2.661,1.805,0.022,0.193,3.097,0.006,REVOKED
core_breakdown,1000,500,100,15,45,83,4483,2.995,2.064,0.025,0.2,3.257,0.006,REVOKED
core_breakdown,1000,500,100,15,45,84,4484,2.993,2.082,0.027,0.194,3.249,0.006,REVOKED
core_breakdown,1000,500,100,15,45,85,4485,2.932,2.02,0.024,0.192,3.326,0.006,REVOKED
core_breakdown,1000,500,100,15,45,86,4486,2.952,2.034,0.025,0.214,3.297,0.007,REVOKED
core_breakdown,1000,500,100,15,45,87,4487,2.958,2.028,0.02,0.19,3.284,0.005,REVOKED
core_breakdown,1000,500,100,15,45,88,4488,2.925,1.97,0.022,0.199,3.318,0.006,REVOKED
core_breakdown,1000,500,100,15,45,89,4489,2.924,1.99,0.019,0.2,3.356,0.006,REVOKED
core_breakdown,1000,500,100,15,45,90,4490,3.009,2.072,0.024,0.198,3.304,0.005,REVOKED
core_breakdown,1000,500,100,15,45,91,4491,2.917,2.005,0.028,0.189,3.302,0.006,REVOKED
core_breakdown,1000,500,100,15,45,92,4492,2.921,2.015,0.021,0.212,3.31,0.005,REVOKED
core_breakdown,1000,500,100,15,45,93,4493,2.963,2.054,0.02,0.192,3.267,0.006,REVOKED
core_breakdown,1000,500,100,15,45,94,4494,2.95,2.036,0.02,0.188,3.375,0.006,REVOKED
core_breakdown,1000,500,100,15,45,95,4495,2.934,1.989,0.019,0.203,3.313,0.012,REVOKED
core_breakdown,1000,500,100,15,45,96,4496,2.985,2.089,0.019,0.192,3.487,0.008,REVOKED
core_breakdown,1000,500,100,15,45,97,4497,3.286,2.274,0.027,0.215,3.547,0.02,REVOKED
core_breakdown,1000,500,100,15,45,98,4498,3.094,2.091,0.027,0.21,3.61,0.008,REVOKED
core_breakdown,1000,500,100,15,45,99,4499,3.179,2.163,0.03,0.206,3.607,0.007,REVOKED
core_breakdown,1000,500,100,15,45,100,4500,3.465,2.311,0.034,0.226,4.125,0.008,REVOKED
core_breakdown,1000,500,100,16,46,1,4501,4.463,2.932,0.069,0.303,5.163,0.014,REVOKED
core_breakdown,1000,500,100,16,46,2,4502,4.976,3.279,0.045,0.326,5.226,0.013,REVOKED
core_breakdown,1000,500,100,16,46,3,4503,3.992,2.642,0.042,0.257,4.234,0.008,REVOKED
core_breakdown,1000,500,100,16,46,4,4504,3.45,2.252,0.035,0.225,3.872,0.007,REVOKED
core_breakdown,1000,500,100,16,46,5,4505,3.364,2.299,0.032,0.23,3.576,0.007,REVOKED
core_breakdown,1000,500,100,16,46,6,4506,3.191,2.159,0.023,0.261,3.501,0.005,REVOKED
core_breakdown,1000,500,100,16,46,7,4507,3.064,2.067,0.026,0.207,3.825,0.007,REVOKED
core_breakdown,1000,500,100,16,46,8,4508,3.39,2.335,0.022,0.221,3.666,0.006,REVOKED
core_breakdown,1000,500,100,16,46,9,4509,3.419,2.379,0.024,0.224,3.494,0.006,REVOKED
core_breakdown,1000,500,100,16,46,10,4510,2.984,2.033,0.022,0.201,3.326,0.006,REVOKED
core_breakdown,1000,500,100,16,46,11,4511,2.926,2.0,0.023,0.195,3.335,0.007,REVOKED
core_breakdown,1000,500,100,16,46,12,4512,2.992,2.043,0.027,0.207,3.308,0.006,REVOKED
core_breakdown,1000,500,100,16,46,13,4513,2.911,2.008,0.023,0.196,3.166,0.007,REVOKED
core_breakdown,1000,500,100,16,46,14,4514,2.672,1.834,0.024,0.193,3.337,0.006,REVOKED
core_breakdown,1000,500,100,16,46,15,4515,2.962,2.019,0.022,0.209,3.315,0.006,REVOKED
core_breakdown,1000,500,100,16,46,16,4516,3.078,2.107,0.025,0.2,3.438,0.007,REVOKED
core_breakdown,1000,500,100,16,46,17,4517,3.077,2.086,0.024,0.218,3.407,0.006,REVOKED
core_breakdown,1000,500,100,16,46,18,4518,2.998,2.034,0.02,0.208,3.424,0.006,REVOKED
core_breakdown,1000,500,100,16,46,19,4519,3.083,2.138,0.018,0.219,3.37,0.006,REVOKED
core_breakdown,1000,500,100,16,46,20,4520,3.071,2.138,0.024,0.205,3.433,0.006,REVOKED
core_breakdown,1000,500,100,16,46,21,4521,3.096,2.103,0.026,0.21,3.291,0.006,REVOKED
core_breakdown,1000,500,100,16,46,22,4522,2.896,1.979,0.023,0.192,3.327,0.007,REVOKED
core_breakdown,1000,500,100,16,46,23,4523,2.925,2.0,0.02,0.195,3.34,0.006,REVOKED
core_breakdown,1000,500,100,16,46,24,4524,2.944,2.012,0.026,0.214,3.3,0.006,REVOKED
core_breakdown,1000,500,100,16,46,25,4525,2.934,2.029,0.022,0.193,3.352,0.007,REVOKED
core_breakdown,1000,500,100,16,46,26,4526,2.911,2.009,0.019,0.201,3.246,0.006,REVOKED
core_breakdown,1000,500,100,16,46,27,4527,3.008,2.059,0.026,0.187,3.395,0.007,REVOKED
core_breakdown,1000,500,100,16,46,28,4528,2.975,2.019,0.026,0.22,3.367,0.006,REVOKED
core_breakdown,1000,500,100,16,46,29,4529,2.951,2.02,0.023,0.201,3.432,0.006,REVOKED
core_breakdown,1000,500,100,16,46,30,4530,3.012,2.019,0.021,0.227,7.989,0.011,REVOKED
core_breakdown,1000,500,100,16,46,31,4531,3.218,2.173,0.043,0.199,3.463,0.007,REVOKED
core_breakdown,1000,500,100,16,46,32,4532,3.042,2.082,0.025,0.21,3.463,0.006,REVOKED
core_breakdown,1000,500,100,16,46,33,4533,3.037,2.043,0.024,0.2,3.38,0.006,REVOKED
core_breakdown,1000,500,100,16,46,34,4534,2.951,1.974,0.027,0.205,3.307,0.007,REVOKED
core_breakdown,1000,500,100,16,46,35,4535,2.939,1.986,0.025,0.196,3.324,0.006,REVOKED
core_breakdown,1000,500,100,16,46,36,4536,2.944,2.007,0.024,0.194,3.264,0.006,REVOKED
core_breakdown,1000,500,100,16,46,37,4537,2.936,1.983,0.021,0.226,3.339,0.011,REVOKED
core_breakdown,1000,500,100,16,46,38,4538,2.966,2.045,0.027,0.191,3.319,0.005,REVOKED
core_breakdown,1000,500,100,16,46,39,4539,2.958,2.013,0.026,0.192,3.345,0.006,REVOKED
core_breakdown,1000,500,100,16,46,40,4540,2.966,2.034,0.022,0.199,3.307,0.006,REVOKED
core_breakdown,1000,500,100,16,46,41,4541,2.962,2.042,0.021,0.2,3.333,0.006,REVOKED
core_breakdown,1000,500,100,16,46,42,4542,2.892,1.984,0.029,0.201,3.225,0.006,REVOKED
core_breakdown,1000,500,100,16,46,43,4543,2.891,1.984,0.026,0.199,3.328,0.006,REVOKED
core_breakdown,1000,500,100,16,46,44,4544,2.965,2.008,0.023,0.198,3.268,0.006,REVOKED
core_breakdown,1000,500,100,16,46,45,4545,2.877,1.968,0.023,0.202,3.259,0.005,REVOKED
core_breakdown,1000,500,100,16,46,46,4546,2.878,1.968,0.022,0.215,3.403,0.008,REVOKED
core_breakdown,1000,500,100,16,46,47,4547,2.999,2.034,0.026,0.206,3.414,0.006,REVOKED
core_breakdown,1000,500,100,16,46,48,4548,2.975,2.054,0.022,0.198,3.366,0.005,REVOKED
core_breakdown,1000,500,100,16,46,49,4549,3.01,2.042,0.019,0.192,3.444,0.012,REVOKED
core_breakdown,1000,500,100,16,46,50,4550,3.053,2.132,0.023,0.216,3.456,0.007,REVOKED
core_breakdown,1000,500,100,16,46,51,4551,3.058,2.092,0.022,0.208,3.51,0.006,REVOKED
core_breakdown,1000,500,100,16,46,52,4552,2.952,2.032,0.025,0.205,3.311,0.006,REVOKED
core_breakdown,1000,500,100,16,46,53,4553,3.027,2.105,0.031,0.199,3.255,0.005,REVOKED
core_breakdown,1000,500,100,16,46,54,4554,2.985,2.043,0.021,0.199,3.284,0.006,REVOKED
core_breakdown,1000,500,100,16,46,55,4555,2.953,2.013,0.025,0.191,3.294,0.006,REVOKED
core_breakdown,1000,500,100,16,46,56,4556,2.929,2.024,0.023,0.193,3.308,0.006,REVOKED
core_breakdown,1000,500,100,16,46,57,4557,2.95,2.017,0.023,0.199,3.36,0.006,REVOKED
core_breakdown,1000,500,100,16,46,58,4558,2.957,2.032,0.022,0.198,3.356,0.005,REVOKED
core_breakdown,1000,500,100,16,46,59,4559,2.984,2.047,0.02,0.194,3.282,0.006,REVOKED
core_breakdown,1000,500,100,16,46,60,4560,2.916,1.993,0.025,0.197,3.389,0.007,REVOKED
core_breakdown,1000,500,100,16,46,61,4561,2.986,2.034,0.024,0.2,3.327,0.006,REVOKED
core_breakdown,1000,500,100,16,46,62,4562,2.96,2.02,0.023,0.241,3.29,0.005,REVOKED
core_breakdown,1000,500,100,16,46,63,4563,3.0,2.069,0.024,0.206,3.339,0.006,REVOKED
core_breakdown,1000,500,100,16,46,64,4564,3.003,2.053,0.023,0.204,3.297,0.006,REVOKED
core_breakdown,1000,500,100,16,46,65,4565,2.978,2.041,0.024,0.207,3.336,0.006,REVOKED
core_breakdown,1000,500,100,16,46,66,4566,2.982,2.042,0.021,0.204,3.262,0.006,REVOKED
core_breakdown,1000,500,100,16,46,67,4567,2.947,2.025,0.024,0.2,3.31,0.006,REVOKED
core_breakdown,1000,500,100,16,46,68,4568,2.999,2.052,0.022,0.189,3.275,0.013,REVOKED
core_breakdown,1000,500,100,16,46,69,4569,2.963,2.057,0.021,0.194,3.275,0.006,REVOKED
core_breakdown,1000,500,100,16,46,70,4570,2.916,1.977,0.022,0.197,3.333,0.005,REVOKED
core_breakdown,1000,500,100,16,46,71,4571,2.917,2.019,0.02,0.197,3.368,0.005,REVOKED
core_breakdown,1000,500,100,16,46,72,4572,2.953,2.032,0.019,0.203,3.281,0.005,REVOKED
core_breakdown,1000,500,100,16,46,73,4573,2.933,2.0,0.024,0.199,3.356,0.005,REVOKED
core_breakdown,1000,500,100,16,46,74,4574,2.917,1.997,0.022,0.192,3.58,0.006,REVOKED
core_breakdown,1000,500,100,16,46,75,4575,3.0,2.071,0.021,0.232,3.315,0.007,REVOKED
core_breakdown,1000,500,100,16,46,76,4576,3.037,2.1,0.021,0.201,3.485,0.006,REVOKED
core_breakdown,1000,500,100,16,46,77,4577,2.966,2.027,0.024,0.201,3.336,0.006,REVOKED
core_breakdown,1000,500,100,16,46,78,4578,2.94,2.045,0.022,0.2,3.288,0.006,REVOKED
core_breakdown,1000,500,100,16,46,79,4579,2.969,2.039,0.023,0.189,3.314,0.006,REVOKED
core_breakdown,1000,500,100,16,46,80,4580,2.945,2.025,0.023,0.204,3.424,0.005,REVOKED
core_breakdown,1000,500,100,16,46,81,4581,3.0,2.064,0.024,0.194,3.303,0.006,REVOKED
core_breakdown,1000,500,100,16,46,82,4582,2.916,1.988,0.021,0.198,3.306,0.006,REVOKED
core_breakdown,1000,500,100,16,46,83,4583,2.932,2.014,0.019,0.207,3.293,0.006,REVOKED
core_breakdown,1000,500,100,16,46,84,4584,2.993,2.052,0.024,0.198,3.238,0.014,REVOKED
core_breakdown,1000,500,100,16,46,85,4585,2.965,2.038,0.02,0.214,3.343,0.005,REVOKED
core_breakdown,1000,500,100,16,46,86,4586,2.927,2.015,0.023,0.196,3.287,0.006,REVOKED
core_breakdown,1000,500,100,16,46,87,4587,2.916,2.002,0.021,0.195,3.326,0.006,REVOKED
core_breakdown,1000,500,100,16,46,88,4588,3.078,2.13,0.025,0.189,3.208,0.006,REVOKED
core_breakdown,1000,500,100,16,46,89,4589,3.027,2.119,0.022,0.19,3.357,0.006,REVOKED
core_breakdown,1000,500,100,16,46,90,4590,2.899,1.978,0.023,0.194,3.182,0.005,REVOKED
core_breakdown,1000,500,100,16,46,91,4591,2.844,1.931,0.023,0.186,3.192,0.007,REVOKED
core_breakdown,1000,500,100,16,46,92,4592,2.943,2.025,0.02,0.192,3.27,0.006,REVOKED
core_breakdown,1000,500,100,16,46,93,4593,2.934,2.006,0.02,0.206,3.398,0.005,REVOKED
core_breakdown,1000,500,100,16,46,94,4594,2.985,2.071,0.023,0.192,3.302,0.006,REVOKED
core_breakdown,1000,500,100,16,46,95,4595,2.939,2.007,0.025,0.194,3.295,0.005,REVOKED
core_breakdown,1000,500,100,16,46,96,4596,2.914,1.989,0.026,0.208,3.307,0.005,REVOKED
core_breakdown,1000,500,100,16,46,97,4597,2.939,1.995,0.023,0.189,3.336,0.015,REVOKED
core_breakdown,1000,500,100,16,46,98,4598,3.005,2.047,0.024,0.194,3.3,0.006,REVOKED
core_breakdown,1000,500,100,16,46,99,4599,2.898,1.99,0.023,0.189,3.265,0.006,REVOKED
core_breakdown,1000,500,100,16,46,100,4600,2.89,1.982,0.022,0.195,3.251,0.005,REVOKED
core_breakdown,1000,500,100,17,47,1,4601,6.141,4.001,0.277,0.424,7.07,0.062,REVOKED
core_breakdown,1000,500,100,17,47,2,4602,5.629,3.753,0.077,0.333,4.533,0.023,REVOKED
core_breakdown,1000,500,100,17,47,3,4603,3.708,2.491,0.071,0.255,3.72,0.011,REVOKED
core_breakdown,1000,500,100,17,47,4,4604,3.367,2.297,0.039,0.23,3.695,0.009,REVOKED
core_breakdown,1000,500,100,17,47,5,4605,3.325,2.266,0.036,0.234,3.728,0.008,REVOKED
core_breakdown,1000,500,100,17,47,6,4606,3.29,2.233,0.04,0.203,3.604,0.008,REVOKED
core_breakdown,1000,500,100,17,47,7,4607,3.172,2.166,0.032,0.213,3.765,0.017,REVOKED
core_breakdown,1000,500,100,17,47,8,4608,3.631,2.422,0.081,0.218,3.896,0.009,REVOKED
core_breakdown,1000,500,100,17,47,9,4609,3.263,2.244,0.037,0.215,3.569,0.007,REVOKED
core_breakdown,1000,500,100,17,47,10,4610,3.115,2.13,0.026,0.225,3.544,0.008,REVOKED
core_breakdown,1000,500,100,17,47,11,4611,3.123,2.119,0.024,0.208,3.549,0.006,REVOKED
core_breakdown,1000,500,100,17,47,12,4612,3.084,2.102,0.025,0.203,3.521,0.006,REVOKED
core_breakdown,1000,500,100,17,47,13,4613,3.191,2.161,0.026,0.219,3.407,0.008,REVOKED
core_breakdown,1000,500,100,17,47,14,4614,3.018,2.072,0.025,0.205,3.399,0.006,REVOKED
core_breakdown,1000,500,100,17,47,15,4615,2.73,1.777,0.024,0.191,2.953,0.007,REVOKED
core_breakdown,1000,500,100,17,47,16,4616,2.599,1.801,0.021,0.184,2.992,0.006,REVOKED
core_breakdown,1000,500,100,17,47,17,4617,2.571,1.74,0.023,0.182,2.816,0.006,REVOKED
core_breakdown,1000,500,100,17,47,18,4618,2.605,1.77,0.021,0.176,3.071,0.005,REVOKED
core_breakdown,1000,500,100,17,47,19,4619,2.637,1.826,0.02,0.206,2.966,0.005,REVOKED
core_breakdown,1000,500,100,17,47,20,4620,2.952,2.023,0.029,0.195,3.284,0.005,REVOKED
core_breakdown,1000,500,100,17,47,21,4621,2.913,2.009,0.025,0.193,3.277,0.006,REVOKED
core_breakdown,1000,500,100,17,47,22,4622,2.935,2.005,0.029,0.199,3.352,0.006,REVOKED
core_breakdown,1000,500,100,17,47,23,4623,2.958,2.015,0.027,0.203,3.285,0.006,REVOKED
core_breakdown,1000,500,100,17,47,24,4624,2.916,1.984,0.025,0.19,3.307,0.006,REVOKED
core_breakdown,1000,500,100,17,47,25,4625,2.959,2.028,0.026,0.194,3.272,0.009,REVOKED
core_breakdown,1000,500,100,17,47,26,4626,2.907,1.981,0.023,0.189,3.351,0.005,REVOKED
core_breakdown,1000,500,100,17,47,27,4627,2.792,1.892,0.022,0.179,2.948,0.009,REVOKED
core_breakdown,1000,500,100,17,47,28,4628,2.595,1.77,0.027,0.176,3.021,0.006,REVOKED
core_breakdown,1000,500,100,17,47,29,4629,2.615,1.781,0.023,0.162,2.969,0.011,REVOKED
core_breakdown,1000,500,100,17,47,30,4630,2.489,1.719,0.025,0.198,2.949,0.007,REVOKED
core_breakdown,1000,500,100,17,47,31,4631,2.478,1.694,0.025,0.168,2.941,0.006,REVOKED
core_breakdown,1000,500,100,17,47,32,4632,2.588,1.75,0.024,0.186,2.924,0.005,REVOKED
core_breakdown,1000,500,100,17,47,33,4633,2.614,1.774,0.023,0.188,2.944,0.006,REVOKED
core_breakdown,1000,500,100,17,47,34,4634,2.572,1.778,0.023,0.173,3.02,0.01,REVOKED
core_breakdown,1000,500,100,17,47,35,4635,2.624,1.779,0.025,0.174,2.954,0.006,REVOKED
core_breakdown,1000,500,100,17,47,36,4636,2.641,1.842,0.021,0.164,2.915,0.005,REVOKED
core_breakdown,1000,500,100,17,47,37,4637,2.631,1.794,0.024,0.19,2.903,0.006,REVOKED
core_breakdown,1000,500,100,17,47,38,4638,2.575,1.755,0.022,0.181,2.987,0.017,REVOKED
core_breakdown,1000,500,100,17,47,39,4639,2.591,1.79,0.024,0.16,2.908,0.005,REVOKED
core_breakdown,1000,500,100,17,47,40,4640,2.566,1.736,0.025,0.179,2.893,0.006,REVOKED
core_breakdown,1000,500,100,17,47,41,4641,2.639,1.802,0.023,0.203,3.059,0.006,REVOKED
core_breakdown,1000,500,100,17,47,42,4642,2.551,1.731,0.023,0.177,2.94,0.006,REVOKED
core_breakdown,1000,500,100,17,47,43,4643,2.597,1.781,0.024,0.174,3.037,0.011,REVOKED
core_breakdown,1000,500,100,17,47,44,4644,2.598,1.764,0.023,0.176,2.905,0.007,REVOKED
core_breakdown,1000,500,100,17,47,45,4645,2.628,1.788,0.026,0.168,3.012,0.006,REVOKED
core_breakdown,1000,500,100,17,47,46,4646,2.6,1.793,0.021,0.184,2.901,0.005,REVOKED
core_breakdown,1000,500,100,17,47,47,4647,2.557,1.71,0.023,0.163,2.975,0.006,REVOKED
core_breakdown,1000,500,100,17,47,48,4648,2.559,1.752,0.023,0.174,2.899,0.006,REVOKED
core_breakdown,1000,500,100,17,47,49,4649,2.576,1.728,0.022,0.189,3.02,0.009,REVOKED
core_breakdown,1000,500,100,17,47,50,4650,2.661,1.845,0.023,0.187,2.915,0.006,REVOKED
core_breakdown,1000,500,100,17,47,51,4651,2.692,1.757,0.025,0.22,2.926,0.006,REVOKED
core_breakdown,1000,500,100,17,47,52,4652,2.635,1.803,0.021,0.183,2.985,0.005,REVOKED
core_breakdown,1000,500,100,17,47,53,4653,2.576,1.745,0.021,0.182,2.99,0.006,REVOKED
core_breakdown,1000,500,100,17,47,54,4654,2.613,1.761,0.023,0.172,2.966,0.005,REVOKED
core_breakdown,1000,500,100,17,47,55,4655,2.808,1.914,0.021,0.195,3.386,0.005,REVOKED
core_breakdown,1000,500,100,17,47,56,4656,2.963,2.046,0.02,0.207,3.394,0.006,REVOKED
core_breakdown,1000,500,100,17,47,57,4657,2.962,2.036,0.019,0.194,3.277,0.005,REVOKED
core_breakdown,1000,500,100,17,47,58,4658,2.991,2.028,0.02,0.198,3.291,0.006,REVOKED
core_breakdown,1000,500,100,17,47,59,4659,2.916,2.0,0.019,0.197,3.227,0.006,REVOKED
core_breakdown,1000,500,100,17,47,60,4660,2.931,2.028,0.027,0.21,3.256,0.006,REVOKED
core_breakdown,1000,500,100,17,47,61,4661,2.971,2.037,0.024,0.199,3.531,0.006,REVOKED
core_breakdown,1000,500,100,17,47,62,4662,2.959,1.99,0.025,0.188,3.272,0.006,REVOKED
core_breakdown,1000,500,100,17,47,63,4663,2.926,2.009,0.021,0.219,3.313,0.006,REVOKED
core_breakdown,1000,500,100,17,47,64,4664,2.958,2.036,0.025,0.215,3.416,0.005,REVOKED
core_breakdown,1000,500,100,17,47,65,4665,2.926,2.011,0.02,0.196,3.293,0.006,REVOKED
core_breakdown,1000,500,100,17,47,66,4666,2.969,2.057,0.023,0.204,3.286,0.006,REVOKED
core_breakdown,1000,500,100,17,47,67,4667,2.907,1.994,0.022,0.194,3.32,0.006,REVOKED
core_breakdown,1000,500,100,17,47,68,4668,2.75,1.85,0.021,0.174,2.921,0.005,REVOKED
core_breakdown,1000,500,100,17,47,69,4669,2.62,1.784,0.027,0.175,2.947,0.007,REVOKED
core_breakdown,1000,500,100,17,47,70,4670,2.588,1.781,0.023,0.172,2.95,0.005,REVOKED
core_breakdown,1000,500,100,17,47,71,4671,2.59,1.766,0.022,0.157,3.08,0.006,REVOKED
core_breakdown,1000,500,100,17,47,72,4672,2.566,1.723,0.025,0.218,2.923,0.005,REVOKED
core_breakdown,1000,500,100,17,47,73,4673,2.535,1.707,0.023,0.184,2.941,0.006,REVOKED
core_breakdown,1000,500,100,17,47,74,4674,2.597,1.767,0.024,0.175,2.96,0.005,REVOKED
core_breakdown,1000,500,100,17,47,75,4675,2.584,1.768,0.023,0.172,2.932,0.006,REVOKED
core_breakdown,1000,500,100,17,47,76,4676,2.573,1.749,0.021,0.175,2.875,0.006,REVOKED
core_breakdown,1000,500,100,17,47,77,4677,2.551,1.75,0.021,0.18,2.926,0.005,REVOKED
core_breakdown,1000,500,100,17,47,78,4678,3.116,2.287,0.02,0.187,3.407,0.006,REVOKED
core_breakdown,1000,500,100,17,47,79,4679,3.069,2.078,0.027,0.193,3.335,0.006,REVOKED
core_breakdown,1000,500,100,17,47,80,4680,2.903,1.982,0.023,0.211,3.307,0.006,REVOKED
core_breakdown,1000,500,100,17,47,81,4681,2.998,2.055,0.026,0.193,3.315,0.005,REVOKED
core_breakdown,1000,500,100,17,47,82,4682,2.927,1.995,0.025,0.187,3.35,0.006,REVOKED
core_breakdown,1000,500,100,17,47,83,4683,2.953,2.006,0.021,0.19,3.41,0.007,REVOKED
core_breakdown,1000,500,100,17,47,84,4684,2.919,2.018,0.021,0.193,3.32,0.006,REVOKED
core_breakdown,1000,500,100,17,47,85,4685,2.97,2.041,0.023,0.206,3.303,0.006,REVOKED
core_breakdown,1000,500,100,17,47,86,4686,2.942,2.022,0.026,0.209,3.315,0.006,REVOKED
core_breakdown,1000,500,100,17,47,87,4687,2.971,2.044,0.02,0.197,3.288,0.006,REVOKED
core_breakdown,1000,500,100,17,47,88,4688,2.976,2.046,0.022,0.203,3.301,0.006,REVOKED
core_breakdown,1000,500,100,17,47,89,4689,2.92,2.02,0.02,0.197,3.277,0.006,REVOKED
core_breakdown,1000,500,100,17,47,90,4690,2.98,2.035,0.024,0.192,3.276,0.005,REVOKED
core_breakdown,1000,500,100,17,47,91,4691,2.926,1.99,0.025,0.207,3.408,0.006,REVOKED
core_breakdown,1000,500,100,17,47,92,4692,3.024,1.994,0.024,0.193,3.386,0.006,REVOKED
core_breakdown,1000,500,100,17,47,93,4693,3.012,2.073,0.024,0.19,3.372,0.006,REVOKED
core_breakdown,1000,500,100,17,47,94,4694,2.929,2.006,0.02,0.193,3.262,0.012,REVOKED
core_breakdown,1000,500,100,17,47,95,4695,2.941,2.024,0.024,0.193,3.317,0.01,REVOKED
core_breakdown,1000,500,100,17,47,96,4696,2.943,2.026,0.02,0.194,3.306,0.006,REVOKED
core_breakdown,1000,500,100,17,47,97,4697,3.014,2.088,0.027,0.189,3.242,0.012,REVOKED
core_breakdown,1000,500,100,17,47,98,4698,2.885,1.987,0.023,0.201,3.351,0.006,REVOKED
core_breakdown,1000,500,100,17,47,99,4699,2.97,2.036,0.024,0.202,3.236,0.005,REVOKED
core_breakdown,1000,500,100,17,47,100,4700,2.901,1.981,0.019,0.196,3.242,0.006,REVOKED
core_breakdown,1000,500,100,18,48,1,4701,5.764,3.549,0.288,0.442,6.156,0.071,REVOKED
core_breakdown,1000,500,100,18,48,2,4702,5.646,3.726,0.124,0.393,5.577,0.024,REVOKED
core_breakdown,1000,500,100,18,48,3,4703,4.732,3.171,0.08,0.318,4.854,0.018,REVOKED
core_breakdown,1000,500,100,18,48,4,4704,4.136,2.816,0.043,0.234,3.747,0.013,REVOKED
core_breakdown,1000,500,100,18,48,5,4705,3.281,2.221,0.044,0.252,3.664,0.008,REVOKED
core_breakdown,1000,500,100,18,48,6,4706,3.281,2.213,0.039,0.223,3.686,0.008,REVOKED
core_breakdown,1000,500,100,18,48,7,4707,3.278,2.236,0.032,0.2,3.561,0.008,REVOKED
core_breakdown,1000,500,100,18,48,8,4708,3.175,2.127,0.03,0.234,3.801,0.014,REVOKED
core_breakdown,1000,500,100,18,48,9,4709,3.165,2.157,0.048,0.22,3.503,0.009,REVOKED
core_breakdown,1000,500,100,18,48,10,4710,3.205,2.165,0.034,0.234,3.271,0.008,REVOKED
core_breakdown,1000,500,100,18,48,11,4711,2.674,1.827,0.028,0.182,3.095,0.006,REVOKED
core_breakdown,1000,500,100,18,48,12,4712,2.802,1.952,0.034,0.208,3.528,0.007,REVOKED
core_breakdown,1000,500,100,18,48,13,4713,3.05,2.072,0.028,0.221,3.433,0.008,REVOKED
core_breakdown,1000,500,100,18,48,14,4714,3.075,2.11,0.026,0.225,3.274,0.007,REVOKED
core_breakdown,1000,500,100,18,48,15,4715,2.624,1.807,0.023,0.178,3.057,0.006,REVOKED
core_breakdown,1000,500,100,18,48,16,4716,2.703,1.827,0.027,0.173,3.178,0.007,REVOKED
core_breakdown,1000,500,100,18,48,17,4717,2.664,1.821,0.025,0.181,3.015,0.006,REVOKED
core_breakdown,1000,500,100,18,48,18,4718,2.593,1.783,0.024,0.196,3.163,0.007,REVOKED
core_breakdown,1000,500,100,18,48,19,4719,2.627,1.795,0.027,0.184,3.006,0.005,REVOKED
core_breakdown,1000,500,100,18,48,20,4720,2.657,1.812,0.026,0.18,3.049,0.006,REVOKED
core_breakdown,1000,500,100,18,48,21,4721,2.63,1.792,0.023,0.183,2.965,0.007,REVOKED
core_breakdown,1000,500,100,18,48,22,4722,2.587,1.769,0.021,0.175,3.04,0.006,REVOKED
core_breakdown,1000,500,100,18,48,23,4723,2.605,1.801,0.026,0.196,3.031,0.006,REVOKED
core_breakdown,1000,500,100,18,48,24,4724,2.653,1.797,0.027,0.183,3.007,0.006,REVOKED
core_breakdown,1000,500,100,18,48,25,4725,2.601,1.779,0.022,0.179,3.071,0.014,REVOKED
core_breakdown,1000,500,100,18,48,26,4726,2.58,1.761,0.02,0.18,2.955,0.006,REVOKED
core_breakdown,1000,500,100,18,48,27,4727,2.603,1.771,0.026,0.178,2.944,0.005,REVOKED
core_breakdown,1000,500,100,18,48,28,4728,2.581,1.778,0.024,0.189,2.931,0.005,REVOKED
core_breakdown,1000,500,100,18,48,29,4729,2.544,1.749,0.022,0.172,3.013,0.005,REVOKED
core_breakdown,1000,500,100,18,48,30,4730,2.571,1.757,0.025,0.182,2.967,0.006,REVOKED
core_breakdown,1000,500,100,18,48,31,4731,2.576,1.765,0.024,0.182,3.077,0.011,REVOKED
core_breakdown,1000,500,100,18,48,32,4732,2.601,1.753,0.026,0.179,2.981,0.005,REVOKED
core_breakdown,1000,500,100,18,48,33,4733,2.631,1.794,0.023,0.177,3.152,0.006,REVOKED
core_breakdown,1000,500,100,18,48,34,4734,2.573,1.734,0.025,0.18,2.957,0.007,REVOKED
core_breakdown,1000,500,100,18,48,35,4735,2.582,1.757,0.025,0.179,3.093,0.005,REVOKED
core_breakdown,1000,500,100,18,48,36,4736,2.594,1.772,0.022,0.179,2.974,0.006,REVOKED
core_breakdown,1000,500,100,18,48,37,4737,2.592,1.763,0.025,0.185,2.928,0.006,REVOKED
core_breakdown,1000,500,100,18,48,38,4738,2.611,1.793,0.021,0.189,2.99,0.005,REVOKED
core_breakdown,1000,500,100,18,48,39,4739,2.578,1.753,0.025,0.181,2.942,0.006,REVOKED
core_breakdown,1000,500,100,18,48,40,4740,2.547,1.755,0.021,0.181,2.941,0.006,REVOKED
core_breakdown,1000,500,100,18,48,41,4741,2.594,1.771,0.019,0.163,2.998,0.007,REVOKED
core_breakdown,1000,500,100,18,48,42,4742,2.569,1.754,0.024,0.169,2.91,0.005,REVOKED
core_breakdown,1000,500,100,18,48,43,4743,2.582,1.748,0.022,0.174,2.893,0.006,REVOKED
core_breakdown,1000,500,100,18,48,44,4744,2.513,1.693,0.021,0.187,2.966,0.006,REVOKED
core_breakdown,1000,500,100,18,48,45,4745,2.646,1.831,0.022,0.162,2.901,0.006,REVOKED
core_breakdown,1000,500,100,18,48,46,4746,2.599,1.774,0.022,0.183,2.994,0.006,REVOKED
core_breakdown,1000,500,100,18,48,47,4747,2.545,1.743,0.025,0.189,2.95,0.005,REVOKED
core_breakdown,1000,500,100,18,48,48,4748,2.711,1.785,0.023,0.179,3.098,0.007,REVOKED
core_breakdown,1000,500,100,18,48,49,4749,2.581,1.768,0.024,0.172,2.952,0.009,REVOKED
core_breakdown,1000,500,100,18,48,50,4750,2.546,1.729,0.022,0.175,2.943,0.005,REVOKED
core_breakdown,1000,500,100,18,48,51,4751,2.626,1.798,0.027,0.184,3.009,0.006,REVOKED
core_breakdown,1000,500,100,18,48,52,4752,2.582,1.734,0.023,0.181,2.956,0.006,REVOKED
core_breakdown,1000,500,100,18,48,53,4753,2.493,1.718,0.025,0.177,2.936,0.006,REVOKED
core_breakdown,1000,500,100,18,48,54,4754,2.562,1.747,0.023,0.175,2.946,0.006,REVOKED
core_breakdown,1000,500,100,18,48,55,4755,2.605,1.789,0.024,0.192,2.961,0.006,REVOKED
core_breakdown,1000,500,100,18,48,56,4756,2.594,1.803,0.025,0.163,2.921,0.006,REVOKED
core_breakdown,1000,500,100,18,48,57,4757,2.545,1.711,0.023,0.187,2.88,0.005,REVOKED
core_breakdown,1000,500,100,18,48,58,4758,2.553,1.755,0.021,0.183,2.901,0.006,REVOKED
core_breakdown,1000,500,100,18,48,59,4759,2.588,1.769,0.026,0.192,2.95,0.006,REVOKED
core_breakdown,1000,500,100,18,48,60,4760,2.533,1.72,0.021,0.178,2.934,0.005,REVOKED
core_breakdown,1000,500,100,18,48,61,4761,2.568,1.795,0.022,0.179,2.918,0.006,REVOKED
core_breakdown,1000,500,100,18,48,62,4762,2.565,1.748,0.021,0.173,2.963,0.005,REVOKED
core_breakdown,1000,500,100,18,48,63,4763,2.501,1.675,0.026,0.181,2.963,0.006,REVOKED
core_breakdown,1000,500,100,18,48,64,4764,2.601,1.777,0.025,0.194,2.984,0.006,REVOKED
core_breakdown,1000,500,100,18,48,65,4765,2.641,1.798,0.021,0.17,2.959,0.006,REVOKED
core_breakdown,1000,500,100,18,48,66,4766,2.606,1.812,0.024,0.174,2.864,0.005,REVOKED
core_breakdown,1000,500,100,18,48,67,4767,2.599,1.813,0.021,0.174,2.923,0.006,REVOKED
core_breakdown,1000,500,100,18,48,68,4768,2.611,1.767,0.024,0.179,2.953,0.006,REVOKED
core_breakdown,1000,500,100,18,48,69,4769,2.55,1.741,0.021,0.167,2.97,0.006,REVOKED
core_breakdown,1000,500,100,18,48,70,4770,2.563,1.744,0.022,0.167,2.909,0.006,REVOKED
core_breakdown,1000,500,100,18,48,71,4771,2.685,1.851,0.025,0.178,2.936,0.006,REVOKED
core_breakdown,1000,500,100,18,48,72,4772,2.526,1.738,0.021,0.181,2.937,0.006,REVOKED
core_breakdown,1000,500,100,18,48,73,4773,2.549,1.751,0.024,0.182,2.933,0.005,REVOKED
core_breakdown,1000,500,100,18,48,74,4774,2.547,1.73,0.024,0.214,4.736,0.008,REVOKED
core_breakdown,1000,500,100,18,48,75,4775,3.038,2.084,0.029,0.198,3.298,0.005,REVOKED
core_breakdown,1000,500,100,18,48,76,4776,2.942,1.996,0.028,0.214,3.321,0.006,REVOKED
core_breakdown,1000,500,100,18,48,77,4777,2.924,1.986,0.023,0.19,3.264,0.005,REVOKED
core_breakdown,1000,500,100,18,48,78,4778,2.975,2.031,0.026,0.199,3.249,0.007,REVOKED
core_breakdown,1000,500,100,18,48,79,4779,2.947,1.991,0.021,0.197,3.347,0.006,REVOKED
core_breakdown,1000,500,100,18,48,80,4780,2.873,1.985,0.023,0.195,3.286,0.005,REVOKED
core_breakdown,1000,500,100,18,48,81,4781,2.939,2.007,0.022,0.189,3.279,0.006,REVOKED
core_breakdown,1000,500,100,18,48,82,4782,2.934,2.019,0.022,0.201,3.247,0.005,REVOKED
core_breakdown,1000,500,100,18,48,83,4783,2.9,1.971,0.029,0.213,3.293,0.007,REVOKED
core_breakdown,1000,500,100,18,48,84,4784,2.935,2.041,0.024,0.209,3.306,0.006,REVOKED
core_breakdown,1000,500,100,18,48,85,4785,2.889,1.975,0.022,0.196,3.243,0.005,REVOKED
core_breakdown,1000,500,100,18,48,86,4786,2.884,1.98,0.026,0.196,3.238,0.005,REVOKED
core_breakdown,1000,500,100,18,48,87,4787,2.923,2.004,0.02,0.185,3.221,0.006,REVOKED
core_breakdown,1000,500,100,18,48,88,4788,3.256,2.298,0.027,0.199,3.3,0.007,REVOKED
core_breakdown,1000,500,100,18,48,89,4789,2.931,2.0,0.021,0.203,3.364,0.006,REVOKED
core_breakdown,1000,500,100,18,48,90,4790,3.042,2.076,0.023,0.219,3.366,0.006,REVOKED
core_breakdown,1000,500,100,18,48,91,4791,3.072,2.095,0.026,0.195,3.344,0.006,REVOKED
core_breakdown,1000,500,100,18,48,92,4792,3.169,2.064,0.024,0.2,3.305,0.006,REVOKED
core_breakdown,1000,500,100,18,48,93,4793,2.901,2.0,0.022,0.198,3.447,0.006,REVOKED
core_breakdown,1000,500,100,18,48,94,4794,3.018,2.073,0.023,0.193,3.35,0.006,REVOKED
core_breakdown,1000,500,100,18,48,95,4795,2.991,2.037,0.026,0.201,3.331,0.006,REVOKED
core_breakdown,1000,500,100,18,48,96,4796,2.929,2.024,0.022,0.194,3.28,0.006,REVOKED
core_breakdown,1000,500,100,18,48,97,4797,2.932,2.022,0.022,0.209,3.296,0.017,REVOKED
core_breakdown,1000,500,100,18,48,98,4798,2.952,2.052,0.025,0.197,3.411,0.006,REVOKED
core_breakdown,1000,500,100,18,48,99,4799,2.905,1.969,0.023,0.2,3.277,0.005,REVOKED
core_breakdown,1000,500,100,18,48,100,4800,2.909,2.009,0.023,0.198,3.28,0.006,REVOKED
core_breakdown,1000,500,100,19,49,1,4801,5.835,3.446,0.268,0.394,7.029,0.062,REVOKED
core_breakdown,1000,500,100,19,49,2,4802,5.552,3.64,0.118,0.337,4.93,0.023,REVOKED
core_breakdown,1000,500,100,19,49,3,4803,4.642,3.193,0.1,0.301,4.912,0.016,REVOKED
core_breakdown,1000,500,100,19,49,4,4804,4.469,3.052,0.078,0.291,4.567,0.012,REVOKED
core_breakdown,1000,500,100,19,49,5,4805,3.636,2.451,0.058,0.233,3.703,0.008,REVOKED
core_breakdown,1000,500,100,19,49,6,4806,3.792,2.73,0.04,0.243,3.696,0.01,REVOKED
core_breakdown,1000,500,100,19,49,7,4807,3.33,2.269,0.04,0.234,3.647,0.008,REVOKED
core_breakdown,1000,500,100,19,49,8,4808,3.279,2.199,0.05,0.232,3.724,0.011,REVOKED
core_breakdown,1000,500,100,19,49,9,4809,3.223,2.184,0.038,0.204,3.415,0.006,REVOKED
core_breakdown,1000,500,100,19,49,10,4810,3.069,2.074,0.028,0.203,3.727,0.014,REVOKED
core_breakdown,1000,500,100,19,49,11,4811,3.408,2.287,0.074,0.226,3.667,0.009,REVOKED
core_breakdown,1000,500,100,19,49,12,4812,3.142,2.152,0.038,0.224,3.581,0.008,REVOKED
core_breakdown,1000,500,100,19,49,13,4813,3.17,2.167,0.025,0.238,3.499,0.01,REVOKED
core_breakdown,1000,500,100,19,49,14,4814,2.989,2.046,0.035,0.211,3.426,0.007,REVOKED
core_breakdown,1000,500,100,19,49,15,4815,3.115,2.133,0.024,0.237,3.428,0.007,REVOKED
core_breakdown,1000,500,100,19,49,16,4816,3.04,2.062,0.026,0.204,3.373,0.006,REVOKED
core_breakdown,1000,500,100,19,49,17,4817,3.059,2.104,0.023,0.211,3.54,0.006,REVOKED
core_breakdown,1000,500,100,19,49,18,4818,3.434,2.348,0.03,0.234,3.554,0.006,REVOKED
core_breakdown,1000,500,100,19,49,19,4819,2.988,2.045,0.024,0.209,3.369,0.006,REVOKED
core_breakdown,1000,500,100,19,49,20,4820,2.938,1.994,0.03,0.191,3.392,0.006,REVOKED
core_breakdown,1000,500,100,19,49,21,4821,2.979,2.048,0.024,0.196,3.312,0.006,REVOKED
core_breakdown,1000,500,100,19,49,22,4822,3.022,2.089,0.026,0.193,3.38,0.006,REVOKED
core_breakdown,1000,500,100,19,49,23,4823,2.956,2.059,0.021,0.19,3.392,0.006,REVOKED
core_breakdown,1000,500,100,19,49,24,4824,2.924,2.0,0.023,0.211,3.301,0.006,REVOKED
core_breakdown,1000,500,100,19,49,25,4825,2.944,2.019,0.028,0.194,3.243,0.008,REVOKED
core_breakdown,1000,500,100,19,49,26,4826,2.961,2.031,0.021,0.195,3.312,0.007,REVOKED
core_breakdown,1000,500,100,19,49,27,4827,2.98,2.051,0.02,0.202,3.261,0.005,REVOKED
core_breakdown,1000,500,100,19,49,28,4828,2.929,1.997,0.024,0.194,3.259,0.006,REVOKED
core_breakdown,1000,500,100,19,49,29,4829,2.582,1.776,0.022,0.172,2.959,0.005,REVOKED
core_breakdown,1000,500,100,19,49,30,4830,2.597,1.755,0.026,0.167,2.965,0.009,REVOKED
core_breakdown,1000,500,100,19,49,31,4831,2.575,1.711,0.02,0.181,2.908,0.007,REVOKED
core_breakdown,1000,500,100,19,49,32,4832,2.617,1.791,0.025,0.184,3.005,0.005,REVOKED
core_breakdown,1000,500,100,19,49,33,4833,2.587,1.776,0.025,0.175,3.022,0.008,REVOKED
core_breakdown,1000,500,100,19,49,34,4834,2.51,1.699,0.02,0.169,3.052,0.006,REVOKED
core_breakdown,1000,500,100,19,49,35,4835,2.95,2.086,0.025,0.194,3.285,0.007,REVOKED
core_breakdown,1000,500,100,19,49,36,4836,3.055,2.131,0.028,0.192,3.309,0.005,REVOKED
core_breakdown,1000,500,100,19,49,37,4837,2.888,1.979,0.021,0.191,3.249,0.007,REVOKED
core_breakdown,1000,500,100,19,49,38,4838,2.939,2.032,0.021,0.197,3.301,0.006,REVOKED
core_breakdown,1000,500,100,19,49,39,4839,2.942,2.012,0.019,0.198,3.312,0.005,REVOKED
core_breakdown,1000,500,100,19,49,40,4840,2.953,2.045,0.018,0.185,3.325,0.006,REVOKED
core_breakdown,1000,500,100,19,49,41,4841,3.142,2.178,0.028,0.191,3.378,0.007,REVOKED
core_breakdown,1000,500,100,19,49,42,4842,2.904,1.956,0.023,0.189,3.351,0.006,REVOKED
core_breakdown,1000,500,100,19,49,43,4843,2.962,2.035,0.027,0.195,3.321,0.007,REVOKED
core_breakdown,1000,500,100,19,49,44,4844,2.966,2.021,0.026,0.209,3.343,0.005,REVOKED
core_breakdown,1000,500,100,19,49,45,4845,2.942,2.015,0.026,0.207,3.227,0.006,REVOKED
core_breakdown,1000,500,100,19,49,46,4846,2.961,2.02,0.025,0.197,3.26,0.006,REVOKED
core_breakdown,1000,500,100,19,49,47,4847,2.92,2.026,0.022,0.207,3.296,0.006,REVOKED
core_breakdown,1000,500,100,19,49,48,4848,3.025,2.081,0.021,0.2,3.304,0.007,REVOKED
core_breakdown,1000,500,100,19,49,49,4849,2.957,2.037,0.021,0.195,3.286,0.011,REVOKED
core_breakdown,1000,500,100,19,49,50,4850,2.951,2.043,0.024,0.192,3.322,0.005,REVOKED
core_breakdown,1000,500,100,19,49,51,4851,2.933,2.016,0.024,0.204,3.298,0.006,REVOKED
core_breakdown,1000,500,100,19,49,52,4852,2.987,2.053,0.021,0.189,3.325,0.005,REVOKED
core_breakdown,1000,500,100,19,49,53,4853,2.924,1.988,0.022,0.199,3.368,0.006,REVOKED
core_breakdown,1000,500,100,19,49,54,4854,2.959,2.046,0.02,0.193,3.312,0.005,REVOKED
core_breakdown,1000,500,100,19,49,55,4855,2.95,2.006,0.025,0.2,3.383,0.007,REVOKED
core_breakdown,1000,500,100,19,49,56,4856,3.03,2.049,0.028,0.193,3.3,0.006,REVOKED
core_breakdown,1000,500,100,19,49,57,4857,2.927,2.01,0.027,0.194,3.302,0.006,REVOKED
core_breakdown,1000,500,100,19,49,58,4858,2.999,2.081,0.024,0.204,3.328,0.005,REVOKED
core_breakdown,1000,500,100,19,49,59,4859,2.94,2.033,0.022,0.19,3.271,0.007,REVOKED
core_breakdown,1000,500,100,19,49,60,4860,2.992,2.079,0.023,0.192,3.325,0.005,REVOKED
core_breakdown,1000,500,100,19,49,61,4861,2.994,2.053,0.021,0.195,3.398,0.007,REVOKED
core_breakdown,1000,500,100,19,49,62,4862,2.955,2.057,0.023,0.196,3.438,0.006,REVOKED
core_breakdown,1000,500,100,19,49,63,4863,2.885,1.98,0.024,0.192,3.283,0.007,REVOKED
core_breakdown,1000,500,100,19,49,64,4864,2.96,2.044,0.022,0.191,3.285,0.013,REVOKED
core_breakdown,1000,500,100,19,49,65,4865,2.917,2.011,0.023,0.185,3.273,0.006,REVOKED
core_breakdown,1000,500,100,19,49,66,4866,2.945,2.006,0.024,0.203,3.326,0.006,REVOKED
core_breakdown,1000,500,100,19,49,67,4867,2.895,1.968,0.02,0.191,3.271,0.006,REVOKED
core_breakdown,1000,500,100,19,49,68,4868,2.938,2.057,0.018,0.191,3.319,0.005,REVOKED
core_breakdown,1000,500,100,19,49,69,4869,2.957,2.033,0.026,0.203,3.268,0.006,REVOKED
core_breakdown,1000,500,100,19,49,70,4870,2.978,2.067,0.023,0.194,3.247,0.005,REVOKED
core_breakdown,1000,500,100,19,49,71,4871,3.002,2.059,0.025,0.197,3.259,0.007,REVOKED
core_breakdown,1000,500,100,19,49,72,4872,2.933,2.052,0.02,0.213,3.251,0.007,REVOKED
core_breakdown,1000,500,100,19,49,73,4873,2.913,1.982,0.026,0.193,3.308,0.005,REVOKED
core_breakdown,1000,500,100,19,49,74,4874,2.931,2.035,0.022,0.201,3.252,0.006,REVOKED
core_breakdown,1000,500,100,19,49,75,4875,2.874,1.948,0.019,0.195,3.336,0.005,REVOKED
core_breakdown,1000,500,100,19,49,76,4876,2.981,2.043,0.02,0.2,3.26,0.006,REVOKED
core_breakdown,1000,500,100,19,49,77,4877,2.94,2.021,0.021,0.193,3.378,0.006,REVOKED
core_breakdown,1000,500,100,19,49,78,4878,2.941,2.018,0.026,0.201,3.313,0.011,REVOKED
core_breakdown,1000,500,100,19,49,79,4879,2.973,2.023,0.019,0.2,3.278,0.006,REVOKED
core_breakdown,1000,500,100,19,49,80,4880,2.948,2.005,0.019,0.211,3.266,0.006,REVOKED
core_breakdown,1000,500,100,19,49,81,4881,2.939,2.009,0.019,0.196,3.257,0.006,REVOKED
core_breakdown,1000,500,100,19,49,82,4882,3.776,2.825,0.025,0.249,3.294,0.006,REVOKED
core_breakdown,1000,500,100,19,49,83,4883,2.92,1.999,0.027,0.19,3.297,0.006,REVOKED
core_breakdown,1000,500,100,19,49,84,4884,2.939,2.024,0.021,0.194,3.254,0.006,REVOKED
core_breakdown,1000,500,100,19,49,85,4885,2.818,1.928,0.019,0.189,3.291,0.006,REVOKED
core_breakdown,1000,500,100,19,49,86,4886,2.926,2.0,0.023,0.194,3.37,0.006,REVOKED
core_breakdown,1000,500,100,19,49,87,4887,2.916,1.995,0.021,0.186,3.337,0.006,REVOKED
core_breakdown,1000,500,100,19,49,88,4888,2.945,2.049,0.022,0.195,3.331,0.005,REVOKED
core_breakdown,1000,500,100,19,49,89,4889,2.945,2.036,0.019,0.2,3.377,0.009,REVOKED
core_breakdown,1000,500,100,19,49,90,4890,2.929,2.014,0.024,0.201,3.282,0.006,REVOKED
core_breakdown,1000,500,100,19,49,91,4891,2.997,2.038,0.021,0.202,3.346,0.007,REVOKED
core_breakdown,1000,500,100,19,49,92,4892,2.863,1.974,0.02,0.184,3.276,0.006,REVOKED
core_breakdown,1000,500,100,19,49,93,4893,2.929,2.016,0.019,0.217,3.247,0.006,REVOKED
core_breakdown,1000,500,100,19,49,94,4894,2.873,2.006,0.02,0.189,3.286,0.006,REVOKED
core_breakdown,1000,500,100,19,49,95,4895,2.937,2.018,0.018,0.195,3.299,0.005,REVOKED
core_breakdown,1000,500,100,19,49,96,4896,2.89,2.005,0.018,0.213,3.265,0.006,REVOKED
core_breakdown,1000,500,100,19,49,97,4897,2.926,2.028,0.027,0.193,3.296,0.013,REVOKED
core_breakdown,1000,500,100,19,49,98,4898,2.952,2.017,0.025,0.213,3.274,0.006,REVOKED
core_breakdown,1000,500,100,19,49,99,4899,2.952,2.035,0.021,0.202,3.248,0.005,REVOKED
core_breakdown,1000,500,100,19,49,100,4900,2.975,2.045,0.022,0.206,3.29,0.006,REVOKED
core_breakdown,1000,500,100,20,50,1,4901,6.453,4.223,0.272,0.333,6.587,0.063,REVOKED
core_breakdown,1000,500,100,20,50,2,4902,5.271,3.488,0.123,0.352,5.474,0.033,REVOKED
core_breakdown,1000,500,100,20,50,3,4903,4.811,3.288,0.079,0.294,4.475,0.014,REVOKED
core_breakdown,1000,500,100,20,50,4,4904,3.991,2.746,0.056,0.277,4.422,0.013,REVOKED
core_breakdown,1000,500,100,20,50,5,4905,3.993,2.689,0.051,0.273,4.413,0.011,REVOKED
core_breakdown,1000,500,100,20,50,6,4906,3.958,2.684,0.05,0.234,4.008,0.008,REVOKED
core_breakdown,1000,500,100,20,50,7,4907,3.675,2.503,0.036,0.229,3.901,0.009,REVOKED
core_breakdown,1000,500,100,20,50,8,4908,3.484,2.383,0.035,0.215,3.604,0.007,REVOKED
core_breakdown,1000,500,100,20,50,9,4909,3.242,2.228,0.034,0.207,3.572,0.008,REVOKED
core_breakdown,1000,500,100,20,50,10,4910,3.298,2.258,0.033,0.224,3.573,0.008,REVOKED
core_breakdown,1000,500,100,20,50,11,4911,3.073,2.091,0.031,0.234,3.406,0.008,REVOKED
core_breakdown,1000,500,100,20,50,12,4912,3.056,2.046,0.079,0.259,3.146,0.014,REVOKED
core_breakdown,1000,500,100,20,50,13,4913,2.716,1.818,0.042,0.17,3.033,0.01,REVOKED
core_breakdown,1000,500,100,20,50,14,4914,3.011,2.028,0.026,0.208,3.365,0.006,REVOKED
core_breakdown,1000,500,100,20,50,15,4915,3.031,2.072,0.029,0.198,3.348,0.006,REVOKED
core_breakdown,1000,500,100,20,50,16,4916,2.969,2.02,0.034,0.196,3.356,0.007,REVOKED
core_breakdown,1000,500,100,20,50,17,4917,2.936,2.0,0.029,0.231,3.321,0.006,REVOKED
core_breakdown,1000,500,100,20,50,18,4918,3.021,2.026,0.027,0.208,3.359,0.008,REVOKED
core_breakdown,1000,500,100,20,50,19,4919,3.007,2.068,0.027,0.194,3.326,0.007,REVOKED
core_breakdown,1000,500,100,20,50,20,4920,2.955,2.038,0.03,0.204,3.346,0.006,REVOKED
core_breakdown,1000,500,100,20,50,21,4921,3.007,2.103,0.029,0.192,3.344,0.007,REVOKED
core_breakdown,1000,500,100,20,50,22,4922,2.943,2.009,0.023,0.211,3.328,0.006,REVOKED
core_breakdown,1000,500,100,20,50,23,4923,2.944,2.025,0.024,0.209,3.376,0.006,REVOKED
core_breakdown,1000,500,100,20,50,24,4924,2.964,2.036,0.028,0.199,3.395,0.007,REVOKED
core_breakdown,1000,500,100,20,50,25,4925,2.981,2.041,0.025,0.214,3.307,0.008,REVOKED
core_breakdown,1000,500,100,20,50,26,4926,2.926,2.012,0.025,0.201,3.369,0.006,REVOKED
core_breakdown,1000,500,100,20,50,27,4927,3.005,2.033,0.023,0.191,3.358,0.006,REVOKED
core_breakdown,1000,500,100,20,50,28,4928,2.863,1.939,0.022,0.217,3.314,0.006,REVOKED
core_breakdown,1000,500,100,20,50,29,4929,2.953,2.023,0.024,0.228,3.392,0.006,REVOKED
core_breakdown,1000,500,100,20,50,30,4930,2.989,2.04,0.027,0.197,3.345,0.006,REVOKED
core_breakdown,1000,500,100,20,50,31,4931,3.005,2.086,0.023,0.2,3.291,0.006,REVOKED
core_breakdown,1000,500,100,20,50,32,4932,2.898,1.993,0.023,0.199,3.285,0.007,REVOKED
core_breakdown,1000,500,100,20,50,33,4933,2.966,2.051,0.022,0.19,3.253,0.005,REVOKED
core_breakdown,1000,500,100,20,50,34,4934,2.959,2.023,0.027,0.198,3.338,0.006,REVOKED
core_breakdown,1000,500,100,20,50,35,4935,2.866,1.949,0.026,0.19,3.254,0.006,REVOKED
core_breakdown,1000,500,100,20,50,36,4936,2.916,1.978,0.024,0.188,3.209,0.005,REVOKED
core_breakdown,1000,500,100,20,50,37,4937,2.894,1.992,0.023,0.19,3.202,0.006,REVOKED
core_breakdown,1000,500,100,20,50,38,4938,2.827,1.934,0.022,0.204,3.265,0.007,REVOKED
core_breakdown,1000,500,100,20,50,39,4939,2.843,1.962,0.02,0.199,3.169,0.006,REVOKED
core_breakdown,1000,500,100,20,50,40,4940,2.884,1.982,0.024,0.204,3.26,0.006,REVOKED
core_breakdown,1000,500,100,20,50,41,4941,2.875,1.964,0.024,0.199,3.2,0.005,REVOKED
core_breakdown,1000,500,100,20,50,42,4942,2.907,1.97,0.025,0.196,3.235,0.007,REVOKED
core_breakdown,1000,500,100,20,50,43,4943,2.911,1.991,0.024,0.198,3.164,0.006,REVOKED
core_breakdown,1000,500,100,20,50,44,4944,2.982,2.078,0.022,0.195,3.372,0.006,REVOKED
core_breakdown,1000,500,100,20,50,45,4945,2.9,1.992,0.024,0.199,3.304,0.006,REVOKED
core_breakdown,1000,500,100,20,50,46,4946,2.918,1.998,0.023,0.194,3.332,0.006,REVOKED
core_breakdown,1000,500,100,20,50,47,4947,2.955,2.049,0.022,0.194,3.292,0.006,REVOKED
core_breakdown,1000,500,100,20,50,48,4948,2.928,2.029,0.023,0.188,3.279,0.005,REVOKED
core_breakdown,1000,500,100,20,50,49,4949,2.965,2.028,0.025,0.194,3.983,0.011,REVOKED
core_breakdown,1000,500,100,20,50,50,4950,2.872,1.945,0.031,0.167,2.84,0.006,REVOKED
core_breakdown,1000,500,100,20,50,51,4951,2.973,2.055,0.025,0.211,3.227,0.005,REVOKED
core_breakdown,1000,500,100,20,50,52,4952,2.876,1.966,0.024,0.205,3.34,0.006,REVOKED
core_breakdown,1000,500,100,20,50,53,4953,2.884,1.961,0.024,0.193,3.188,0.007,REVOKED
core_breakdown,1000,500,100,20,50,54,4954,2.917,1.981,0.024,0.196,3.23,0.006,REVOKED
core_breakdown,1000,500,100,20,50,55,4955,2.958,2.039,0.022,0.193,3.175,0.006,REVOKED
core_breakdown,1000,500,100,20,50,56,4956,2.871,1.981,0.02,0.184,3.232,0.005,REVOKED
core_breakdown,1000,500,100,20,50,57,4957,2.921,2.013,0.024,0.192,3.287,0.006,REVOKED
core_breakdown,1000,500,100,20,50,58,4958,2.95,2.018,0.023,0.198,3.265,0.006,REVOKED
core_breakdown,1000,500,100,20,50,59,4959,3.035,2.074,0.022,0.215,3.236,0.005,REVOKED
core_breakdown,1000,500,100,20,50,60,4960,2.927,1.997,0.021,0.206,3.394,0.012,REVOKED
core_breakdown,1000,500,100,20,50,61,4961,3.032,2.101,0.021,0.202,3.461,0.005,REVOKED
core_breakdown,1000,500,100,20,50,62,4962,3.032,2.098,0.024,0.201,3.353,0.006,REVOKED
core_breakdown,1000,500,100,20,50,63,4963,3.724,2.31,0.038,0.255,3.485,0.007,REVOKED
core_breakdown,1000,500,100,20,50,64,4964,2.923,1.972,0.027,0.24,3.265,0.007,REVOKED
core_breakdown,1000,500,100,20,50,65,4965,2.874,1.964,0.028,0.199,3.307,0.006,REVOKED
core_breakdown,1000,500,100,20,50,66,4966,2.863,1.961,0.027,0.209,3.358,0.006,REVOKED
core_breakdown,1000,500,100,20,50,67,4967,2.855,1.944,0.024,0.191,3.199,0.005,REVOKED
core_breakdown,1000,500,100,20,50,68,4968,2.902,2.005,0.023,0.186,3.282,0.006,REVOKED
core_breakdown,1000,500,100,20,50,69,4969,2.899,1.995,0.02,0.206,3.266,0.006,REVOKED
core_breakdown,1000,500,100,20,50,70,4970,2.933,1.986,0.026,0.194,3.267,0.006,REVOKED
core_breakdown,1000,500,100,20,50,71,4971,2.858,1.946,0.022,0.186,3.359,0.006,REVOKED
core_breakdown,1000,500,100,20,50,72,4972,2.883,1.976,0.028,0.188,3.343,0.006,REVOKED
core_breakdown,1000,500,100,20,50,73,4973,2.874,1.972,0.02,0.199,3.39,0.005,REVOKED
core_breakdown,1000,500,100,20,50,74,4974,2.915,1.984,0.023,0.195,3.326,0.006,REVOKED
core_breakdown,1000,500,100,20,50,75,4975,2.925,2.005,0.026,0.192,3.186,0.005,REVOKED
core_breakdown,1000,500,100,20,50,76,4976,2.911,1.974,0.025,0.187,3.234,0.006,REVOKED
core_breakdown,1000,500,100,20,50,77,4977,2.909,1.972,0.023,0.194,3.231,0.006,REVOKED
core_breakdown,1000,500,100,20,50,78,4978,2.916,2.011,0.022,0.19,3.35,0.006,REVOKED
core_breakdown,1000,500,100,20,50,79,4979,2.913,2.009,0.022,0.194,3.265,0.006,REVOKED
core_breakdown,1000,500,100,20,50,80,4980,3.118,2.091,0.025,0.206,3.388,0.008,REVOKED
core_breakdown,1000,500,100,20,50,81,4981,3.003,2.073,0.026,0.181,3.404,0.017,REVOKED
core_breakdown,1000,500,100,20,50,82,4982,3.059,2.082,0.019,0.196,3.38,0.006,REVOKED
core_breakdown,1000,500,100,20,50,83,4983,3.035,2.064,0.019,0.211,3.374,0.006,REVOKED
core_breakdown,1000,500,100,20,50,84,4984,3.004,2.034,0.026,0.2,3.373,0.005,REVOKED
core_breakdown,1000,500,100,20,50,85,4985,3.008,2.022,0.019,0.189,3.276,0.012,REVOKED
core_breakdown,1000,500,100,20,50,86,4986,2.91,1.999,0.021,0.231,3.244,0.007,REVOKED
core_breakdown,1000,500,100,20,50,87,4987,2.91,1.988,0.018,0.21,3.307,0.005,REVOKED
core_breakdown,1000,500,100,20,50,88,4988,2.96,2.011,0.02,0.196,3.26,0.006,REVOKED
core_breakdown,1000,500,100,20,50,89,4989,2.974,2.065,0.02,0.213,3.274,0.006,REVOKED
core_breakdown,1000,500,100,20,50,90,4990,2.947,2.001,0.024,0.185,3.266,0.006,REVOKED
core_breakdown,1000,500,100,20,50,91,4991,2.922,1.999,0.024,0.196,3.322,0.006,REVOKED
core_breakdown,1000,500,100,20,50,92,4992,3.233,2.295,0.025,0.231,3.387,0.008,REVOKED
core_breakdown,1000,500,100,20,50,93,4993,3.038,2.099,0.04,0.216,3.691,0.01,REVOKED
core_breakdown,1000,500,100,20,50,94,4994,3.229,2.254,0.042,0.255,3.617,0.013,REVOKED
core_breakdown,1000,500,100,20,50,95,4995,3.128,2.142,0.039,0.202,3.544,0.011,REVOKED
core_breakdown,1000,500,100,20,50,96,4996,3.151,2.154,0.037,0.224,3.655,0.01,REVOKED
core_breakdown,1000,500,100,20,50,97,4997,3.219,2.164,0.035,0.22,3.686,0.024,REVOKED
core_breakdown,1000,500,100,20,50,98,4998,2.631,1.765,0.042,0.172,3.652,0.009,REVOKED
core_breakdown,1000,500,100,20,50,99,4999,3.262,2.125,0.039,0.234,3.644,0.011,REVOKED
core_breakdown,1000,500,100,20,50,100,5000,2.944,1.983,0.037,0.206,3.456,0.012,REVOKED
core_breakdown,1000,500,100,21,51,1,5001,5.773,3.461,0.28,0.544,8.361,0.07,REVOKED
core_breakdown,1000,500,100,21,51,2,5002,5.811,3.94,0.129,0.356,5.948,0.031,REVOKED
core_breakdown,1000,500,100,21,51,3,5003,4.417,2.954,0.079,0.295,4.814,0.02,REVOKED
core_breakdown,1000,500,100,21,51,4,5004,4.773,3.258,0.075,0.314,4.516,0.012,REVOKED
core_breakdown,1000,500,100,21,51,5,5005,4.036,2.747,0.051,0.272,4.496,0.011,REVOKED
core_breakdown,1000,500,100,21,51,6,5006,4.02,2.685,0.083,0.259,4.21,0.022,REVOKED
core_breakdown,1000,500,100,21,51,7,5007,6.908,4.604,0.109,0.265,4.049,0.016,REVOKED
core_breakdown,1000,500,100,21,51,8,5008,3.522,2.371,0.046,0.231,3.893,0.01,REVOKED
core_breakdown,1000,500,100,21,51,9,5009,3.474,2.395,0.032,0.231,4.061,0.009,REVOKED
core_breakdown,1000,500,100,21,51,10,5010,3.088,2.113,0.032,0.198,3.693,0.009,REVOKED
core_breakdown,1000,500,100,21,51,11,5011,3.307,2.248,0.023,0.23,3.658,0.006,REVOKED
core_breakdown,1000,500,100,21,51,12,5012,3.296,2.28,0.028,0.218,3.692,0.006,REVOKED
core_breakdown,1000,500,100,21,51,13,5013,2.975,2.044,0.029,0.205,3.278,0.009,REVOKED
core_breakdown,1000,500,100,21,51,14,5014,2.915,1.988,0.024,0.194,3.338,0.006,REVOKED
core_breakdown,1000,500,100,21,51,15,5015,2.951,2.018,0.024,0.201,3.288,0.006,REVOKED
core_breakdown,1000,500,100,21,51,16,5016,2.926,2.007,0.027,0.201,3.317,0.006,REVOKED
core_breakdown,1000,500,100,21,51,17,5017,2.937,1.993,0.024,0.192,3.238,0.007,REVOKED
core_breakdown,1000,500,100,21,51,18,5018,2.917,2.006,0.025,0.195,3.278,0.006,REVOKED
core_breakdown,1000,500,100,21,51,19,5019,2.922,2.004,0.024,0.201,3.319,0.006,REVOKED
core_breakdown,1000,500,100,21,51,20,5020,2.911,1.995,0.023,0.203,3.309,0.006,REVOKED
core_breakdown,1000,500,100,21,51,21,5021,2.946,2.029,0.024,0.215,3.286,0.005,REVOKED
core_breakdown,1000,500,100,21,51,22,5022,2.922,2.023,0.025,0.194,3.299,0.006,REVOKED
core_breakdown,1000,500,100,21,51,23,5023,2.972,2.047,0.02,0.205,3.316,0.005,REVOKED
core_breakdown,1000,500,100,21,51,24,5024,3.005,2.073,0.025,0.2,3.398,0.006,REVOKED
core_breakdown,1000,500,100,21,51,25,5025,2.987,2.031,0.021,0.206,3.357,0.009,REVOKED
core_breakdown,1000,500,100,21,51,26,5026,2.858,1.913,0.024,0.192,3.007,0.006,REVOKED
core_breakdown,1000,500,100,21,51,27,5027,3.0,2.071,0.024,0.187,3.497,0.006,REVOKED
core_breakdown,1000,500,100,21,51,28,5028,3.005,2.036,0.021,0.2,3.432,0.006,REVOKED
core_breakdown,1000,500,100,21,51,29,5029,2.991,2.024,0.028,0.2,3.344,0.006,REVOKED
core_breakdown,1000,500,100,21,51,30,5030,2.97,2.054,0.024,0.23,3.346,0.006,REVOKED
core_breakdown,1000,500,100,21,51,31,5031,2.967,2.037,0.02,0.178,2.929,0.005,REVOKED
core_breakdown,1000,500,100,21,51,32,5032,2.543,1.74,0.028,0.175,2.962,0.007,REVOKED
core_breakdown,1000,500,100,21,51,33,5033,2.603,1.774,0.019,0.173,2.945,0.005,REVOKED
core_breakdown,1000,500,100,21,51,34,5034,2.927,2.016,0.024,0.201,3.3,0.005,REVOKED
core_breakdown,1000,500,100,21,51,35,5035,2.954,2.012,0.019,0.212,3.229,0.008,REVOKED
core_breakdown,1000,500,100,21,51,36,5036,2.859,1.961,0.025,0.187,3.273,0.006,REVOKED
core_breakdown,1000,500,100,21,51,37,5037,2.953,2.034,0.025,0.187,3.314,0.007,REVOKED
core_breakdown,1000,500,100,21,51,38,5038,2.933,1.999,0.023,0.194,3.347,0.006,REVOKED
core_breakdown,1000,500,100,21,51,39,5039,2.892,1.972,0.024,0.2,3.254,0.006,REVOKED
core_breakdown,1000,500,100,21,51,40,5040,2.963,2.049,0.024,0.203,3.356,0.006,REVOKED
core_breakdown,1000,500,100,21,51,41,5041,2.944,2.014,0.021,0.207,3.415,0.006,REVOKED
core_breakdown,1000,500,100,21,51,42,5042,2.913,1.983,0.02,0.193,3.311,0.006,REVOKED
core_breakdown,1000,500,100,21,51,43,5043,2.942,2.026,0.025,0.195,3.305,0.006,REVOKED
core_breakdown,1000,500,100,21,51,44,5044,2.987,2.057,0.021,0.192,3.303,0.006,REVOKED
core_breakdown,1000,500,100,21,51,45,5045,3.015,2.043,0.025,0.201,3.296,0.006,REVOKED
core_breakdown,1000,500,100,21,51,46,5046,2.883,1.98,0.02,0.186,3.217,0.007,REVOKED
core_breakdown,1000,500,100,21,51,47,5047,2.953,2.036,0.023,0.216,3.266,0.006,REVOKED
core_breakdown,1000,500,100,21,51,48,5048,2.97,2.021,0.026,0.197,3.318,0.006,REVOKED
core_breakdown,1000,500,100,21,51,49,5049,2.956,2.022,0.022,0.23,3.352,0.01,REVOKED
core_breakdown,1000,500,100,21,51,50,5050,3.009,2.061,0.047,0.198,3.292,0.006,REVOKED
core_breakdown,1000,500,100,21,51,51,5051,2.994,2.077,0.026,0.192,3.284,0.005,REVOKED
core_breakdown,1000,500,100,21,51,52,5052,2.977,2.019,0.022,0.212,3.365,0.006,REVOKED
core_breakdown,1000,500,100,21,51,53,5053,2.914,1.98,0.021,0.196,3.316,0.005,REVOKED
core_breakdown,1000,500,100,21,51,54,5054,3.015,2.063,0.02,0.197,3.248,0.005,REVOKED
core_breakdown,1000,500,100,21,51,55,5055,2.951,2.019,0.026,0.193,3.349,0.007,REVOKED
core_breakdown,1000,500,100,21,51,56,5056,2.919,1.995,0.024,0.196,3.292,0.005,REVOKED
core_breakdown,1000,500,100,21,51,57,5057,2.957,2.041,0.022,0.194,3.231,0.005,REVOKED
core_breakdown,1000,500,100,21,51,58,5058,2.933,1.999,0.023,0.194,3.311,0.006,REVOKED
core_breakdown,1000,500,100,21,51,59,5059,2.957,2.02,0.021,0.202,3.348,0.006,REVOKED
core_breakdown,1000,500,100,21,51,60,5060,2.917,1.974,0.023,0.197,3.265,0.006,REVOKED
core_breakdown,1000,500,100,21,51,61,5061,2.924,2.004,0.023,0.19,3.308,0.007,REVOKED
core_breakdown,1000,500,100,21,51,62,5062,2.952,2.009,0.02,0.201,3.281,0.006,REVOKED
core_breakdown,1000,500,100,21,51,63,5063,2.961,2.006,0.027,0.205,3.271,0.006,REVOKED
core_breakdown,1000,500,100,21,51,64,5064,2.955,2.031,0.023,0.2,3.307,0.006,REVOKED
core_breakdown,1000,500,100,21,51,65,5065,2.944,2.024,0.02,0.2,3.302,0.006,REVOKED
core_breakdown,1000,500,100,21,51,66,5066,2.982,2.067,0.026,0.203,3.299,0.006,REVOKED
core_breakdown,1000,500,100,21,51,67,5067,2.953,2.038,0.022,0.196,3.309,0.006,REVOKED
core_breakdown,1000,500,100,21,51,68,5068,2.948,2.032,0.019,0.204,3.304,0.006,REVOKED
core_breakdown,1000,500,100,21,51,69,5069,2.922,1.999,0.026,0.192,3.287,0.005,REVOKED
core_breakdown,1000,500,100,21,51,70,5070,2.915,2.004,0.02,0.195,3.231,0.007,REVOKED
core_breakdown,1000,500,100,21,51,71,5071,2.929,2.019,0.023,0.189,3.285,0.006,REVOKED
core_breakdown,1000,500,100,21,51,72,5072,2.976,2.009,0.023,0.232,3.336,0.005,REVOKED
core_breakdown,1000,500,100,21,51,73,5073,2.99,2.083,0.021,0.191,3.237,0.012,REVOKED
core_breakdown,1000,500,100,21,51,74,5074,2.93,2.001,0.025,0.191,3.34,0.006,REVOKED
core_breakdown,1000,500,100,21,51,75,5075,2.902,1.986,0.02,0.194,3.265,0.005,REVOKED
core_breakdown,1000,500,100,21,51,76,5076,2.956,2.018,0.02,0.191,3.847,0.008,REVOKED
core_breakdown,1000,500,100,21,51,77,5077,2.903,1.98,0.025,0.218,3.292,0.006,REVOKED
core_breakdown,1000,500,100,21,51,78,5078,3.014,2.108,0.024,0.205,3.355,0.006,REVOKED
core_breakdown,1000,500,100,21,51,79,5079,2.77,1.839,0.022,0.155,2.86,0.006,REVOKED
core_breakdown,1000,500,100,21,51,80,5080,2.57,1.758,0.021,0.169,2.866,0.005,REVOKED
core_breakdown,1000,500,100,21,51,81,5081,2.757,1.929,0.021,0.196,3.255,0.006,REVOKED
core_breakdown,1000,500,100,21,51,82,5082,2.882,1.982,0.023,0.199,3.281,0.007,REVOKED
core_breakdown,1000,500,100,21,51,83,5083,2.903,1.97,0.022,0.191,3.236,0.006,REVOKED
core_breakdown,1000,500,100,21,51,84,5084,2.946,2.055,0.027,0.233,3.218,0.005,REVOKED
core_breakdown,1000,500,100,21,51,85,5085,2.914,1.996,0.025,0.195,3.221,0.005,REVOKED
core_breakdown,1000,500,100,21,51,86,5086,2.894,1.986,0.022,0.205,3.307,0.006,REVOKED
core_breakdown,1000,500,100,21,51,87,5087,2.959,2.005,0.023,0.197,3.366,0.011,REVOKED
core_breakdown,1000,500,100,21,51,88,5088,2.994,2.019,0.022,0.205,3.402,0.006,REVOKED
core_breakdown,1000,500,100,21,51,89,5089,3.047,2.087,0.026,0.226,3.329,0.005,REVOKED
core_breakdown,1000,500,100,21,51,90,5090,3.035,2.062,0.02,0.197,3.368,0.006,REVOKED
core_breakdown,1000,500,100,21,51,91,5091,2.989,2.01,0.022,0.211,3.369,0.006,REVOKED
core_breakdown,1000,500,100,21,51,92,5092,2.966,2.022,0.02,0.189,3.292,0.008,REVOKED
core_breakdown,1000,500,100,21,51,93,5093,2.958,2.043,0.024,0.196,4.407,0.005,REVOKED
core_breakdown,1000,500,100,21,51,94,5094,3.503,2.427,0.038,0.218,3.608,0.007,REVOKED
core_breakdown,1000,500,100,21,51,95,5095,3.193,2.176,0.031,0.229,3.732,0.014,REVOKED
core_breakdown,1000,500,100,21,51,96,5096,3.229,2.205,0.032,0.204,3.85,0.007,REVOKED
core_breakdown,1000,500,100,21,51,97,5097,3.231,2.231,0.031,0.214,4.757,0.016,REVOKED
core_breakdown,1000,500,100,21,51,98,5098,3.736,2.5,0.031,0.254,4.114,0.008,REVOKED
core_breakdown,1000,500,100,21,51,99,5099,3.249,2.243,0.035,0.207,3.533,0.007,REVOKED
core_breakdown,1000,500,100,21,51,100,5100,3.382,2.224,0.028,0.228,4.154,0.009,REVOKED
core_breakdown,1000,500,100,22,52,1,5101,6.853,4.408,0.245,0.439,6.568,0.051,REVOKED
core_breakdown,1000,500,100,22,52,2,5102,5.206,3.507,0.11,0.351,5.354,0.024,REVOKED
core_breakdown,1000,500,100,22,52,3,5103,4.742,3.23,0.08,0.324,4.955,0.014,REVOKED
core_breakdown,1000,500,100,22,52,4,5104,4.149,2.801,0.067,0.274,4.423,0.013,REVOKED
core_breakdown,1000,500,100,22,52,5,5105,4.087,2.777,0.057,0.278,4.424,0.011,REVOKED
core_breakdown,1000,500,100,22,52,6,5106,3.897,2.657,0.04,0.238,4.054,0.008,REVOKED
core_breakdown,1000,500,100,22,52,7,5107,3.643,2.51,0.037,0.265,3.956,0.007,REVOKED
core_breakdown,1000,500,100,22,52,8,5108,3.962,2.826,0.036,0.25,3.881,0.007,REVOKED
core_breakdown,1000,500,100,22,52,9,5109,3.562,2.41,0.05,0.226,3.841,0.009,REVOKED
core_breakdown,1000,500,100,22,52,10,5110,3.49,2.399,0.037,0.229,3.854,0.008,REVOKED
core_breakdown,1000,500,100,22,52,11,5111,3.414,2.352,0.03,0.221,3.619,0.014,REVOKED
core_breakdown,1000,500,100,22,52,12,5112,3.051,2.074,0.058,0.204,3.382,0.008,REVOKED
core_breakdown,1000,500,100,22,52,13,5113,2.984,2.022,0.038,0.206,3.263,0.009,REVOKED
core_breakdown,1000,500,100,22,52,14,5114,2.962,2.038,0.028,0.192,3.283,0.006,REVOKED
core_breakdown,1000,500,100,22,52,15,5115,3.067,2.14,0.026,0.224,3.28,0.007,REVOKED
core_breakdown,1000,500,100,22,52,16,5116,2.914,1.986,0.029,0.212,3.317,0.006,REVOKED
core_breakdown,1000,500,100,22,52,17,5117,2.948,2.015,0.025,0.198,3.279,0.007,REVOKED
core_breakdown,1000,500,100,22,52,18,5118,2.962,2.038,0.023,0.199,3.286,0.006,REVOKED
core_breakdown,1000,500,100,22,52,19,5119,2.97,2.042,0.027,0.205,3.215,0.006,REVOKED
core_breakdown,1000,500,100,22,52,20,5120,2.941,1.989,0.021,0.198,3.3,0.006,REVOKED
core_breakdown,1000,500,100,22,52,21,5121,2.933,2.018,0.021,0.199,3.261,0.006,REVOKED
core_breakdown,1000,500,100,22,52,22,5122,3.019,2.061,0.028,0.198,3.355,0.006,REVOKED
core_breakdown,1000,500,100,22,52,23,5123,2.941,2.006,0.021,0.189,3.362,0.007,REVOKED
core_breakdown,1000,500,100,22,52,24,5124,2.917,2.002,0.021,0.188,3.331,0.007,REVOKED
core_breakdown,1000,500,100,22,52,25,5125,3.097,2.128,0.029,0.21,3.732,0.011,REVOKED
core_breakdown,1000,500,100,22,52,26,5126,3.225,2.234,0.037,0.232,3.617,0.008,REVOKED
core_breakdown,1000,500,100,22,52,27,5127,3.163,2.2,0.027,0.227,3.629,0.007,REVOKED
core_breakdown,1000,500,100,22,52,28,5128,3.151,2.12,0.024,0.205,3.462,0.007,REVOKED
core_breakdown,1000,500,100,22,52,29,5129,3.092,2.112,0.029,0.218,3.546,0.006,REVOKED
core_breakdown,1000,500,100,22,52,30,5130,3.179,2.193,0.04,0.205,3.319,0.007,REVOKED
core_breakdown,1000,500,100,22,52,31,5131,3.006,2.037,0.024,0.206,3.371,0.006,REVOKED
core_breakdown,1000,500,100,22,52,32,5132,3.147,2.215,0.024,0.194,3.341,0.006,REVOKED
core_breakdown,1000,500,100,22,52,33,5133,2.952,1.999,0.028,0.193,3.295,0.007,REVOKED
core_breakdown,1000,500,100,22,52,34,5134,2.98,2.036,0.026,0.19,3.331,0.006,REVOKED
core_breakdown,1000,500,100,22,52,35,5135,2.913,1.991,0.024,0.191,3.374,0.006,REVOKED
core_breakdown,1000,500,100,22,52,36,5136,2.942,2.047,0.021,0.193,3.272,0.006,REVOKED
core_breakdown,1000,500,100,22,52,37,5137,2.956,2.016,0.025,0.196,3.328,0.007,REVOKED
core_breakdown,1000,500,100,22,52,38,5138,2.941,2.012,0.021,0.205,3.319,0.006,REVOKED
core_breakdown,1000,500,100,22,52,39,5139,2.875,1.977,0.02,0.193,3.316,0.005,REVOKED
core_breakdown,1000,500,100,22,52,40,5140,2.907,1.982,0.028,0.185,3.283,0.006,REVOKED
core_breakdown,1000,500,100,22,52,41,5141,2.911,1.992,0.024,0.2,3.319,0.005,REVOKED
core_breakdown,1000,500,100,22,52,42,5142,2.93,1.984,0.025,0.2,3.25,0.005,REVOKED
core_breakdown,1000,500,100,22,52,43,5143,2.949,2.009,0.026,0.208,3.306,0.006,REVOKED
core_breakdown,1000,500,100,22,52,44,5144,2.959,2.007,0.022,0.196,3.325,0.005,REVOKED
core_breakdown,1000,500,100,22,52,45,5145,2.923,2.015,0.019,0.199,3.295,0.006,REVOKED
core_breakdown,1000,500,100,22,52,46,5146,2.956,2.042,0.023,0.195,3.242,0.005,REVOKED
core_breakdown,1000,500,100,22,52,47,5147,2.922,2.001,0.02,0.196,3.284,0.006,REVOKED
core_breakdown,1000,500,100,22,52,48,5148,2.898,1.979,0.02,0.196,3.266,0.006,REVOKED
core_breakdown,1000,500,100,22,52,49,5149,2.946,2.049,0.026,0.193,3.22,0.012,REVOKED
core_breakdown,1000,500,100,22,52,50,5150,2.889,1.997,0.026,0.197,3.282,0.006,REVOKED
core_breakdown,1000,500,100,22,52,51,5151,2.909,2.005,0.021,0.208,3.368,0.006,REVOKED
core_breakdown,1000,500,100,22,52,52,5152,3.038,2.105,0.022,0.197,3.324,0.006,REVOKED
core_breakdown,1000,500,100,22,52,53,5153,2.918,2.014,0.022,0.195,3.365,0.006,REVOKED
core_breakdown,1000,500,100,22,52,54,5154,2.975,2.022,0.02,0.192,3.493,0.005,REVOKED
core_breakdown,1000,500,100,22,52,55,5155,3.005,2.021,0.02,0.214,3.407,0.006,REVOKED
core_breakdown,1000,500,100,22,52,56,5156,2.909,1.977,0.029,0.202,3.683,0.006,REVOKED
core_breakdown,1000,500,100,22,52,57,5157,3.154,2.039,0.026,0.289,3.442,0.006,REVOKED
core_breakdown,1000,500,100,22,52,58,5158,2.938,2.039,0.026,0.198,3.551,0.008,REVOKED
core_breakdown,1000,500,100,22,52,59,5159,2.88,1.791,0.026,0.219,3.064,0.006,REVOKED
core_breakdown,1000,500,100,22,52,60,5160,2.536,1.651,0.027,0.173,3.081,0.006,REVOKED
core_breakdown,1000,500,100,22,52,61,5161,2.602,1.778,0.024,0.179,3.195,0.008,REVOKED
core_breakdown,1000,500,100,22,52,62,5162,2.816,1.841,0.024,0.167,3.193,0.006,REVOKED
core_breakdown,1000,500,100,22,52,63,5163,2.32,1.574,0.02,0.17,3.181,0.006,REVOKED
core_breakdown,1000,500,100,22,52,64,5164,2.784,1.899,0.025,0.189,3.133,0.006,REVOKED
core_breakdown,1000,500,100,22,52,65,5165,2.776,1.899,0.027,0.184,3.181,0.006,REVOKED
core_breakdown,1000,500,100,22,52,66,5166,2.692,1.84,0.024,0.216,3.158,0.006,REVOKED
core_breakdown,1000,500,100,22,52,67,5167,2.535,1.72,0.024,0.182,3.032,0.006,REVOKED
core_breakdown,1000,500,100,22,52,68,5168,2.879,1.951,0.027,0.197,3.292,0.006,REVOKED
core_breakdown,1000,500,100,22,52,69,5169,2.937,1.997,0.024,0.193,3.218,0.006,REVOKED
core_breakdown,1000,500,100,22,52,70,5170,2.892,1.982,0.024,0.201,3.265,0.006,REVOKED
core_breakdown,1000,500,100,22,52,71,5171,2.793,1.948,0.024,0.188,3.259,0.006,REVOKED
core_breakdown,1000,500,100,22,52,72,5172,2.825,1.921,0.02,0.195,3.161,0.007,REVOKED
core_breakdown,1000,500,100,22,52,73,5173,2.895,2.009,0.025,0.206,3.258,0.005,REVOKED
core_breakdown,1000,500,100,22,52,74,5174,2.903,2.0,0.025,0.203,3.235,0.006,REVOKED
core_breakdown,1000,500,100,22,52,75,5175,2.949,2.021,0.028,0.195,3.33,0.006,REVOKED
core_breakdown,1000,500,100,22,52,76,5176,2.861,1.952,0.026,0.204,3.238,0.005,REVOKED
core_breakdown,1000,500,100,22,52,77,5177,2.908,1.986,0.024,0.189,3.212,0.007,REVOKED
core_breakdown,1000,500,100,22,52,78,5178,2.805,1.882,0.025,0.193,3.226,0.006,REVOKED
core_breakdown,1000,500,100,22,52,79,5179,2.837,1.969,0.024,0.179,3.219,0.006,REVOKED
core_breakdown,1000,500,100,22,52,80,5180,2.671,1.816,0.022,0.193,3.104,0.007,REVOKED
core_breakdown,1000,500,100,22,52,81,5181,2.721,1.821,0.027,0.191,3.077,0.006,REVOKED
core_breakdown,1000,500,100,22,52,82,5182,2.728,1.873,0.023,0.171,3.284,0.006,REVOKED
core_breakdown,1000,500,100,22,52,83,5183,2.753,1.873,0.032,0.183,3.064,0.006,REVOKED
core_breakdown,1000,500,100,22,52,84,5184,2.697,1.847,0.023,0.186,3.151,0.006,REVOKED
core_breakdown,1000,500,100,22,52,85,5185,2.692,1.824,0.023,0.209,3.064,0.006,REVOKED
core_breakdown,1000,500,100,22,52,86,5186,2.671,1.842,0.029,0.183,3.043,0.005,REVOKED
core_breakdown,1000,500,100,22,52,87,5187,2.625,1.788,0.025,0.176,3.058,0.007,REVOKED
core_breakdown,1000,500,100,22,52,88,5188,2.688,1.868,0.027,0.178,3.073,0.006,REVOKED
core_breakdown,1000,500,100,22,52,89,5189,2.711,1.816,0.024,0.168,3.037,0.006,REVOKED
core_breakdown,1000,500,100,22,52,90,5190,2.64,1.817,0.022,0.177,3.045,0.006,REVOKED
core_breakdown,1000,500,100,22,52,91,5191,2.727,1.863,0.021,0.183,3.064,0.006,REVOKED
core_breakdown,1000,500,100,22,52,92,5192,2.612,1.78,0.021,0.175,3.08,0.008,REVOKED
core_breakdown,1000,500,100,22,52,93,5193,2.653,1.797,0.026,0.172,3.127,0.007,REVOKED
core_breakdown,1000,500,100,22,52,94,5194,2.671,1.817,0.024,0.299,3.124,0.007,REVOKED
core_breakdown,1000,500,100,22,52,95,5195,2.715,1.855,0.028,0.163,2.942,0.006,REVOKED
core_breakdown,1000,500,100,22,52,96,5196,2.72,1.831,0.023,0.185,2.995,0.007,REVOKED
core_breakdown,1000,500,100,22,52,97,5197,2.701,1.844,0.025,0.185,3.075,0.016,REVOKED
core_breakdown,1000,500,100,22,52,98,5198,2.7,1.825,0.023,0.18,2.959,0.005,REVOKED
core_breakdown,1000,500,100,22,52,99,5199,2.729,1.88,0.022,0.175,3.205,0.006,REVOKED
core_breakdown,1000,500,100,22,52,100,5200,2.752,1.876,0.023,0.175,3.01,0.005,REVOKED
core_breakdown,1000,500,100,23,53,1,5201,6.419,4.038,0.292,0.507,7.01,0.062,REVOKED
core_breakdown,1000,500,100,23,53,2,5202,6.111,3.998,0.124,0.379,5.867,0.027,REVOKED
core_breakdown,1000,500,100,23,53,3,5203,4.668,3.118,0.058,0.275,4.706,0.019,REVOKED
core_breakdown,1000,500,100,23,53,4,5204,4.141,2.821,0.05,0.277,4.385,0.013,REVOKED
core_breakdown,1000,500,100,23,53,5,5205,3.912,2.66,0.037,0.263,4.097,0.009,REVOKED
core_breakdown,1000,500,100,23,53,6,5206,3.702,2.514,0.059,0.257,4.141,0.017,REVOKED
core_breakdown,1000,500,100,23,53,7,5207,3.817,2.585,0.065,0.279,4.249,0.014,REVOKED
core_breakdown,1000,500,100,23,53,8,5208,3.814,2.569,0.038,0.216,3.927,0.012,REVOKED
core_breakdown,1000,500,100,23,53,9,5209,3.658,2.531,0.032,0.25,4.374,0.009,REVOKED
core_breakdown,1000,500,100,23,53,10,5210,4.593,3.298,0.041,0.251,4.452,0.009,REVOKED
core_breakdown,1000,500,100,23,53,11,5211,3.858,2.506,0.035,0.224,3.954,0.008,REVOKED
core_breakdown,1000,500,100,23,53,12,5212,3.528,2.412,0.031,0.236,4.15,0.009,REVOKED
core_breakdown,1000,500,100,23,53,13,5213,3.688,2.399,0.034,0.234,4.289,0.009,REVOKED
core_breakdown,1000,500,100,23,53,14,5214,3.726,2.571,0.037,0.243,4.438,0.008,REVOKED
core_breakdown,1000,500,100,23,53,15,5215,3.686,2.473,0.037,0.263,4.333,0.009,REVOKED
core_breakdown,1000,500,100,23,53,16,5216,3.915,2.78,0.042,0.265,4.556,0.009,REVOKED
core_breakdown,1000,500,100,23,53,17,5217,3.943,2.706,0.037,0.266,4.035,0.01,REVOKED
core_breakdown,1000,500,100,23,53,18,5218,3.007,2.013,0.033,0.202,3.329,0.011,REVOKED
core_breakdown,1000,500,100,23,53,19,5219,3.113,2.006,0.031,0.194,3.334,0.007,REVOKED
core_breakdown,1000,500,100,23,53,20,5220,2.914,1.993,0.026,0.199,3.346,0.006,REVOKED
core_breakdown,1000,500,100,23,53,21,5221,2.965,2.03,0.028,0.197,3.3,0.01,REVOKED
core_breakdown,1000,500,100,23,53,22,5222,2.881,1.955,0.03,0.2,3.288,0.006,REVOKED
core_breakdown,1000,500,100,23,53,23,5223,2.879,1.979,0.023,0.194,3.312,0.005,REVOKED
core_breakdown,1000,500,100,23,53,24,5224,2.873,1.956,0.023,0.215,3.246,0.007,REVOKED
core_breakdown,1000,500,100,23,53,25,5225,2.914,1.996,0.02,0.205,3.272,0.009,REVOKED
core_breakdown,1000,500,100,23,53,26,5226,2.941,2.024,0.021,0.195,3.222,0.006,REVOKED
core_breakdown,1000,500,100,23,53,27,5227,2.911,1.992,0.025,0.188,3.338,0.006,REVOKED
core_breakdown,1000,500,100,23,53,28,5228,2.875,1.969,0.024,0.185,3.235,0.006,REVOKED
core_breakdown,1000,500,100,23,53,29,5229,2.906,1.993,0.022,0.194,3.3,0.006,REVOKED
core_breakdown,1000,500,100,23,53,30,5230,2.878,1.975,0.02,0.196,3.301,0.005,REVOKED
core_breakdown,1000,500,100,23,53,31,5231,2.909,2.012,0.025,0.201,3.426,0.006,REVOKED
core_breakdown,1000,500,100,23,53,32,5232,3.115,2.151,0.023,0.188,3.396,0.007,REVOKED
core_breakdown,1000,500,100,23,53,33,5233,3.038,2.079,0.027,0.193,3.376,0.006,REVOKED
core_breakdown,1000,500,100,23,53,34,5234,2.999,2.042,0.021,0.224,3.577,0.011,REVOKED
core_breakdown,1000,500,100,23,53,35,5235,3.006,2.026,0.019,0.209,3.414,0.005,REVOKED
core_breakdown,1000,500,100,23,53,36,5236,3.055,2.098,0.02,0.212,3.445,0.005,REVOKED
core_breakdown,1000,500,100,23,53,37,5237,2.891,1.948,0.028,0.199,3.257,0.006,REVOKED
core_breakdown,1000,500,100,23,53,38,5238,2.942,2.014,0.026,0.21,3.315,0.006,REVOKED
core_breakdown,1000,500,100,23,53,39,5239,2.967,2.04,0.023,0.204,3.328,0.006,REVOKED
core_breakdown,1000,500,100,23,53,40,5240,2.921,1.99,0.023,0.201,3.326,0.006,REVOKED
core_breakdown,1000,500,100,23,53,41,5241,2.952,2.042,0.024,0.189,3.371,0.006,REVOKED
core_breakdown,1000,500,100,23,53,42,5242,2.97,2.009,0.022,0.212,3.275,0.011,REVOKED
core_breakdown,1000,500,100,23,53,43,5243,2.943,1.989,0.023,0.2,3.287,0.006,REVOKED
core_breakdown,1000,500,100,23,53,44,5244,2.897,1.993,0.02,0.191,3.308,0.005,REVOKED
core_breakdown,1000,500,100,23,53,45,5245,2.888,1.983,0.023,0.207,3.296,0.006,REVOKED
core_breakdown,1000,500,100,23,53,46,5246,2.918,1.993,0.026,0.2,3.402,0.005,REVOKED
core_breakdown,1000,500,100,23,53,47,5247,3.023,2.096,0.022,0.197,3.28,0.006,REVOKED
core_breakdown,1000,500,100,23,53,48,5248,2.953,2.031,0.026,0.216,3.289,0.007,REVOKED
core_breakdown,1000,500,100,23,53,49,5249,2.986,2.045,0.024,0.196,3.31,0.015,REVOKED
core_breakdown,1000,500,100,23,53,50,5250,2.896,1.978,0.028,0.195,3.27,0.005,REVOKED
core_breakdown,1000,500,100,23,53,51,5251,2.917,2.005,0.024,0.19,3.305,0.005,REVOKED
core_breakdown,1000,500,100,23,53,52,5252,2.918,2.011,0.023,0.196,3.522,0.007,REVOKED
core_breakdown,1000,500,100,23,53,53,5253,2.938,2.006,0.021,0.212,3.302,0.006,REVOKED
core_breakdown,1000,500,100,23,53,54,5254,2.933,2.006,0.027,0.195,3.255,0.007,REVOKED
core_breakdown,1000,500,100,23,53,55,5255,2.985,2.045,0.022,0.191,3.309,0.006,REVOKED
core_breakdown,1000,500,100,23,53,56,5256,2.945,2.002,0.021,0.204,3.26,0.006,REVOKED
core_breakdown,1000,500,100,23,53,57,5257,2.959,2.022,0.028,0.204,3.279,0.006,REVOKED
core_breakdown,1000,500,100,23,53,58,5258,2.929,2.003,0.021,0.197,3.323,0.006,REVOKED
core_breakdown,1000,500,100,23,53,59,5259,2.935,2.033,0.021,0.193,3.355,0.006,REVOKED
core_breakdown,1000,500,100,23,53,60,5260,2.964,2.017,0.021,0.198,3.256,0.005,REVOKED
core_breakdown,1000,500,100,23,53,61,5261,2.932,2.006,0.026,0.192,3.329,0.006,REVOKED
core_breakdown,1000,500,100,23,53,62,5262,2.921,2.01,0.022,0.219,3.206,0.005,REVOKED
core_breakdown,1000,500,100,23,53,63,5263,2.598,1.794,0.024,0.178,3.025,0.007,REVOKED
core_breakdown,1000,500,100,23,53,64,5264,2.598,1.767,0.023,0.185,2.921,0.005,REVOKED
core_breakdown,1000,500,100,23,53,65,5265,2.59,1.787,0.026,0.202,2.887,0.006,REVOKED
core_breakdown,1000,500,100,23,53,66,5266,2.598,1.823,0.025,0.18,2.983,0.005,REVOKED
core_breakdown,1000,500,100,23,53,67,5267,2.564,1.726,0.022,0.185,3.064,0.006,REVOKED
core_breakdown,1000,500,100,23,53,68,5268,2.659,1.82,0.025,0.203,2.965,0.006,REVOKED
core_breakdown,1000,500,100,23,53,69,5269,2.529,1.737,0.02,0.178,2.947,0.005,REVOKED
core_breakdown,1000,500,100,23,53,70,5270,2.511,1.695,0.025,0.175,2.848,0.006,REVOKED
core_breakdown,1000,500,100,23,53,71,5271,2.566,1.765,0.023,0.189,2.924,0.006,REVOKED
core_breakdown,1000,500,100,23,53,72,5272,2.587,1.774,0.023,0.181,3.018,0.006,REVOKED
core_breakdown,1000,500,100,23,53,73,5273,2.603,1.761,0.023,0.164,2.968,0.005,REVOKED
core_breakdown,1000,500,100,23,53,74,5274,2.599,1.74,0.019,0.17,2.99,0.006,REVOKED
core_breakdown,1000,500,100,23,53,75,5275,2.53,1.693,0.019,0.172,2.982,0.006,REVOKED
core_breakdown,1000,500,100,23,53,76,5276,2.552,1.732,0.022,0.177,2.884,0.006,REVOKED
core_breakdown,1000,500,100,23,53,77,5277,2.514,1.713,0.021,0.177,3.003,0.006,REVOKED
core_breakdown,1000,500,100,23,53,78,5278,2.54,1.735,0.024,0.169,2.914,0.005,REVOKED
core_breakdown,1000,500,100,23,53,79,5279,2.591,1.743,0.02,0.183,3.001,0.006,REVOKED
core_breakdown,1000,500,100,23,53,80,5280,2.527,1.714,0.023,0.179,3.341,0.005,REVOKED
core_breakdown,1000,500,100,23,53,81,5281,2.616,1.787,0.02,0.181,2.991,0.005,REVOKED
core_breakdown,1000,500,100,23,53,82,5282,2.556,1.749,0.021,0.155,2.916,0.006,REVOKED
core_breakdown,1000,500,100,23,53,83,5283,2.791,1.813,0.027,0.175,2.931,0.006,REVOKED
core_breakdown,1000,500,100,23,53,84,5284,2.605,1.748,0.021,0.17,2.91,0.007,REVOKED
core_breakdown,1000,500,100,23,53,85,5285,2.629,1.821,0.022,0.185,2.89,0.006,REVOKED
core_breakdown,1000,500,100,23,53,86,5286,2.576,1.765,0.026,0.159,2.872,0.006,REVOKED
core_breakdown,1000,500,100,23,53,87,5287,2.516,1.709,0.019,0.171,2.972,0.005,REVOKED
core_breakdown,1000,500,100,23,53,88,5288,2.626,1.815,0.021,0.173,2.917,0.006,REVOKED
core_breakdown,1000,500,100,23,53,89,5289,2.605,1.794,0.025,0.172,2.932,0.006,REVOKED
core_breakdown,1000,500,100,23,53,90,5290,2.519,1.691,0.023,0.185,2.971,0.005,REVOKED
core_breakdown,1000,500,100,23,53,91,5291,2.514,1.723,0.023,0.18,2.957,0.006,REVOKED
core_breakdown,1000,500,100,23,53,92,5292,2.527,1.718,0.022,0.18,2.951,0.006,REVOKED
core_breakdown,1000,500,100,23,53,93,5293,2.626,1.757,0.022,0.181,2.98,0.006,REVOKED
core_breakdown,1000,500,100,23,53,94,5294,2.549,1.75,0.022,0.18,2.895,0.005,REVOKED
core_breakdown,1000,500,100,23,53,95,5295,2.614,1.814,0.019,0.199,3.005,0.005,REVOKED
core_breakdown,1000,500,100,23,53,96,5296,2.592,1.773,0.025,0.18,3.033,0.005,REVOKED
core_breakdown,1000,500,100,23,53,97,5297,2.565,1.781,0.025,0.185,2.939,0.019,REVOKED
core_breakdown,1000,500,100,23,53,98,5298,2.706,1.797,0.023,0.168,2.934,0.006,REVOKED
core_breakdown,1000,500,100,23,53,99,5299,2.491,1.722,0.019,0.164,2.893,0.007,REVOKED
core_breakdown,1000,500,100,23,53,100,5300,2.594,1.781,0.025,0.177,2.922,0.006,REVOKED
core_breakdown,1000,500,100,24,54,1,5301,5.101,3.112,0.288,0.397,8.696,0.065,REVOKED
core_breakdown,1000,500,100,24,54,2,5302,5.794,3.935,0.109,0.403,5.744,0.024,REVOKED
core_breakdown,1000,500,100,24,54,3,5303,4.537,3.012,0.057,0.277,4.462,0.012,REVOKED
core_breakdown,1000,500,100,24,54,4,5304,4.121,2.798,0.052,0.274,4.405,0.012,REVOKED
core_breakdown,1000,500,100,24,54,5,5305,3.99,2.704,0.053,0.273,4.371,0.013,REVOKED
core_breakdown,1000,500,100,24,54,6,5306,3.627,2.451,0.037,0.244,3.953,0.008,REVOKED
core_breakdown,1000,500,100,24,54,7,5307,3.632,2.464,0.04,0.252,5.384,0.011,REVOKED
core_breakdown,1000,500,100,24,54,8,5308,3.633,2.466,0.036,0.243,3.868,0.007,REVOKED
core_breakdown,1000,500,100,24,54,9,5309,3.432,2.343,0.031,0.223,3.675,0.006,REVOKED
core_breakdown,1000,500,100,24,54,10,5310,3.354,2.283,0.028,0.235,3.992,0.011,REVOKED
core_breakdown,1000,500,100,24,54,11,5311,3.566,2.4,0.061,0.236,3.82,0.008,REVOKED
core_breakdown,1000,500,100,24,54,12,5312,3.385,2.279,0.027,0.213,3.7,0.014,REVOKED
core_breakdown,1000,500,100,24,54,13,5313,3.129,2.091,0.075,0.207,3.354,0.01,REVOKED
core_breakdown,1000,500,100,24,54,14,5314,2.635,1.772,0.029,0.208,3.054,0.008,REVOKED
core_breakdown,1000,500,100,24,54,15,5315,2.667,1.837,0.029,0.185,3.051,0.006,REVOKED
core_breakdown,1000,500,100,24,54,16,5316,2.589,1.761,0.027,0.181,3.147,0.007,REVOKED
core_breakdown,1000,500,100,24,54,17,5317,2.6,1.757,0.03,0.178,2.976,0.005,REVOKED
core_breakdown,1000,500,100,24,54,18,5318,2.739,1.859,0.034,0.161,2.972,0.006,REVOKED
core_breakdown,1000,500,100,24,54,19,5319,2.594,1.74,0.025,0.181,2.926,0.007,REVOKED
core_breakdown,1000,500,100,24,54,20,5320,2.58,1.751,0.027,0.17,2.948,0.005,REVOKED
core_breakdown,1000,500,100,24,54,21,5321,2.61,1.771,0.023,0.18,2.948,0.006,REVOKED
core_breakdown,1000,500,100,24,54,22,5322,2.575,1.763,0.028,0.183,2.999,0.005,REVOKED
core_breakdown,1000,500,100,24,54,23,5323,2.648,1.818,0.026,0.178,2.931,0.006,REVOKED
core_breakdown,1000,500,100,24,54,24,5324,2.582,1.764,0.022,0.181,2.937,0.005,REVOKED
core_breakdown,1000,500,100,24,54,25,5325,2.653,1.846,0.024,0.173,2.997,0.008,REVOKED
core_breakdown,1000,500,100,24,54,26,5326,2.601,1.765,0.025,0.191,2.857,0.005,REVOKED
core_breakdown,1000,500,100,24,54,27,5327,2.55,1.733,0.026,0.179,2.98,0.005,REVOKED
core_breakdown,1000,500,100,24,54,28,5328,2.581,1.744,0.024,0.184,3.014,0.007,REVOKED
core_breakdown,1000,500,100,24,54,29,5329,2.535,1.716,0.025,0.164,2.973,0.005,REVOKED
core_breakdown,1000,500,100,24,54,30,5330,2.56,1.735,0.029,0.17,2.979,0.006,REVOKED
core_breakdown,1000,500,100,24,54,31,5331,2.571,1.766,0.023,0.196,3.06,0.005,REVOKED
core_breakdown,1000,500,100,24,54,32,5332,2.517,1.738,0.021,0.177,3.025,0.006,REVOKED
core_breakdown,1000,500,100,24,54,33,5333,2.595,1.754,0.025,0.173,3.067,0.006,REVOKED
core_breakdown,1000,500,100,24,54,34,5334,2.607,1.798,0.022,0.176,2.924,0.006,REVOKED
core_breakdown,1000,500,100,24,54,35,5335,2.601,1.777,0.021,0.184,2.89,0.005,REVOKED
core_breakdown,1000,500,100,24,54,36,5336,2.559,1.781,0.026,0.189,2.949,0.005,REVOKED
core_breakdown,1000,500,100,24,54,37,5337,2.562,1.711,0.026,0.18,2.988,0.006,REVOKED
core_breakdown,1000,500,100,24,54,38,5338,2.585,1.749,0.025,0.174,2.966,0.006,REVOKED
core_breakdown,1000,500,100,24,54,39,5339,2.566,1.756,0.02,0.173,2.976,0.006,REVOKED
core_breakdown,1000,500,100,24,54,40,5340,2.593,1.76,0.023,0.174,2.992,0.005,REVOKED
core_breakdown,1000,500,100,24,54,41,5341,2.535,1.724,0.022,0.169,2.914,0.005,REVOKED
core_breakdown,1000,500,100,24,54,42,5342,2.589,1.745,0.024,0.182,2.901,0.006,REVOKED
core_breakdown,1000,500,100,24,54,43,5343,2.588,1.78,0.022,0.195,2.895,0.005,REVOKED
core_breakdown,1000,500,100,24,54,44,5344,2.526,1.712,0.026,0.175,2.946,0.005,REVOKED
core_breakdown,1000,500,100,24,54,45,5345,2.541,1.75,0.021,0.174,2.961,0.006,REVOKED
core_breakdown,1000,500,100,24,54,46,5346,2.666,1.834,0.025,0.179,2.844,0.006,REVOKED
core_breakdown,1000,500,100,24,54,47,5347,2.601,1.799,0.023,0.176,3.017,0.008,REVOKED
core_breakdown,1000,500,100,24,54,48,5348,2.529,1.719,0.023,0.17,2.937,0.006,REVOKED
core_breakdown,1000,500,100,24,54,49,5349,2.572,1.751,0.024,0.176,2.912,0.01,REVOKED
core_breakdown,1000,500,100,24,54,50,5350,2.585,1.771,0.024,0.176,2.902,0.006,REVOKED
core_breakdown,1000,500,100,24,54,51,5351,2.579,1.784,0.023,0.176,2.898,0.005,REVOKED
core_breakdown,1000,500,100,24,54,52,5352,2.559,1.776,0.023,0.177,3.043,0.006,REVOKED
core_breakdown,1000,500,100,24,54,53,5353,2.55,1.74,0.023,0.187,3.089,0.005,REVOKED
core_breakdown,1000,500,100,24,54,54,5354,2.584,1.77,0.023,0.177,2.951,0.006,REVOKED
core_breakdown,1000,500,100,24,54,55,5355,2.62,1.823,0.026,0.199,2.95,0.006,REVOKED
core_breakdown,1000,500,100,24,54,56,5356,2.589,1.797,0.02,0.173,2.895,0.006,REVOKED
core_breakdown,1000,500,100,24,54,57,5357,2.518,1.736,0.02,0.166,2.92,0.005,REVOKED
core_breakdown,1000,500,100,24,54,58,5358,2.603,1.782,0.023,0.187,2.908,0.005,REVOKED
core_breakdown,1000,500,100,24,54,59,5359,2.546,1.733,0.024,0.179,2.959,0.005,REVOKED
core_breakdown,1000,500,100,24,54,60,5360,2.585,1.768,0.023,0.188,2.904,0.005,REVOKED
core_breakdown,1000,500,100,24,54,61,5361,2.589,1.774,0.023,0.171,2.944,0.006,REVOKED
core_breakdown,1000,500,100,24,54,62,5362,2.597,1.789,0.021,0.172,2.968,0.005,REVOKED
core_breakdown,1000,500,100,24,54,63,5363,2.602,1.786,0.023,0.17,2.905,0.006,REVOKED
core_breakdown,1000,500,100,24,54,64,5364,2.617,1.799,0.022,0.179,2.923,0.006,REVOKED
core_breakdown,1000,500,100,24,54,65,5365,2.494,1.694,0.023,0.163,2.949,0.006,REVOKED
core_breakdown,1000,500,100,24,54,66,5366,2.542,1.723,0.022,0.167,2.941,0.006,REVOKED
core_breakdown,1000,500,100,24,54,67,5367,2.626,1.808,0.024,0.175,2.939,0.005,REVOKED
core_breakdown,1000,500,100,24,54,68,5368,2.562,1.712,0.027,0.194,3.33,0.005,REVOKED
core_breakdown,1000,500,100,24,54,69,5369,2.956,2.009,0.02,0.194,3.241,0.005,REVOKED
core_breakdown,1000,500,100,24,54,70,5370,2.96,2.029,0.025,0.206,3.278,0.006,REVOKED
core_breakdown,1000,500,100,24,54,71,5371,2.893,1.975,0.024,0.191,3.287,0.006,REVOKED
core_breakdown,1000,500,100,24,54,72,5372,2.952,1.999,0.027,0.193,3.252,0.006,REVOKED
core_breakdown,1000,500,100,24,54,73,5373,2.965,2.038,0.021,0.194,3.246,0.006,REVOKED
core_breakdown,1000,500,100,24,54,74,5374,2.892,1.974,0.019,0.198,3.245,0.006,REVOKED
core_breakdown,1000,500,100,24,54,75,5375,2.976,2.07,0.019,0.203,3.296,0.006,REVOKED
core_breakdown,1000,500,100,24,54,76,5376,2.944,2.014,0.031,0.195,3.336,0.005,REVOKED
core_breakdown,1000,500,100,24,54,77,5377,2.952,2.018,0.023,0.193,3.24,0.006,REVOKED
core_breakdown,1000,500,100,24,54,78,5378,2.904,2.004,0.026,0.2,3.229,0.006,REVOKED
core_breakdown,1000,500,100,24,54,79,5379,2.96,2.034,0.022,0.193,3.248,0.006,REVOKED
core_breakdown,1000,500,100,24,54,80,5380,2.954,2.042,0.025,0.192,3.278,0.009,REVOKED
core_breakdown,1000,500,100,24,54,81,5381,2.869,1.953,0.024,0.199,3.547,0.006,REVOKED
core_breakdown,1000,500,100,24,54,82,5382,2.927,2.017,0.026,0.193,3.312,0.005,REVOKED
core_breakdown,1000,500,100,24,54,83,5383,2.879,1.966,0.022,0.192,3.301,0.005,REVOKED
core_breakdown,1000,500,100,24,54,84,5384,2.904,1.992,0.025,0.222,3.278,0.006,REVOKED
core_breakdown,1000,500,100,24,54,85,5385,2.939,2.007,0.023,0.192,3.27,0.007,REVOKED
core_breakdown,1000,500,100,24,54,86,5386,2.985,2.047,0.022,0.189,3.303,0.005,REVOKED
core_breakdown,1000,500,100,24,54,87,5387,2.948,2.03,0.019,0.19,3.294,0.006,REVOKED
core_breakdown,1000,500,100,24,54,88,5388,2.918,1.989,0.025,0.199,3.169,0.006,REVOKED
core_breakdown,1000,500,100,24,54,89,5389,2.919,2.005,0.021,0.2,3.209,0.006,REVOKED
core_breakdown,1000,500,100,24,54,90,5390,2.952,2.035,0.024,0.235,3.275,0.006,REVOKED
core_breakdown,1000,500,100,24,54,91,5391,2.902,1.999,0.021,0.201,3.288,0.005,REVOKED
core_breakdown,1000,500,100,24,54,92,5392,2.913,2.024,0.019,0.191,3.341,0.006,REVOKED
core_breakdown,1000,500,100,24,54,93,5393,2.939,2.015,0.025,0.2,3.295,0.005,REVOKED
core_breakdown,1000,500,100,24,54,94,5394,2.966,2.031,0.022,0.2,3.345,0.006,REVOKED
core_breakdown,1000,500,100,24,54,95,5395,2.895,2.004,0.022,0.202,3.243,0.005,REVOKED
core_breakdown,1000,500,100,24,54,96,5396,2.906,2.018,0.019,0.192,3.296,0.006,REVOKED
core_breakdown,1000,500,100,24,54,97,5397,3.136,2.193,0.022,0.193,3.274,0.015,REVOKED
core_breakdown,1000,500,100,24,54,98,5398,2.946,2.035,0.023,0.204,3.265,0.006,REVOKED
core_breakdown,1000,500,100,24,54,99,5399,3.056,2.106,0.022,0.186,3.33,0.006,REVOKED
core_breakdown,1000,500,100,24,54,100,5400,2.862,1.973,0.024,0.189,3.278,0.005,REVOKED
core_breakdown,1000,500,100,25,55,1,5401,6.384,4.073,0.236,0.467,6.2,0.072,REVOKED
core_breakdown,1000,500,100,25,55,2,5402,6.444,4.181,0.25,0.406,5.813,0.031,REVOKED
core_breakdown,1000,500,100,25,55,3,5403,4.547,2.969,0.089,0.223,4.738,0.02,REVOKED
core_breakdown,1000,500,100,25,55,4,5404,4.733,2.942,0.083,0.294,4.889,0.016,REVOKED
core_breakdown,1000,500,100,25,55,5,5405,4.255,2.908,0.055,0.244,4.144,0.011,REVOKED
core_breakdown,1000,500,100,25,55,6,5406,3.868,2.597,0.054,0.257,3.972,0.01,REVOKED
core_breakdown,1000,500,100,25,55,7,5407,3.319,2.235,0.039,0.214,3.581,0.008,REVOKED
core_breakdown,1000,500,100,25,55,8,5408,3.269,2.227,0.051,0.215,3.584,0.013,REVOKED
core_breakdown,1000,500,100,25,55,9,5409,3.103,2.109,0.032,0.215,3.378,0.007,REVOKED
core_breakdown,1000,500,100,25,55,10,5410,3.158,2.097,0.091,0.221,3.146,0.016,REVOKED
core_breakdown,1000,500,100,25,55,11,5411,2.672,1.79,0.04,0.179,3.006,0.008,REVOKED
core_breakdown,1000,500,100,25,55,12,5412,2.649,1.799,0.034,0.18,3.084,0.006,REVOKED
core_breakdown,1000,500,100,25,55,13,5413,2.643,1.823,0.023,0.216,3.468,0.009,REVOKED
core_breakdown,1000,500,100,25,55,14,5414,3.05,2.067,0.029,0.21,3.1,0.006,REVOKED
core_breakdown,1000,500,100,25,55,15,5415,2.671,1.772,0.024,0.182,3.046,0.007,REVOKED
core_breakdown,1000,500,100,25,55,16,5416,2.843,1.995,0.025,0.189,3.051,0.007,REVOKED
core_breakdown,1000,500,100,25,55,17,5417,2.572,1.747,0.022,0.169,3.017,0.006,REVOKED
core_breakdown,1000,500,100,25,55,18,5418,2.586,1.778,0.031,0.183,3.057,0.006,REVOKED
core_breakdown,1000,500,100,25,55,19,5419,2.599,1.759,0.025,0.177,3.005,0.007,REVOKED
core_breakdown,1000,500,100,25,55,20,5420,2.594,1.794,0.022,0.166,2.928,0.006,REVOKED
core_breakdown,1000,500,100,25,55,21,5421,2.623,1.801,0.027,0.188,3.0,0.005,REVOKED
core_breakdown,1000,500,100,25,55,22,5422,2.595,1.774,0.024,0.213,2.929,0.006,REVOKED
core_breakdown,1000,500,100,25,55,23,5423,2.609,1.797,0.023,0.19,3.135,0.007,REVOKED
core_breakdown,1000,500,100,25,55,24,5424,2.639,1.787,0.023,0.192,2.971,0.006,REVOKED
core_breakdown,1000,500,100,25,55,25,5425,2.556,1.736,0.02,0.172,2.911,0.013,REVOKED
core_breakdown,1000,500,100,25,55,26,5426,2.557,1.755,0.026,0.175,3.019,0.006,REVOKED
core_breakdown,1000,500,100,25,55,27,5427,2.591,1.754,0.023,0.186,3.011,0.006,REVOKED
core_breakdown,1000,500,100,25,55,28,5428,2.547,1.733,0.025,0.178,3.077,0.006,REVOKED
core_breakdown,1000,500,100,25,55,29,5429,2.539,1.714,0.027,0.183,3.024,0.006,REVOKED
core_breakdown,1000,500,100,25,55,30,5430,2.591,1.751,0.022,0.183,2.925,0.006,REVOKED
core_breakdown,1000,500,100,25,55,31,5431,2.634,1.806,0.02,0.188,2.94,0.006,REVOKED
core_breakdown,1000,500,100,25,55,32,5432,2.597,1.767,0.025,0.199,2.966,0.006,REVOKED
core_breakdown,1000,500,100,25,55,33,5433,2.611,1.772,0.021,0.19,2.982,0.006,REVOKED
core_breakdown,1000,500,100,25,55,34,5434,2.631,1.767,0.027,0.161,3.027,0.006,REVOKED
core_breakdown,1000,500,100,25,55,35,5435,2.624,1.798,0.023,0.221,2.959,0.006,REVOKED
core_breakdown,1000,500,100,25,55,36,5436,2.661,1.819,0.025,0.173,3.01,0.005,REVOKED
core_breakdown,1000,500,100,25,55,37,5437,2.63,1.812,0.021,0.174,3.227,0.007,REVOKED
core_breakdown,1000,500,100,25,55,38,5438,2.633,1.822,0.021,0.169,3.095,0.007,REVOKED
core_breakdown,1000,500,100,25,55,39,5439,2.581,1.764,0.025,0.185,3.04,0.006,REVOKED
core_breakdown,1000,500,100,25,55,40,5440,2.542,1.745,0.027,0.178,2.99,0.005,REVOKED
core_breakdown,1000,500,100,25,55,41,5441,2.6,1.766,0.023,0.17,3.031,0.006,REVOKED
core_breakdown,1000,500,100,25,55,42,5442,2.603,1.784,0.025,0.17,2.965,0.006,REVOKED
core_breakdown,1000,500,100,25,55,43,5443,2.558,1.726,0.023,0.187,3.005,0.005,REVOKED
core_breakdown,1000,500,100,25,55,44,5444,2.626,1.796,0.026,0.17,3.036,0.005,REVOKED
core_breakdown,1000,500,100,25,55,45,5445,2.611,1.746,0.022,0.184,2.88,0.006,REVOKED
core_breakdown,1000,500,100,25,55,46,5446,2.634,1.761,0.021,0.173,2.941,0.005,REVOKED
core_breakdown,1000,500,100,25,55,47,5447,2.594,1.779,0.025,0.178,2.945,0.006,REVOKED
core_breakdown,1000,500,100,25,55,48,5448,2.566,1.734,0.025,0.212,2.951,0.007,REVOKED
core_breakdown,1000,500,100,25,55,49,5449,2.558,1.766,0.021,0.18,3.026,0.013,REVOKED
core_breakdown,1000,500,100,25,55,50,5450,2.609,1.785,0.024,0.207,3.037,0.006,REVOKED
core_breakdown,1000,500,100,25,55,51,5451,2.54,1.723,0.021,0.169,2.914,0.006,REVOKED
core_breakdown,1000,500,100,25,55,52,5452,2.573,1.755,0.019,0.179,2.927,0.005,REVOKED
core_breakdown,1000,500,100,25,55,53,5453,2.631,1.799,0.028,0.177,3.059,0.006,REVOKED
core_breakdown,1000,500,100,25,55,54,5454,2.545,1.74,0.024,0.17,3.043,0.006,REVOKED
core_breakdown,1000,500,100,25,55,55,5455,2.612,1.798,0.022,0.178,3.0,0.006,REVOKED
core_breakdown,1000,500,100,25,55,56,5456,2.6,1.79,0.023,0.185,3.031,0.006,REVOKED
core_breakdown,1000,500,100,25,55,57,5457,2.591,1.749,0.024,0.184,3.049,0.005,REVOKED
core_breakdown,1000,500,100,25,55,58,5458,2.584,1.746,0.024,0.183,2.897,0.006,REVOKED
core_breakdown,1000,500,100,25,55,59,5459,2.586,1.778,0.023,0.175,2.999,0.008,REVOKED
core_breakdown,1000,500,100,25,55,60,5460,2.594,1.765,0.022,0.184,3.14,0.006,REVOKED
core_breakdown,1000,500,100,25,55,61,5461,2.576,1.749,0.023,0.179,3.013,0.006,REVOKED
core_breakdown,1000,500,100,25,55,62,5462,2.57,1.769,0.02,0.187,2.963,0.005,REVOKED
core_breakdown,1000,500,100,25,55,63,5463,2.639,1.818,0.025,0.172,2.915,0.006,REVOKED
core_breakdown,1000,500,100,25,55,64,5464,2.578,1.745,0.021,0.172,3.01,0.006,REVOKED
core_breakdown,1000,500,100,25,55,65,5465,2.558,1.745,0.022,0.188,3.019,0.006,REVOKED
core_breakdown,1000,500,100,25,55,66,5466,2.586,1.739,0.023,0.166,2.946,0.005,REVOKED
core_breakdown,1000,500,100,25,55,67,5467,2.552,1.755,0.02,0.182,3.028,0.007,REVOKED
core_breakdown,1000,500,100,25,55,68,5468,2.567,1.759,0.024,0.18,3.046,0.006,REVOKED
core_breakdown,1000,500,100,25,55,69,5469,2.603,1.776,0.025,0.185,2.926,0.007,REVOKED
core_breakdown,1000,500,100,25,55,70,5470,2.522,1.721,0.019,0.18,2.893,0.005,REVOKED
core_breakdown,1000,500,100,25,55,71,5471,2.537,1.725,0.022,0.186,2.972,0.006,REVOKED
core_breakdown,1000,500,100,25,55,72,5472,2.551,1.754,0.02,0.181,2.982,0.006,REVOKED
core_breakdown,1000,500,100,25,55,73,5473,2.655,1.788,0.024,0.192,2.965,0.005,REVOKED
core_breakdown,1000,500,100,25,55,74,5474,2.626,1.803,0.024,0.18,2.915,0.006,REVOKED
core_breakdown,1000,500,100,25,55,75,5475,2.597,1.802,0.025,0.178,3.012,0.006,REVOKED
core_breakdown,1000,500,100,25,55,76,5476,2.639,1.823,0.021,0.16,2.874,0.01,REVOKED
core_breakdown,1000,500,100,25,55,77,5477,2.595,1.76,0.021,0.211,2.989,0.006,REVOKED
core_breakdown,1000,500,100,25,55,78,5478,2.544,1.722,0.025,0.183,2.912,0.006,REVOKED
core_breakdown,1000,500,100,25,55,79,5479,2.584,1.768,0.025,0.187,2.926,0.006,REVOKED
core_breakdown,1000,500,100,25,55,80,5480,2.596,1.777,0.022,0.167,3.018,0.005,REVOKED
core_breakdown,1000,500,100,25,55,81,5481,2.569,1.769,0.019,0.179,2.978,0.006,REVOKED
core_breakdown,1000,500,100,25,55,82,5482,2.564,1.746,0.024,0.166,2.92,0.007,REVOKED
core_breakdown,1000,500,100,25,55,83,5483,2.599,1.763,0.023,0.179,3.16,0.006,REVOKED
core_breakdown,1000,500,100,25,55,84,5484,2.535,1.722,0.026,0.201,3.0,0.006,REVOKED
core_breakdown,1000,500,100,25,55,85,5485,2.568,1.76,0.024,0.182,2.94,0.005,REVOKED
core_breakdown,1000,500,100,25,55,86,5486,2.557,1.761,0.024,0.166,2.975,0.011,REVOKED
core_breakdown,1000,500,100,25,55,87,5487,2.621,1.801,0.022,0.179,3.006,0.006,REVOKED
core_breakdown,1000,500,100,25,55,88,5488,2.578,1.774,0.024,0.175,3.012,0.006,REVOKED
core_breakdown,1000,500,100,25,55,89,5489,2.516,1.73,0.021,0.185,2.944,0.007,REVOKED
core_breakdown,1000,500,100,25,55,90,5490,2.626,1.788,0.024,0.18,2.91,0.006,REVOKED
core_breakdown,1000,500,100,25,55,91,5491,2.583,1.755,0.023,0.181,2.98,0.006,REVOKED
core_breakdown,1000,500,100,25,55,92,5492,2.57,1.747,0.021,0.174,2.953,0.006,REVOKED
core_breakdown,1000,500,100,25,55,93,5493,2.6,1.778,0.025,0.172,2.946,0.005,REVOKED
core_breakdown,1000,500,100,25,55,94,5494,2.574,1.74,0.047,0.16,3.045,0.005,REVOKED
core_breakdown,1000,500,100,25,55,95,5495,2.533,1.746,0.023,0.195,3.024,0.006,REVOKED
core_breakdown,1000,500,100,25,55,96,5496,2.598,1.788,0.023,0.187,2.924,0.006,REVOKED
core_breakdown,1000,500,100,25,55,97,5497,2.562,1.762,0.024,0.172,2.955,0.017,REVOKED
core_breakdown,1000,500,100,25,55,98,5498,2.511,1.701,0.023,0.169,4.685,0.008,REVOKED
core_breakdown,1000,500,100,25,55,99,5499,3.129,2.075,0.03,0.206,3.328,0.005,REVOKED
core_breakdown,1000,500,100,25,55,100,5500,2.961,2.029,0.026,0.193,3.349,0.006,REVOKED
core_breakdown,1000,500,100,26,56,1,5501,7.145,4.595,0.333,0.448,6.226,0.045,REVOKED
core_breakdown,1000,500,100,26,56,2,5502,4.183,2.788,0.083,0.281,4.317,0.02,REVOKED
core_breakdown,1000,500,100,26,56,3,5503,3.829,2.627,0.055,0.247,4.034,0.012,REVOKED
core_breakdown,1000,500,100,26,56,4,5504,3.634,2.457,0.038,0.251,4.103,0.009,REVOKED
core_breakdown,1000,500,100,26,56,5,5505,3.678,2.475,0.037,0.247,3.993,0.01,REVOKED
core_breakdown,1000,500,100,26,56,6,5506,3.663,2.486,0.041,0.262,4.392,0.008,REVOKED
core_breakdown,1000,500,100,26,56,7,5507,3.591,2.44,0.033,0.217,3.853,0.006,REVOKED
core_breakdown,1000,500,100,26,56,8,5508,3.52,2.408,0.032,0.22,3.862,0.009,REVOKED
core_breakdown,1000,500,100,26,56,9,5509,3.527,2.423,0.032,0.221,3.829,0.006,REVOKED
core_breakdown,1000,500,100,26,56,10,5510,3.532,2.423,0.035,0.225,3.864,0.008,REVOKED
core_breakdown,1000,500,100,26,56,11,5511,3.474,2.364,0.03,0.239,3.735,0.007,REVOKED
core_breakdown,1000,500,100,26,56,12,5512,3.434,2.338,0.083,0.222,3.433,0.017,REVOKED
core_breakdown,1000,500,100,26,56,13,5513,3.031,2.078,0.037,0.198,3.449,0.011,REVOKED
core_breakdown,1000,500,100,26,56,14,5514,2.984,2.062,0.031,0.211,3.571,0.01,REVOKED
core_breakdown,1000,500,100,26,56,15,5515,3.344,2.244,0.042,0.202,3.395,0.006,REVOKED
core_breakdown,1000,500,100,26,56,16,5516,3.022,2.058,0.029,0.207,3.319,0.006,REVOKED
core_breakdown,1000,500,100,26,56,17,5517,2.934,1.988,0.035,0.205,3.281,0.007,REVOKED
core_breakdown,1000,500,100,26,56,18,5518,2.932,2.012,0.025,0.197,3.876,0.006,REVOKED
core_breakdown,1000,500,100,26,56,19,5519,2.927,1.989,0.025,0.187,3.315,0.005,REVOKED
core_breakdown,1000,500,100,26,56,20,5520,2.93,2.014,0.03,0.195,3.296,0.007,REVOKED
core_breakdown,1000,500,100,26,56,21,5521,2.913,2.001,0.021,0.203,3.329,0.005,REVOKED
core_breakdown,1000,500,100,26,56,22,5522,2.956,2.016,0.024,0.205,3.266,0.006,REVOKED
core_breakdown,1000,500,100,26,56,23,5523,2.933,2.028,0.027,0.202,3.259,0.006,REVOKED
core_breakdown,1000,500,100,26,56,24,5524,2.886,1.977,0.024,0.217,3.285,0.006,REVOKED
core_breakdown,1000,500,100,26,56,25,5525,2.97,2.028,0.024,0.189,3.264,0.008,REVOKED
core_breakdown,1000,500,100,26,56,26,5526,2.918,1.996,0.026,0.205,3.328,0.008,REVOKED
core_breakdown,1000,500,100,26,56,27,5527,2.971,2.051,0.025,0.195,3.383,0.007,REVOKED
core_breakdown,1000,500,100,26,56,28,5528,2.954,1.998,0.024,0.187,3.381,0.006,REVOKED
core_breakdown,1000,500,100,26,56,29,5529,3.03,2.075,0.035,0.194,3.391,0.006,REVOKED
core_breakdown,1000,500,100,26,56,30,5530,2.991,2.051,0.026,0.204,3.356,0.006,REVOKED
core_breakdown,1000,500,100,26,56,31,5531,3.063,2.084,0.02,0.217,3.376,0.005,REVOKED
core_breakdown,1000,500,100,26,56,32,5532,3.038,2.103,0.024,0.192,3.443,0.007,REVOKED
core_breakdown,1000,500,100,26,56,33,5533,3.05,2.081,0.021,0.205,3.371,0.006,REVOKED
core_breakdown,1000,500,100,26,56,34,5534,2.983,2.041,0.026,0.206,3.387,0.01,REVOKED
core_breakdown,1000,500,100,26,56,35,5535,2.867,1.972,0.019,0.212,3.342,0.006,REVOKED
core_breakdown,1000,500,100,26,56,36,5536,2.919,2.006,0.025,0.198,3.328,0.006,REVOKED
core_breakdown,1000,500,100,26,56,37,5537,3.007,2.065,0.025,0.197,3.325,0.006,REVOKED
core_breakdown,1000,500,100,26,56,38,5538,2.914,2.003,0.026,0.184,3.286,0.006,REVOKED
core_breakdown,1000,500,100,26,56,39,5539,3.035,2.068,0.025,0.205,3.316,0.006,REVOKED
core_breakdown,1000,500,100,26,56,40,5540,2.98,2.042,0.025,0.193,3.282,0.011,REVOKED
core_breakdown,1000,500,100,26,56,41,5541,2.949,2.019,0.022,0.212,3.309,0.006,REVOKED
core_breakdown,1000,500,100,26,56,42,5542,2.976,2.07,0.021,0.204,3.26,0.006,REVOKED
core_breakdown,1000,500,100,26,56,43,5543,2.894,1.986,0.023,0.187,3.325,0.012,REVOKED
core_breakdown,1000,500,100,26,56,44,5544,2.942,2.039,0.024,0.203,3.352,0.005,REVOKED
core_breakdown,1000,500,100,26,56,45,5545,2.919,2.018,0.022,0.189,3.279,0.005,REVOKED
core_breakdown,1000,500,100,26,56,46,5546,2.925,1.976,0.025,0.187,3.285,0.007,REVOKED
core_breakdown,1000,500,100,26,56,47,5547,2.941,2.001,0.019,0.198,3.253,0.005,REVOKED
core_breakdown,1000,500,100,26,56,48,5548,2.939,2.015,0.021,0.204,3.298,0.006,REVOKED
core_breakdown,1000,500,100,26,56,49,5549,3.064,2.128,0.023,0.212,3.32,0.01,REVOKED
core_breakdown,1000,500,100,26,56,50,5550,2.944,2.034,0.03,0.211,3.232,0.006,REVOKED
core_breakdown,1000,500,100,26,56,51,5551,2.921,1.993,0.022,0.218,3.282,0.005,REVOKED
core_breakdown,1000,500,100,26,56,52,5552,3.002,2.066,0.022,0.19,3.336,0.006,REVOKED
core_breakdown,1000,500,100,26,56,53,5553,2.936,1.975,0.022,0.202,3.314,0.005,REVOKED
core_breakdown,1000,500,100,26,56,54,5554,2.92,1.981,0.023,0.196,3.302,0.006,REVOKED
core_breakdown,1000,500,100,26,56,55,5555,2.965,2.038,0.02,0.199,3.237,0.006,REVOKED
core_breakdown,1000,500,100,26,56,56,5556,2.972,2.075,0.021,0.203,3.263,0.005,REVOKED
core_breakdown,1000,500,100,26,56,57,5557,2.921,2.013,0.022,0.19,3.286,0.006,REVOKED
core_breakdown,1000,500,100,26,56,58,5558,2.936,2.012,0.019,0.192,3.202,0.006,REVOKED
core_breakdown,1000,500,100,26,56,59,5559,2.991,2.078,0.026,0.201,3.348,0.006,REVOKED
core_breakdown,1000,500,100,26,56,60,5560,2.957,2.024,0.02,0.201,3.318,0.006,REVOKED
core_breakdown,1000,500,100,26,56,61,5561,2.943,2.029,0.018,0.218,3.266,0.005,REVOKED
core_breakdown,1000,500,100,26,56,62,5562,2.935,2.013,0.025,0.193,3.328,0.007,REVOKED
core_breakdown,1000,500,100,26,56,63,5563,2.965,2.024,0.021,0.192,3.476,0.006,REVOKED
core_breakdown,1000,500,100,26,56,64,5564,2.99,2.047,0.018,0.208,3.316,0.006,REVOKED
core_breakdown,1000,500,100,26,56,65,5565,2.969,2.009,0.019,0.2,3.264,0.006,REVOKED
core_breakdown,1000,500,100,26,56,66,5566,2.898,1.981,0.022,0.202,3.306,0.006,REVOKED
core_breakdown,1000,500,100,26,56,67,5567,2.948,2.03,0.022,0.195,3.307,0.006,REVOKED
core_breakdown,1000,500,100,26,56,68,5568,2.912,1.982,0.023,0.215,3.286,0.006,REVOKED
core_breakdown,1000,500,100,26,56,69,5569,2.916,2.023,0.03,0.196,3.288,0.006,REVOKED
core_breakdown,1000,500,100,26,56,70,5570,2.956,2.045,0.023,0.202,3.305,0.006,REVOKED
core_breakdown,1000,500,100,26,56,71,5571,2.991,2.015,0.022,0.207,3.255,0.006,REVOKED
core_breakdown,1000,500,100,26,56,72,5572,2.881,1.978,0.021,0.194,3.345,0.006,REVOKED
core_breakdown,1000,500,100,26,56,73,5573,2.909,1.996,0.02,0.194,3.37,0.006,REVOKED
core_breakdown,1000,500,100,26,56,74,5574,2.953,2.039,0.02,0.199,3.342,0.005,REVOKED
core_breakdown,1000,500,100,26,56,75,5575,2.916,1.982,0.024,0.19,3.278,0.006,REVOKED
core_breakdown,1000,500,100,26,56,76,5576,2.949,2.039,0.019,0.193,3.298,0.006,REVOKED
core_breakdown,1000,500,100,26,56,77,5577,2.987,2.027,0.026,0.191,3.294,0.006,REVOKED
core_breakdown,1000,500,100,26,56,78,5578,2.962,2.012,0.027,0.202,3.253,0.006,REVOKED
core_breakdown,1000,500,100,26,56,79,5579,2.932,2.016,0.025,0.193,3.272,0.006,REVOKED
core_breakdown,1000,500,100,26,56,80,5580,2.928,2.013,0.021,0.187,3.211,0.007,REVOKED
core_breakdown,1000,500,100,26,56,81,5581,2.933,2.029,0.021,0.196,3.293,0.005,REVOKED
core_breakdown,1000,500,100,26,56,82,5582,2.988,2.063,0.022,0.202,3.316,0.005,REVOKED
core_breakdown,1000,500,100,26,56,83,5583,2.951,2.025,0.025,0.207,3.257,0.006,REVOKED
core_breakdown,1000,500,100,26,56,84,5584,2.964,2.02,0.02,0.188,3.276,0.005,REVOKED
core_breakdown,1000,500,100,26,56,85,5585,2.921,1.988,0.025,0.197,3.344,0.006,REVOKED
core_breakdown,1000,500,100,26,56,86,5586,2.944,1.998,0.02,0.186,3.263,0.005,REVOKED
core_breakdown,1000,500,100,26,56,87,5587,2.938,2.014,0.025,0.205,3.264,0.005,REVOKED
core_breakdown,1000,500,100,26,56,88,5588,2.962,2.027,0.023,0.194,3.264,0.005,REVOKED
core_breakdown,1000,500,100,26,56,89,5589,2.972,2.074,0.02,0.188,3.261,0.012,REVOKED
core_breakdown,1000,500,100,26,56,90,5590,2.965,2.056,0.019,0.202,3.299,0.005,REVOKED
core_breakdown,1000,500,100,26,56,91,5591,2.916,2.015,0.024,0.205,3.358,0.006,REVOKED
core_breakdown,1000,500,100,26,56,92,5592,2.915,1.987,0.027,0.184,3.346,0.005,REVOKED
core_breakdown,1000,500,100,26,56,93,5593,3.028,2.074,0.024,0.189,3.288,0.006,REVOKED
core_breakdown,1000,500,100,26,56,94,5594,2.983,2.061,0.023,0.203,3.275,0.006,REVOKED
core_breakdown,1000,500,100,26,56,95,5595,2.98,2.018,0.021,0.21,3.225,0.007,REVOKED
core_breakdown,1000,500,100,26,56,96,5596,2.915,1.998,0.024,0.197,3.265,0.005,REVOKED
core_breakdown,1000,500,100,26,56,97,5597,2.943,2.016,0.023,0.185,3.297,0.019,REVOKED
core_breakdown,1000,500,100,26,56,98,5598,2.939,2.022,0.02,0.201,3.27,0.006,REVOKED
core_breakdown,1000,500,100,26,56,99,5599,2.907,1.977,0.024,0.214,3.274,0.005,REVOKED
core_breakdown,1000,500,100,26,56,100,5600,2.961,2.051,0.02,0.191,3.299,0.005,REVOKED
core_breakdown,1000,500,100,27,57,1,5601,7.341,4.019,0.293,0.509,6.688,0.06,REVOKED
core_breakdown,1000,500,100,27,57,2,5602,6.394,4.194,0.133,0.41,5.941,0.027,REVOKED
core_breakdown,1000,500,100,27,57,3,5603,4.972,3.359,0.096,0.339,5.211,0.018,REVOKED
core_breakdown,1000,500,100,27,57,4,5604,4.482,3.02,0.055,0.272,4.304,0.012,REVOKED
core_breakdown,1000,500,100,27,57,5,5605,3.605,2.408,0.045,0.243,4.015,0.008,REVOKED
core_breakdown,1000,500,100,27,57,6,5606,3.917,2.771,0.037,0.262,3.983,0.009,REVOKED
core_breakdown,1000,500,100,27,57,7,5607,3.544,2.434,0.035,0.228,3.732,0.007,REVOKED
core_breakdown,1000,500,100,27,57,8,5608,3.367,2.302,0.03,0.233,3.686,0.006,REVOKED
core_breakdown,1000,500,100,27,57,9,5609,3.401,2.346,0.026,0.235,3.85,0.008,REVOKED
core_breakdown,1000,500,100,27,57,10,5610,3.578,2.478,0.039,0.222,3.775,0.008,REVOKED
core_breakdown,1000,500,100,27,57,11,5611,3.385,2.323,0.031,0.26,3.718,0.007,REVOKED
core_breakdown,1000,500,100,27,57,12,5612,3.313,2.265,0.03,0.211,5.308,0.009,REVOKED
core_breakdown,1000,500,100,27,57,13,5613,3.302,2.232,0.037,0.221,3.697,0.016,REVOKED
core_breakdown,1000,500,100,27,57,14,5614,3.098,2.098,0.056,0.198,3.234,0.008,REVOKED
core_breakdown,1000,500,100,27,57,15,5615,2.95,2.048,0.026,0.198,3.338,0.008,REVOKED
core_breakdown,1000,500,100,27,57,16,5616,2.946,2.014,0.035,0.207,3.283,0.007,REVOKED
core_breakdown,1000,500,100,27,57,17,5617,2.939,2.041,0.027,0.194,3.316,0.007,REVOKED
core_breakdown,1000,500,100,27,57,18,5618,2.981,2.0,0.031,0.208,3.452,0.007,REVOKED
core_breakdown,1000,500,100,27,57,19,5619,2.936,2.015,0.025,0.195,3.29,0.008,REVOKED
core_breakdown,1000,500,100,27,57,20,5620,2.892,1.99,0.024,0.201,3.288,0.006,REVOKED
core_breakdown,1000,500,100,27,57,21,5621,2.896,1.983,0.022,0.189,3.208,0.007,REVOKED
core_breakdown,1000,500,100,27,57,22,5622,2.91,1.982,0.02,0.19,3.328,0.006,REVOKED
core_breakdown,1000,500,100,27,57,23,5623,2.928,2.004,0.022,0.206,3.287,0.006,REVOKED
core_breakdown,1000,500,100,27,57,24,5624,2.939,2.0,0.03,0.188,3.212,0.007,REVOKED
core_breakdown,1000,500,100,27,57,25,5625,2.984,2.066,0.023,0.194,3.368,0.008,REVOKED
core_breakdown,1000,500,100,27,57,26,5626,2.935,2.042,0.022,0.19,3.278,0.006,REVOKED
core_breakdown,1000,500,100,27,57,27,5627,2.915,1.998,0.024,0.189,3.276,0.006,REVOKED
core_breakdown,1000,500,100,27,57,28,5628,2.905,2.014,0.021,0.21,3.236,0.006,REVOKED
core_breakdown,1000,500,100,27,57,29,5629,3.02,2.064,0.026,0.22,3.441,0.006,REVOKED
core_breakdown,1000,500,100,27,57,30,5630,3.12,2.151,0.021,0.197,3.395,0.006,REVOKED
core_breakdown,1000,500,100,27,57,31,5631,3.062,2.087,0.021,0.211,3.378,0.006,REVOKED
core_breakdown,1000,500,100,27,57,32,5632,2.999,2.048,0.027,0.191,3.439,0.006,REVOKED
core_breakdown,1000,500,100,27,57,33,5633,2.933,2.009,0.023,0.197,3.36,0.005,REVOKED
core_breakdown,1000,500,100,27,57,34,5634,2.992,2.049,0.026,0.199,3.296,0.008,REVOKED
core_breakdown,1000,500,100,27,57,35,5635,2.956,2.046,0.023,0.194,3.334,0.006,REVOKED
core_breakdown,1000,500,100,27,57,36,5636,2.961,2.05,0.02,0.177,3.368,0.005,REVOKED
core_breakdown,1000,500,100,27,57,37,5637,2.997,2.063,0.024,0.2,3.256,0.007,REVOKED
core_breakdown,1000,500,100,27,57,38,5638,2.962,2.02,0.026,0.216,3.279,0.006,REVOKED
core_breakdown,1000,500,100,27,57,39,5639,2.945,2.009,0.019,0.193,3.282,0.007,REVOKED
core_breakdown,1000,500,100,27,57,40,5640,2.92,1.974,0.023,0.211,3.287,0.006,REVOKED
core_breakdown,1000,500,100,27,57,41,5641,2.911,1.998,0.019,0.2,3.314,0.006,REVOKED
core_breakdown,1000,500,100,27,57,42,5642,2.943,1.977,0.023,0.205,3.305,0.006,REVOKED
core_breakdown,1000,500,100,27,57,43,5643,2.921,2.014,0.019,0.178,3.37,0.005,REVOKED
core_breakdown,1000,500,100,27,57,44,5644,3.001,2.053,0.027,0.199,3.317,0.006,REVOKED
core_breakdown,1000,500,100,27,57,45,5645,2.917,2.011,0.024,0.198,3.305,0.006,REVOKED
core_breakdown,1000,500,100,27,57,46,5646,2.943,2.034,0.026,0.214,3.332,0.006,REVOKED
core_breakdown,1000,500,100,27,57,47,5647,2.954,2.008,0.023,0.205,3.379,0.005,REVOKED
core_breakdown,1000,500,100,27,57,48,5648,2.885,1.97,0.023,0.202,3.284,0.006,REVOKED
core_breakdown,1000,500,100,27,57,49,5649,2.941,2.011,0.02,0.19,3.328,0.01,REVOKED
core_breakdown,1000,500,100,27,57,50,5650,2.931,2.055,0.023,0.191,3.32,0.006,REVOKED
core_breakdown,1000,500,100,27,57,51,5651,2.899,1.977,0.023,0.198,3.459,0.006,REVOKED
core_breakdown,1000,500,100,27,57,52,5652,2.943,2.018,0.026,0.207,3.292,0.006,REVOKED
core_breakdown,1000,500,100,27,57,53,5653,2.911,1.997,0.023,0.198,3.349,0.005,REVOKED
core_breakdown,1000,500,100,27,57,54,5654,2.945,2.018,0.022,0.203,3.332,0.006,REVOKED
core_breakdown,1000,500,100,27,57,55,5655,2.899,1.996,0.024,0.192,3.328,0.006,REVOKED
core_breakdown,1000,500,100,27,57,56,5656,2.913,2.005,0.022,0.199,3.288,0.006,REVOKED
core_breakdown,1000,500,100,27,57,57,5657,2.99,2.065,0.022,0.2,3.292,0.006,REVOKED
core_breakdown,1000,500,100,27,57,58,5658,2.952,2.017,0.023,0.198,3.301,0.006,REVOKED
core_breakdown,1000,500,100,27,57,59,5659,2.882,1.987,0.022,0.209,3.256,0.005,REVOKED
core_breakdown,1000,500,100,27,57,60,5660,2.941,2.002,0.021,0.191,3.319,0.006,REVOKED
core_breakdown,1000,500,100,27,57,61,5661,2.992,2.087,0.021,0.203,3.305,0.006,REVOKED
core_breakdown,1000,500,100,27,57,62,5662,2.952,2.043,0.019,0.192,3.278,0.006,REVOKED
core_breakdown,1000,500,100,27,57,63,5663,2.917,1.998,0.022,0.194,3.209,0.006,REVOKED
core_breakdown,1000,500,100,27,57,64,5664,2.969,2.065,0.022,0.202,3.272,0.005,REVOKED
core_breakdown,1000,500,100,27,57,65,5665,3.077,2.154,0.022,0.201,3.277,0.006,REVOKED
core_breakdown,1000,500,100,27,57,66,5666,3.003,2.061,0.024,0.188,3.26,0.006,REVOKED
core_breakdown,1000,500,100,27,57,67,5667,2.94,2.021,0.02,0.191,3.262,0.006,REVOKED
core_breakdown,1000,500,100,27,57,68,5668,2.971,2.073,0.023,0.195,3.256,0.005,REVOKED
core_breakdown,1000,500,100,27,57,69,5669,2.903,1.981,0.02,0.2,3.302,0.005,REVOKED
core_breakdown,1000,500,100,27,57,70,5670,2.897,1.996,0.02,0.209,3.28,0.005,REVOKED
core_breakdown,1000,500,100,27,57,71,5671,2.9,1.99,0.024,0.189,3.235,0.005,REVOKED
core_breakdown,1000,500,100,27,57,72,5672,3.005,2.01,0.026,0.192,3.299,0.005,REVOKED
core_breakdown,1000,500,100,27,57,73,5673,2.926,2.016,0.022,0.189,3.3,0.009,REVOKED
core_breakdown,1000,500,100,27,57,74,5674,2.921,2.006,0.024,0.192,3.239,0.006,REVOKED
core_breakdown,1000,500,100,27,57,75,5675,2.925,2.007,0.02,0.204,3.263,0.006,REVOKED
core_breakdown,1000,500,100,27,57,76,5676,2.939,2.03,0.019,0.195,3.244,0.006,REVOKED
core_breakdown,1000,500,100,27,57,77,5677,2.956,2.038,0.025,0.193,3.476,0.005,REVOKED
core_breakdown,1000,500,100,27,57,78,5678,3.016,2.038,0.028,0.215,3.473,0.006,REVOKED
core_breakdown,1000,500,100,27,57,79,5679,2.99,2.034,0.027,0.199,3.285,0.006,REVOKED
core_breakdown,1000,500,100,27,57,80,5680,3.023,2.088,0.022,0.194,3.341,0.005,REVOKED
core_breakdown,1000,500,100,27,57,81,5681,2.981,2.023,0.022,0.196,3.29,0.005,REVOKED
core_breakdown,1000,500,100,27,57,82,5682,3.01,2.07,0.036,0.191,3.302,0.006,REVOKED
core_breakdown,1000,500,100,27,57,83,5683,2.935,2.005,0.023,0.192,3.569,0.007,REVOKED
core_breakdown,1000,500,100,27,57,84,5684,2.942,2.011,0.027,0.192,3.283,0.006,REVOKED
core_breakdown,1000,500,100,27,57,85,5685,2.915,1.993,0.032,0.202,3.255,0.006,REVOKED
core_breakdown,1000,500,100,27,57,86,5686,2.916,2.001,0.026,0.188,3.286,0.006,REVOKED
core_breakdown,1000,500,100,27,57,87,5687,2.888,1.968,0.02,0.204,3.361,0.005,REVOKED
core_breakdown,1000,500,100,27,57,88,5688,2.949,2.013,0.027,0.205,3.254,0.007,REVOKED
core_breakdown,1000,500,100,27,57,89,5689,2.91,1.982,0.021,0.203,3.284,0.006,REVOKED
core_breakdown,1000,500,100,27,57,90,5690,2.975,2.03,0.024,0.212,3.579,0.006,REVOKED
core_breakdown,1000,500,100,27,57,91,5691,3.321,2.295,0.032,0.236,3.571,0.007,REVOKED
core_breakdown,1000,500,100,27,57,92,5692,3.002,2.085,0.023,0.197,3.303,0.012,REVOKED
core_breakdown,1000,500,100,27,57,93,5693,2.936,2.002,0.027,0.183,3.307,0.006,REVOKED
core_breakdown,1000,500,100,27,57,94,5694,2.92,1.987,0.025,0.192,3.21,0.007,REVOKED
core_breakdown,1000,500,100,27,57,95,5695,2.863,1.956,0.022,0.199,3.287,0.006,REVOKED
core_breakdown,1000,500,100,27,57,96,5696,2.887,2.001,0.023,0.187,3.223,0.006,REVOKED
core_breakdown,1000,500,100,27,57,97,5697,2.878,1.976,0.02,0.199,3.187,0.014,REVOKED
core_breakdown,1000,500,100,27,57,98,5698,2.911,1.984,0.027,0.228,3.241,0.007,REVOKED
core_breakdown,1000,500,100,27,57,99,5699,2.874,1.988,0.024,0.195,3.24,0.006,REVOKED
core_breakdown,1000,500,100,27,57,100,5700,2.89,1.988,0.02,0.203,3.187,0.006,REVOKED
core_breakdown,1000,500,100,28,58,1,5701,6.84,4.654,0.319,0.475,7.028,0.06,REVOKED
core_breakdown,1000,500,100,28,58,2,5702,5.475,3.683,0.1,0.352,5.594,0.026,REVOKED
core_breakdown,1000,500,100,28,58,3,5703,4.813,3.243,0.079,0.318,4.667,0.015,REVOKED
core_breakdown,1000,500,100,28,58,4,5704,4.023,2.731,0.049,0.244,4.04,0.008,REVOKED
core_breakdown,1000,500,100,28,58,5,5705,3.652,2.492,0.037,0.24,3.852,0.008,REVOKED
core_breakdown,1000,500,100,28,58,6,5706,3.464,2.361,0.029,0.227,3.803,0.006,REVOKED
core_breakdown,1000,500,100,28,58,7,5707,3.381,2.302,0.027,0.227,3.932,0.009,REVOKED
core_breakdown,1000,500,100,28,58,8,5708,3.469,2.352,0.035,0.239,3.755,0.008,REVOKED
core_breakdown,1000,500,100,28,58,9,5709,3.416,2.316,0.055,0.233,3.552,0.007,REVOKED
core_breakdown,1000,500,100,28,58,10,5710,3.293,2.23,0.034,0.22,3.366,0.014,REVOKED
core_breakdown,1000,500,100,28,58,11,5711,2.985,2.03,0.028,0.209,3.4,0.009,REVOKED
core_breakdown,1000,500,100,28,58,12,5712,3.003,2.038,0.034,0.2,3.345,0.007,REVOKED
core_breakdown,1000,500,100,28,58,13,5713,2.933,2.017,0.026,0.199,3.312,0.008,REVOKED
core_breakdown,1000,500,100,28,58,14,5714,2.93,1.993,0.025,0.193,3.357,0.005,REVOKED
core_breakdown,1000,500,100,28,58,15,5715,2.961,2.029,0.023,0.195,3.355,0.007,REVOKED
core_breakdown,1000,500,100,28,58,16,5716,2.976,2.034,0.035,0.207,3.316,0.006,REVOKED
core_breakdown,1000,500,100,28,58,17,5717,2.969,2.04,0.029,0.199,3.238,0.006,REVOKED
core_breakdown,1000,500,100,28,58,18,5718,2.973,2.032,0.023,0.204,3.265,0.006,REVOKED
core_breakdown,1000,500,100,28,58,19,5719,2.968,2.041,0.022,0.195,3.269,0.006,REVOKED
core_breakdown,1000,500,100,28,58,20,5720,2.94,2.01,0.023,0.203,3.303,0.005,REVOKED
core_breakdown,1000,500,100,28,58,21,5721,2.969,2.039,0.022,0.202,3.333,0.007,REVOKED
core_breakdown,1000,500,100,28,58,22,5722,2.947,2.021,0.024,0.193,3.288,0.006,REVOKED
core_breakdown,1000,500,100,28,58,23,5723,2.932,2.011,0.028,0.206,3.318,0.006,REVOKED
core_breakdown,1000,500,100,28,58,24,5724,2.926,2.027,0.023,0.194,3.325,0.006,REVOKED
core_breakdown,1000,500,100,28,58,25,5725,2.911,1.999,0.022,0.197,3.265,0.008,REVOKED
core_breakdown,1000,500,100,28,58,26,5726,2.959,2.039,0.023,0.196,3.281,0.006,REVOKED
core_breakdown,1000,500,100,28,58,27,5727,2.98,2.044,0.026,0.197,3.301,0.005,REVOKED
core_breakdown,1000,500,100,28,58,28,5728,2.981,2.038,0.024,0.2,3.318,0.006,REVOKED
core_breakdown,1000,500,100,28,58,29,5729,2.927,2.023,0.02,0.192,3.286,0.005,REVOKED
core_breakdown,1000,500,100,28,58,30,5730,3.675,2.001,0.025,0.201,3.308,0.007,REVOKED
core_breakdown,1000,500,100,28,58,31,5731,2.943,2.026,0.023,0.186,3.467,0.006,REVOKED
core_breakdown,1000,500,100,28,58,32,5732,3.314,2.265,0.032,0.203,3.677,0.008,REVOKED
core_breakdown,1000,500,100,28,58,33,5733,3.28,2.212,0.036,0.205,3.613,0.008,REVOKED
core_breakdown,1000,500,100,28,58,34,5734,3.293,2.227,0.028,0.21,3.699,0.008,REVOKED
core_breakdown,1000,500,100,28,58,35,5735,3.086,2.108,0.026,0.211,3.599,0.006,REVOKED
core_breakdown,1000,500,100,28,58,36,5736,3.196,2.137,0.025,0.202,3.734,0.007,REVOKED
core_breakdown,1000,500,100,28,58,37,5737,3.045,2.081,0.032,0.197,3.382,0.007,REVOKED
core_breakdown,1000,500,100,28,58,38,5738,3.06,2.041,0.027,0.195,3.346,0.007,REVOKED
core_breakdown,1000,500,100,28,58,39,5739,3.003,2.055,0.024,0.19,3.341,0.006,REVOKED
core_breakdown,1000,500,100,28,58,40,5740,3.022,2.069,0.024,0.208,3.434,0.01,REVOKED
core_breakdown,1000,500,100,28,58,41,5741,3.003,2.025,0.024,0.246,3.313,0.006,REVOKED
core_breakdown,1000,500,100,28,58,42,5742,2.907,1.996,0.02,0.203,3.112,0.006,REVOKED
core_breakdown,1000,500,100,28,58,43,5743,2.557,1.733,0.026,0.192,3.315,0.006,REVOKED
core_breakdown,1000,500,100,28,58,44,5744,2.951,2.027,0.024,0.191,3.228,0.005,REVOKED
core_breakdown,1000,500,100,28,58,45,5745,2.917,2.016,0.022,0.232,3.282,0.006,REVOKED
core_breakdown,1000,500,100,28,58,46,5746,2.914,2.006,0.019,0.193,3.233,0.006,REVOKED
core_breakdown,1000,500,100,28,58,47,5747,2.954,2.039,0.024,0.221,3.269,0.006,REVOKED
core_breakdown,1000,500,100,28,58,48,5748,2.941,1.999,0.021,0.196,3.354,0.007,REVOKED
core_breakdown,1000,500,100,28,58,49,5749,2.921,2.003,0.019,0.199,3.251,0.015,REVOKED
core_breakdown,1000,500,100,28,58,50,5750,2.941,2.036,0.019,0.208,3.237,0.006,REVOKED
core_breakdown,1000,500,100,28,58,51,5751,2.93,2.003,0.018,0.202,3.335,0.006,REVOKED
core_breakdown,1000,500,100,28,58,52,5752,3.002,2.052,0.025,0.195,3.303,0.006,REVOKED
core_breakdown,1000,500,100,28,58,53,5753,2.898,1.981,0.022,0.194,3.32,0.006,REVOKED
core_breakdown,1000,500,100,28,58,54,5754,3.014,2.067,0.026,0.205,3.304,0.006,REVOKED
core_breakdown,1000,500,100,28,58,55,5755,2.913,1.994,0.022,0.188,3.259,0.005,REVOKED
core_breakdown,1000,500,100,28,58,56,5756,2.99,2.041,0.025,0.204,3.249,0.006,REVOKED
core_breakdown,1000,500,100,28,58,57,5757,2.928,2.013,0.022,0.201,3.251,0.006,REVOKED
core_breakdown,1000,500,100,28,58,58,5758,2.953,2.041,0.022,0.2,3.305,0.006,REVOKED
core_breakdown,1000,500,100,28,58,59,5759,2.913,2.034,0.022,0.2,3.3,0.006,REVOKED
core_breakdown,1000,500,100,28,58,60,5760,2.874,1.961,0.025,0.19,3.399,0.005,REVOKED
core_breakdown,1000,500,100,28,58,61,5761,3.072,2.097,0.023,0.203,3.33,0.005,REVOKED
core_breakdown,1000,500,100,28,58,62,5762,2.916,1.996,0.027,0.19,3.345,0.006,REVOKED
core_breakdown,1000,500,100,28,58,63,5763,2.896,1.977,0.022,0.199,3.315,0.006,REVOKED
core_breakdown,1000,500,100,28,58,64,5764,2.887,1.954,0.023,0.205,3.321,0.005,REVOKED
core_breakdown,1000,500,100,28,58,65,5765,2.948,2.03,0.02,0.193,3.356,0.006,REVOKED
core_breakdown,1000,500,100,28,58,66,5766,2.903,1.998,0.024,0.188,3.273,0.006,REVOKED
core_breakdown,1000,500,100,28,58,67,5767,2.959,2.032,0.048,0.2,3.434,0.006,REVOKED
core_breakdown,1000,500,100,28,58,68,5768,2.901,1.992,0.021,0.185,3.283,0.006,REVOKED
core_breakdown,1000,500,100,28,58,69,5769,2.906,1.986,0.024,0.193,3.266,0.005,REVOKED
core_breakdown,1000,500,100,28,58,70,5770,2.966,2.036,0.022,0.217,3.246,0.006,REVOKED
core_breakdown,1000,500,100,28,58,71,5771,2.928,2.002,0.023,0.213,3.225,0.011,REVOKED
core_breakdown,1000,500,100,28,58,72,5772,2.921,2.024,0.024,0.201,3.331,0.005,REVOKED
core_breakdown,1000,500,100,28,58,73,5773,2.953,2.015,0.024,0.191,3.378,0.005,REVOKED
core_breakdown,1000,500,100,28,58,74,5774,2.903,1.986,0.023,0.192,3.317,0.005,REVOKED
core_breakdown,1000,500,100,28,58,75,5775,2.939,2.028,0.02,0.191,3.274,0.005,REVOKED
core_breakdown,1000,500,100,28,58,76,5776,2.856,1.951,0.023,0.192,3.317,0.005,REVOKED
core_breakdown,1000,500,100,28,58,77,5777,2.99,2.028,0.019,0.192,3.346,0.006,REVOKED
core_breakdown,1000,500,100,28,58,78,5778,2.873,1.975,0.023,0.209,3.26,0.005,REVOKED
core_breakdown,1000,500,100,28,58,79,5779,2.934,2.031,0.021,0.191,3.26,0.011,REVOKED
core_breakdown,1000,500,100,28,58,80,5780,2.923,1.994,0.02,0.202,3.308,0.006,REVOKED
core_breakdown,1000,500,100,28,58,81,5781,2.992,2.004,0.024,0.194,3.261,0.019,REVOKED
core_breakdown,1000,500,100,28,58,82,5782,2.919,2.004,0.023,0.187,3.223,0.011,REVOKED
core_breakdown,1000,500,100,28,58,83,5783,2.974,1.998,0.019,0.199,3.252,0.006,REVOKED
core_breakdown,1000,500,100,28,58,84,5784,2.97,2.043,0.022,0.185,3.294,0.006,REVOKED
core_breakdown,1000,500,100,28,58,85,5785,2.905,2.014,0.025,0.197,3.277,0.006,REVOKED
core_breakdown,1000,500,100,28,58,86,5786,2.914,1.975,0.025,0.186,3.24,0.006,REVOKED
core_breakdown,1000,500,100,28,58,87,5787,2.902,1.998,0.021,0.195,3.347,0.006,REVOKED
core_breakdown,1000,500,100,28,58,88,5788,2.92,1.989,0.023,0.199,3.303,0.006,REVOKED
core_breakdown,1000,500,100,28,58,89,5789,2.928,2.001,0.021,0.178,3.256,0.006,REVOKED
core_breakdown,1000,500,100,28,58,90,5790,2.901,2.012,0.023,0.244,3.306,0.006,REVOKED
core_breakdown,1000,500,100,28,58,91,5791,2.934,2.034,0.022,0.188,3.292,0.005,REVOKED
core_breakdown,1000,500,100,28,58,92,5792,2.937,1.985,0.023,0.192,3.355,0.006,REVOKED
core_breakdown,1000,500,100,28,58,93,5793,2.937,2.018,0.025,0.191,3.247,0.006,REVOKED
core_breakdown,1000,500,100,28,58,94,5794,2.969,2.057,0.029,0.193,3.296,0.006,REVOKED
core_breakdown,1000,500,100,28,58,95,5795,2.935,1.986,0.024,0.198,3.272,0.006,REVOKED
core_breakdown,1000,500,100,28,58,96,5796,2.905,2.0,0.021,0.192,3.301,0.006,REVOKED
core_breakdown,1000,500,100,28,58,97,5797,2.946,2.033,0.025,0.192,3.193,0.015,REVOKED
core_breakdown,1000,500,100,28,58,98,5798,2.866,1.955,0.022,0.216,3.279,0.005,REVOKED
core_breakdown,1000,500,100,28,58,99,5799,2.951,2.037,0.023,0.187,3.242,0.005,REVOKED
core_breakdown,1000,500,100,28,58,100,5800,2.902,2.014,0.021,0.193,3.266,0.005,REVOKED
core_breakdown,1000,500,100,29,59,1,5801,6.579,4.064,0.299,0.492,6.812,0.049,REVOKED
core_breakdown,1000,500,100,29,59,2,5802,5.988,3.881,0.131,0.312,5.156,0.021,REVOKED
core_breakdown,1000,500,100,29,59,3,5803,4.599,3.157,0.056,0.289,4.519,0.014,REVOKED
core_breakdown,1000,500,100,29,59,4,5804,4.029,2.751,0.036,0.242,4.041,0.009,REVOKED
core_breakdown,1000,500,100,29,59,5,5805,3.643,2.487,0.039,0.245,4.016,0.009,REVOKED
core_breakdown,1000,500,100,29,59,6,5806,3.699,2.512,0.036,0.24,3.947,0.009,REVOKED
core_breakdown,1000,500,100,29,59,7,5807,3.559,2.43,0.033,0.27,3.94,0.007,REVOKED
core_breakdown,1000,500,100,29,59,8,5808,3.563,2.394,0.031,0.22,3.902,0.008,REVOKED
core_breakdown,1000,500,100,29,59,9,5809,3.654,2.477,0.064,0.244,6.599,0.02,REVOKED
core_breakdown,1000,500,100,29,59,10,5810,3.521,2.396,0.058,0.291,4.087,0.014,REVOKED
core_breakdown,1000,500,100,29,59,11,5811,3.52,2.416,0.054,0.206,3.918,0.01,REVOKED
core_breakdown,1000,500,100,29,59,12,5812,3.691,2.468,0.039,0.326,4.311,0.01,REVOKED
core_breakdown,1000,500,100,29,59,13,5813,4.064,2.858,0.034,0.232,3.847,0.01,REVOKED
core_breakdown,1000,500,100,29,59,14,5814,3.253,2.212,0.035,0.248,3.777,0.009,REVOKED
core_breakdown,1000,500,100,29,59,15,5815,3.708,2.581,0.035,0.282,3.472,0.008,REVOKED
core_breakdown,1000,500,100,29,59,16,5816,3.082,2.104,0.031,0.269,3.902,0.008,REVOKED
core_breakdown,1000,500,100,29,59,17,5817,3.509,2.486,0.035,0.25,4.35,0.009,REVOKED
core_breakdown,1000,500,100,29,59,18,5818,3.777,2.592,0.036,0.255,3.978,0.009,REVOKED
core_breakdown,1000,500,100,29,59,19,5819,4.065,2.821,0.034,0.255,4.578,0.01,REVOKED
core_breakdown,1000,500,100,29,59,20,5820,4.101,2.603,0.055,0.212,3.534,0.008,REVOKED
core_breakdown,1000,500,100,29,59,21,5821,2.962,2.032,0.026,0.208,3.574,0.008,REVOKED
core_breakdown,1000,500,100,29,59,22,5822,2.925,2.019,0.025,0.197,3.339,0.006,REVOKED
core_breakdown,1000,500,100,29,59,23,5823,3.024,2.033,0.03,0.211,3.429,0.006,REVOKED
core_breakdown,1000,500,100,29,59,24,5824,2.942,2.002,0.026,0.197,3.276,0.005,REVOKED
core_breakdown,1000,500,100,29,59,25,5825,2.947,2.03,0.027,0.194,3.219,0.009,REVOKED
core_breakdown,1000,500,100,29,59,26,5826,2.933,2.001,0.025,0.205,3.242,0.007,REVOKED
core_breakdown,1000,500,100,29,59,27,5827,2.932,2.001,0.023,0.193,3.285,0.006,REVOKED
core_breakdown,1000,500,100,29,59,28,5828,2.892,1.985,0.025,0.2,3.265,0.005,REVOKED
core_breakdown,1000,500,100,29,59,29,5829,2.898,1.991,0.026,0.195,3.364,0.005,REVOKED
core_breakdown,1000,500,100,29,59,30,5830,2.875,1.963,0.025,0.194,3.236,0.006,REVOKED
core_breakdown,1000,500,100,29,59,31,5831,2.862,1.97,0.022,0.195,3.246,0.005,REVOKED
core_breakdown,1000,500,100,29,59,32,5832,2.861,1.961,0.022,0.202,3.277,0.006,REVOKED
core_breakdown,1000,500,100,29,59,33,5833,2.887,1.995,0.026,0.19,3.196,0.005,REVOKED
core_breakdown,1000,500,100,29,59,34,5834,3.006,2.056,0.024,0.221,3.353,0.005,REVOKED
core_breakdown,1000,500,100,29,59,35,5835,2.991,2.036,0.021,0.215,3.388,0.011,REVOKED
core_breakdown,1000,500,100,29,59,36,5836,3.072,2.133,0.023,0.22,3.387,0.006,REVOKED
core_breakdown,1000,500,100,29,59,37,5837,3.077,2.082,0.022,0.205,3.337,0.007,REVOKED
core_breakdown,1000,500,100,29,59,38,5838,2.969,2.025,0.027,0.207,3.396,0.007,REVOKED
core_breakdown,1000,500,100,29,59,39,5839,2.921,2.003,0.025,0.215,3.311,0.007,REVOKED
core_breakdown,1000,500,100,29,59,40,5840,3.009,2.085,0.024,0.188,3.272,0.006,REVOKED
core_breakdown,1000,500,100,29,59,41,5841,2.913,2.012,0.022,0.199,3.382,0.006,REVOKED
core_breakdown,1000,500,100,29,59,42,5842,2.966,2.056,0.023,0.194,3.348,0.006,REVOKED
core_breakdown,1000,500,100,29,59,43,5843,2.947,2.019,0.022,0.203,3.225,0.006,REVOKED
core_breakdown,1000,500,100,29,59,44,5844,2.949,2.04,0.023,0.199,3.359,0.006,REVOKED
core_breakdown,1000,500,100,29,59,45,5845,2.911,1.987,0.022,0.199,3.264,0.011,REVOKED
core_breakdown,1000,500,100,29,59,46,5846,2.865,1.962,0.023,0.196,3.26,0.005,REVOKED
core_breakdown,1000,500,100,29,59,47,5847,2.909,2.009,0.022,0.206,3.265,0.007,REVOKED
core_breakdown,1000,500,100,29,59,48,5848,2.893,1.964,0.02,0.184,3.238,0.005,REVOKED
core_breakdown,1000,500,100,29,59,49,5849,2.898,1.995,0.022,0.203,3.292,0.011,REVOKED
core_breakdown,1000,500,100,29,59,50,5850,2.912,1.995,0.021,0.198,3.291,0.005,REVOKED
core_breakdown,1000,500,100,29,59,51,5851,2.908,2.023,0.021,0.19,3.196,0.005,REVOKED
core_breakdown,1000,500,100,29,59,52,5852,2.895,1.989,0.023,0.195,3.162,0.005,REVOKED
core_breakdown,1000,500,100,29,59,53,5853,2.967,2.049,0.028,0.211,3.311,0.005,REVOKED
core_breakdown,1000,500,100,29,59,54,5854,2.987,2.034,0.021,0.205,3.334,0.011,REVOKED
core_breakdown,1000,500,100,29,59,55,5855,2.905,1.995,0.021,0.2,3.281,0.007,REVOKED
core_breakdown,1000,500,100,29,59,56,5856,3.0,2.08,0.024,0.197,3.249,0.005,REVOKED
core_breakdown,1000,500,100,29,59,57,5857,2.913,2.006,0.026,0.195,3.264,0.006,REVOKED
core_breakdown,1000,500,100,29,59,58,5858,2.951,2.009,0.026,0.195,3.322,0.005,REVOKED
core_breakdown,1000,500,100,29,59,59,5859,2.951,2.04,0.025,0.187,3.331,0.006,REVOKED
core_breakdown,1000,500,100,29,59,60,5860,2.931,2.019,0.026,0.192,3.292,0.006,REVOKED
core_breakdown,1000,500,100,29,59,61,5861,2.856,1.968,0.021,0.197,3.389,0.006,REVOKED
core_breakdown,1000,500,100,29,59,62,5862,2.942,2.037,0.022,0.181,3.24,0.007,REVOKED
core_breakdown,1000,500,100,29,59,63,5863,2.96,2.044,0.022,0.201,3.25,0.005,REVOKED
core_breakdown,1000,500,100,29,59,64,5864,2.881,1.975,0.023,0.193,3.244,0.006,REVOKED
core_breakdown,1000,500,100,29,59,65,5865,2.885,1.998,0.019,0.194,3.232,0.006,REVOKED
core_breakdown,1000,500,100,29,59,66,5866,2.935,2.036,0.02,0.186,3.261,0.005,REVOKED
core_breakdown,1000,500,100,29,59,67,5867,2.911,1.996,0.023,0.202,3.26,0.005,REVOKED
core_breakdown,1000,500,100,29,59,68,5868,2.86,1.965,0.024,0.195,3.223,0.005,REVOKED
core_breakdown,1000,500,100,29,59,69,5869,2.971,2.033,0.022,0.21,3.344,0.005,REVOKED
core_breakdown,1000,500,100,29,59,70,5870,2.91,2.001,0.023,0.218,3.29,0.006,REVOKED
core_breakdown,1000,500,100,29,59,71,5871,2.921,2.01,0.023,0.189,3.265,0.007,REVOKED
core_breakdown,1000,500,100,29,59,72,5872,2.923,2.018,0.019,0.206,3.307,0.006,REVOKED
core_breakdown,1000,500,100,29,59,73,5873,2.932,2.015,0.022,0.194,3.291,0.005,REVOKED
core_breakdown,1000,500,100,29,59,74,5874,2.884,1.989,0.019,0.191,3.21,0.005,REVOKED
core_breakdown,1000,500,100,29,59,75,5875,2.903,1.974,0.027,0.212,3.23,0.007,REVOKED
core_breakdown,1000,500,100,29,59,76,5876,2.916,2.002,0.021,0.201,3.364,0.006,REVOKED
core_breakdown,1000,500,100,29,59,77,5877,2.922,1.986,0.025,0.201,3.32,0.005,REVOKED
core_breakdown,1000,500,100,29,59,78,5878,2.899,2.003,0.02,0.191,3.248,0.006,REVOKED
core_breakdown,1000,500,100,29,59,79,5879,2.945,2.045,0.019,0.199,3.273,0.005,REVOKED
core_breakdown,1000,500,100,29,59,80,5880,2.937,2.01,0.025,0.201,3.239,0.011,REVOKED
core_breakdown,1000,500,100,29,59,81,5881,2.929,1.992,0.024,0.2,3.277,0.006,REVOKED
core_breakdown,1000,500,100,29,59,82,5882,2.898,1.988,0.019,0.198,3.255,0.005,REVOKED
core_breakdown,1000,500,100,29,59,83,5883,3.021,2.025,0.025,0.224,3.255,0.006,REVOKED
core_breakdown,1000,500,100,29,59,84,5884,2.918,1.988,0.022,0.197,3.335,0.005,REVOKED
core_breakdown,1000,500,100,29,59,85,5885,2.945,2.038,0.022,0.189,3.261,0.005,REVOKED
core_breakdown,1000,500,100,29,59,86,5886,2.917,2.026,0.019,0.196,3.2,0.006,REVOKED
core_breakdown,1000,500,100,29,59,87,5887,2.884,1.978,0.022,0.19,3.273,0.005,REVOKED
core_breakdown,1000,500,100,29,59,88,5888,2.902,1.977,0.02,0.204,3.302,0.006,REVOKED
core_breakdown,1000,500,100,29,59,89,5889,2.93,2.022,0.024,0.204,3.326,0.007,REVOKED
core_breakdown,1000,500,100,29,59,90,5890,2.887,1.965,0.024,0.195,3.261,0.006,REVOKED
core_breakdown,1000,500,100,29,59,91,5891,2.942,2.025,0.022,0.197,3.226,0.006,REVOKED
core_breakdown,1000,500,100,29,59,92,5892,2.902,1.995,0.019,0.189,3.3,0.006,REVOKED
core_breakdown,1000,500,100,29,59,93,5893,2.952,2.031,0.018,0.197,3.286,0.005,REVOKED
core_breakdown,1000,500,100,29,59,94,5894,2.942,2.044,0.024,0.19,3.258,0.006,REVOKED
core_breakdown,1000,500,100,29,59,95,5895,2.912,1.987,0.024,0.196,3.184,0.005,REVOKED
core_breakdown,1000,500,100,29,59,96,5896,2.906,2.024,0.024,0.213,3.259,0.006,REVOKED
core_breakdown,1000,500,100,29,59,97,5897,2.933,2.016,0.024,0.195,3.16,0.016,REVOKED
core_breakdown,1000,500,100,29,59,98,5898,2.909,2.01,0.021,0.192,3.26,0.005,REVOKED
core_breakdown,1000,500,100,29,59,99,5899,2.902,1.965,0.024,0.187,3.308,0.006,REVOKED
core_breakdown,1000,500,100,29,59,100,5900,2.866,1.974,0.021,0.195,3.295,0.006,REVOKED
core_breakdown,1000,500,100,30,60,1,5901,6.0,3.698,0.26,0.429,8.138,0.068,REVOKED
core_breakdown,1000,500,100,30,60,2,5902,5.661,3.764,0.057,0.393,5.534,0.031,REVOKED
core_breakdown,1000,500,100,30,60,3,5903,4.341,2.919,0.084,0.233,4.61,0.018,REVOKED
core_breakdown,1000,500,100,30,60,4,5904,4.061,2.747,0.053,0.272,4.391,0.013,REVOKED
core_breakdown,1000,500,100,30,60,5,5905,4.055,2.728,0.049,0.263,4.008,0.008,REVOKED
core_breakdown,1000,500,100,30,60,6,5906,3.587,2.418,0.027,0.214,3.9,0.008,REVOKED
core_breakdown,1000,500,100,30,60,7,5907,3.523,2.411,0.034,0.232,3.778,0.006,REVOKED
core_breakdown,1000,500,100,30,60,8,5908,3.443,2.332,0.027,0.24,4.143,0.012,REVOKED
core_breakdown,1000,500,100,30,60,9,5909,3.599,2.388,0.077,0.245,3.915,0.014,REVOKED
core_breakdown,1000,500,100,30,60,10,5910,3.381,2.315,0.037,0.229,3.713,0.008,REVOKED
core_breakdown,1000,500,100,30,60,11,5911,3.42,2.314,0.079,0.238,3.421,0.017,REVOKED
core_breakdown,1000,500,100,30,60,12,5912,3.106,2.12,0.039,0.2,3.481,0.008,REVOKED
core_breakdown,1000,500,100,30,60,13,5913,2.998,2.038,0.027,0.214,3.343,0.009,REVOKED
core_breakdown,1000,500,100,30,60,14,5914,2.968,1.998,0.036,0.203,3.29,0.009,REVOKED
core_breakdown,1000,500,100,30,60,15,5915,3.005,2.073,0.026,0.197,3.405,0.007,REVOKED
core_breakdown,1000,500,100,30,60,16,5916,2.965,2.03,0.025,0.204,3.345,0.006,REVOKED
core_breakdown,1000,500,100,30,60,17,5917,2.96,2.026,0.024,0.194,3.367,0.005,REVOKED
core_breakdown,1000,500,100,30,60,18,5918,2.975,2.043,0.023,0.196,3.355,0.005,REVOKED
core_breakdown,1000,500,100,30,60,19,5919,3.015,2.053,0.023,0.204,3.29,0.007,REVOKED
core_breakdown,1000,500,100,30,60,20,5920,3.002,2.065,0.025,0.196,3.399,0.007,REVOKED
core_breakdown,1000,500,100,30,60,21,5921,2.924,2.01,0.022,0.196,3.269,0.008,REVOKED
core_breakdown,1000,500,100,30,60,22,5922,2.943,2.022,0.028,0.199,3.226,0.006,REVOKED
core_breakdown,1000,500,100,30,60,23,5923,3.036,2.07,0.025,0.198,3.379,0.006,REVOKED
core_breakdown,1000,500,100,30,60,24,5924,2.966,2.033,0.024,0.196,3.385,0.009,REVOKED
core_breakdown,1000,500,100,30,60,25,5925,2.889,1.973,0.025,0.195,3.331,0.007,REVOKED
core_breakdown,1000,500,100,30,60,26,5926,3.072,2.058,0.025,0.201,3.316,0.006,REVOKED
core_breakdown,1000,500,100,30,60,27,5927,2.989,2.07,0.024,0.198,3.343,0.006,REVOKED
core_breakdown,1000,500,100,30,60,28,5928,2.951,2.036,0.023,0.199,3.308,0.008,REVOKED
core_breakdown,1000,500,100,30,60,29,5929,2.955,2.03,0.025,0.203,3.375,0.005,REVOKED
core_breakdown,1000,500,100,30,60,30,5930,2.909,1.988,0.022,0.194,3.349,0.006,REVOKED
core_breakdown,1000,500,100,30,60,31,5931,2.942,1.992,0.025,0.214,3.341,0.006,REVOKED
core_breakdown,1000,500,100,30,60,32,5932,2.969,2.052,0.024,0.201,3.247,0.006,REVOKED
core_breakdown,1000,500,100,30,60,33,5933,2.892,1.992,0.02,0.196,3.257,0.006,REVOKED
core_breakdown,1000,500,100,30,60,34,5934,2.964,2.032,0.021,0.202,3.319,0.006,REVOKED
core_breakdown,1000,500,100,30,60,35,5935,2.938,1.999,0.02,0.19,3.305,0.006,REVOKED
core_breakdown,1000,500,100,30,60,36,5936,2.948,2.026,0.027,0.199,3.304,0.005,REVOKED
core_breakdown,1000,500,100,30,60,37,5937,2.952,2.036,0.034,0.194,3.311,0.005,REVOKED
core_breakdown,1000,500,100,30,60,38,5938,2.97,2.025,0.024,0.197,3.334,0.005,REVOKED
core_breakdown,1000,500,100,30,60,39,5939,2.988,2.064,0.023,0.201,3.267,0.005,REVOKED
core_breakdown,1000,500,100,30,60,40,5940,2.914,1.994,0.019,0.216,3.201,0.007,REVOKED
core_breakdown,1000,500,100,30,60,41,5941,2.969,2.062,0.02,0.198,3.263,0.007,REVOKED
core_breakdown,1000,500,100,30,60,42,5942,2.93,1.985,0.023,0.222,3.303,0.006,REVOKED
core_breakdown,1000,500,100,30,60,43,5943,2.998,2.052,0.023,0.196,3.259,0.006,REVOKED
core_breakdown,1000,500,100,30,60,44,5944,2.902,1.98,0.023,0.201,3.23,0.006,REVOKED
core_breakdown,1000,500,100,30,60,45,5945,2.915,2.022,0.025,0.2,3.285,0.005,REVOKED
core_breakdown,1000,500,100,30,60,46,5946,2.954,2.003,0.027,0.209,3.237,0.006,REVOKED
core_breakdown,1000,500,100,30,60,47,5947,2.91,2.004,0.023,0.227,3.32,0.005,REVOKED
core_breakdown,1000,500,100,30,60,48,5948,2.969,2.069,0.02,0.185,3.304,0.009,REVOKED
core_breakdown,1000,500,100,30,60,49,5949,3.066,2.117,0.025,0.21,3.337,0.01,REVOKED
core_breakdown,1000,500,100,30,60,50,5950,2.952,2.025,0.024,0.199,3.306,0.006,REVOKED
core_breakdown,1000,500,100,30,60,51,5951,2.964,2.024,0.022,0.199,3.285,0.006,REVOKED
core_breakdown,1000,500,100,30,60,52,5952,3.01,2.07,0.025,0.213,3.312,0.005,REVOKED
core_breakdown,1000,500,100,30,60,53,5953,3.004,2.029,0.02,0.2,3.31,0.008,REVOKED
core_breakdown,1000,500,100,30,60,54,5954,3.039,2.062,0.025,0.196,3.256,0.005,REVOKED
core_breakdown,1000,500,100,30,60,55,5955,2.973,2.054,0.024,0.204,3.415,0.005,REVOKED
core_breakdown,1000,500,100,30,60,56,5956,2.939,2.014,0.023,0.202,3.279,0.012,REVOKED
core_breakdown,1000,500,100,30,60,57,5957,2.967,2.037,0.024,0.188,3.349,0.006,REVOKED
core_breakdown,1000,500,100,30,60,58,5958,2.993,2.03,0.023,0.188,3.347,0.005,REVOKED
core_breakdown,1000,500,100,30,60,59,5959,2.959,2.042,0.025,0.216,3.316,0.006,REVOKED
core_breakdown,1000,500,100,30,60,60,5960,2.953,2.01,0.023,0.227,3.596,0.007,REVOKED
core_breakdown,1000,500,100,30,60,61,5961,3.046,2.077,0.025,0.2,3.739,0.009,REVOKED
core_breakdown,1000,500,100,30,60,62,5962,4.38,3.194,0.034,0.212,5.626,0.012,REVOKED
core_breakdown,1000,500,100,30,60,63,5963,3.252,2.166,0.043,0.22,3.549,0.007,REVOKED
core_breakdown,1000,500,100,30,60,64,5964,2.986,2.04,0.033,0.215,3.323,0.007,REVOKED
core_breakdown,1000,500,100,30,60,65,5965,2.968,2.029,0.024,0.199,3.367,0.007,REVOKED
core_breakdown,1000,500,100,30,60,66,5966,2.936,2.013,0.027,0.191,3.265,0.006,REVOKED
core_breakdown,1000,500,100,30,60,67,5967,2.879,1.97,0.025,0.21,3.284,0.006,REVOKED
core_breakdown,1000,500,100,30,60,68,5968,2.97,2.004,0.024,0.193,3.252,0.006,REVOKED
core_breakdown,1000,500,100,30,60,69,5969,2.943,2.023,0.03,0.19,3.252,0.007,REVOKED
core_breakdown,1000,500,100,30,60,70,5970,2.934,2.0,0.022,0.184,3.356,0.006,REVOKED
core_breakdown,1000,500,100,30,60,71,5971,2.907,1.986,0.021,0.191,3.303,0.006,REVOKED
core_breakdown,1000,500,100,30,60,72,5972,3.032,2.091,0.026,0.197,3.301,0.006,REVOKED
core_breakdown,1000,500,100,30,60,73,5973,2.869,1.972,0.023,0.201,3.318,0.006,REVOKED
core_breakdown,1000,500,100,30,60,74,5974,2.933,2.001,0.029,0.194,3.38,0.006,REVOKED
core_breakdown,1000,500,100,30,60,75,5975,2.925,2.004,0.024,0.203,3.286,0.006,REVOKED
core_breakdown,1000,500,100,30,60,76,5976,2.96,2.031,0.024,0.207,3.252,0.009,REVOKED
core_breakdown,1000,500,100,30,60,77,5977,2.917,1.998,0.025,0.219,3.421,0.006,REVOKED
core_breakdown,1000,500,100,30,60,78,5978,3.104,2.135,0.024,0.215,3.439,0.007,REVOKED
core_breakdown,1000,500,100,30,60,79,5979,3.028,2.051,0.023,0.234,3.474,0.006,REVOKED
core_breakdown,1000,500,100,30,60,80,5980,3.068,2.091,0.024,0.202,3.364,0.006,REVOKED
core_breakdown,1000,500,100,30,60,81,5981,3.06,2.116,0.024,0.214,3.458,0.006,REVOKED
core_breakdown,1000,500,100,30,60,82,5982,3.026,2.053,0.025,0.206,3.338,0.016,REVOKED
core_breakdown,1000,500,100,30,60,83,5983,3.062,2.114,0.025,0.186,3.3,0.005,REVOKED
core_breakdown,1000,500,100,30,60,84,5984,2.966,2.064,0.021,0.194,3.401,0.006,REVOKED
core_breakdown,1000,500,100,30,60,85,5985,2.956,2.058,0.022,0.208,3.244,0.006,REVOKED
core_breakdown,1000,500,100,30,60,86,5986,2.909,1.993,0.025,0.199,3.301,0.007,REVOKED
core_breakdown,1000,500,100,30,60,87,5987,2.968,2.016,0.02,0.278,3.442,0.008,REVOKED
core_breakdown,1000,500,100,30,60,88,5988,2.957,2.022,0.022,0.198,3.334,0.006,REVOKED
core_breakdown,1000,500,100,30,60,89,5989,2.982,2.031,0.021,0.23,3.363,0.008,REVOKED
core_breakdown,1000,500,100,30,60,90,5990,2.994,2.026,0.028,0.191,3.333,0.006,REVOKED
core_breakdown,1000,500,100,30,60,91,5991,3.002,2.035,0.024,0.206,3.365,0.006,REVOKED
core_breakdown,1000,500,100,30,60,92,5992,2.974,2.036,0.025,0.199,3.288,0.006,REVOKED
core_breakdown,1000,500,100,30,60,93,5993,2.93,2.011,0.021,0.191,3.314,0.006,REVOKED
core_breakdown,1000,500,100,30,60,94,5994,3.109,2.132,0.025,0.208,3.296,0.007,REVOKED
core_breakdown,1000,500,100,30,60,95,5995,2.944,1.98,0.021,0.213,3.318,0.007,REVOKED
core_breakdown,1000,500,100,30,60,96,5996,2.922,1.992,0.026,0.209,3.284,0.006,REVOKED
core_breakdown,1000,500,100,30,60,97,5997,2.945,2.022,0.021,0.209,3.261,0.016,REVOKED
core_breakdown,1000,500,100,30,60,98,5998,2.966,2.03,0.02,0.195,3.255,0.006,REVOKED
core_breakdown,1000,500,100,30,60,99,5999,2.87,1.957,0.019,0.197,3.325,0.006,REVOKED
core_breakdown,1000,500,100,30,60,100,6000,2.881,1.972,0.019,0.2,3.337,0.017,REVOKED
core_breakdown,1000,500,100,31,61,1,6001,7.442,4.628,0.346,0.42,6.992,0.063,REVOKED
core_breakdown,1000,500,100,31,61,2,6002,4.865,3.275,0.071,0.283,4.536,0.023,REVOKED
core_breakdown,1000,500,100,31,61,3,6003,3.888,2.635,0.048,0.248,4.178,0.013,REVOKED
core_breakdown,1000,500,100,31,61,4,6004,3.708,2.546,0.044,0.245,3.994,0.01,REVOKED
core_breakdown,1000,500,100,31,61,5,6005,3.638,2.474,0.036,0.225,3.94,0.008,REVOKED
core_breakdown,1000,500,100,31,61,6,6006,3.537,2.418,0.029,0.223,3.807,0.008,REVOKED
core_breakdown,1000,500,100,31,61,7,6007,3.497,2.355,0.045,0.228,3.845,0.008,REVOKED
core_breakdown,1000,500,100,31,61,8,6008,3.482,2.398,0.031,0.223,3.758,0.007,REVOKED
core_breakdown,1000,500,100,31,61,9,6009,3.355,2.275,0.033,0.215,3.789,0.017,REVOKED
core_breakdown,1000,500,100,31,61,10,6010,3.119,2.082,0.082,0.207,3.38,0.01,REVOKED
core_breakdown,1000,500,100,31,61,11,6011,3.015,2.06,0.039,0.205,3.356,0.007,REVOKED
core_breakdown,1000,500,100,31,61,12,6012,2.997,2.015,0.026,0.203,3.36,0.007,REVOKED
core_breakdown,1000,500,100,31,61,13,6013,2.975,2.033,0.026,0.192,3.341,0.008,REVOKED
core_breakdown,1000,500,100,31,61,14,6014,2.939,2.003,0.031,0.19,3.273,0.007,REVOKED
core_breakdown,1000,500,100,31,61,15,6015,2.973,2.044,0.024,0.199,3.454,0.007,REVOKED
core_breakdown,1000,500,100,31,61,16,6016,2.901,2.002,0.022,0.194,3.378,0.006,REVOKED
core_breakdown,1000,500,100,31,61,17,6017,2.942,2.011,0.02,0.196,3.322,0.006,REVOKED
core_breakdown,1000,500,100,31,61,18,6018,2.963,2.02,0.025,0.194,3.386,0.006,REVOKED
core_breakdown,1000,500,100,31,61,19,6019,2.923,2.012,0.025,0.197,3.356,0.006,REVOKED
core_breakdown,1000,500,100,31,61,20,6020,2.929,2.024,0.025,0.202,3.342,0.006,REVOKED
core_breakdown,1000,500,100,31,61,21,6021,2.949,2.038,0.02,0.195,3.328,0.005,REVOKED
core_breakdown,1000,500,100,31,61,22,6022,3.006,2.05,0.022,0.208,3.293,0.007,REVOKED
core_breakdown,1000,500,100,31,61,23,6023,2.936,1.991,0.029,0.192,3.322,0.006,REVOKED
core_breakdown,1000,500,100,31,61,24,6024,2.962,2.045,0.023,0.203,3.291,0.005,REVOKED
core_breakdown,1000,500,100,31,61,25,6025,2.919,1.987,0.029,0.194,3.324,0.01,REVOKED
core_breakdown,1000,500,100,31,61,26,6026,3.068,2.148,0.027,0.194,3.452,0.007,REVOKED
core_breakdown,1000,500,100,31,61,27,6027,2.887,1.974,0.022,0.198,3.317,0.006,REVOKED
core_breakdown,1000,500,100,31,61,28,6028,2.971,2.04,0.023,0.199,3.35,0.006,REVOKED
core_breakdown,1000,500,100,31,61,29,6029,2.943,2.012,0.025,0.223,3.377,0.006,REVOKED
core_breakdown,1000,500,100,31,61,30,6030,3.016,2.035,0.019,0.211,3.345,0.005,REVOKED
core_breakdown,1000,500,100,31,61,31,6031,2.936,2.017,0.026,0.199,3.365,0.005,REVOKED
core_breakdown,1000,500,100,31,61,32,6032,2.955,2.033,0.024,0.188,3.292,0.006,REVOKED
core_breakdown,1000,500,100,31,61,33,6033,2.96,2.043,0.025,0.213,3.367,0.006,REVOKED
core_breakdown,1000,500,100,31,61,34,6034,2.927,2.017,0.025,0.206,3.334,0.006,REVOKED
core_breakdown,1000,500,100,31,61,35,6035,3.023,2.09,0.021,0.192,3.331,0.006,REVOKED
core_breakdown,1000,500,100,31,61,36,6036,2.939,2.034,0.019,0.198,3.312,0.005,REVOKED
core_breakdown,1000,500,100,31,61,37,6037,2.979,2.065,0.027,0.194,3.322,0.006,REVOKED
core_breakdown,1000,500,100,31,61,38,6038,2.945,2.007,0.022,0.197,3.34,0.005,REVOKED
core_breakdown,1000,500,100,31,61,39,6039,2.972,2.051,0.025,0.204,3.377,0.006,REVOKED
core_breakdown,1000,500,100,31,61,40,6040,2.949,2.031,0.025,0.197,3.285,0.006,REVOKED
core_breakdown,1000,500,100,31,61,41,6041,3.036,2.056,0.021,0.197,3.361,0.006,REVOKED
core_breakdown,1000,500,100,31,61,42,6042,2.983,2.027,0.028,0.203,3.286,0.006,REVOKED
core_breakdown,1000,500,100,31,61,43,6043,2.952,2.014,0.024,0.188,3.357,0.006,REVOKED
core_breakdown,1000,500,100,31,61,44,6044,2.93,2.011,0.019,0.193,3.281,0.006,REVOKED
core_breakdown,1000,500,100,31,61,45,6045,2.908,1.989,0.018,0.202,3.297,0.005,REVOKED
core_breakdown,1000,500,100,31,61,46,6046,2.948,2.04,0.023,0.218,3.27,0.006,REVOKED
core_breakdown,1000,500,100,31,61,47,6047,2.93,2.024,0.017,0.191,3.308,0.007,REVOKED
core_breakdown,1000,500,100,31,61,48,6048,2.938,2.019,0.026,0.215,3.378,0.006,REVOKED
core_breakdown,1000,500,100,31,61,49,6049,2.928,1.966,0.024,0.194,3.406,0.01,REVOKED
core_breakdown,1000,500,100,31,61,50,6050,2.908,2.001,0.022,0.19,3.291,0.006,REVOKED
core_breakdown,1000,500,100,31,61,51,6051,2.932,2.018,0.026,0.206,3.297,0.006,REVOKED
core_breakdown,1000,500,100,31,61,52,6052,2.897,1.991,0.02,0.197,3.317,0.005,REVOKED
core_breakdown,1000,500,100,31,61,53,6053,2.94,2.018,0.026,0.213,3.306,0.008,REVOKED
core_breakdown,1000,500,100,31,61,54,6054,2.948,2.014,0.045,0.193,3.3,0.006,REVOKED
core_breakdown,1000,500,100,31,61,55,6055,2.988,2.001,0.023,0.188,3.311,0.006,REVOKED
core_breakdown,1000,500,100,31,61,56,6056,2.958,2.042,0.023,0.195,3.341,0.005,REVOKED
core_breakdown,1000,500,100,31,61,57,6057,3.012,2.083,0.039,0.203,3.296,0.006,REVOKED
core_breakdown,1000,500,100,31,61,58,6058,2.938,2.004,0.02,0.185,3.346,0.005,REVOKED
core_breakdown,1000,500,100,31,61,59,6059,2.942,2.01,0.023,0.225,3.299,0.006,REVOKED
core_breakdown,1000,500,100,31,61,60,6060,2.936,2.034,0.025,0.19,3.261,0.005,REVOKED
core_breakdown,1000,500,100,31,61,61,6061,2.965,2.025,0.021,0.181,3.333,0.006,REVOKED
core_breakdown,1000,500,100,31,61,62,6062,2.925,2.038,0.024,0.198,3.224,0.006,REVOKED
core_breakdown,1000,500,100,31,61,63,6063,2.903,1.986,0.023,0.195,3.304,0.006,REVOKED
core_breakdown,1000,500,100,31,61,64,6064,2.987,2.073,0.024,0.189,3.282,0.006,REVOKED
core_breakdown,1000,500,100,31,61,65,6065,2.974,2.035,0.023,0.206,3.302,0.007,REVOKED
core_breakdown,1000,500,100,31,61,66,6066,2.898,2.0,0.02,0.198,3.249,0.006,REVOKED
core_breakdown,1000,500,100,31,61,67,6067,2.922,2.007,0.023,0.194,3.255,0.006,REVOKED
core_breakdown,1000,500,100,31,61,68,6068,3.02,2.11,0.021,0.203,3.224,0.006,REVOKED
core_breakdown,1000,500,100,31,61,69,6069,2.936,2.0,0.024,0.194,3.261,0.006,REVOKED
core_breakdown,1000,500,100,31,61,70,6070,3.012,2.016,0.023,0.201,3.272,0.005,REVOKED
core_breakdown,1000,500,100,31,61,71,6071,2.908,2.001,0.02,0.192,3.311,0.006,REVOKED
core_breakdown,1000,500,100,31,61,72,6072,2.908,1.986,0.026,0.187,3.296,0.006,REVOKED
core_breakdown,1000,500,100,31,61,73,6073,2.939,2.033,0.023,0.2,3.34,0.005,REVOKED
core_breakdown,1000,500,100,31,61,74,6074,2.919,1.99,0.021,0.192,3.265,0.005,REVOKED
core_breakdown,1000,500,100,31,61,75,6075,2.942,2.014,0.023,0.197,3.292,0.006,REVOKED
core_breakdown,1000,500,100,31,61,76,6076,2.898,1.986,0.026,0.197,3.253,0.006,REVOKED
core_breakdown,1000,500,100,31,61,77,6077,2.961,2.005,0.02,0.209,3.352,0.005,REVOKED
core_breakdown,1000,500,100,31,61,78,6078,2.974,2.055,0.02,0.194,3.22,0.006,REVOKED
core_breakdown,1000,500,100,31,61,79,6079,2.928,2.004,0.019,0.194,3.278,0.006,REVOKED
core_breakdown,1000,500,100,31,61,80,6080,2.97,2.043,0.024,0.197,3.268,0.006,REVOKED
core_breakdown,1000,500,100,31,61,81,6081,2.886,2.006,0.02,0.201,3.349,0.005,REVOKED
core_breakdown,1000,500,100,31,61,82,6082,2.909,1.991,0.021,0.192,3.275,0.006,REVOKED
core_breakdown,1000,500,100,31,61,83,6083,2.925,2.019,0.024,0.202,3.268,0.006,REVOKED
core_breakdown,1000,500,100,31,61,84,6084,2.911,1.987,0.024,0.192,3.282,0.006,REVOKED
core_breakdown,1000,500,100,31,61,85,6085,2.856,1.966,0.021,0.187,3.283,0.006,REVOKED
core_breakdown,1000,500,100,31,61,86,6086,2.917,1.988,0.019,0.197,3.253,0.006,REVOKED
core_breakdown,1000,500,100,31,61,87,6087,2.966,2.022,0.026,0.185,3.329,0.006,REVOKED
core_breakdown,1000,500,100,31,61,88,6088,2.892,1.951,0.025,0.194,3.391,0.006,REVOKED
core_breakdown,1000,500,100,31,61,89,6089,2.976,2.055,0.025,0.213,3.215,0.006,REVOKED
core_breakdown,1000,500,100,31,61,90,6090,2.973,2.026,0.022,0.198,3.216,0.006,REVOKED
core_breakdown,1000,500,100,31,61,91,6091,2.972,2.043,0.031,0.219,3.338,0.006,REVOKED
core_breakdown,1000,500,100,31,61,92,6092,2.895,1.995,0.025,0.193,3.264,0.006,REVOKED
core_breakdown,1000,500,100,31,61,93,6093,2.943,2.026,0.023,0.193,3.309,0.007,REVOKED
core_breakdown,1000,500,100,31,61,94,6094,2.987,2.044,0.021,0.188,3.322,0.006,REVOKED
core_breakdown,1000,500,100,31,61,95,6095,2.943,2.032,0.022,0.258,3.375,0.006,REVOKED
core_breakdown,1000,500,100,31,61,96,6096,2.955,2.035,0.024,0.213,3.357,0.006,REVOKED
core_breakdown,1000,500,100,31,61,97,6097,2.927,1.97,0.021,0.189,3.236,0.019,REVOKED
core_breakdown,1000,500,100,31,61,98,6098,2.937,2.034,0.027,0.206,3.272,0.006,REVOKED
core_breakdown,1000,500,100,31,61,99,6099,2.855,1.959,0.021,0.189,3.264,0.005,REVOKED
core_breakdown,1000,500,100,31,61,100,6100,2.884,1.975,0.018,0.19,3.243,0.006,REVOKED
core_breakdown,1000,500,100,32,62,1,6101,7.67,4.348,0.29,0.544,7.699,0.052,REVOKED
core_breakdown,1000,500,100,32,62,2,6102,6.335,4.057,0.249,0.408,6.283,0.032,REVOKED
core_breakdown,1000,500,100,32,62,3,6103,4.934,3.375,0.056,0.302,4.911,0.023,REVOKED
core_breakdown,1000,500,100,32,62,4,6104,4.661,3.301,0.076,0.315,5.125,0.015,REVOKED
core_breakdown,1000,500,100,32,62,5,6105,4.504,3.054,0.049,0.31,4.407,0.013,REVOKED
core_breakdown,1000,500,100,32,62,6,6106,4.019,2.695,0.055,0.269,4.647,0.021,REVOKED
core_breakdown,1000,500,100,32,62,7,6107,4.059,2.762,0.073,0.235,4.01,0.013,REVOKED
core_breakdown,1000,500,100,32,62,8,6108,3.637,2.459,0.041,0.239,3.948,0.007,REVOKED
core_breakdown,1000,500,100,32,62,9,6109,3.579,2.439,0.031,0.234,3.958,0.01,REVOKED
core_breakdown,1000,500,100,32,62,10,6110,3.553,2.433,0.036,0.255,3.829,0.007,REVOKED
core_breakdown,1000,500,100,32,62,11,6111,3.557,2.384,0.067,0.25,3.97,0.011,REVOKED
core_breakdown,1000,500,100,32,62,12,6112,3.524,2.412,0.039,0.222,3.834,0.009,REVOKED
core_breakdown,1000,500,100,32,62,13,6113,3.377,2.3,0.038,0.229,3.829,0.018,REVOKED
core_breakdown,1000,500,100,32,62,14,6114,3.407,2.267,0.081,0.247,3.385,0.007,REVOKED
core_breakdown,1000,500,100,32,62,15,6115,2.987,2.041,0.025,0.201,3.358,0.008,REVOKED
core_breakdown,1000,500,100,32,62,16,6116,3.068,2.112,0.053,0.209,3.423,0.007,REVOKED
core_breakdown,1000,500,100,32,62,17,6117,2.97,2.018,0.026,0.202,3.375,0.007,REVOKED
core_breakdown,1000,500,100,32,62,18,6118,2.976,2.044,0.026,0.195,3.3,0.006,REVOKED
core_breakdown,1000,500,100,32,62,19,6119,2.975,2.043,0.023,0.206,3.338,0.007,REVOKED
core_breakdown,1000,500,100,32,62,20,6120,2.973,2.02,0.029,0.205,3.368,0.006,REVOKED
core_breakdown,1000,500,100,32,62,21,6121,2.939,2.008,0.031,0.215,3.387,0.007,REVOKED
core_breakdown,1000,500,100,32,62,22,6122,2.919,1.985,0.023,0.194,3.273,0.006,REVOKED
core_breakdown,1000,500,100,32,62,23,6123,2.93,2.021,0.019,0.204,3.251,0.006,REVOKED
core_breakdown,1000,500,100,32,62,24,6124,2.94,2.042,0.026,0.193,3.507,0.006,REVOKED
core_breakdown,1000,500,100,32,62,25,6125,2.935,2.001,0.023,0.194,3.269,0.008,REVOKED
core_breakdown,1000,500,100,32,62,26,6126,2.996,2.052,0.026,0.194,3.292,0.006,REVOKED
core_breakdown,1000,500,100,32,62,27,6127,2.934,1.992,0.029,0.229,3.308,0.006,REVOKED
core_breakdown,1000,500,100,32,62,28,6128,2.893,1.991,0.021,0.193,3.296,0.005,REVOKED
core_breakdown,1000,500,100,32,62,29,6129,2.93,1.998,0.025,0.19,3.251,0.006,REVOKED
core_breakdown,1000,500,100,32,62,30,6130,2.899,1.988,0.02,0.205,3.287,0.006,REVOKED
core_breakdown,1000,500,100,32,62,31,6131,2.974,2.053,0.025,0.184,2.968,0.006,REVOKED
core_breakdown,1000,500,100,32,62,32,6132,2.607,1.8,0.024,0.168,2.951,0.006,REVOKED
core_breakdown,1000,500,100,32,62,33,6133,2.613,1.797,0.025,0.193,2.968,0.007,REVOKED
core_breakdown,1000,500,100,32,62,34,6134,2.564,1.787,0.023,0.168,3.003,0.006,REVOKED
core_breakdown,1000,500,100,32,62,35,6135,2.571,1.756,0.024,0.185,2.978,0.007,REVOKED
core_breakdown,1000,500,100,32,62,36,6136,2.523,1.741,0.024,0.168,2.936,0.006,REVOKED
core_breakdown,1000,500,100,32,62,37,6137,2.557,1.75,0.023,0.188,2.934,0.005,REVOKED
core_breakdown,1000,500,100,32,62,38,6138,2.613,1.791,0.022,0.181,3.09,0.006,REVOKED
core_breakdown,1000,500,100,32,62,39,6139,2.613,1.788,0.022,0.174,2.943,0.006,REVOKED
core_breakdown,1000,500,100,32,62,40,6140,2.609,1.744,0.028,0.172,2.962,0.006,REVOKED
core_breakdown,1000,500,100,32,62,41,6141,2.586,1.79,0.024,0.206,2.956,0.006,REVOKED
core_breakdown,1000,500,100,32,62,42,6142,2.899,1.999,0.024,0.193,3.316,0.006,REVOKED
core_breakdown,1000,500,100,32,62,43,6143,2.925,2.011,0.022,0.191,3.291,0.007,REVOKED
core_breakdown,1000,500,100,32,62,44,6144,2.956,2.007,0.025,0.219,3.296,0.006,REVOKED
core_breakdown,1000,500,100,32,62,45,6145,2.984,2.045,0.022,0.213,3.294,0.005,REVOKED
core_breakdown,1000,500,100,32,62,46,6146,2.913,1.99,0.023,0.193,3.225,0.006,REVOKED
core_breakdown,1000,500,100,32,62,47,6147,3.029,2.008,0.026,0.196,3.262,0.007,REVOKED
core_breakdown,1000,500,100,32,62,48,6148,2.938,2.031,0.023,0.199,3.279,0.006,REVOKED
core_breakdown,1000,500,100,32,62,49,6149,2.958,2.026,0.026,0.196,3.3,0.011,REVOKED
core_breakdown,1000,500,100,32,62,50,6150,2.941,2.044,0.023,0.194,3.318,0.006,REVOKED
core_breakdown,1000,500,100,32,62,51,6151,2.946,2.037,0.025,0.198,3.259,0.006,REVOKED
core_breakdown,1000,500,100,32,62,52,6152,3.006,2.064,0.024,0.197,3.307,0.006,REVOKED
core_breakdown,1000,500,100,32,62,53,6153,2.967,2.055,0.023,0.191,3.29,0.006,REVOKED
core_breakdown,1000,500,100,32,62,54,6154,2.966,2.039,0.022,0.197,3.288,0.006,REVOKED
core_breakdown,1000,500,100,32,62,55,6155,2.935,2.006,0.024,0.197,3.221,0.006,REVOKED
core_breakdown,1000,500,100,32,62,56,6156,2.926,1.989,0.024,0.195,3.208,0.006,REVOKED
core_breakdown,1000,500,100,32,62,57,6157,2.981,2.012,0.023,0.195,3.314,0.012,REVOKED
core_breakdown,1000,500,100,32,62,58,6158,2.948,2.012,0.022,0.192,3.325,0.005,REVOKED
core_breakdown,1000,500,100,32,62,59,6159,2.919,1.998,0.021,0.195,3.257,0.006,REVOKED
core_breakdown,1000,500,100,32,62,60,6160,2.953,2.034,0.031,0.193,3.318,0.005,REVOKED
core_breakdown,1000,500,100,32,62,61,6161,2.962,2.038,0.02,0.192,3.296,0.006,REVOKED
core_breakdown,1000,500,100,32,62,62,6162,2.987,2.044,0.022,0.187,3.289,0.006,REVOKED
core_breakdown,1000,500,100,32,62,63,6163,2.948,2.041,0.019,0.194,3.377,0.005,REVOKED
core_breakdown,1000,500,100,32,62,64,6164,2.955,2.002,0.028,0.193,3.333,0.008,REVOKED
core_breakdown,1000,500,100,32,62,65,6165,2.91,2.006,0.02,0.205,3.337,0.005,REVOKED
core_breakdown,1000,500,100,32,62,66,6166,2.963,2.051,0.021,0.181,3.342,0.006,REVOKED
core_breakdown,1000,500,100,32,62,67,6167,2.938,2.019,0.021,0.232,3.234,0.006,REVOKED
core_breakdown,1000,500,100,32,62,68,6168,2.909,1.996,0.029,0.197,3.208,0.006,REVOKED
core_breakdown,1000,500,100,32,62,69,6169,2.938,2.014,0.022,0.203,3.244,0.006,REVOKED
core_breakdown,1000,500,100,32,62,70,6170,2.932,2.051,0.024,0.213,3.315,0.006,REVOKED
core_breakdown,1000,500,100,32,62,71,6171,2.909,1.989,0.02,0.196,3.317,0.005,REVOKED
core_breakdown,1000,500,100,32,62,72,6172,2.872,1.974,0.019,0.187,3.322,0.006,REVOKED
core_breakdown,1000,500,100,32,62,73,6173,2.975,2.031,0.019,0.2,3.316,0.005,REVOKED
core_breakdown,1000,500,100,32,62,74,6174,2.941,2.029,0.027,0.216,3.287,0.006,REVOKED
core_breakdown,1000,500,100,32,62,75,6175,2.938,1.999,0.022,0.193,3.209,0.006,REVOKED
core_breakdown,1000,500,100,32,62,76,6176,2.967,2.037,0.025,0.203,3.376,0.007,REVOKED
core_breakdown,1000,500,100,32,62,77,6177,2.964,2.022,0.023,0.189,3.338,0.005,REVOKED
core_breakdown,1000,500,100,32,62,78,6178,2.986,2.078,0.024,0.189,3.314,0.006,REVOKED
core_breakdown,1000,500,100,32,62,79,6179,2.992,2.021,0.021,0.205,3.331,0.006,REVOKED
core_breakdown,1000,500,100,32,62,80,6180,2.918,2.02,0.022,0.188,3.349,0.006,REVOKED
core_breakdown,1000,500,100,32,62,81,6181,2.897,1.97,0.025,0.195,3.323,0.007,REVOKED
core_breakdown,1000,500,100,32,62,82,6182,2.879,1.965,0.028,0.192,3.298,0.006,REVOKED
core_breakdown,1000,500,100,32,62,83,6183,2.909,2.0,0.021,0.189,3.27,0.006,REVOKED
core_breakdown,1000,500,100,32,62,84,6184,2.91,1.98,0.023,0.223,3.307,0.006,REVOKED
core_breakdown,1000,500,100,32,62,85,6185,2.946,1.983,0.024,0.201,3.219,0.006,REVOKED
core_breakdown,1000,500,100,32,62,86,6186,2.906,2.011,0.02,0.203,3.296,0.006,REVOKED
core_breakdown,1000,500,100,32,62,87,6187,2.94,1.987,0.021,0.198,3.25,0.008,REVOKED
core_breakdown,1000,500,100,32,62,88,6188,2.934,2.007,0.025,0.196,3.301,0.006,REVOKED
core_breakdown,1000,500,100,32,62,89,6189,2.893,2.014,0.021,0.186,3.245,0.006,REVOKED
core_breakdown,1000,500,100,32,62,90,6190,2.939,1.99,0.027,0.216,3.292,0.006,REVOKED
core_breakdown,1000,500,100,32,62,91,6191,2.895,1.988,0.023,0.197,3.302,0.005,REVOKED
core_breakdown,1000,500,100,32,62,92,6192,2.909,1.989,0.019,0.19,3.31,0.006,REVOKED
core_breakdown,1000,500,100,32,62,93,6193,2.942,2.007,0.024,0.191,3.441,0.007,REVOKED
core_breakdown,1000,500,100,32,62,94,6194,2.92,1.987,0.023,0.194,3.356,0.005,REVOKED
core_breakdown,1000,500,100,32,62,95,6195,2.933,2.017,0.022,0.198,3.213,0.006,REVOKED
core_breakdown,1000,500,100,32,62,96,6196,2.932,2.029,0.021,0.195,3.222,0.006,REVOKED
core_breakdown,1000,500,100,32,62,97,6197,2.882,1.989,0.02,0.189,3.261,0.013,REVOKED
core_breakdown,1000,500,100,32,62,98,6198,2.948,2.049,0.026,0.194,3.271,0.005,REVOKED
core_breakdown,1000,500,100,32,62,99,6199,2.867,1.979,0.019,0.189,3.314,0.006,REVOKED
core_breakdown,1000,500,100,32,62,100,6200,3.021,2.079,0.024,0.197,3.225,0.011,REVOKED
core_breakdown,1000,500,100,33,63,1,6201,5.712,3.481,0.29,0.622,7.9,0.051,REVOKED
core_breakdown,1000,500,100,33,63,2,6202,5.386,3.555,0.108,0.322,5.283,0.021,REVOKED
core_breakdown,1000,500,100,33,63,3,6203,3.944,2.615,0.049,0.228,3.792,0.01,REVOKED
core_breakdown,1000,500,100,33,63,4,6204,3.551,2.497,0.04,0.246,4.036,0.009,REVOKED
core_breakdown,1000,500,100,33,63,5,6205,3.686,2.528,0.043,0.245,3.983,0.009,REVOKED
core_breakdown,1000,500,100,33,63,6,6206,3.6,2.433,0.043,0.246,4.05,0.008,REVOKED
core_breakdown,1000,500,100,33,63,7,6207,3.631,2.493,0.04,0.265,4.137,0.009,REVOKED
core_breakdown,1000,500,100,33,63,8,6208,3.63,2.472,0.037,0.241,3.995,0.007,REVOKED
core_breakdown,1000,500,100,33,63,9,6209,3.613,2.47,0.038,0.22,3.848,0.006,REVOKED
core_breakdown,1000,500,100,33,63,10,6210,3.384,2.313,0.027,0.229,3.847,0.009,REVOKED
core_breakdown,1000,500,100,33,63,11,6211,3.567,2.442,0.041,0.237,3.858,0.009,REVOKED
core_breakdown,1000,500,100,33,63,12,6212,3.429,2.326,0.04,0.223,3.808,0.008,REVOKED
core_breakdown,1000,500,100,33,63,13,6213,3.396,2.322,0.034,0.226,3.845,0.021,REVOKED
core_breakdown,1000,500,100,33,63,14,6214,3.084,2.054,0.055,0.198,3.407,0.009,REVOKED
core_breakdown,1000,500,100,33,63,15,6215,3.029,2.053,0.037,0.203,3.372,0.007,REVOKED
core_breakdown,1000,500,100,33,63,16,6216,2.97,2.017,0.029,0.209,3.317,0.006,REVOKED
core_breakdown,1000,500,100,33,63,17,6217,2.906,1.974,0.029,0.194,3.334,0.007,REVOKED
core_breakdown,1000,500,100,33,63,18,6218,2.98,2.053,0.033,0.202,3.354,0.008,REVOKED
core_breakdown,1000,500,100,33,63,19,6219,3.007,2.048,0.031,0.209,3.266,0.007,REVOKED
core_breakdown,1000,500,100,33,63,20,6220,3.081,2.167,0.024,0.19,3.307,0.006,REVOKED
core_breakdown,1000,500,100,33,63,21,6221,2.914,1.996,0.022,0.199,3.267,0.006,REVOKED
core_breakdown,1000,500,100,33,63,22,6222,2.994,2.062,0.029,0.196,3.351,0.006,REVOKED
core_breakdown,1000,500,100,33,63,23,6223,2.948,2.022,0.019,0.197,3.379,0.006,REVOKED
core_breakdown,1000,500,100,33,63,24,6224,2.952,2.017,0.028,0.199,3.284,0.006,REVOKED
core_breakdown,1000,500,100,33,63,25,6225,2.984,2.045,0.03,0.194,3.322,0.008,REVOKED
core_breakdown,1000,500,100,33,63,26,6226,2.959,2.017,0.032,0.219,3.367,0.007,REVOKED
core_breakdown,1000,500,100,33,63,27,6227,2.948,2.013,0.028,0.201,3.333,0.006,REVOKED
core_breakdown,1000,500,100,33,63,28,6228,2.936,2.019,0.022,0.196,3.339,0.005,REVOKED
core_breakdown,1000,500,100,33,63,29,6229,2.986,2.057,0.022,0.205,3.321,0.006,REVOKED
core_breakdown,1000,500,100,33,63,30,6230,2.995,2.074,0.021,0.216,3.395,0.007,REVOKED
core_breakdown,1000,500,100,33,63,31,6231,2.967,2.044,0.021,0.19,3.308,0.006,REVOKED
core_breakdown,1000,500,100,33,63,32,6232,2.928,1.999,0.025,0.2,3.323,0.012,REVOKED
core_breakdown,1000,500,100,33,63,33,6233,2.96,2.027,0.023,0.194,3.308,0.006,REVOKED
core_breakdown,1000,500,100,33,63,34,6234,2.911,1.992,0.026,0.177,3.234,0.006,REVOKED
core_breakdown,1000,500,100,33,63,35,6235,2.922,1.992,0.025,0.2,3.285,0.006,REVOKED
core_breakdown,1000,500,100,33,63,36,6236,2.955,2.013,0.023,0.196,3.347,0.006,REVOKED
core_breakdown,1000,500,100,33,63,37,6237,2.939,1.984,0.02,0.212,3.267,0.012,REVOKED
core_breakdown,1000,500,100,33,63,38,6238,2.936,2.02,0.025,0.195,3.239,0.01,REVOKED
core_breakdown,1000,500,100,33,63,39,6239,2.904,2.007,0.023,0.192,3.269,0.006,REVOKED
core_breakdown,1000,500,100,33,63,40,6240,2.941,1.994,0.022,0.193,3.307,0.005,REVOKED
core_breakdown,1000,500,100,33,63,41,6241,2.964,2.038,0.02,0.202,3.357,0.005,REVOKED
core_breakdown,1000,500,100,33,63,42,6242,2.978,2.005,0.024,0.203,3.282,0.007,REVOKED
core_breakdown,1000,500,100,33,63,43,6243,2.921,2.003,0.023,0.197,3.284,0.005,REVOKED
core_breakdown,1000,500,100,33,63,44,6244,2.955,2.018,0.025,0.195,3.299,0.006,REVOKED
core_breakdown,1000,500,100,33,63,45,6245,2.951,1.997,0.025,0.201,3.226,0.006,REVOKED
core_breakdown,1000,500,100,33,63,46,6246,2.873,1.964,0.023,0.216,3.36,0.005,REVOKED
core_breakdown,1000,500,100,33,63,47,6247,2.936,2.006,0.022,0.201,3.327,0.006,REVOKED
core_breakdown,1000,500,100,33,63,48,6248,2.94,2.004,0.02,0.21,3.401,0.006,REVOKED
core_breakdown,1000,500,100,33,63,49,6249,2.905,1.996,0.024,0.213,3.315,0.013,REVOKED
core_breakdown,1000,500,100,33,63,50,6250,2.958,2.022,0.023,0.198,3.323,0.006,REVOKED
core_breakdown,1000,500,100,33,63,51,6251,2.873,1.972,0.021,0.199,3.297,0.005,REVOKED
core_breakdown,1000,500,100,33,63,52,6252,2.964,2.017,0.026,0.206,3.337,0.005,REVOKED
core_breakdown,1000,500,100,33,63,53,6253,2.995,2.035,0.025,0.184,3.309,0.006,REVOKED
core_breakdown,1000,500,100,33,63,54,6254,2.963,2.04,0.025,0.191,3.33,0.006,REVOKED
core_breakdown,1000,500,100,33,63,55,6255,2.961,2.032,0.024,0.194,3.329,0.006,REVOKED
core_breakdown,1000,500,100,33,63,56,6256,2.9,1.984,0.023,0.195,3.323,0.005,REVOKED
core_breakdown,1000,500,100,33,63,57,6257,2.917,1.995,0.021,0.235,3.293,0.006,REVOKED
core_breakdown,1000,500,100,33,63,58,6258,2.955,2.01,0.025,0.195,3.32,0.006,REVOKED
core_breakdown,1000,500,100,33,63,59,6259,2.923,2.01,0.021,0.209,3.352,0.005,REVOKED
core_breakdown,1000,500,100,33,63,60,6260,2.892,1.991,0.024,0.193,3.34,0.005,REVOKED
core_breakdown,1000,500,100,33,63,61,6261,2.957,2.021,0.025,0.188,3.381,0.006,REVOKED
core_breakdown,1000,500,100,33,63,62,6262,2.851,1.946,0.019,0.192,3.302,0.005,REVOKED
core_breakdown,1000,500,100,33,63,63,6263,2.951,2.045,0.025,0.213,3.435,0.007,REVOKED
core_breakdown,1000,500,100,33,63,64,6264,2.956,2.054,0.022,0.2,3.324,0.006,REVOKED
core_breakdown,1000,500,100,33,63,65,6265,2.889,1.994,0.028,0.208,3.289,0.006,REVOKED
core_breakdown,1000,500,100,33,63,66,6266,2.963,2.046,0.023,0.219,3.264,0.006,REVOKED
core_breakdown,1000,500,100,33,63,67,6267,2.917,2.0,0.024,0.188,3.427,0.007,REVOKED
core_breakdown,1000,500,100,33,63,68,6268,2.978,2.057,0.023,0.188,3.306,0.006,REVOKED
core_breakdown,1000,500,100,33,63,69,6269,2.91,1.988,0.02,0.195,3.229,0.006,REVOKED
core_breakdown,1000,500,100,33,63,70,6270,2.934,2.018,0.023,0.192,3.333,0.006,REVOKED
core_breakdown,1000,500,100,33,63,71,6271,2.957,2.0,0.02,0.196,3.345,0.005,REVOKED
core_breakdown,1000,500,100,33,63,72,6272,2.913,2.016,0.023,0.207,3.3,0.006,REVOKED
core_breakdown,1000,500,100,33,63,73,6273,2.916,1.993,0.02,0.195,3.223,0.006,REVOKED
core_breakdown,1000,500,100,33,63,74,6274,2.947,2.039,0.027,0.193,3.323,0.005,REVOKED
core_breakdown,1000,500,100,33,63,75,6275,2.961,2.023,0.019,0.21,3.332,0.006,REVOKED
core_breakdown,1000,500,100,33,63,76,6276,2.925,1.991,0.023,0.201,3.216,0.006,REVOKED
core_breakdown,1000,500,100,33,63,77,6277,2.893,1.978,0.025,0.203,3.341,0.006,REVOKED
core_breakdown,1000,500,100,33,63,78,6278,2.896,1.99,0.021,0.195,3.315,0.007,REVOKED
core_breakdown,1000,500,100,33,63,79,6279,2.916,1.995,0.024,0.245,3.274,0.005,REVOKED
core_breakdown,1000,500,100,33,63,80,6280,2.962,2.009,0.027,0.192,3.29,0.006,REVOKED
core_breakdown,1000,500,100,33,63,81,6281,2.902,1.997,0.021,0.198,3.305,0.006,REVOKED
core_breakdown,1000,500,100,33,63,82,6282,2.92,1.987,0.023,0.195,3.299,0.011,REVOKED
core_breakdown,1000,500,100,33,63,83,6283,2.892,1.977,0.021,0.196,3.231,0.006,REVOKED
core_breakdown,1000,500,100,33,63,84,6284,2.886,1.966,0.024,0.206,3.287,0.005,REVOKED
core_breakdown,1000,500,100,33,63,85,6285,2.93,1.994,0.019,0.192,3.313,0.005,REVOKED
core_breakdown,1000,500,100,33,63,86,6286,2.933,1.989,0.021,0.187,3.272,0.006,REVOKED
core_breakdown,1000,500,100,33,63,87,6287,2.883,1.963,0.019,0.21,3.261,0.006,REVOKED
core_breakdown,1000,500,100,33,63,88,6288,2.915,1.99,0.027,0.21,3.323,0.005,REVOKED
core_breakdown,1000,500,100,33,63,89,6289,2.887,1.968,0.024,0.183,3.262,0.006,REVOKED
core_breakdown,1000,500,100,33,63,90,6290,2.925,1.998,0.025,0.19,3.299,0.006,REVOKED
core_breakdown,1000,500,100,33,63,91,6291,2.915,1.994,0.024,0.19,3.242,0.006,REVOKED
core_breakdown,1000,500,100,33,63,92,6292,2.916,2.024,0.024,0.213,3.259,0.006,REVOKED
core_breakdown,1000,500,100,33,63,93,6293,2.922,1.998,0.025,0.205,3.317,0.005,REVOKED
core_breakdown,1000,500,100,33,63,94,6294,2.96,2.026,0.022,0.188,3.258,0.005,REVOKED
core_breakdown,1000,500,100,33,63,95,6295,2.916,2.008,0.023,0.19,3.33,0.006,REVOKED
core_breakdown,1000,500,100,33,63,96,6296,2.931,2.015,0.019,0.197,3.311,0.005,REVOKED
core_breakdown,1000,500,100,33,63,97,6297,2.895,1.986,0.018,0.191,3.248,0.017,REVOKED
core_breakdown,1000,500,100,33,63,98,6298,2.932,2.034,0.023,0.191,3.335,0.006,REVOKED
core_breakdown,1000,500,100,33,63,99,6299,2.937,2.031,0.021,0.195,3.297,0.005,REVOKED
core_breakdown,1000,500,100,33,63,100,6300,2.915,1.964,0.024,0.199,3.374,0.005,REVOKED
core_breakdown,1000,500,100,34,64,1,6301,7.088,4.152,0.277,0.605,7.338,0.07,REVOKED
core_breakdown,1000,500,100,34,64,2,6302,6.565,4.349,0.178,0.479,6.501,0.028,REVOKED
core_breakdown,1000,500,100,34,64,3,6303,5.164,3.499,0.103,0.324,5.169,0.018,REVOKED
core_breakdown,1000,500,100,34,64,4,6304,4.721,3.258,0.056,0.266,4.363,0.011,REVOKED
core_breakdown,1000,500,100,34,64,5,6305,4.047,2.768,0.051,0.27,4.363,0.01,REVOKED
core_breakdown,1000,500,100,34,64,6,6306,4.084,2.771,0.05,0.247,3.97,0.008,REVOKED
core_breakdown,1000,500,100,34,64,7,6307,3.652,2.484,0.035,0.232,3.98,0.006,REVOKED
core_breakdown,1000,500,100,34,64,8,6308,3.518,2.408,0.029,0.279,4.568,0.014,REVOKED
core_breakdown,1000,500,100,34,64,9,6309,3.851,2.544,0.051,0.233,3.815,0.006,REVOKED
core_breakdown,1000,500,100,34,64,10,6310,3.354,2.289,0.032,0.229,3.693,0.006,REVOKED
core_breakdown,1000,500,100,34,64,11,6311,3.334,2.26,0.027,0.242,3.793,0.016,REVOKED
core_breakdown,1000,500,100,34,64,12,6312,3.376,2.295,0.059,0.218,4.014,0.011,REVOKED
core_breakdown,1000,500,100,34,64,13,6313,3.099,2.121,0.039,0.244,3.605,0.012,REVOKED
core_breakdown,1000,500,100,34,64,14,6314,3.269,2.228,0.041,0.227,3.57,0.009,REVOKED
core_breakdown,1000,500,100,34,64,15,6315,3.22,2.206,0.026,0.2,3.598,0.007,REVOKED
core_breakdown,1000,500,100,34,64,16,6316,3.19,2.191,0.029,0.226,3.59,0.008,REVOKED
core_breakdown,1000,500,100,34,64,17,6317,3.327,2.313,0.036,0.204,3.368,0.009,REVOKED
core_breakdown,1000,500,100,34,64,18,6318,2.962,2.015,0.029,0.198,3.411,0.007,REVOKED
core_breakdown,1000,500,100,34,64,19,6319,2.974,2.04,0.028,0.198,3.311,0.006,REVOKED
core_breakdown,1000,500,100,34,64,20,6320,2.896,1.97,0.029,0.194,3.352,0.007,REVOKED
core_breakdown,1000,500,100,34,64,21,6321,2.928,2.004,0.027,0.197,3.35,0.006,REVOKED
core_breakdown,1000,500,100,34,64,22,6322,2.917,1.983,0.025,0.217,3.311,0.007,REVOKED
core_breakdown,1000,500,100,34,64,23,6323,2.927,1.993,0.02,0.198,3.351,0.009,REVOKED
core_breakdown,1000,500,100,34,64,24,6324,2.898,1.999,0.02,0.197,3.291,0.006,REVOKED
core_breakdown,1000,500,100,34,64,25,6325,2.87,1.964,0.025,0.222,3.292,0.01,REVOKED
core_breakdown,1000,500,100,34,64,26,6326,2.912,1.992,0.02,0.204,3.399,0.005,REVOKED
core_breakdown,1000,500,100,34,64,27,6327,2.982,2.046,0.018,0.202,3.46,0.006,REVOKED
core_breakdown,1000,500,100,34,64,28,6328,2.983,2.043,0.026,0.198,3.336,0.005,REVOKED
core_breakdown,1000,500,100,34,64,29,6329,2.864,1.942,0.021,0.195,3.307,0.007,REVOKED
core_breakdown,1000,500,100,34,64,30,6330,2.949,2.002,0.019,0.193,3.301,0.006,REVOKED
core_breakdown,1000,500,100,34,64,31,6331,2.909,1.982,0.02,0.188,3.27,0.006,REVOKED
core_breakdown,1000,500,100,34,64,32,6332,2.983,2.044,0.019,0.195,3.265,0.005,REVOKED
core_breakdown,1000,500,100,34,64,33,6333,2.924,2.013,0.029,0.206,3.271,0.006,REVOKED
core_breakdown,1000,500,100,34,64,34,6334,2.971,2.049,0.027,0.212,3.284,0.006,REVOKED
core_breakdown,1000,500,100,34,64,35,6335,2.946,1.985,0.019,0.193,3.235,0.006,REVOKED
core_breakdown,1000,500,100,34,64,36,6336,2.893,1.982,0.019,0.211,3.258,0.006,REVOKED
core_breakdown,1000,500,100,34,64,37,6337,3.059,2.127,0.019,0.196,3.185,0.006,REVOKED
core_breakdown,1000,500,100,34,64,38,6338,2.921,1.997,0.027,0.197,3.366,0.006,REVOKED
core_breakdown,1000,500,100,34,64,39,6339,2.934,2.01,0.024,0.185,2.939,0.006,REVOKED
core_breakdown,1000,500,100,34,64,40,6340,2.588,1.777,0.021,0.19,2.978,0.007,REVOKED
core_breakdown,1000,500,100,34,64,41,6341,2.63,1.808,0.019,0.171,2.984,0.006,REVOKED
core_breakdown,1000,500,100,34,64,42,6342,2.588,1.753,0.023,0.16,2.937,0.006,REVOKED
core_breakdown,1000,500,100,34,64,43,6343,2.612,1.782,0.022,0.179,2.948,0.006,REVOKED
core_breakdown,1000,500,100,34,64,44,6344,2.586,1.778,0.02,0.17,2.961,0.005,REVOKED
core_breakdown,1000,500,100,34,64,45,6345,2.61,1.752,0.021,0.172,2.984,0.008,REVOKED
core_breakdown,1000,500,100,34,64,46,6346,2.61,1.756,0.026,0.186,2.986,0.006,REVOKED
core_breakdown,1000,500,100,34,64,47,6347,2.515,1.708,0.023,0.177,2.979,0.006,REVOKED
core_breakdown,1000,500,100,34,64,48,6348,2.655,1.842,0.022,0.178,2.937,0.006,REVOKED
core_breakdown,1000,500,100,34,64,49,6349,2.606,1.761,0.025,0.171,2.912,0.012,REVOKED
core_breakdown,1000,500,100,34,64,50,6350,2.564,1.76,0.02,0.164,2.905,0.006,REVOKED
core_breakdown,1000,500,100,34,64,51,6351,2.565,1.717,0.023,0.174,2.924,0.005,REVOKED
core_breakdown,1000,500,100,34,64,52,6352,2.567,1.759,0.02,0.174,2.946,0.006,REVOKED
core_breakdown,1000,500,100,34,64,53,6353,2.547,1.75,0.021,0.172,3.012,0.005,REVOKED
core_breakdown,1000,500,100,34,64,54,6354,2.551,1.737,0.024,0.172,2.99,0.005,REVOKED
core_breakdown,1000,500,100,34,64,55,6355,2.584,1.781,0.023,0.176,2.96,0.005,REVOKED
core_breakdown,1000,500,100,34,64,56,6356,2.719,1.869,0.027,0.171,2.965,0.006,REVOKED
core_breakdown,1000,500,100,34,64,57,6357,2.557,1.73,0.02,0.173,2.945,0.005,REVOKED
core_breakdown,1000,500,100,34,64,58,6358,2.604,1.802,0.023,0.17,2.96,0.006,REVOKED
core_breakdown,1000,500,100,34,64,59,6359,2.595,1.791,0.022,0.182,2.901,0.005,REVOKED
core_breakdown,1000,500,100,34,64,60,6360,2.617,1.807,0.021,0.172,2.97,0.005,REVOKED
core_breakdown,1000,500,100,34,64,61,6361,2.565,1.77,0.02,0.188,2.972,0.007,REVOKED
core_breakdown,1000,500,100,34,64,62,6362,2.601,1.758,0.027,0.178,2.974,0.005,REVOKED
core_breakdown,1000,500,100,34,64,63,6363,3.36,2.527,0.023,0.175,3.019,0.006,REVOKED
core_breakdown,1000,500,100,34,64,64,6364,2.557,1.741,0.022,0.173,2.946,0.006,REVOKED
core_breakdown,1000,500,100,34,64,65,6365,2.572,1.717,0.02,0.173,2.885,0.005,REVOKED
core_breakdown,1000,500,100,34,64,66,6366,2.623,1.795,0.023,0.256,2.967,0.005,REVOKED
core_breakdown,1000,500,100,34,64,67,6367,2.614,1.749,0.022,0.176,2.969,0.005,REVOKED
core_breakdown,1000,500,100,34,64,68,6368,2.604,1.791,0.024,0.188,3.131,0.006,REVOKED
core_breakdown,1000,500,100,34,64,69,6369,2.572,1.757,0.025,0.183,2.89,0.012,REVOKED
core_breakdown,1000,500,100,34,64,70,6370,2.611,1.782,0.022,0.201,2.989,0.011,REVOKED
core_breakdown,1000,500,100,34,64,71,6371,2.578,1.778,0.022,0.183,2.955,0.006,REVOKED
core_breakdown,1000,500,100,34,64,72,6372,2.55,1.72,0.024,0.183,2.966,0.006,REVOKED
core_breakdown,1000,500,100,34,64,73,6373,2.57,1.759,0.02,0.188,2.988,0.007,REVOKED
core_breakdown,1000,500,100,34,64,74,6374,2.615,1.806,0.019,0.178,3.008,0.006,REVOKED
core_breakdown,1000,500,100,34,64,75,6375,2.564,1.775,0.025,0.177,3.214,0.008,REVOKED
core_breakdown,1000,500,100,34,64,76,6376,2.668,1.772,0.025,0.172,2.982,0.006,REVOKED
core_breakdown,1000,500,100,34,64,77,6377,2.601,1.797,0.022,0.178,3.023,0.006,REVOKED
core_breakdown,1000,500,100,34,64,78,6378,2.598,1.795,0.026,0.174,2.948,0.006,REVOKED
core_breakdown,1000,500,100,34,64,79,6379,2.549,1.756,0.023,0.207,2.947,0.007,REVOKED
core_breakdown,1000,500,100,34,64,80,6380,2.519,1.712,0.02,0.177,2.9,0.006,REVOKED
core_breakdown,1000,500,100,34,64,81,6381,2.606,1.763,0.024,0.178,2.92,0.005,REVOKED
core_breakdown,1000,500,100,34,64,82,6382,2.563,1.761,0.019,0.176,3.016,0.006,REVOKED
core_breakdown,1000,500,100,34,64,83,6383,2.572,1.748,0.024,0.191,2.91,0.007,REVOKED
core_breakdown,1000,500,100,34,64,84,6384,2.615,1.794,0.025,0.172,3.031,0.006,REVOKED
core_breakdown,1000,500,100,34,64,85,6385,2.578,1.772,0.026,0.185,2.938,0.007,REVOKED
core_breakdown,1000,500,100,34,64,86,6386,2.582,1.764,0.022,0.205,3.259,0.006,REVOKED
core_breakdown,1000,500,100,34,64,87,6387,2.974,2.021,0.024,0.188,3.23,0.005,REVOKED
core_breakdown,1000,500,100,34,64,88,6388,3.057,2.095,0.024,0.192,3.248,0.005,REVOKED
core_breakdown,1000,500,100,34,64,89,6389,2.945,2.024,0.023,0.185,3.226,0.006,REVOKED
core_breakdown,1000,500,100,34,64,90,6390,3.035,2.122,0.023,0.207,3.352,0.005,REVOKED
core_breakdown,1000,500,100,34,64,91,6391,2.967,2.016,0.021,0.19,3.257,0.006,REVOKED
core_breakdown,1000,500,100,34,64,92,6392,2.94,2.008,0.022,0.184,3.276,0.005,REVOKED
core_breakdown,1000,500,100,34,64,93,6393,2.937,1.994,0.022,0.197,3.288,0.005,REVOKED
core_breakdown,1000,500,100,34,64,94,6394,2.936,2.021,0.022,0.186,3.247,0.008,REVOKED
core_breakdown,1000,500,100,34,64,95,6395,2.877,1.977,0.022,0.203,3.186,0.005,REVOKED
core_breakdown,1000,500,100,34,64,96,6396,2.9,1.987,0.022,0.192,3.217,0.006,REVOKED
core_breakdown,1000,500,100,34,64,97,6397,2.934,1.963,0.02,0.211,3.232,0.015,REVOKED
core_breakdown,1000,500,100,34,64,98,6398,2.875,1.985,0.02,0.21,3.352,0.006,REVOKED
core_breakdown,1000,500,100,34,64,99,6399,2.943,2.018,0.02,0.194,3.276,0.006,REVOKED
core_breakdown,1000,500,100,34,64,100,6400,2.903,2.0,0.022,0.196,3.238,0.006,REVOKED
core_breakdown,1000,500,100,35,65,1,6401,5.131,3.253,0.158,0.382,5.801,0.028,REVOKED
core_breakdown,1000,500,100,35,65,2,6402,4.152,2.82,0.065,0.251,5.368,0.011,REVOKED
core_breakdown,1000,500,100,35,65,3,6403,4.078,2.838,0.034,0.257,4.172,0.01,REVOKED
core_breakdown,1000,500,100,35,65,4,6404,3.664,2.528,0.031,0.254,4.219,0.009,REVOKED
core_breakdown,1000,500,100,35,65,5,6405,3.913,2.668,0.036,0.241,4.112,0.009,REVOKED
core_breakdown,1000,500,100,35,65,6,6406,3.703,2.52,0.034,0.243,4.129,0.008,REVOKED
core_breakdown,1000,500,100,35,65,7,6407,4.358,2.844,0.034,0.287,4.837,0.009,REVOKED
core_breakdown,1000,500,100,35,65,8,6408,4.144,2.91,0.035,0.304,4.748,0.008,REVOKED
core_breakdown,1000,500,100,35,65,9,6409,4.465,3.162,0.042,0.244,4.176,0.008,REVOKED
core_breakdown,1000,500,100,35,65,10,6410,3.685,2.54,0.031,0.254,3.859,0.008,REVOKED
core_breakdown,1000,500,100,35,65,11,6411,3.675,2.52,0.031,0.247,3.975,0.006,REVOKED
core_breakdown,1000,500,100,35,65,12,6412,3.595,2.468,0.024,0.24,3.944,0.006,REVOKED
core_breakdown,1000,500,100,35,65,13,6413,3.581,2.47,0.022,0.254,3.893,0.008,REVOKED
core_breakdown,1000,500,100,35,65,14,6414,3.511,2.441,0.031,0.241,3.617,0.005,REVOKED
core_breakdown,1000,500,100,35,65,15,6415,3.264,2.276,0.023,0.212,3.573,0.006,REVOKED
core_breakdown,1000,500,100,35,65,16,6416,3.293,2.241,0.021,0.219,3.548,0.006,REVOKED
core_breakdown,1000,500,100,35,65,17,6417,3.216,2.191,0.024,0.215,3.551,0.007,REVOKED
core_breakdown,1000,500,100,35,65,18,6418,3.221,2.193,0.021,0.221,3.71,0.006,REVOKED
core_breakdown,1000,500,100,35,65,19,6419,3.213,2.216,0.025,0.224,3.54,0.006,REVOKED
core_breakdown,1000,500,100,35,65,20,6420,3.324,2.32,0.022,0.22,3.646,0.005,REVOKED
core_breakdown,1000,500,100,35,65,21,6421,3.25,2.219,0.023,0.185,3.421,0.006,REVOKED
core_breakdown,1000,500,100,35,65,22,6422,3.151,2.145,0.027,0.2,3.386,0.007,REVOKED
core_breakdown,1000,500,100,35,65,23,6423,2.991,2.032,0.026,0.213,3.459,0.006,REVOKED
core_breakdown,1000,500,100,35,65,24,6424,3.008,2.075,0.026,0.189,3.372,0.007,REVOKED
core_breakdown,1000,500,100,35,65,25,6425,2.876,1.981,0.025,0.212,3.497,0.01,REVOKED
core_breakdown,1000,500,100,35,65,26,6426,3.045,2.104,0.021,0.224,3.468,0.006,REVOKED
core_breakdown,1000,500,100,35,65,27,6427,2.982,2.038,0.023,0.198,3.33,0.005,REVOKED
core_breakdown,1000,500,100,35,65,28,6428,2.928,2.015,0.022,0.213,3.291,0.006,REVOKED
core_breakdown,1000,500,100,35,65,29,6429,3.002,2.028,0.02,0.206,3.256,0.006,REVOKED
core_breakdown,1000,500,100,35,65,30,6430,2.954,2.031,0.025,0.187,3.266,0.006,REVOKED
core_breakdown,1000,500,100,35,65,31,6431,2.975,2.057,0.02,0.193,3.251,0.006,REVOKED
core_breakdown,1000,500,100,35,65,32,6432,2.933,2.01,0.02,0.198,3.274,0.006,REVOKED
core_breakdown,1000,500,100,35,65,33,6433,2.942,2.014,0.026,0.191,3.285,0.006,REVOKED
core_breakdown,1000,500,100,35,65,34,6434,2.952,1.99,0.023,0.222,3.278,0.006,REVOKED
core_breakdown,1000,500,100,35,65,35,6435,2.891,1.99,0.019,0.192,3.244,0.006,REVOKED
core_breakdown,1000,500,100,35,65,36,6436,2.949,2.03,0.022,0.192,3.238,0.006,REVOKED
core_breakdown,1000,500,100,35,65,37,6437,2.904,2.023,0.021,0.206,3.215,0.006,REVOKED
core_breakdown,1000,500,100,35,65,38,6438,2.855,1.94,0.023,0.203,3.286,0.006,REVOKED
core_breakdown,1000,500,100,35,65,39,6439,2.919,2.0,0.02,0.2,3.447,0.006,REVOKED
core_breakdown,1000,500,100,35,65,40,6440,2.936,2.016,0.029,0.198,3.272,0.011,REVOKED
core_breakdown,1000,500,100,35,65,41,6441,2.949,2.025,0.023,0.194,3.323,0.006,REVOKED
core_breakdown,1000,500,100,35,65,42,6442,2.934,1.998,0.026,0.192,3.258,0.007,REVOKED
core_breakdown,1000,500,100,35,65,43,6443,2.909,1.993,0.021,0.192,3.299,0.006,REVOKED
core_breakdown,1000,500,100,35,65,44,6444,2.874,1.996,0.019,0.192,3.295,0.006,REVOKED
core_breakdown,1000,500,100,35,65,45,6445,2.939,2.011,0.027,0.183,3.322,0.006,REVOKED
core_breakdown,1000,500,100,35,65,46,6446,2.954,2.006,0.028,0.195,3.271,0.007,REVOKED
core_breakdown,1000,500,100,35,65,47,6447,2.913,1.998,0.022,0.195,3.305,0.006,REVOKED
core_breakdown,1000,500,100,35,65,48,6448,2.968,2.034,0.025,0.191,3.26,0.005,REVOKED
core_breakdown,1000,500,100,35,65,49,6449,2.932,2.008,0.024,0.193,3.3,0.013,REVOKED
core_breakdown,1000,500,100,35,65,50,6450,2.962,2.035,0.024,0.198,3.319,0.006,REVOKED
core_breakdown,1000,500,100,35,65,51,6451,2.959,2.027,0.023,0.194,3.268,0.006,REVOKED
core_breakdown,1000,500,100,35,65,52,6452,2.891,1.987,0.023,0.207,3.429,0.006,REVOKED
core_breakdown,1000,500,100,35,65,53,6453,2.935,2.027,0.021,0.199,3.293,0.005,REVOKED
core_breakdown,1000,500,100,35,65,54,6454,2.946,2.004,0.025,0.192,3.342,0.006,REVOKED
core_breakdown,1000,500,100,35,65,55,6455,2.943,2.02,0.022,0.189,3.381,0.005,REVOKED
core_breakdown,1000,500,100,35,65,56,6456,2.913,1.998,0.021,0.196,3.277,0.006,REVOKED
core_breakdown,1000,500,100,35,65,57,6457,2.903,1.979,0.023,0.193,3.261,0.005,REVOKED
core_breakdown,1000,500,100,35,65,58,6458,2.971,2.049,0.026,0.192,3.277,0.006,REVOKED
core_breakdown,1000,500,100,35,65,59,6459,3.065,2.122,0.022,0.193,3.255,0.006,REVOKED
core_breakdown,1000,500,100,35,65,60,6460,2.937,2.031,0.022,0.192,3.305,0.006,REVOKED
core_breakdown,1000,500,100,35,65,61,6461,2.923,2.013,0.021,0.193,3.3,0.006,REVOKED
core_breakdown,1000,500,100,35,65,62,6462,2.916,2.025,0.02,0.211,3.302,0.006,REVOKED
core_breakdown,1000,500,100,35,65,63,6463,2.927,1.973,0.02,0.194,3.254,0.006,REVOKED
core_breakdown,1000,500,100,35,65,64,6464,2.963,2.03,0.028,0.217,3.34,0.005,REVOKED
core_breakdown,1000,500,100,35,65,65,6465,2.977,2.042,0.021,0.208,3.327,0.006,REVOKED
core_breakdown,1000,500,100,35,65,66,6466,2.95,2.02,0.019,0.214,3.316,0.006,REVOKED
core_breakdown,1000,500,100,35,65,67,6467,2.908,2.006,0.026,0.209,3.294,0.006,REVOKED
core_breakdown,1000,500,100,35,65,68,6468,2.93,2.025,0.022,0.189,3.232,0.006,REVOKED
core_breakdown,1000,500,100,35,65,69,6469,2.95,2.035,0.021,0.188,3.265,0.006,REVOKED
core_breakdown,1000,500,100,35,65,70,6470,2.939,2.006,0.022,0.205,3.305,0.006,REVOKED
core_breakdown,1000,500,100,35,65,71,6471,2.936,2.025,0.022,0.198,3.272,0.007,REVOKED
core_breakdown,1000,500,100,35,65,72,6472,2.89,1.979,0.025,0.191,3.236,0.006,REVOKED
core_breakdown,1000,500,100,35,65,73,6473,3.072,2.137,0.022,0.219,3.26,0.006,REVOKED
core_breakdown,1000,500,100,35,65,74,6474,2.913,1.987,0.024,0.192,3.349,0.006,REVOKED
core_breakdown,1000,500,100,35,65,75,6475,2.849,1.947,0.021,0.195,3.176,0.005,REVOKED
core_breakdown,1000,500,100,35,65,76,6476,2.872,1.94,0.022,0.197,3.23,0.006,REVOKED
core_breakdown,1000,500,100,35,65,77,6477,2.956,2.035,0.019,0.197,3.239,0.006,REVOKED
core_breakdown,1000,500,100,35,65,78,6478,2.879,1.973,0.026,0.185,3.195,0.006,REVOKED
core_breakdown,1000,500,100,35,65,79,6479,2.945,2.04,0.025,0.193,3.246,0.006,REVOKED
core_breakdown,1000,500,100,35,65,80,6480,2.984,2.033,0.022,0.243,3.318,0.006,REVOKED
core_breakdown,1000,500,100,35,65,81,6481,2.902,1.97,0.026,0.208,3.243,0.006,REVOKED
core_breakdown,1000,500,100,35,65,82,6482,2.919,2.021,0.024,0.193,3.269,0.006,REVOKED
core_breakdown,1000,500,100,35,65,83,6483,2.917,2.005,0.022,0.202,3.243,0.006,REVOKED
core_breakdown,1000,500,100,35,65,84,6484,2.925,2.007,0.022,0.2,3.325,0.006,REVOKED
core_breakdown,1000,500,100,35,65,85,6485,2.89,1.96,0.024,0.183,3.29,0.006,REVOKED
core_breakdown,1000,500,100,35,65,86,6486,2.873,1.985,0.023,0.191,3.409,0.007,REVOKED
core_breakdown,1000,500,100,35,65,87,6487,2.884,1.999,0.021,0.191,3.257,0.005,REVOKED
core_breakdown,1000,500,100,35,65,88,6488,2.902,1.958,0.025,0.203,3.26,0.005,REVOKED
core_breakdown,1000,500,100,35,65,89,6489,2.889,1.96,0.026,0.195,3.244,0.006,REVOKED
core_breakdown,1000,500,100,35,65,90,6490,2.906,2.004,0.021,0.182,3.231,0.006,REVOKED
core_breakdown,1000,500,100,35,65,91,6491,2.896,1.998,0.025,0.197,3.291,0.006,REVOKED
core_breakdown,1000,500,100,35,65,92,6492,2.94,2.001,0.02,0.191,3.297,0.006,REVOKED
core_breakdown,1000,500,100,35,65,93,6493,2.908,1.971,0.025,0.23,3.281,0.006,REVOKED
core_breakdown,1000,500,100,35,65,94,6494,2.923,1.993,0.025,0.178,3.302,0.006,REVOKED
core_breakdown,1000,500,100,35,65,95,6495,2.926,2.016,0.023,0.208,3.307,0.006,REVOKED
core_breakdown,1000,500,100,35,65,96,6496,2.962,2.041,0.025,0.207,3.262,0.007,REVOKED
core_breakdown,1000,500,100,35,65,97,6497,2.962,2.023,0.022,0.198,3.25,0.017,REVOKED
core_breakdown,1000,500,100,35,65,98,6498,2.947,2.043,0.022,0.206,3.247,0.005,REVOKED
core_breakdown,1000,500,100,35,65,99,6499,2.924,2.007,0.021,0.205,3.279,0.006,REVOKED
core_breakdown,1000,500,100,35,65,100,6500,3.001,2.037,0.021,0.195,3.313,0.006,REVOKED
core_breakdown,1000,500,100,36,66,1,6501,7.198,4.424,0.28,0.501,6.685,0.052,REVOKED
core_breakdown,1000,500,100,36,66,2,6502,6.941,4.499,0.149,0.403,5.991,0.032,REVOKED
core_breakdown,1000,500,100,36,66,3,6503,5.052,3.453,0.094,0.374,5.359,0.022,REVOKED
core_breakdown,1000,500,100,36,66,4,6504,4.833,3.265,0.09,0.305,4.842,0.018,REVOKED
core_breakdown,1000,500,100,36,66,5,6505,4.5,2.953,0.053,0.271,4.481,0.011,REVOKED
core_breakdown,1000,500,100,36,66,6,6506,4.061,2.762,0.05,0.264,4.298,0.011,REVOKED
core_breakdown,1000,500,100,36,66,7,6507,3.787,2.579,0.052,0.23,3.715,0.01,REVOKED
core_breakdown,1000,500,100,36,66,8,6508,3.354,2.284,0.036,0.233,3.728,0.009,REVOKED
core_breakdown,1000,500,100,36,66,9,6509,3.239,2.204,0.035,0.231,3.719,0.007,REVOKED
core_breakdown,1000,500,100,36,66,10,6510,3.26,2.171,0.043,0.223,3.449,0.009,REVOKED
core_breakdown,1000,500,100,36,66,11,6511,3.422,2.355,0.086,0.246,3.561,0.015,REVOKED
core_breakdown,1000,500,100,36,66,12,6512,3.099,2.051,0.034,0.236,3.093,0.009,REVOKED
core_breakdown,1000,500,100,36,66,13,6513,2.642,1.768,0.034,0.191,3.043,0.008,REVOKED
core_breakdown,1000,500,100,36,66,14,6514,2.598,1.764,0.026,0.181,3.018,0.008,REVOKED
core_breakdown,1000,500,100,36,66,15,6515,2.63,1.772,0.026,0.183,3.0,0.007,REVOKED
core_breakdown,1000,500,100,36,66,16,6516,2.577,1.757,0.024,0.187,3.045,0.005,REVOKED
core_breakdown,1000,500,100,36,66,17,6517,2.635,1.823,0.03,0.181,3.038,0.005,REVOKED
core_breakdown,1000,500,100,36,66,18,6518,2.565,1.737,0.022,0.173,3.021,0.006,REVOKED
core_breakdown,1000,500,100,36,66,19,6519,2.591,1.764,0.025,0.181,2.979,0.008,REVOKED
core_breakdown,1000,500,100,36,66,20,6520,2.594,1.758,0.025,0.16,2.879,0.006,REVOKED
core_breakdown,1000,500,100,36,66,21,6521,2.63,1.799,0.021,0.172,2.907,0.005,REVOKED
core_breakdown,1000,500,100,36,66,22,6522,2.642,1.782,0.029,0.162,3.078,0.006,REVOKED
core_breakdown,1000,500,100,36,66,23,6523,2.536,1.722,0.021,0.169,2.99,0.013,REVOKED
core_breakdown,1000,500,100,36,66,24,6524,2.602,1.775,0.026,0.171,3.078,0.006,REVOKED
core_breakdown,1000,500,100,36,66,25,6525,2.591,1.747,0.025,0.171,2.994,0.008,REVOKED
core_breakdown,1000,500,100,36,66,26,6526,2.655,1.841,0.022,0.173,3.019,0.006,REVOKED
core_breakdown,1000,500,100,36,66,27,6527,2.73,1.8,0.023,0.177,2.971,0.007,REVOKED
core_breakdown,1000,500,100,36,66,28,6528,2.553,1.746,0.025,0.179,2.981,0.006,REVOKED
core_breakdown,1000,500,100,36,66,29,6529,2.584,1.788,0.021,0.179,2.978,0.006,REVOKED
core_breakdown,1000,500,100,36,66,30,6530,2.609,1.758,0.023,0.176,3.031,0.006,REVOKED
core_breakdown,1000,500,100,36,66,31,6531,2.533,1.739,0.023,0.18,2.882,0.006,REVOKED
core_breakdown,1000,500,100,36,66,32,6532,2.574,1.752,0.025,0.173,3.063,0.006,REVOKED
core_breakdown,1000,500,100,36,66,33,6533,2.596,1.777,0.026,0.188,3.039,0.006,REVOKED
core_breakdown,1000,500,100,36,66,34,6534,2.553,1.733,0.023,0.17,2.955,0.006,REVOKED
core_breakdown,1000,500,100,36,66,35,6535,2.547,1.74,0.023,0.187,3.004,0.006,REVOKED
core_breakdown,1000,500,100,36,66,36,6536,2.598,1.76,0.023,0.199,3.322,0.006,REVOKED
core_breakdown,1000,500,100,36,66,37,6537,2.836,1.925,0.022,0.176,3.004,0.005,REVOKED
core_breakdown,1000,500,100,36,66,38,6538,2.528,1.737,0.022,0.168,2.949,0.006,REVOKED
core_breakdown,1000,500,100,36,66,39,6539,2.612,1.796,0.023,0.177,2.979,0.006,REVOKED
core_breakdown,1000,500,100,36,66,40,6540,2.527,1.748,0.026,0.188,2.955,0.006,REVOKED
core_breakdown,1000,500,100,36,66,41,6541,2.523,1.7,0.023,0.192,2.992,0.006,REVOKED
core_breakdown,1000,500,100,36,66,42,6542,2.522,1.706,0.023,0.185,2.943,0.006,REVOKED
core_breakdown,1000,500,100,36,66,43,6543,2.564,1.725,0.021,0.183,2.845,0.006,REVOKED
core_breakdown,1000,500,100,36,66,44,6544,2.597,1.788,0.021,0.17,2.967,0.006,REVOKED
core_breakdown,1000,500,100,36,66,45,6545,2.522,1.721,0.022,0.175,2.982,0.006,REVOKED
core_breakdown,1000,500,100,36,66,46,6546,2.68,1.843,0.026,0.2,3.141,0.006,REVOKED
core_breakdown,1000,500,100,36,66,47,6547,2.621,1.8,0.023,0.166,3.014,0.006,REVOKED
core_breakdown,1000,500,100,36,66,48,6548,2.67,1.837,0.021,0.182,3.021,0.006,REVOKED
core_breakdown,1000,500,100,36,66,49,6549,2.591,1.794,0.027,0.167,2.999,0.01,REVOKED
core_breakdown,1000,500,100,36,66,50,6550,2.614,1.787,0.025,0.187,2.901,0.005,REVOKED
core_breakdown,1000,500,100,36,66,51,6551,2.666,1.817,0.022,0.158,2.934,0.005,REVOKED
core_breakdown,1000,500,100,36,66,52,6552,2.537,1.708,0.025,0.175,2.879,0.005,REVOKED
core_breakdown,1000,500,100,36,66,53,6553,2.517,1.747,0.02,0.185,2.993,0.006,REVOKED
core_breakdown,1000,500,100,36,66,54,6554,2.701,1.776,0.022,0.183,2.949,0.006,REVOKED
core_breakdown,1000,500,100,36,66,55,6555,2.6,1.78,0.02,0.177,2.929,0.009,REVOKED
core_breakdown,1000,500,100,36,66,56,6556,2.645,1.77,0.02,0.182,2.893,0.01,REVOKED
core_breakdown,1000,500,100,36,66,57,6557,2.537,1.743,0.026,0.189,2.954,0.006,REVOKED
core_breakdown,1000,500,100,36,66,58,6558,2.624,1.799,0.021,0.168,2.895,0.006,REVOKED
core_breakdown,1000,500,100,36,66,59,6559,2.635,1.813,0.019,0.172,3.038,0.006,REVOKED
core_breakdown,1000,500,100,36,66,60,6560,2.539,1.717,0.026,0.187,2.868,0.005,REVOKED
core_breakdown,1000,500,100,36,66,61,6561,2.569,1.791,0.022,0.202,2.971,0.005,REVOKED
core_breakdown,1000,500,100,36,66,62,6562,2.645,1.816,0.024,0.196,2.961,0.006,REVOKED
core_breakdown,1000,500,100,36,66,63,6563,2.642,1.793,0.022,0.19,2.991,0.006,REVOKED
core_breakdown,1000,500,100,36,66,64,6564,2.576,1.762,0.022,0.179,2.956,0.005,REVOKED
core_breakdown,1000,500,100,36,66,65,6565,2.909,2.048,0.026,0.204,3.575,0.007,REVOKED
core_breakdown,1000,500,100,36,66,66,6566,2.932,2.001,0.024,0.2,2.93,0.006,REVOKED
core_breakdown,1000,500,100,36,66,67,6567,2.591,1.787,0.026,0.159,3.021,0.006,REVOKED
core_breakdown,1000,500,100,36,66,68,6568,2.637,1.777,0.026,0.181,3.028,0.006,REVOKED
core_breakdown,1000,500,100,36,66,69,6569,2.58,1.773,0.023,0.187,2.983,0.005,REVOKED
core_breakdown,1000,500,100,36,66,70,6570,2.613,1.798,0.027,0.187,3.146,0.006,REVOKED
core_breakdown,1000,500,100,36,66,71,6571,2.583,1.764,0.023,0.174,3.028,0.006,REVOKED
core_breakdown,1000,500,100,36,66,72,6572,2.618,1.74,0.019,0.187,3.342,0.009,REVOKED
core_breakdown,1000,500,100,36,66,73,6573,2.97,2.039,0.024,0.195,4.17,0.01,REVOKED
core_breakdown,1000,500,100,36,66,74,6574,2.971,2.033,0.021,0.193,3.274,0.006,REVOKED
core_breakdown,1000,500,100,36,66,75,6575,2.963,1.996,0.024,0.203,3.305,0.006,REVOKED
core_breakdown,1000,500,100,36,66,76,6576,2.936,2.001,0.024,0.198,3.238,0.006,REVOKED
core_breakdown,1000,500,100,36,66,77,6577,2.574,1.758,0.023,0.176,2.918,0.006,REVOKED
core_breakdown,1000,500,100,36,66,78,6578,2.547,1.749,0.023,0.173,2.978,0.007,REVOKED
core_breakdown,1000,500,100,36,66,79,6579,2.557,1.74,0.021,0.188,2.962,0.006,REVOKED
core_breakdown,1000,500,100,36,66,80,6580,2.6,1.77,0.024,0.176,2.982,0.006,REVOKED
core_breakdown,1000,500,100,36,66,81,6581,2.569,1.742,0.025,0.167,2.86,0.007,REVOKED
core_breakdown,1000,500,100,36,66,82,6582,2.917,1.95,0.024,0.245,3.757,0.008,REVOKED
core_breakdown,1000,500,100,36,66,83,6583,2.982,2.04,0.029,0.23,3.367,0.006,REVOKED
core_breakdown,1000,500,100,36,66,84,6584,2.88,1.976,0.024,0.195,3.335,0.006,REVOKED
core_breakdown,1000,500,100,36,66,85,6585,2.929,2.005,0.025,0.194,3.244,0.006,REVOKED
core_breakdown,1000,500,100,36,66,86,6586,2.893,1.989,0.022,0.198,3.253,0.006,REVOKED
core_breakdown,1000,500,100,36,66,87,6587,2.879,1.95,0.021,0.184,3.237,0.006,REVOKED
core_breakdown,1000,500,100,36,66,88,6588,2.879,1.966,0.026,0.184,3.266,0.006,REVOKED
core_breakdown,1000,500,100,36,66,89,6589,2.9,2.011,0.019,0.196,3.271,0.005,REVOKED
core_breakdown,1000,500,100,36,66,90,6590,2.902,2.001,0.024,0.193,3.367,0.006,REVOKED
core_breakdown,1000,500,100,36,66,91,6591,2.91,2.013,0.024,0.195,3.271,0.006,REVOKED
core_breakdown,1000,500,100,36,66,92,6592,2.951,1.986,0.022,0.198,3.262,0.005,REVOKED
core_breakdown,1000,500,100,36,66,93,6593,2.93,2.011,0.028,0.195,3.256,0.006,REVOKED
core_breakdown,1000,500,100,36,66,94,6594,2.87,1.959,0.023,0.19,3.24,0.006,REVOKED
core_breakdown,1000,500,100,36,66,95,6595,2.871,1.968,0.023,0.191,3.215,0.005,REVOKED
core_breakdown,1000,500,100,36,66,96,6596,2.951,2.017,0.02,0.193,3.254,0.006,REVOKED
core_breakdown,1000,500,100,36,66,97,6597,2.957,2.063,0.021,0.211,3.262,0.012,REVOKED
core_breakdown,1000,500,100,36,66,98,6598,2.857,1.968,0.025,0.197,3.249,0.006,REVOKED
core_breakdown,1000,500,100,36,66,99,6599,3.006,2.04,0.02,0.203,3.394,0.005,REVOKED
core_breakdown,1000,500,100,36,66,100,6600,2.99,2.029,0.022,0.206,3.376,0.005,REVOKED
core_breakdown,1000,500,100,37,67,1,6601,7.422,4.23,0.281,0.676,6.987,0.062,REVOKED
core_breakdown,1000,500,100,37,67,2,6602,6.456,4.25,0.182,0.401,6.261,0.029,REVOKED
core_breakdown,1000,500,100,37,67,3,6603,5.104,3.433,0.086,0.326,4.866,0.016,REVOKED
core_breakdown,1000,500,100,37,67,4,6604,4.112,2.801,0.065,0.27,4.547,0.012,REVOKED
core_breakdown,1000,500,100,37,67,5,6605,3.837,2.544,0.04,0.247,3.986,0.009,REVOKED
core_breakdown,1000,500,100,37,67,6,6606,3.664,2.506,0.039,0.246,4.018,0.008,REVOKED
core_breakdown,1000,500,100,37,67,7,6607,3.637,2.489,0.037,0.237,4.128,0.008,REVOKED
core_breakdown,1000,500,100,37,67,8,6608,3.69,2.522,0.039,0.293,4.122,0.01,REVOKED
core_breakdown,1000,500,100,37,67,9,6609,3.757,2.528,0.042,0.227,3.866,0.007,REVOKED
core_breakdown,1000,500,100,37,67,10,6610,3.459,2.364,0.029,0.243,4.0,0.009,REVOKED
core_breakdown,1000,500,100,37,67,11,6611,3.512,2.383,0.042,0.239,3.873,0.009,REVOKED
core_breakdown,1000,500,100,37,67,12,6612,3.52,2.413,0.034,0.229,3.769,0.006,REVOKED
core_breakdown,1000,500,100,37,67,13,6613,3.437,2.34,0.085,0.235,3.444,0.017,REVOKED
core_breakdown,1000,500,100,37,67,14,6614,2.98,2.01,0.039,0.213,3.388,0.009,REVOKED
core_breakdown,1000,500,100,37,67,15,6615,3.015,2.04,0.036,0.201,3.372,0.012,REVOKED
core_breakdown,1000,500,100,37,67,16,6616,3.04,2.036,0.032,0.211,3.459,0.014,REVOKED
core_breakdown,1000,500,100,37,67,17,6617,3.011,2.05,0.028,0.286,3.433,0.007,REVOKED
core_breakdown,1000,500,100,37,67,18,6618,2.954,2.037,0.03,0.205,3.358,0.006,REVOKED
core_breakdown,1000,500,100,37,67,19,6619,2.977,2.001,0.029,0.218,3.427,0.007,REVOKED
core_breakdown,1000,500,100,37,67,20,6620,2.921,1.975,0.022,0.202,3.368,0.006,REVOKED
core_breakdown,1000,500,100,37,67,21,6621,2.947,2.016,0.027,0.194,3.302,0.006,REVOKED
core_breakdown,1000,500,100,37,67,22,6622,3.011,2.071,0.024,0.193,3.534,0.007,REVOKED
core_breakdown,1000,500,100,37,67,23,6623,2.953,2.038,0.024,0.192,3.382,0.006,REVOKED
core_breakdown,1000,500,100,37,67,24,6624,2.998,2.052,0.026,0.205,3.335,0.019,REVOKED
core_breakdown,1000,500,100,37,67,25,6625,2.947,2.027,0.024,0.224,3.298,0.008,REVOKED
core_breakdown,1000,500,100,37,67,26,6626,2.945,2.025,0.022,0.201,3.322,0.006,REVOKED
core_breakdown,1000,500,100,37,67,27,6627,2.936,2.023,0.024,0.19,3.348,0.007,REVOKED
core_breakdown,1000,500,100,37,67,28,6628,2.947,2.004,0.028,0.195,3.316,0.006,REVOKED
core_breakdown,1000,500,100,37,67,29,6629,3.031,2.064,0.023,0.194,3.32,0.006,REVOKED
core_breakdown,1000,500,100,37,67,30,6630,2.942,2.021,0.024,0.2,3.315,0.005,REVOKED
core_breakdown,1000,500,100,37,67,31,6631,2.947,2.02,0.023,0.198,3.283,0.006,REVOKED
core_breakdown,1000,500,100,37,67,32,6632,2.984,2.037,0.023,0.196,3.244,0.006,REVOKED
core_breakdown,1000,500,100,37,67,33,6633,2.96,2.037,0.021,0.201,3.298,0.006,REVOKED
core_breakdown,1000,500,100,37,67,34,6634,3.009,2.049,0.028,0.196,3.289,0.006,REVOKED
core_breakdown,1000,500,100,37,67,35,6635,2.892,1.992,0.021,0.196,3.423,0.006,REVOKED
core_breakdown,1000,500,100,37,67,36,6636,2.909,2.004,0.027,0.203,3.592,0.008,REVOKED
core_breakdown,1000,500,100,37,67,37,6637,2.517,1.716,0.024,0.184,2.886,0.005,REVOKED
core_breakdown,1000,500,100,37,67,38,6638,2.735,1.913,0.021,0.215,3.274,0.006,REVOKED
core_breakdown,1000,500,100,37,67,39,6639,2.847,1.945,0.021,0.192,3.21,0.006,REVOKED
core_breakdown,1000,500,100,37,67,40,6640,2.968,2.047,0.019,0.2,3.287,0.006,REVOKED
core_breakdown,1000,500,100,37,67,41,6641,2.939,2.001,0.022,0.196,3.244,0.005,REVOKED
core_breakdown,1000,500,100,37,67,42,6642,2.916,2.015,0.023,0.195,3.284,0.006,REVOKED
core_breakdown,1000,500,100,37,67,43,6643,2.995,2.086,0.021,0.186,3.217,0.006,REVOKED
core_breakdown,1000,500,100,37,67,44,6644,2.964,2.026,0.021,0.21,3.42,0.006,REVOKED
core_breakdown,1000,500,100,37,67,45,6645,3.002,2.045,0.021,0.2,3.494,0.005,REVOKED
core_breakdown,1000,500,100,37,67,46,6646,2.967,2.02,0.027,0.207,3.414,0.006,REVOKED
core_breakdown,1000,500,100,37,67,47,6647,2.982,2.05,0.024,0.206,3.41,0.008,REVOKED
core_breakdown,1000,500,100,37,67,48,6648,3.076,2.1,0.023,0.194,3.392,0.006,REVOKED
core_breakdown,1000,500,100,37,67,49,6649,3.003,2.069,0.019,0.228,3.391,0.012,REVOKED
core_breakdown,1000,500,100,37,67,50,6650,2.978,2.063,0.025,0.203,3.279,0.006,REVOKED
core_breakdown,1000,500,100,37,67,51,6651,2.988,2.055,0.027,0.205,3.322,0.006,REVOKED
core_breakdown,1000,500,100,37,67,52,6652,2.972,2.027,0.021,0.208,3.318,0.006,REVOKED
core_breakdown,1000,500,100,37,67,53,6653,2.892,2.004,0.023,0.192,3.298,0.005,REVOKED
core_breakdown,1000,500,100,37,67,54,6654,2.934,2.025,0.02,0.198,3.333,0.005,REVOKED
core_breakdown,1000,500,100,37,67,55,6655,2.948,2.026,0.022,0.208,3.324,0.005,REVOKED
core_breakdown,1000,500,100,37,67,56,6656,2.952,2.04,0.025,0.196,3.32,0.006,REVOKED
core_breakdown,1000,500,100,37,67,57,6657,2.981,2.068,0.027,0.19,3.315,0.018,REVOKED
core_breakdown,1000,500,100,37,67,58,6658,2.977,2.038,0.03,0.201,3.346,0.006,REVOKED
core_breakdown,1000,500,100,37,67,59,6659,2.929,1.973,0.023,0.214,3.338,0.006,REVOKED
core_breakdown,1000,500,100,37,67,60,6660,2.936,2.031,0.02,0.198,3.36,0.006,REVOKED
core_breakdown,1000,500,100,37,67,61,6661,2.984,2.043,0.019,0.206,3.353,0.005,REVOKED
core_breakdown,1000,500,100,37,67,62,6662,2.864,1.976,0.018,0.19,3.333,0.008,REVOKED
core_breakdown,1000,500,100,37,67,63,6663,3.076,2.138,0.023,0.199,3.316,0.007,REVOKED
core_breakdown,1000,500,100,37,67,64,6664,2.94,2.035,0.025,0.193,3.319,0.006,REVOKED
core_breakdown,1000,500,100,37,67,65,6665,2.905,1.997,0.025,0.206,3.272,0.005,REVOKED
core_breakdown,1000,500,100,37,67,66,6666,2.923,1.994,0.022,0.208,3.242,0.006,REVOKED
core_breakdown,1000,500,100,37,67,67,6667,2.967,2.011,0.023,0.196,3.307,0.005,REVOKED
core_breakdown,1000,500,100,37,67,68,6668,2.946,1.991,0.027,0.192,3.305,0.006,REVOKED
core_breakdown,1000,500,100,37,67,69,6669,2.855,1.973,0.018,0.19,3.297,0.005,REVOKED
core_breakdown,1000,500,100,37,67,70,6670,2.946,2.022,0.025,0.197,3.272,0.005,REVOKED
core_breakdown,1000,500,100,37,67,71,6671,2.906,2.014,0.021,0.189,3.227,0.006,REVOKED
core_breakdown,1000,500,100,37,67,72,6672,2.974,2.043,0.024,0.175,3.283,0.005,REVOKED
core_breakdown,1000,500,100,37,67,73,6673,2.901,1.979,0.022,0.212,3.319,0.006,REVOKED
core_breakdown,1000,500,100,37,67,74,6674,2.953,2.031,0.022,0.211,3.249,0.006,REVOKED
core_breakdown,1000,500,100,37,67,75,6675,2.913,2.002,0.024,0.202,3.256,0.006,REVOKED
core_breakdown,1000,500,100,37,67,76,6676,2.966,2.019,0.024,0.205,3.361,0.005,REVOKED
core_breakdown,1000,500,100,37,67,77,6677,2.902,1.964,0.022,0.19,3.299,0.006,REVOKED
core_breakdown,1000,500,100,37,67,78,6678,5.294,4.194,0.044,0.254,3.462,0.008,REVOKED
core_breakdown,1000,500,100,37,67,79,6679,2.958,2.0,0.022,0.21,3.272,0.006,REVOKED
core_breakdown,1000,500,100,37,67,80,6680,2.916,1.996,0.026,0.2,3.327,0.007,REVOKED
core_breakdown,1000,500,100,37,67,81,6681,2.902,1.997,0.022,0.202,3.306,0.006,REVOKED
core_breakdown,1000,500,100,37,67,82,6682,3.003,2.0,0.021,0.19,3.261,0.006,REVOKED
core_breakdown,1000,500,100,37,67,83,6683,2.933,1.981,0.02,0.191,3.267,0.006,REVOKED
core_breakdown,1000,500,100,37,67,84,6684,2.985,2.078,0.027,0.186,3.263,0.005,REVOKED
core_breakdown,1000,500,100,37,67,85,6685,2.916,1.995,0.02,0.194,3.272,0.006,REVOKED
core_breakdown,1000,500,100,37,67,86,6686,2.932,2.007,0.022,0.196,3.236,0.007,REVOKED
core_breakdown,1000,500,100,37,67,87,6687,2.906,1.968,0.026,0.197,3.27,0.006,REVOKED
core_breakdown,1000,500,100,37,67,88,6688,2.929,2.009,0.024,0.193,3.255,0.006,REVOKED
core_breakdown,1000,500,100,37,67,89,6689,2.935,2.003,0.025,0.197,3.302,0.006,REVOKED
core_breakdown,1000,500,100,37,67,90,6690,2.923,1.983,0.026,0.19,3.311,0.006,REVOKED
core_breakdown,1000,500,100,37,67,91,6691,2.982,2.066,0.02,0.194,3.241,0.01,REVOKED
core_breakdown,1000,500,100,37,67,92,6692,2.873,1.981,0.025,0.2,3.3,0.005,REVOKED
core_breakdown,1000,500,100,37,67,93,6693,2.897,1.972,0.02,0.191,3.213,0.018,REVOKED
core_breakdown,1000,500,100,37,67,94,6694,3.142,2.145,0.021,0.221,3.459,0.006,REVOKED
core_breakdown,1000,500,100,37,67,95,6695,3.026,2.042,0.019,0.197,3.508,0.016,REVOKED
core_breakdown,1000,500,100,37,67,96,6696,2.995,2.065,0.021,0.219,3.385,0.008,REVOKED
core_breakdown,1000,500,100,37,67,97,6697,3.066,2.041,0.027,0.216,3.409,0.017,REVOKED
core_breakdown,1000,500,100,37,67,98,6698,2.929,2.027,0.025,0.197,3.394,0.006,REVOKED
core_breakdown,1000,500,100,37,67,99,6699,3.598,2.554,0.023,0.204,3.371,0.007,REVOKED
core_breakdown,1000,500,100,37,67,100,6700,2.962,2.015,0.021,0.188,3.275,0.006,REVOKED
core_breakdown,1000,500,100,38,68,1,6701,6.977,4.068,0.284,0.536,6.832,0.063,REVOKED
core_breakdown,1000,500,100,38,68,2,6702,6.437,4.208,0.142,0.4,6.293,0.031,REVOKED
core_breakdown,1000,500,100,38,68,3,6703,5.206,3.561,0.087,0.321,5.278,0.026,REVOKED
core_breakdown,1000,500,100,38,68,4,6704,4.958,3.319,0.118,0.218,4.536,0.013,REVOKED
core_breakdown,1000,500,100,38,68,5,6705,4.451,3.174,0.044,0.246,4.064,0.01,REVOKED
core_breakdown,1000,500,100,38,68,6,6706,3.642,2.481,0.036,0.251,3.91,0.008,REVOKED
core_breakdown,1000,500,100,38,68,7,6707,3.525,2.428,0.031,0.244,3.973,0.009,REVOKED
core_breakdown,1000,500,100,38,68,8,6708,3.507,2.384,0.039,0.215,3.938,0.008,REVOKED
core_breakdown,1000,500,100,38,68,9,6709,3.509,2.401,0.037,0.222,3.725,0.006,REVOKED
core_breakdown,1000,500,100,38,68,10,6710,3.453,2.311,0.028,0.252,3.593,0.017,REVOKED
core_breakdown,1000,500,100,38,68,11,6711,3.047,2.06,0.047,0.206,3.407,0.009,REVOKED
core_breakdown,1000,500,100,38,68,12,6712,2.996,2.049,0.031,0.239,3.411,0.011,REVOKED
core_breakdown,1000,500,100,38,68,13,6713,2.931,2.018,0.024,0.201,3.418,0.009,REVOKED
core_breakdown,1000,500,100,38,68,14,6714,2.982,2.049,0.035,0.212,3.345,0.006,REVOKED
core_breakdown,1000,500,100,38,68,15,6715,2.956,2.023,0.023,0.195,3.423,0.006,REVOKED
core_breakdown,1000,500,100,38,68,16,6716,2.988,2.052,0.035,0.197,3.339,0.005,REVOKED
core_breakdown,1000,500,100,38,68,17,6717,2.924,2.017,0.026,0.196,3.37,0.006,REVOKED
core_breakdown,1000,500,100,38,68,18,6718,3.013,2.019,0.025,0.205,3.299,0.006,REVOKED
core_breakdown,1000,500,100,38,68,19,6719,2.978,2.039,0.021,0.188,3.312,0.006,REVOKED
core_breakdown,1000,500,100,38,68,20,6720,3.035,2.104,0.028,0.192,3.335,0.007,REVOKED
core_breakdown,1000,500,100,38,68,21,6721,2.92,2.009,0.02,0.191,3.318,0.007,REVOKED
core_breakdown,1000,500,100,38,68,22,6722,2.875,1.985,0.025,0.197,3.304,0.006,REVOKED
core_breakdown,1000,500,100,38,68,23,6723,2.957,2.034,0.02,0.205,3.376,0.005,REVOKED
core_breakdown,1000,500,100,38,68,24,6724,2.926,2.022,0.021,0.199,3.369,0.006,REVOKED
core_breakdown,1000,500,100,38,68,25,6725,2.925,2.017,0.022,0.188,3.342,0.009,REVOKED
core_breakdown,1000,500,100,38,68,26,6726,2.914,2.011,0.02,0.203,3.278,0.006,REVOKED
core_breakdown,1000,500,100,38,68,27,6727,2.926,2.011,0.02,0.204,3.428,0.006,REVOKED
core_breakdown,1000,500,100,38,68,28,6728,2.968,2.014,0.019,0.207,3.325,0.006,REVOKED
core_breakdown,1000,500,100,38,68,29,6729,2.901,1.966,0.018,0.231,3.469,0.006,REVOKED
core_breakdown,1000,500,100,38,68,30,6730,2.924,2.008,0.026,0.191,3.273,0.006,REVOKED
core_breakdown,1000,500,100,38,68,31,6731,2.885,1.987,0.024,0.198,3.312,0.005,REVOKED
core_breakdown,1000,500,100,38,68,32,6732,2.964,2.041,0.019,0.216,3.304,0.006,REVOKED
core_breakdown,1000,500,100,38,68,33,6733,2.967,2.034,0.019,0.205,3.322,0.006,REVOKED
core_breakdown,1000,500,100,38,68,34,6734,2.908,2.018,0.019,0.2,3.256,0.006,REVOKED
core_breakdown,1000,500,100,38,68,35,6735,2.915,2.021,0.018,0.188,3.3,0.009,REVOKED
core_breakdown,1000,500,100,38,68,36,6736,2.954,2.033,0.026,0.195,3.254,0.006,REVOKED
core_breakdown,1000,500,100,38,68,37,6737,2.936,2.003,0.027,0.195,3.442,0.006,REVOKED
core_breakdown,1000,500,100,38,68,38,6738,2.945,2.031,0.026,0.189,3.273,0.006,REVOKED
core_breakdown,1000,500,100,38,68,39,6739,2.948,2.014,0.023,0.199,3.376,0.006,REVOKED
core_breakdown,1000,500,100,38,68,40,6740,2.966,2.019,0.025,0.194,3.278,0.006,REVOKED
core_breakdown,1000,500,100,38,68,41,6741,2.907,1.993,0.026,0.192,3.314,0.006,REVOKED
core_breakdown,1000,500,100,38,68,42,6742,2.926,2.009,0.024,0.202,3.304,0.006,REVOKED
core_breakdown,1000,500,100,38,68,43,6743,2.916,2.002,0.02,0.196,3.254,0.006,REVOKED
core_breakdown,1000,500,100,38,68,44,6744,2.982,2.042,0.024,0.211,3.277,0.006,REVOKED
core_breakdown,1000,500,100,38,68,45,6745,2.949,2.019,0.024,0.196,3.371,0.007,REVOKED
core_breakdown,1000,500,100,38,68,46,6746,2.967,2.071,0.02,0.193,3.264,0.006,REVOKED
core_breakdown,1000,500,100,38,68,47,6747,3.024,2.039,0.026,0.209,3.263,0.006,REVOKED
core_breakdown,1000,500,100,38,68,48,6748,2.888,1.978,0.022,0.196,3.224,0.006,REVOKED
core_breakdown,1000,500,100,38,68,49,6749,2.919,2.012,0.025,0.194,3.321,0.01,REVOKED
core_breakdown,1000,500,100,38,68,50,6750,2.949,2.028,0.019,0.231,3.231,0.007,REVOKED
core_breakdown,1000,500,100,38,68,51,6751,2.928,1.991,0.027,0.201,3.294,0.006,REVOKED
core_breakdown,1000,500,100,38,68,52,6752,2.92,2.008,0.021,0.238,3.341,0.006,REVOKED
core_breakdown,1000,500,100,38,68,53,6753,2.933,2.011,0.024,0.2,3.274,0.006,REVOKED
core_breakdown,1000,500,100,38,68,54,6754,2.85,1.957,0.024,0.198,3.261,0.005,REVOKED
core_breakdown,1000,500,100,38,68,55,6755,2.996,2.051,0.024,0.195,3.414,0.006,REVOKED
core_breakdown,1000,500,100,38,68,56,6756,2.949,2.009,0.025,0.192,3.223,0.006,REVOKED
core_breakdown,1000,500,100,38,68,57,6757,2.894,1.985,0.024,0.202,3.39,0.006,REVOKED
core_breakdown,1000,500,100,38,68,58,6758,2.929,2.009,0.025,0.204,3.287,0.006,REVOKED
core_breakdown,1000,500,100,38,68,59,6759,2.886,1.974,0.02,0.191,3.255,0.006,REVOKED
core_breakdown,1000,500,100,38,68,60,6760,3.038,2.136,0.023,0.185,3.278,0.006,REVOKED
core_breakdown,1000,500,100,38,68,61,6761,2.951,2.03,0.023,0.203,3.272,0.006,REVOKED
core_breakdown,1000,500,100,38,68,62,6762,2.879,1.969,0.02,0.194,3.313,0.005,REVOKED
core_breakdown,1000,500,100,38,68,63,6763,2.94,2.032,0.025,0.2,3.287,0.006,REVOKED
core_breakdown,1000,500,100,38,68,64,6764,2.903,1.991,0.022,0.184,3.286,0.006,REVOKED
core_breakdown,1000,500,100,38,68,65,6765,2.914,1.991,0.022,0.207,3.249,0.005,REVOKED
core_breakdown,1000,500,100,38,68,66,6766,2.908,1.99,0.022,0.21,3.277,0.008,REVOKED
core_breakdown,1000,500,100,38,68,67,6767,2.925,2.021,0.023,0.197,3.309,0.006,REVOKED
core_breakdown,1000,500,100,38,68,68,6768,2.914,1.998,0.021,0.193,3.339,0.005,REVOKED
core_breakdown,1000,500,100,38,68,69,6769,2.881,1.969,0.02,0.192,3.291,0.006,REVOKED
core_breakdown,1000,500,100,38,68,70,6770,2.888,1.978,0.023,0.213,3.329,0.005,REVOKED
core_breakdown,1000,500,100,38,68,71,6771,3.032,2.108,0.023,0.187,3.347,0.006,REVOKED
core_breakdown,1000,500,100,38,68,72,6772,2.932,2.043,0.022,0.201,3.329,0.007,REVOKED
core_breakdown,1000,500,100,38,68,73,6773,2.946,1.985,0.026,0.225,3.374,0.006,REVOKED
core_breakdown,1000,500,100,38,68,74,6774,2.941,2.024,0.025,0.203,3.311,0.005,REVOKED
core_breakdown,1000,500,100,38,68,75,6775,2.98,2.04,0.023,0.223,3.303,0.005,REVOKED
core_breakdown,1000,500,100,38,68,76,6776,2.929,2.002,0.023,0.2,3.302,0.006,REVOKED
core_breakdown,1000,500,100,38,68,77,6777,2.917,1.997,0.022,0.187,3.34,0.006,REVOKED
core_breakdown,1000,500,100,38,68,78,6778,2.966,2.032,0.021,0.194,3.307,0.005,REVOKED
core_breakdown,1000,500,100,38,68,79,6779,2.953,1.995,0.023,0.199,3.377,0.006,REVOKED
core_breakdown,1000,500,100,38,68,80,6780,3.018,2.026,0.026,0.207,3.247,0.006,REVOKED
core_breakdown,1000,500,100,38,68,81,6781,2.952,2.025,0.02,0.185,3.306,0.005,REVOKED
core_breakdown,1000,500,100,38,68,82,6782,2.91,2.019,0.021,0.194,3.398,0.005,REVOKED
core_breakdown,1000,500,100,38,68,83,6783,2.905,1.989,0.023,0.191,3.291,0.005,REVOKED
core_breakdown,1000,500,100,38,68,84,6784,2.881,1.999,0.026,0.198,3.281,0.006,REVOKED
core_breakdown,1000,500,100,38,68,85,6785,3.712,2.787,0.021,0.193,3.277,0.005,REVOKED
core_breakdown,1000,500,100,38,68,86,6786,2.954,2.022,0.018,0.199,3.248,0.005,REVOKED
core_breakdown,1000,500,100,38,68,87,6787,2.983,2.05,0.02,0.194,3.275,0.007,REVOKED
core_breakdown,1000,500,100,38,68,88,6788,2.922,1.982,0.026,0.195,3.304,0.006,REVOKED
core_breakdown,1000,500,100,38,68,89,6789,2.944,2.029,0.027,0.197,3.347,0.012,REVOKED
core_breakdown,1000,500,100,38,68,90,6790,2.96,2.04,0.025,0.196,3.247,0.006,REVOKED
core_breakdown,1000,500,100,38,68,91,6791,2.879,1.981,0.025,0.191,3.302,0.006,REVOKED
core_breakdown,1000,500,100,38,68,92,6792,2.931,2.027,0.02,0.185,3.289,0.005,REVOKED
core_breakdown,1000,500,100,38,68,93,6793,3.059,2.146,0.026,0.207,3.271,0.006,REVOKED
core_breakdown,1000,500,100,38,68,94,6794,2.934,1.989,0.019,0.197,3.284,0.006,REVOKED
core_breakdown,1000,500,100,38,68,95,6795,2.879,1.967,0.026,0.203,3.291,0.005,REVOKED
core_breakdown,1000,500,100,38,68,96,6796,2.963,2.009,0.025,0.202,3.281,0.006,REVOKED
core_breakdown,1000,500,100,38,68,97,6797,3.03,2.113,0.022,0.191,3.25,0.012,REVOKED
core_breakdown,1000,500,100,38,68,98,6798,2.905,2.006,0.023,0.192,3.25,0.006,REVOKED
core_breakdown,1000,500,100,38,68,99,6799,2.965,2.005,0.026,0.188,3.372,0.006,REVOKED
core_breakdown,1000,500,100,38,68,100,6800,2.885,1.991,0.024,0.198,3.245,0.006,REVOKED
core_breakdown,1000,500,100,39,69,1,6801,5.815,3.678,0.286,0.428,6.717,0.053,REVOKED
core_breakdown,1000,500,100,39,69,2,6802,4.629,3.137,0.072,0.295,4.972,0.015,REVOKED
core_breakdown,1000,500,100,39,69,3,6803,4.032,2.765,0.04,0.272,4.159,0.011,REVOKED
core_breakdown,1000,500,100,39,69,4,6804,3.688,2.499,0.046,0.226,3.947,0.01,REVOKED
core_breakdown,1000,500,100,39,69,5,6805,3.574,2.457,0.036,0.226,3.92,0.009,REVOKED
core_breakdown,1000,500,100,39,69,6,6806,3.48,2.356,0.033,0.224,3.826,0.007,REVOKED
core_breakdown,1000,500,100,39,69,7,6807,3.424,2.306,0.027,0.237,3.745,0.006,REVOKED
core_breakdown,1000,500,100,39,69,8,6808,3.455,2.356,0.032,0.224,3.805,0.007,REVOKED
core_breakdown,1000,500,100,39,69,9,6809,3.425,2.349,0.033,0.224,3.845,0.009,REVOKED
core_breakdown,1000,500,100,39,69,10,6810,3.64,2.509,0.079,0.259,3.688,0.014,REVOKED
core_breakdown,1000,500,100,39,69,11,6811,3.036,2.063,0.038,0.212,3.906,0.011,REVOKED
core_breakdown,1000,500,100,39,69,12,6812,2.854,1.905,0.039,0.176,3.364,0.008,REVOKED
core_breakdown,1000,500,100,39,69,13,6813,2.933,2.01,0.03,0.204,3.349,0.008,REVOKED
core_breakdown,1000,500,100,39,69,14,6814,2.985,2.043,0.024,0.207,3.325,0.007,REVOKED
core_breakdown,1000,500,100,39,69,15,6815,2.913,2.0,0.025,0.193,3.287,0.006,REVOKED
core_breakdown,1000,500,100,39,69,16,6816,2.92,2.001,0.03,0.188,3.357,0.006,REVOKED
core_breakdown,1000,500,100,39,69,17,6817,2.929,2.007,0.022,0.191,3.254,0.006,REVOKED
core_breakdown,1000,500,100,39,69,18,6818,2.914,1.979,0.021,0.201,3.259,0.006,REVOKED
core_breakdown,1000,500,100,39,69,19,6819,3.044,2.119,0.025,0.193,3.292,0.006,REVOKED
core_breakdown,1000,500,100,39,69,20,6820,2.951,2.034,0.023,0.23,3.297,0.006,REVOKED
core_breakdown,1000,500,100,39,69,21,6821,2.953,2.026,0.026,0.206,3.323,0.006,REVOKED
core_breakdown,1000,500,100,39,69,22,6822,2.957,2.031,0.022,0.204,3.269,0.006,REVOKED
core_breakdown,1000,500,100,39,69,23,6823,2.944,2.03,0.026,0.205,3.252,0.006,REVOKED
core_breakdown,1000,500,100,39,69,24,6824,2.919,1.989,0.025,0.197,3.294,0.006,REVOKED
core_breakdown,1000,500,100,39,69,25,6825,2.917,1.982,0.022,0.188,3.437,0.008,REVOKED
core_breakdown,1000,500,100,39,69,26,6826,2.947,1.971,0.027,0.194,3.42,0.007,REVOKED
core_breakdown,1000,500,100,39,69,27,6827,2.975,2.001,0.022,0.21,3.389,0.006,REVOKED
core_breakdown,1000,500,100,39,69,28,6828,3.022,2.057,0.033,0.19,3.282,0.006,REVOKED
core_breakdown,1000,500,100,39,69,29,6829,2.843,1.92,0.022,0.196,3.325,0.006,REVOKED
core_breakdown,1000,500,100,39,69,30,6830,3.022,2.065,0.028,0.21,3.251,0.006,REVOKED
core_breakdown,1000,500,100,39,69,31,6831,2.905,2.003,0.025,0.209,3.27,0.005,REVOKED
core_breakdown,1000,500,100,39,69,32,6832,2.954,2.011,0.023,0.207,3.258,0.007,REVOKED
core_breakdown,1000,500,100,39,69,33,6833,2.841,1.954,0.021,0.185,3.213,0.006,REVOKED
core_breakdown,1000,500,100,39,69,34,6834,2.858,1.971,0.025,0.195,3.233,0.005,REVOKED
core_breakdown,1000,500,100,39,69,35,6835,2.852,1.936,0.023,0.186,3.194,0.006,REVOKED
core_breakdown,1000,500,100,39,69,36,6836,2.879,1.996,0.021,0.195,3.174,0.006,REVOKED
core_breakdown,1000,500,100,39,69,37,6837,2.887,2.003,0.022,0.189,3.248,0.007,REVOKED
core_breakdown,1000,500,100,39,69,38,6838,2.894,1.991,0.023,0.214,3.238,0.006,REVOKED
core_breakdown,1000,500,100,39,69,39,6839,3.039,2.075,0.022,0.195,3.298,0.006,REVOKED
core_breakdown,1000,500,100,39,69,40,6840,2.975,2.089,0.022,0.214,3.239,0.006,REVOKED
core_breakdown,1000,500,100,39,69,41,6841,2.832,1.93,0.022,0.188,3.233,0.005,REVOKED
core_breakdown,1000,500,100,39,69,42,6842,2.918,1.996,0.026,0.193,3.179,0.006,REVOKED
core_breakdown,1000,500,100,39,69,43,6843,2.907,2.003,0.023,0.196,3.207,0.006,REVOKED
core_breakdown,1000,500,100,39,69,44,6844,2.947,2.006,0.023,0.191,3.187,0.005,REVOKED
core_breakdown,1000,500,100,39,69,45,6845,2.84,1.938,0.022,0.188,3.275,0.007,REVOKED
core_breakdown,1000,500,100,39,69,46,6846,2.881,1.994,0.02,0.185,3.221,0.005,REVOKED
core_breakdown,1000,500,100,39,69,47,6847,2.855,1.947,0.028,0.191,3.276,0.005,REVOKED
core_breakdown,1000,500,100,39,69,48,6848,2.856,1.954,0.024,0.191,3.21,0.005,REVOKED
core_breakdown,1000,500,100,39,69,49,6849,2.851,1.966,0.022,0.191,3.346,0.01,REVOKED
core_breakdown,1000,500,100,39,69,50,6850,2.837,1.945,0.027,0.191,3.261,0.006,REVOKED
core_breakdown,1000,500,100,39,69,51,6851,3.026,2.099,0.021,0.209,3.324,0.008,REVOKED
core_breakdown,1000,500,100,39,69,52,6852,2.955,2.038,0.025,0.194,3.39,0.006,REVOKED
core_breakdown,1000,500,100,39,69,53,6853,2.912,1.977,0.026,0.195,3.388,0.006,REVOKED
core_breakdown,1000,500,100,39,69,54,6854,3.005,2.098,0.023,0.197,3.322,0.006,REVOKED
core_breakdown,1000,500,100,39,69,55,6855,3.007,2.087,0.023,0.197,3.403,0.006,REVOKED
core_breakdown,1000,500,100,39,69,56,6856,2.94,2.012,0.026,0.192,3.292,0.006,REVOKED
core_breakdown,1000,500,100,39,69,57,6857,2.934,2.03,0.025,0.188,3.288,0.005,REVOKED
core_breakdown,1000,500,100,39,69,58,6858,2.867,1.969,0.023,0.193,3.235,0.006,REVOKED
core_breakdown,1000,500,100,39,69,59,6859,3.003,2.098,0.023,0.19,3.318,0.006,REVOKED
core_breakdown,1000,500,100,39,69,60,6860,2.95,2.002,0.024,0.204,3.277,0.006,REVOKED
core_breakdown,1000,500,100,39,69,61,6861,3.047,2.142,0.024,0.198,3.362,0.006,REVOKED
core_breakdown,1000,500,100,39,69,62,6862,2.874,1.949,0.025,0.203,3.288,0.006,REVOKED
core_breakdown,1000,500,100,39,69,63,6863,2.908,1.98,0.024,0.195,3.322,0.006,REVOKED
core_breakdown,1000,500,100,39,69,64,6864,2.927,1.974,0.028,0.191,3.325,0.006,REVOKED
core_breakdown,1000,500,100,39,69,65,6865,2.933,1.978,0.021,0.2,3.334,0.006,REVOKED
core_breakdown,1000,500,100,39,69,66,6866,2.945,1.999,0.023,0.202,3.256,0.007,REVOKED
core_breakdown,1000,500,100,39,69,67,6867,2.865,1.966,0.026,0.186,3.255,0.006,REVOKED
core_breakdown,1000,500,100,39,69,68,6868,2.915,2.009,0.024,0.216,3.369,0.006,REVOKED
core_breakdown,1000,500,100,39,69,69,6869,2.932,2.019,0.022,0.192,3.248,0.006,REVOKED
core_breakdown,1000,500,100,39,69,70,6870,2.958,2.005,0.024,0.205,3.339,0.006,REVOKED
core_breakdown,1000,500,100,39,69,71,6871,2.91,1.999,0.021,0.197,3.301,0.006,REVOKED
core_breakdown,1000,500,100,39,69,72,6872,2.89,1.99,0.021,0.219,3.316,0.006,REVOKED
core_breakdown,1000,500,100,39,69,73,6873,2.967,2.034,0.026,0.193,3.266,0.006,REVOKED
core_breakdown,1000,500,100,39,69,74,6874,2.883,1.983,0.023,0.207,3.251,0.006,REVOKED
core_breakdown,1000,500,100,39,69,75,6875,2.899,2.021,0.023,0.194,3.316,0.006,REVOKED
core_breakdown,1000,500,100,39,69,76,6876,2.936,2.015,0.022,0.19,3.286,0.006,REVOKED
core_breakdown,1000,500,100,39,69,77,6877,3.008,2.042,0.024,0.193,3.287,0.005,REVOKED
core_breakdown,1000,500,100,39,69,78,6878,2.95,2.06,0.024,0.19,3.309,0.005,REVOKED
core_breakdown,1000,500,100,39,69,79,6879,2.977,2.029,0.024,0.199,3.287,0.006,REVOKED
core_breakdown,1000,500,100,39,69,80,6880,2.943,2.018,0.021,0.202,3.242,0.006,REVOKED
core_breakdown,1000,500,100,39,69,81,6881,2.991,2.081,0.026,0.194,3.329,0.006,REVOKED
core_breakdown,1000,500,100,39,69,82,6882,2.976,2.03,0.024,0.189,3.277,0.011,REVOKED
core_breakdown,1000,500,100,39,69,83,6883,2.927,1.993,0.025,0.194,3.304,0.006,REVOKED
core_breakdown,1000,500,100,39,69,84,6884,2.901,1.983,0.023,0.187,3.256,0.007,REVOKED
core_breakdown,1000,500,100,39,69,85,6885,2.933,2.014,0.025,0.191,3.317,0.006,REVOKED
core_breakdown,1000,500,100,39,69,86,6886,2.946,2.04,0.032,0.192,3.267,0.006,REVOKED
core_breakdown,1000,500,100,39,69,87,6887,2.918,2.024,0.021,0.198,3.314,0.005,REVOKED
core_breakdown,1000,500,100,39,69,88,6888,2.896,1.98,0.024,0.189,3.216,0.006,REVOKED
core_breakdown,1000,500,100,39,69,89,6889,2.952,2.026,0.022,0.187,3.166,0.006,REVOKED
core_breakdown,1000,500,100,39,69,90,6890,2.571,1.787,0.021,0.164,2.95,0.005,REVOKED
core_breakdown,1000,500,100,39,69,91,6891,2.513,1.684,0.021,0.174,2.953,0.006,REVOKED
core_breakdown,1000,500,100,39,69,92,6892,2.536,1.753,0.019,0.171,3.014,0.006,REVOKED
core_breakdown,1000,500,100,39,69,93,6893,2.551,1.751,0.025,0.172,2.926,0.007,REVOKED
core_breakdown,1000,500,100,39,69,94,6894,2.54,1.721,0.026,0.172,2.939,0.005,REVOKED
core_breakdown,1000,500,100,39,69,95,6895,2.543,1.731,0.021,0.17,3.067,0.006,REVOKED
core_breakdown,1000,500,100,39,69,96,6896,2.571,1.774,0.022,0.166,2.966,0.005,REVOKED
core_breakdown,1000,500,100,39,69,97,6897,2.5,1.706,0.023,0.175,2.897,0.02,REVOKED
core_breakdown,1000,500,100,39,69,98,6898,2.578,1.745,0.019,0.176,2.929,0.006,REVOKED
core_breakdown,1000,500,100,39,69,99,6899,2.609,1.787,0.024,0.184,2.916,0.005,REVOKED
core_breakdown,1000,500,100,39,69,100,6900,2.626,1.786,0.02,0.18,2.98,0.005,REVOKED
core_breakdown,1000,500,100,40,70,1,6901,6.49,4.009,0.288,0.464,7.211,0.06,REVOKED
core_breakdown,1000,500,100,40,70,2,6902,6.407,4.14,0.18,0.408,6.226,0.029,REVOKED
core_breakdown,1000,500,100,40,70,3,6903,5.068,3.42,0.087,0.328,5.259,0.021,REVOKED
core_breakdown,1000,500,100,40,70,4,6904,4.809,3.257,0.075,0.314,4.824,0.012,REVOKED
core_breakdown,1000,500,100,40,70,5,6905,4.088,2.838,0.051,0.28,3.984,0.009,REVOKED
core_breakdown,1000,500,100,40,70,6,6906,4.027,2.732,0.054,0.231,3.944,0.008,REVOKED
core_breakdown,1000,500,100,40,70,7,6907,8.064,6.932,0.044,0.238,4.092,0.011,REVOKED
core_breakdown,1000,500,100,40,70,8,6908,3.518,2.394,0.035,0.235,3.886,0.009,REVOKED
core_breakdown,1000,500,100,40,70,9,6909,3.386,2.306,0.032,0.223,3.696,0.006,REVOKED
core_breakdown,1000,500,100,40,70,10,6910,3.397,2.294,0.072,0.223,3.469,0.015,REVOKED
core_breakdown,1000,500,100,40,70,11,6911,3.075,2.092,0.038,0.201,3.433,0.008,REVOKED
core_breakdown,1000,500,100,40,70,12,6912,2.968,2.031,0.026,0.199,3.389,0.008,REVOKED
core_breakdown,1000,500,100,40,70,13,6913,2.971,2.03,0.025,0.209,3.41,0.01,REVOKED
core_breakdown,1000,500,100,40,70,14,6914,2.984,2.064,0.024,0.203,3.298,0.006,REVOKED
core_breakdown,1000,500,100,40,70,15,6915,2.965,2.03,0.026,0.211,3.335,0.006,REVOKED
core_breakdown,1000,500,100,40,70,16,6916,2.96,2.048,0.024,0.22,3.277,0.006,REVOKED
core_breakdown,1000,500,100,40,70,17,6917,2.941,2.007,0.023,0.195,3.51,0.006,REVOKED
core_breakdown,1000,500,100,40,70,18,6918,2.963,2.036,0.022,0.203,3.41,0.006,REVOKED
core_breakdown,1000,500,100,40,70,19,6919,3.01,2.058,0.026,0.209,3.329,0.008,REVOKED
core_breakdown,1000,500,100,40,70,20,6920,2.924,2.01,0.023,0.181,3.314,0.005,REVOKED
core_breakdown,1000,500,100,40,70,21,6921,2.946,2.028,0.028,0.214,3.288,0.006,REVOKED
core_breakdown,1000,500,100,40,70,22,6922,2.985,2.059,0.031,0.206,3.287,0.006,REVOKED
core_breakdown,1000,500,100,40,70,23,6923,2.918,1.997,0.027,0.194,3.349,0.006,REVOKED
core_breakdown,1000,500,100,40,70,24,6924,2.934,2.009,0.026,0.189,3.331,0.006,REVOKED
core_breakdown,1000,500,100,40,70,25,6925,2.963,2.029,0.022,0.193,3.403,0.009,REVOKED
core_breakdown,1000,500,100,40,70,26,6926,3.011,2.057,0.027,0.192,3.218,0.007,REVOKED
core_breakdown,1000,500,100,40,70,27,6927,2.929,1.995,0.024,0.185,3.291,0.006,REVOKED
core_breakdown,1000,500,100,40,70,28,6928,2.959,2.022,0.021,0.198,3.266,0.006,REVOKED
core_breakdown,1000,500,100,40,70,29,6929,2.948,2.048,0.025,0.204,3.294,0.006,REVOKED
core_breakdown,1000,500,100,40,70,30,6930,2.91,2.022,0.021,0.185,3.505,0.006,REVOKED
core_breakdown,1000,500,100,40,70,31,6931,2.565,1.685,0.025,0.183,3.134,0.006,REVOKED
core_breakdown,1000,500,100,40,70,32,6932,2.966,2.021,0.02,0.233,3.466,0.006,REVOKED
core_breakdown,1000,500,100,40,70,33,6933,2.913,1.982,0.023,0.21,3.725,0.007,REVOKED
core_breakdown,1000,500,100,40,70,34,6934,3.232,2.275,0.043,0.199,3.327,0.006,REVOKED
core_breakdown,1000,500,100,40,70,35,6935,2.901,1.975,0.028,0.191,3.314,0.006,REVOKED
core_breakdown,1000,500,100,40,70,36,6936,2.91,2.009,0.028,0.187,3.28,0.006,REVOKED
core_breakdown,1000,500,100,40,70,37,6937,2.935,1.989,0.023,0.205,3.239,0.007,REVOKED
core_breakdown,1000,500,100,40,70,38,6938,2.894,1.987,0.023,0.192,3.214,0.007,REVOKED
core_breakdown,1000,500,100,40,70,39,6939,2.903,1.985,0.024,0.204,3.277,0.006,REVOKED
core_breakdown,1000,500,100,40,70,40,6940,2.939,2.034,0.025,0.219,3.247,0.011,REVOKED
core_breakdown,1000,500,100,40,70,41,6941,2.981,2.032,0.027,0.198,3.228,0.006,REVOKED
core_breakdown,1000,500,100,40,70,42,6942,2.889,1.994,0.025,0.185,2.867,0.006,REVOKED
core_breakdown,1000,500,100,40,70,43,6943,2.576,1.771,0.022,0.181,2.899,0.006,REVOKED
core_breakdown,1000,500,100,40,70,44,6944,2.602,1.744,0.024,0.17,2.906,0.005,REVOKED
core_breakdown,1000,500,100,40,70,45,6945,2.521,1.716,0.02,0.17,2.895,0.006,REVOKED
core_breakdown,1000,500,100,40,70,46,6946,2.497,1.705,0.024,0.181,3.013,0.012,REVOKED
core_breakdown,1000,500,100,40,70,47,6947,2.518,1.722,0.022,0.17,2.878,0.006,REVOKED
core_breakdown,1000,500,100,40,70,48,6948,2.541,1.734,0.021,0.171,2.914,0.006,REVOKED
core_breakdown,1000,500,100,40,70,49,6949,2.528,1.724,0.026,0.155,2.929,0.01,REVOKED
core_breakdown,1000,500,100,40,70,50,6950,2.574,1.748,0.025,0.177,2.903,0.005,REVOKED
core_breakdown,1000,500,100,40,70,51,6951,2.629,1.799,0.025,0.179,2.906,0.006,REVOKED
core_breakdown,1000,500,100,40,70,52,6952,2.486,1.728,0.023,0.165,2.888,0.006,REVOKED
core_breakdown,1000,500,100,40,70,53,6953,2.508,1.722,0.025,0.173,2.907,0.007,REVOKED
core_breakdown,1000,500,100,40,70,54,6954,2.599,1.781,0.021,0.188,2.928,0.006,REVOKED
core_breakdown,1000,500,100,40,70,55,6955,2.644,1.794,0.023,0.174,2.892,0.006,REVOKED
core_breakdown,1000,500,100,40,70,56,6956,2.579,1.755,0.027,0.173,2.948,0.005,REVOKED
core_breakdown,1000,500,100,40,70,57,6957,2.586,1.769,0.025,0.175,2.911,0.006,REVOKED
core_breakdown,1000,500,100,40,70,58,6958,2.564,1.745,0.023,0.19,3.162,0.005,REVOKED
core_breakdown,1000,500,100,40,70,59,6959,2.963,2.004,0.021,0.215,3.4,0.006,REVOKED
core_breakdown,1000,500,100,40,70,60,6960,3.047,2.054,0.027,0.213,3.498,0.006,REVOKED
core_breakdown,1000,500,100,40,70,61,6961,3.108,2.121,0.023,0.194,3.391,0.007,REVOKED
core_breakdown,1000,500,100,40,70,62,6962,3.05,2.08,0.019,0.215,3.315,0.006,REVOKED
core_breakdown,1000,500,100,40,70,63,6963,3.074,2.125,0.027,0.202,3.402,0.006,REVOKED
core_breakdown,1000,500,100,40,70,64,6964,2.959,2.004,0.019,0.188,3.271,0.006,REVOKED
core_breakdown,1000,500,100,40,70,65,6965,2.917,2.018,0.023,0.191,3.292,0.005,REVOKED
core_breakdown,1000,500,100,40,70,66,6966,2.942,1.994,0.023,0.204,3.333,0.006,REVOKED
core_breakdown,1000,500,100,40,70,67,6967,2.89,1.975,0.022,0.208,3.312,0.006,REVOKED
core_breakdown,1000,500,100,40,70,68,6968,2.962,2.042,0.023,0.204,3.283,0.006,REVOKED
core_breakdown,1000,500,100,40,70,69,6969,2.919,1.972,0.026,0.195,3.289,0.006,REVOKED
core_breakdown,1000,500,100,40,70,70,6970,2.915,1.992,0.023,0.209,3.276,0.006,REVOKED
core_breakdown,1000,500,100,40,70,71,6971,2.912,1.982,0.025,0.198,3.339,0.005,REVOKED
core_breakdown,1000,500,100,40,70,72,6972,2.94,2.043,0.021,0.192,3.35,0.006,REVOKED
core_breakdown,1000,500,100,40,70,73,6973,2.946,2.006,0.021,0.217,3.272,0.007,REVOKED
core_breakdown,1000,500,100,40,70,74,6974,2.892,1.974,0.023,0.194,3.283,0.006,REVOKED
core_breakdown,1000,500,100,40,70,75,6975,2.993,2.059,0.02,0.195,3.248,0.008,REVOKED
core_breakdown,1000,500,100,40,70,76,6976,2.973,2.04,0.025,0.192,3.308,0.006,REVOKED
core_breakdown,1000,500,100,40,70,77,6977,2.926,2.013,0.022,0.188,3.349,0.006,REVOKED
core_breakdown,1000,500,100,40,70,78,6978,2.93,1.99,0.02,0.195,3.277,0.006,REVOKED
core_breakdown,1000,500,100,40,70,79,6979,2.939,2.017,0.024,0.204,3.292,0.005,REVOKED
core_breakdown,1000,500,100,40,70,80,6980,3.009,2.045,0.024,0.195,3.242,0.007,REVOKED
core_breakdown,1000,500,100,40,70,81,6981,2.966,2.062,0.02,0.199,3.298,0.012,REVOKED
core_breakdown,1000,500,100,40,70,82,6982,2.936,2.017,0.025,0.202,3.313,0.006,REVOKED
core_breakdown,1000,500,100,40,70,83,6983,2.946,2.033,0.024,0.189,3.316,0.006,REVOKED
core_breakdown,1000,500,100,40,70,84,6984,2.993,2.04,0.021,0.22,3.507,0.007,REVOKED
core_breakdown,1000,500,100,40,70,85,6985,3.083,2.149,0.024,0.198,3.286,0.008,REVOKED
core_breakdown,1000,500,100,40,70,86,6986,2.928,2.034,0.02,0.199,3.291,0.007,REVOKED
core_breakdown,1000,500,100,40,70,87,6987,2.891,1.99,0.022,0.198,3.318,0.007,REVOKED
core_breakdown,1000,500,100,40,70,88,6988,3.009,2.113,0.026,0.187,3.343,0.006,REVOKED
core_breakdown,1000,500,100,40,70,89,6989,2.911,1.999,0.025,0.203,3.306,0.006,REVOKED
core_breakdown,1000,500,100,40,70,90,6990,2.939,2.039,0.023,0.198,3.302,0.005,REVOKED
core_breakdown,1000,500,100,40,70,91,6991,2.974,1.997,0.025,0.198,3.247,0.005,REVOKED
core_breakdown,1000,500,100,40,70,92,6992,2.967,2.011,0.021,0.209,3.334,0.006,REVOKED
core_breakdown,1000,500,100,40,70,93,6993,2.984,2.035,0.024,0.196,3.392,0.011,REVOKED
core_breakdown,1000,500,100,40,70,94,6994,2.978,2.066,0.021,0.196,3.373,0.007,REVOKED
core_breakdown,1000,500,100,40,70,95,6995,2.942,2.038,0.024,0.205,3.263,0.005,REVOKED
core_breakdown,1000,500,100,40,70,96,6996,3.618,2.013,0.025,0.189,3.221,0.006,REVOKED
core_breakdown,1000,500,100,40,70,97,6997,2.952,2.037,0.023,0.201,3.263,0.016,REVOKED
core_breakdown,1000,500,100,40,70,98,6998,2.895,1.996,0.026,0.205,3.303,0.006,REVOKED
core_breakdown,1000,500,100,40,70,99,6999,2.908,2.0,0.022,0.191,3.298,0.005,REVOKED
core_breakdown,1000,500,100,40,70,100,7000,2.931,2.007,0.028,0.19,3.278,0.006,REVOKED
core_breakdown,1000,500,100,41,71,1,7001,5.835,3.705,0.28,0.5,7.027,0.066,REVOKED
core_breakdown,1000,500,100,41,71,2,7002,5.611,3.8,0.106,0.348,5.672,0.031,REVOKED
core_breakdown,1000,500,100,41,71,3,7003,4.819,3.229,0.08,0.309,5.182,0.017,REVOKED
core_breakdown,1000,500,100,41,71,4,7004,4.792,3.225,0.075,0.314,4.955,0.017,REVOKED
core_breakdown,1000,500,100,41,71,5,7005,4.711,3.204,0.071,0.274,4.324,0.009,REVOKED
core_breakdown,1000,500,100,41,71,6,7006,3.647,2.487,0.04,0.251,4.001,0.009,REVOKED
core_breakdown,1000,500,100,41,71,7,7007,3.615,2.455,0.038,0.243,3.939,0.008,REVOKED
core_breakdown,1000,500,100,41,71,8,7008,3.58,2.454,0.033,0.227,3.887,0.007,REVOKED
core_breakdown,1000,500,100,41,71,9,7009,3.528,2.4,0.032,0.219,3.853,0.007,REVOKED
core_breakdown,1000,500,100,41,71,10,7010,3.511,2.391,0.052,0.232,3.821,0.009,REVOKED
core_breakdown,1000,500,100,41,71,11,7011,3.499,2.387,0.031,0.268,3.749,0.006,REVOKED
core_breakdown,1000,500,100,41,71,12,7012,3.415,2.332,0.033,0.224,3.739,0.006,REVOKED
core_breakdown,1000,500,100,41,71,13,7013,3.333,2.289,0.025,0.217,3.737,0.016,REVOKED
core_breakdown,1000,500,100,41,71,14,7014,2.906,1.893,0.079,0.195,3.128,0.009,REVOKED
core_breakdown,1000,500,100,41,71,15,7015,2.938,2.014,0.037,0.202,3.3,0.009,REVOKED
core_breakdown,1000,500,100,41,71,16,7016,2.644,1.805,0.038,0.19,3.032,0.007,REVOKED
core_breakdown,1000,500,100,41,71,17,7017,2.611,1.781,0.028,0.178,3.029,0.006,REVOKED
core_breakdown,1000,500,100,41,71,18,7018,2.633,1.785,0.025,0.182,2.922,0.006,REVOKED
core_breakdown,1000,500,100,41,71,19,7019,2.616,1.787,0.022,0.174,3.021,0.006,REVOKED
core_breakdown,1000,500,100,41,71,20,7020,2.649,1.802,0.034,0.178,3.012,0.006,REVOKED
core_breakdown,1000,500,100,41,71,21,7021,2.594,1.773,0.026,0.175,2.983,0.005,REVOKED
core_breakdown,1000,500,100,41,71,22,7022,2.573,1.768,0.024,0.194,2.968,0.009,REVOKED
core_breakdown,1000,500,100,41,71,23,7023,2.563,1.712,0.024,0.187,3.059,0.006,REVOKED
core_breakdown,1000,500,100,41,71,24,7024,2.566,1.748,0.021,0.17,2.957,0.006,REVOKED
core_breakdown,1000,500,100,41,71,25,7025,2.613,1.782,0.028,0.209,2.968,0.009,REVOKED
core_breakdown,1000,500,100,41,71,26,7026,2.591,1.72,0.026,0.171,2.997,0.006,REVOKED
core_breakdown,1000,500,100,41,71,27,7027,2.557,1.743,0.024,0.194,2.926,0.011,REVOKED
core_breakdown,1000,500,100,41,71,28,7028,2.583,1.773,0.025,0.182,2.954,0.005,REVOKED
core_breakdown,1000,500,100,41,71,29,7029,2.589,1.768,0.024,0.17,2.977,0.01,REVOKED
core_breakdown,1000,500,100,41,71,30,7030,2.599,1.766,0.023,0.183,2.958,0.006,REVOKED
core_breakdown,1000,500,100,41,71,31,7031,2.59,1.728,0.025,0.17,2.938,0.005,REVOKED
core_breakdown,1000,500,100,41,71,32,7032,2.613,1.8,0.026,0.179,2.954,0.006,REVOKED
core_breakdown,1000,500,100,41,71,33,7033,2.551,1.725,0.023,0.171,2.971,0.006,REVOKED
core_breakdown,1000,500,100,41,71,34,7034,2.55,1.74,0.024,0.161,2.974,0.006,REVOKED
core_breakdown,1000,500,100,41,71,35,7035,2.609,1.766,0.023,0.178,2.961,0.006,REVOKED
core_breakdown,1000,500,100,41,71,36,7036,2.554,1.779,0.023,0.168,2.97,0.006,REVOKED
core_breakdown,1000,500,100,41,71,37,7037,2.552,1.74,0.027,0.182,2.999,0.005,REVOKED
core_breakdown,1000,500,100,41,71,38,7038,2.595,1.781,0.021,0.171,2.897,0.006,REVOKED
core_breakdown,1000,500,100,41,71,39,7039,5.026,4.007,0.032,0.239,3.422,0.008,REVOKED
core_breakdown,1000,500,100,41,71,40,7040,2.99,2.026,0.024,0.2,3.33,0.006,REVOKED
core_breakdown,1000,500,100,41,71,41,7041,2.876,1.968,0.027,0.193,3.261,0.007,REVOKED
core_breakdown,1000,500,100,41,71,42,7042,3.08,2.153,0.044,0.203,3.357,0.007,REVOKED
core_breakdown,1000,500,100,41,71,43,7043,2.913,2.005,0.024,0.201,3.286,0.006,REVOKED
core_breakdown,1000,500,100,41,71,44,7044,2.984,2.015,0.026,0.193,3.366,0.006,REVOKED
core_breakdown,1000,500,100,41,71,45,7045,2.887,1.989,0.023,0.197,3.269,0.006,REVOKED
core_breakdown,1000,500,100,41,71,46,7046,3.003,2.042,0.021,0.229,3.278,0.008,REVOKED
core_breakdown,1000,500,100,41,71,47,7047,2.922,2.018,0.019,0.205,3.421,0.006,REVOKED
core_breakdown,1000,500,100,41,71,48,7048,2.938,2.021,0.027,0.195,3.285,0.006,REVOKED
core_breakdown,1000,500,100,41,71,49,7049,2.939,2.009,0.028,0.197,3.264,0.01,REVOKED
core_breakdown,1000,500,100,41,71,50,7050,2.928,1.995,0.023,0.206,3.359,0.006,REVOKED
core_breakdown,1000,500,100,41,71,51,7051,2.9,1.972,0.023,0.203,3.245,0.006,REVOKED
core_breakdown,1000,500,100,41,71,52,7052,2.949,2.001,0.023,0.197,3.237,0.006,REVOKED
core_breakdown,1000,500,100,41,71,53,7053,2.985,2.058,0.028,0.197,3.281,0.006,REVOKED
core_breakdown,1000,500,100,41,71,54,7054,2.99,2.083,0.022,0.197,3.464,0.005,REVOKED
core_breakdown,1000,500,100,41,71,55,7055,2.92,1.966,0.019,0.22,3.692,0.01,REVOKED
core_breakdown,1000,500,100,41,71,56,7056,2.931,2.011,0.019,0.203,3.418,0.005,REVOKED
core_breakdown,1000,500,100,41,71,57,7057,3.009,2.056,0.02,0.213,3.426,0.005,REVOKED
core_breakdown,1000,500,100,41,71,58,7058,3.053,2.051,0.025,0.215,3.324,0.006,REVOKED
core_breakdown,1000,500,100,41,71,59,7059,3.017,2.068,0.02,0.215,3.337,0.006,REVOKED
core_breakdown,1000,500,100,41,71,60,7060,2.907,2.001,0.028,0.183,3.314,0.006,REVOKED
core_breakdown,1000,500,100,41,71,61,7061,2.974,2.055,0.022,0.194,3.393,0.006,REVOKED
core_breakdown,1000,500,100,41,71,62,7062,2.927,1.988,0.026,0.206,3.312,0.005,REVOKED
core_breakdown,1000,500,100,41,71,63,7063,2.93,2.014,0.021,0.189,3.238,0.007,REVOKED
core_breakdown,1000,500,100,41,71,64,7064,2.962,2.035,0.019,0.234,3.329,0.006,REVOKED
core_breakdown,1000,500,100,41,71,65,7065,3.024,2.12,0.019,0.2,3.257,0.006,REVOKED
core_breakdown,1000,500,100,41,71,66,7066,2.971,2.042,0.026,0.199,3.251,0.006,REVOKED
core_breakdown,1000,500,100,41,71,67,7067,2.959,2.026,0.024,0.202,3.292,0.005,REVOKED
core_breakdown,1000,500,100,41,71,68,7068,2.931,2.018,0.019,0.198,3.224,0.005,REVOKED
core_breakdown,1000,500,100,41,71,69,7069,2.521,1.726,0.026,0.219,3.228,0.007,REVOKED
core_breakdown,1000,500,100,41,71,70,7070,2.899,1.995,0.019,0.202,3.272,0.006,REVOKED
core_breakdown,1000,500,100,41,71,71,7071,2.939,1.991,0.023,0.188,3.364,0.006,REVOKED
core_breakdown,1000,500,100,41,71,72,7072,2.942,2.016,0.02,0.203,3.348,0.009,REVOKED
core_breakdown,1000,500,100,41,71,73,7073,3.032,2.0,0.025,0.203,3.315,0.005,REVOKED
core_breakdown,1000,500,100,41,71,74,7074,2.923,1.999,0.021,0.19,3.24,0.006,REVOKED
core_breakdown,1000,500,100,41,71,75,7075,2.962,2.012,0.021,0.207,3.246,0.005,REVOKED
core_breakdown,1000,500,100,41,71,76,7076,2.927,2.008,0.022,0.201,3.265,0.006,REVOKED
core_breakdown,1000,500,100,41,71,77,7077,2.882,1.966,0.027,0.218,3.22,0.005,REVOKED
core_breakdown,1000,500,100,41,71,78,7078,2.87,1.981,0.021,0.191,3.259,0.005,REVOKED
core_breakdown,1000,500,100,41,71,79,7079,3.006,2.042,0.025,0.194,3.325,0.005,REVOKED
core_breakdown,1000,500,100,41,71,80,7080,2.956,2.027,0.022,0.191,3.266,0.006,REVOKED
core_breakdown,1000,500,100,41,71,81,7081,2.866,1.985,0.024,0.188,3.232,0.005,REVOKED
core_breakdown,1000,500,100,41,71,82,7082,2.927,1.996,0.021,0.237,3.266,0.005,REVOKED
core_breakdown,1000,500,100,41,71,83,7083,2.958,2.034,0.022,0.198,3.359,0.012,REVOKED
core_breakdown,1000,500,100,41,71,84,7084,2.928,1.996,0.025,0.185,3.19,0.006,REVOKED
core_breakdown,1000,500,100,41,71,85,7085,2.935,2.028,0.023,0.193,3.22,0.006,REVOKED
core_breakdown,1000,500,100,41,71,86,7086,2.963,2.044,0.021,0.205,3.293,0.006,REVOKED
core_breakdown,1000,500,100,41,71,87,7087,2.9,1.971,0.022,0.204,3.253,0.006,REVOKED
core_breakdown,1000,500,100,41,71,88,7088,2.973,2.04,0.026,0.195,3.252,0.006,REVOKED
core_breakdown,1000,500,100,41,71,89,7089,2.919,1.991,0.024,0.2,3.364,0.006,REVOKED
core_breakdown,1000,500,100,41,71,90,7090,3.009,2.077,0.022,0.189,3.292,0.006,REVOKED
core_breakdown,1000,500,100,41,71,91,7091,2.918,1.986,0.02,0.202,3.343,0.005,REVOKED
core_breakdown,1000,500,100,41,71,92,7092,2.976,2.031,0.018,0.189,3.345,0.005,REVOKED
core_breakdown,1000,500,100,41,71,93,7093,3.003,1.987,0.025,0.193,3.275,0.006,REVOKED
core_breakdown,1000,500,100,41,71,94,7094,2.942,2.012,0.022,0.206,3.302,0.006,REVOKED
core_breakdown,1000,500,100,41,71,95,7095,3.005,2.065,0.023,0.192,3.243,0.005,REVOKED
core_breakdown,1000,500,100,41,71,96,7096,2.924,2.01,0.027,0.193,3.327,0.011,REVOKED
core_breakdown,1000,500,100,41,71,97,7097,2.949,2.007,0.026,0.192,3.279,0.021,REVOKED
core_breakdown,1000,500,100,41,71,98,7098,2.975,2.024,0.023,0.193,3.27,0.005,REVOKED
core_breakdown,1000,500,100,41,71,99,7099,2.939,2.042,0.021,0.191,3.353,0.006,REVOKED
core_breakdown,1000,500,100,41,71,100,7100,2.966,2.033,0.021,0.221,3.279,0.005,REVOKED
core_breakdown,1000,500,100,42,72,1,7101,6.863,4.054,0.293,0.487,7.875,0.064,REVOKED
core_breakdown,1000,500,100,42,72,2,7102,6.491,4.319,0.134,0.386,6.189,0.028,REVOKED
core_breakdown,1000,500,100,42,72,3,7103,5.136,3.462,0.092,0.311,5.162,0.017,REVOKED
core_breakdown,1000,500,100,42,72,4,7104,4.584,3.057,0.084,0.326,5.006,0.013,REVOKED
core_breakdown,1000,500,100,42,72,5,7105,4.081,2.778,0.054,0.267,4.337,0.011,REVOKED
core_breakdown,1000,500,100,42,72,6,7106,4.018,2.706,0.049,0.275,4.397,0.013,REVOKED
core_breakdown,1000,500,100,42,72,7,7107,3.997,2.742,0.038,0.241,4.043,0.008,REVOKED
core_breakdown,1000,500,100,42,72,8,7108,3.661,2.466,0.035,0.251,3.865,0.007,REVOKED
core_breakdown,1000,500,100,42,72,9,7109,3.545,2.392,0.035,0.229,3.759,0.006,REVOKED
core_breakdown,1000,500,100,42,72,10,7110,3.373,2.305,0.031,0.215,3.734,0.008,REVOKED
core_breakdown,1000,500,100,42,72,11,7111,3.494,2.375,0.036,0.231,3.746,0.007,REVOKED
core_breakdown,1000,500,100,42,72,12,7112,3.428,2.309,0.041,0.235,3.763,0.009,REVOKED
core_breakdown,1000,500,100,42,72,13,7113,3.475,2.368,0.032,0.246,3.844,0.016,REVOKED
core_breakdown,1000,500,100,42,72,14,7114,3.078,2.074,0.056,0.216,3.386,0.008,REVOKED
core_breakdown,1000,500,100,42,72,15,7115,2.999,2.056,0.031,0.238,3.346,0.007,REVOKED
core_breakdown,1000,500,100,42,72,16,7116,2.964,2.016,0.023,0.191,3.345,0.006,REVOKED
core_breakdown,1000,500,100,42,72,17,7117,2.966,2.026,0.025,0.217,3.347,0.007,REVOKED
core_breakdown,1000,500,100,42,72,18,7118,2.98,2.036,0.028,0.2,3.277,0.006,REVOKED
core_breakdown,1000,500,100,42,72,19,7119,2.919,2.021,0.026,0.187,3.338,0.005,REVOKED
core_breakdown,1000,500,100,42,72,20,7120,2.951,2.03,0.025,0.229,3.301,0.005,REVOKED
core_breakdown,1000,500,100,42,72,21,7121,2.967,2.024,0.032,0.195,3.314,0.005,REVOKED
core_breakdown,1000,500,100,42,72,22,7122,2.945,2.027,0.02,0.239,3.255,0.007,REVOKED
core_breakdown,1000,500,100,42,72,23,7123,2.977,2.03,0.028,0.207,3.402,0.006,REVOKED
core_breakdown,1000,500,100,42,72,24,7124,2.961,2.044,0.022,0.195,3.313,0.006,REVOKED
core_breakdown,1000,500,100,42,72,25,7125,2.913,2.006,0.025,0.192,3.325,0.008,REVOKED
core_breakdown,1000,500,100,42,72,26,7126,2.935,2.013,0.022,0.197,3.32,0.007,REVOKED
core_breakdown,1000,500,100,42,72,27,7127,2.931,2.021,0.028,0.192,3.312,0.007,REVOKED
core_breakdown,1000,500,100,42,72,28,7128,2.944,1.993,0.023,0.197,3.346,0.006,REVOKED
core_breakdown,1000,500,100,42,72,29,7129,2.921,1.985,0.019,0.203,3.341,0.006,REVOKED
core_breakdown,1000,500,100,42,72,30,7130,3.05,2.115,0.019,0.188,3.249,0.005,REVOKED
core_breakdown,1000,500,100,42,72,31,7131,2.949,2.012,0.026,0.201,3.322,0.006,REVOKED
core_breakdown,1000,500,100,42,72,32,7132,2.886,1.974,0.022,0.192,3.307,0.007,REVOKED
core_breakdown,1000,500,100,42,72,33,7133,2.921,2.002,0.024,0.188,3.26,0.006,REVOKED
core_breakdown,1000,500,100,42,72,34,7134,2.916,1.996,0.021,0.196,3.281,0.011,REVOKED
core_breakdown,1000,500,100,42,72,35,7135,2.98,2.071,0.025,0.193,3.291,0.006,REVOKED
core_breakdown,1000,500,100,42,72,36,7136,2.919,2.015,0.022,0.203,3.281,0.005,REVOKED
core_breakdown,1000,500,100,42,72,37,7137,2.902,1.976,0.023,0.197,3.218,0.006,REVOKED
core_breakdown,1000,500,100,42,72,38,7138,2.948,2.019,0.023,0.194,3.321,0.005,REVOKED
core_breakdown,1000,500,100,42,72,39,7139,2.964,2.016,0.024,0.199,3.344,0.005,REVOKED
core_breakdown,1000,500,100,42,72,40,7140,2.93,2.023,0.022,0.201,3.261,0.007,REVOKED
core_breakdown,1000,500,100,42,72,41,7141,2.902,2.01,0.022,0.191,3.301,0.005,REVOKED
core_breakdown,1000,500,100,42,72,42,7142,2.91,2.009,0.024,0.185,3.228,0.006,REVOKED
core_breakdown,1000,500,100,42,72,43,7143,2.942,2.027,0.029,0.194,3.253,0.006,REVOKED
core_breakdown,1000,500,100,42,72,44,7144,3.015,2.098,0.025,0.192,3.287,0.006,REVOKED
core_breakdown,1000,500,100,42,72,45,7145,2.971,2.017,0.023,0.187,3.231,0.006,REVOKED
core_breakdown,1000,500,100,42,72,46,7146,2.927,1.997,0.023,0.197,3.193,0.006,REVOKED
core_breakdown,1000,500,100,42,72,47,7147,2.993,2.078,0.024,0.203,3.261,0.005,REVOKED
core_breakdown,1000,500,100,42,72,48,7148,2.877,1.956,0.023,0.194,3.216,0.006,REVOKED
core_breakdown,1000,500,100,42,72,49,7149,2.918,2.014,0.021,0.191,3.298,0.016,REVOKED
core_breakdown,1000,500,100,42,72,50,7150,2.949,2.036,0.023,0.223,3.368,0.006,REVOKED
core_breakdown,1000,500,100,42,72,51,7151,2.921,2.023,0.023,0.194,3.256,0.006,REVOKED
core_breakdown,1000,500,100,42,72,52,7152,2.999,2.1,0.025,0.209,3.234,0.006,REVOKED
core_breakdown,1000,500,100,42,72,53,7153,2.915,1.993,0.022,0.197,3.31,0.006,REVOKED
core_breakdown,1000,500,100,42,72,54,7154,2.893,1.948,0.023,0.196,3.256,0.006,REVOKED
core_breakdown,1000,500,100,42,72,55,7155,2.865,1.963,0.021,0.202,3.261,0.005,REVOKED
core_breakdown,1000,500,100,42,72,56,7156,2.929,1.999,0.022,0.185,3.262,0.005,REVOKED
core_breakdown,1000,500,100,42,72,57,7157,3.014,2.06,0.025,0.188,3.254,0.006,REVOKED
core_breakdown,1000,500,100,42,72,58,7158,2.897,1.992,0.02,0.213,3.242,0.006,REVOKED
core_breakdown,1000,500,100,42,72,59,7159,2.882,1.973,0.023,0.198,3.224,0.006,REVOKED
core_breakdown,1000,500,100,42,72,60,7160,2.962,2.047,0.019,0.197,3.321,0.006,REVOKED
core_breakdown,1000,500,100,42,72,61,7161,2.983,2.034,0.021,0.19,3.321,0.006,REVOKED
core_breakdown,1000,500,100,42,72,62,7162,3.021,2.112,0.02,0.205,3.296,0.006,REVOKED
core_breakdown,1000,500,100,42,72,63,7163,2.943,2.03,0.02,0.215,3.285,0.005,REVOKED
core_breakdown,1000,500,100,42,72,64,7164,3.02,2.021,0.026,0.204,3.276,0.006,REVOKED
core_breakdown,1000,500,100,42,72,65,7165,2.963,2.043,0.027,0.186,3.23,0.006,REVOKED
core_breakdown,1000,500,100,42,72,66,7166,2.962,2.034,0.025,0.196,3.27,0.006,REVOKED
core_breakdown,1000,500,100,42,72,67,7167,2.92,2.011,0.024,0.249,3.327,0.006,REVOKED
core_breakdown,1000,500,100,42,72,68,7168,2.953,2.01,0.025,0.203,3.318,0.006,REVOKED
core_breakdown,1000,500,100,42,72,69,7169,2.938,2.028,0.022,0.197,3.271,0.006,REVOKED
core_breakdown,1000,500,100,42,72,70,7170,3.039,2.102,0.025,0.202,3.338,0.006,REVOKED
core_breakdown,1000,500,100,42,72,71,7171,2.943,2.026,0.025,0.182,3.323,0.006,REVOKED
core_breakdown,1000,500,100,42,72,72,7172,2.88,1.987,0.023,0.198,3.25,0.005,REVOKED
core_breakdown,1000,500,100,42,72,73,7173,2.925,1.998,0.022,0.2,3.332,0.006,REVOKED
core_breakdown,1000,500,100,42,72,74,7174,2.951,1.996,0.021,0.209,3.342,0.007,REVOKED
core_breakdown,1000,500,100,42,72,75,7175,3.001,2.052,0.025,0.19,3.23,0.006,REVOKED
core_breakdown,1000,500,100,42,72,76,7176,2.912,1.98,0.021,0.19,3.252,0.005,REVOKED
core_breakdown,1000,500,100,42,72,77,7177,3.084,2.135,0.022,0.197,3.196,0.006,REVOKED
core_breakdown,1000,500,100,42,72,78,7178,2.913,2.017,0.022,0.199,3.286,0.005,REVOKED
core_breakdown,1000,500,100,42,72,79,7179,2.943,2.031,0.021,0.198,3.24,0.006,REVOKED
core_breakdown,1000,500,100,42,72,80,7180,2.935,2.012,0.023,0.199,3.184,0.005,REVOKED
core_breakdown,1000,500,100,42,72,81,7181,2.97,2.018,0.026,0.21,3.238,0.006,REVOKED
core_breakdown,1000,500,100,42,72,82,7182,2.926,2.031,0.022,0.2,3.257,0.007,REVOKED
core_breakdown,1000,500,100,42,72,83,7183,2.917,1.993,0.022,0.193,3.299,0.005,REVOKED
core_breakdown,1000,500,100,42,72,84,7184,2.966,2.033,0.022,0.203,3.304,0.006,REVOKED
core_breakdown,1000,500,100,42,72,85,7185,2.949,2.022,0.018,0.206,3.245,0.006,REVOKED
core_breakdown,1000,500,100,42,72,86,7186,2.872,1.936,0.023,0.196,3.259,0.007,REVOKED
core_breakdown,1000,500,100,42,72,87,7187,2.873,1.947,0.024,0.197,3.267,0.007,REVOKED
core_breakdown,1000,500,100,42,72,88,7188,2.94,2.014,0.023,0.192,3.313,0.006,REVOKED
core_breakdown,1000,500,100,42,72,89,7189,2.929,2.031,0.019,0.189,3.248,0.006,REVOKED
core_breakdown,1000,500,100,42,72,90,7190,2.92,2.023,0.025,0.195,3.356,0.006,REVOKED
core_breakdown,1000,500,100,42,72,91,7191,2.949,2.02,0.025,0.239,3.312,0.006,REVOKED
core_breakdown,1000,500,100,42,72,92,7192,3.008,2.063,0.022,0.202,3.285,0.005,REVOKED
core_breakdown,1000,500,100,42,72,93,7193,2.995,2.037,0.023,0.208,3.274,0.006,REVOKED
core_breakdown,1000,500,100,42,72,94,7194,2.986,2.043,0.025,0.203,3.215,0.006,REVOKED
core_breakdown,1000,500,100,42,72,95,7195,2.898,1.979,0.024,0.206,3.375,0.006,REVOKED
core_breakdown,1000,500,100,42,72,96,7196,2.94,2.018,0.02,0.195,3.292,0.006,REVOKED
core_breakdown,1000,500,100,42,72,97,7197,3.091,2.147,0.025,0.197,3.276,0.015,REVOKED
core_breakdown,1000,500,100,42,72,98,7198,2.95,2.038,0.02,0.196,3.297,0.006,REVOKED
core_breakdown,1000,500,100,42,72,99,7199,2.928,2.007,0.025,0.198,3.259,0.005,REVOKED
core_breakdown,1000,500,100,42,72,100,7200,2.975,2.027,0.022,0.192,3.369,0.006,REVOKED
core_breakdown,1000,500,100,43,73,1,7201,6.857,4.108,0.297,0.491,7.189,0.045,REVOKED
core_breakdown,1000,500,100,43,73,2,7202,6.557,4.396,0.136,0.406,6.742,0.02,REVOKED
core_breakdown,1000,500,100,43,73,3,7203,5.222,3.463,0.1,0.344,5.107,0.015,REVOKED
core_breakdown,1000,500,100,43,73,4,7204,4.05,2.755,0.051,0.255,4.185,0.013,REVOKED
core_breakdown,1000,500,100,43,73,5,7205,3.51,2.322,0.041,0.223,3.742,0.009,REVOKED
core_breakdown,1000,500,100,43,73,6,7206,3.285,2.233,0.036,0.214,3.742,0.008,REVOKED
core_breakdown,1000,500,100,43,73,7,7207,3.246,2.199,0.031,0.198,3.558,0.008,REVOKED
core_breakdown,1000,500,100,43,73,8,7208,3.144,2.152,0.031,0.193,3.384,0.006,REVOKED
core_breakdown,1000,500,100,43,73,9,7209,3.082,2.125,0.031,0.197,3.782,0.015,REVOKED
core_breakdown,1000,500,100,43,73,10,7210,3.345,2.215,0.069,0.216,3.58,0.009,REVOKED
core_breakdown,1000,500,100,43,73,11,7211,3.087,2.097,0.038,0.224,3.532,0.008,REVOKED
core_breakdown,1000,500,100,43,73,12,7212,3.051,2.065,0.025,0.214,3.495,0.006,REVOKED
core_breakdown,1000,500,100,43,73,13,7213,3.112,2.088,0.031,0.203,3.463,0.008,REVOKED
core_breakdown,1000,500,100,43,73,14,7214,3.07,2.098,0.03,0.206,3.338,0.005,REVOKED
core_breakdown,1000,500,100,43,73,15,7215,2.953,1.998,0.029,0.2,3.387,0.005,REVOKED
core_breakdown,1000,500,100,43,73,16,7216,3.124,2.148,0.024,0.378,3.512,0.008,REVOKED
core_breakdown,1000,500,100,43,73,17,7217,3.098,2.109,0.03,0.215,3.239,0.007,REVOKED
core_breakdown,1000,500,100,43,73,18,7218,2.768,1.852,0.033,0.176,3.054,0.006,REVOKED
core_breakdown,1000,500,100,43,73,19,7219,2.991,2.007,0.025,0.21,3.039,0.007,REVOKED
core_breakdown,1000,500,100,43,73,20,7220,2.704,1.869,0.029,0.173,3.169,0.009,REVOKED
core_breakdown,1000,500,100,43,73,21,7221,2.606,1.767,0.022,0.24,3.067,0.007,REVOKED
core_breakdown,1000,500,100,43,73,22,7222,2.644,1.84,0.026,0.176,2.985,0.006,REVOKED
core_breakdown,1000,500,100,43,73,23,7223,2.67,1.823,0.024,0.177,3.01,0.01,REVOKED
core_breakdown,1000,500,100,43,73,24,7224,2.634,1.808,0.028,0.187,3.01,0.007,REVOKED
core_breakdown,1000,500,100,43,73,25,7225,2.628,1.787,0.026,0.186,2.974,0.009,REVOKED
core_breakdown,1000,500,100,43,73,26,7226,2.558,1.766,0.023,0.193,2.969,0.006,REVOKED
core_breakdown,1000,500,100,43,73,27,7227,2.6,1.797,0.024,0.174,3.004,0.005,REVOKED
core_breakdown,1000,500,100,43,73,28,7228,2.649,1.798,0.023,0.196,3.376,0.007,REVOKED
core_breakdown,1000,500,100,43,73,29,7229,2.919,2.015,0.026,0.197,3.312,0.006,REVOKED
core_breakdown,1000,500,100,43,73,30,7230,3.924,2.178,0.032,0.206,3.516,0.008,REVOKED
core_breakdown,1000,500,100,43,73,31,7231,2.964,2.046,0.03,0.194,3.285,0.006,REVOKED
core_breakdown,1000,500,100,43,73,32,7232,2.937,2.007,0.026,0.202,3.29,0.006,REVOKED
core_breakdown,1000,500,100,43,73,33,7233,2.898,1.969,0.026,0.19,3.233,0.006,REVOKED
core_breakdown,1000,500,100,43,73,34,7234,2.918,2.006,0.021,0.199,3.248,0.005,REVOKED
core_breakdown,1000,500,100,43,73,35,7235,2.834,1.935,0.023,0.187,3.222,0.006,REVOKED
core_breakdown,1000,500,100,43,73,36,7236,2.901,1.971,0.021,0.193,3.256,0.007,REVOKED
core_breakdown,1000,500,100,43,73,37,7237,2.952,2.068,0.021,0.195,3.286,0.007,REVOKED
core_breakdown,1000,500,100,43,73,38,7238,2.912,1.993,0.028,0.193,3.309,0.006,REVOKED
core_breakdown,1000,500,100,43,73,39,7239,2.839,1.954,0.022,0.197,3.245,0.005,REVOKED
core_breakdown,1000,500,100,43,73,40,7240,2.857,1.968,0.023,0.205,3.221,0.011,REVOKED
core_breakdown,1000,500,100,43,73,41,7241,2.891,1.991,0.025,0.191,3.332,0.006,REVOKED
core_breakdown,1000,500,100,43,73,42,7242,2.952,2.027,0.02,0.192,3.257,0.005,REVOKED
core_breakdown,1000,500,100,43,73,43,7243,2.902,1.993,0.025,0.196,3.229,0.008,REVOKED
core_breakdown,1000,500,100,43,73,44,7244,2.908,2.002,0.023,0.214,3.212,0.006,REVOKED
core_breakdown,1000,500,100,43,73,45,7245,2.894,2.008,0.023,0.197,3.282,0.005,REVOKED
core_breakdown,1000,500,100,43,73,46,7246,3.045,2.112,0.027,0.227,3.429,0.006,REVOKED
core_breakdown,1000,500,100,43,73,47,7247,2.895,1.958,0.024,0.21,3.449,0.006,REVOKED
core_breakdown,1000,500,100,43,73,48,7248,2.947,2.023,0.021,0.217,3.483,0.006,REVOKED
core_breakdown,1000,500,100,43,73,49,7249,2.96,2.018,0.019,0.212,3.402,0.009,REVOKED
core_breakdown,1000,500,100,43,73,50,7250,2.933,1.971,0.026,0.2,3.452,0.006,REVOKED
core_breakdown,1000,500,100,43,73,51,7251,3.049,2.07,0.021,0.225,3.493,0.005,REVOKED
core_breakdown,1000,500,100,43,73,52,7252,2.905,1.969,0.025,0.217,3.27,0.006,REVOKED
core_breakdown,1000,500,100,43,73,53,7253,2.898,1.987,0.021,0.243,3.311,0.005,REVOKED
core_breakdown,1000,500,100,43,73,54,7254,2.912,2.008,0.019,0.195,3.28,0.005,REVOKED
core_breakdown,1000,500,100,43,73,55,7255,2.955,2.035,0.019,0.197,3.4,0.005,REVOKED
core_breakdown,1000,500,100,43,73,56,7256,2.94,2.022,0.024,0.195,3.35,0.006,REVOKED
core_breakdown,1000,500,100,43,73,57,7257,2.933,1.97,0.022,0.211,3.382,0.006,REVOKED
core_breakdown,1000,500,100,43,73,58,7258,2.953,2.022,0.028,0.2,3.245,0.006,REVOKED
core_breakdown,1000,500,100,43,73,59,7259,2.926,2.01,0.021,0.202,3.386,0.006,REVOKED
core_breakdown,1000,500,100,43,73,60,7260,2.911,2.016,0.026,0.189,3.314,0.007,REVOKED
core_breakdown,1000,500,100,43,73,61,7261,2.881,1.953,0.027,0.202,3.265,0.006,REVOKED
core_breakdown,1000,500,100,43,73,62,7262,2.982,2.031,0.02,0.193,3.279,0.006,REVOKED
core_breakdown,1000,500,100,43,73,63,7263,2.919,2.011,0.025,0.181,3.379,0.005,REVOKED
core_breakdown,1000,500,100,43,73,64,7264,2.936,2.006,0.024,0.191,3.291,0.006,REVOKED
core_breakdown,1000,500,100,43,73,65,7265,2.918,1.942,0.026,0.201,3.321,0.005,REVOKED
core_breakdown,1000,500,100,43,73,66,7266,2.891,1.983,0.019,0.207,3.202,0.006,REVOKED
core_breakdown,1000,500,100,43,73,67,7267,2.925,1.982,0.024,0.212,3.267,0.006,REVOKED
core_breakdown,1000,500,100,43,73,68,7268,3.23,2.333,0.021,0.195,3.361,0.006,REVOKED
core_breakdown,1000,500,100,43,73,69,7269,2.97,2.054,0.019,0.272,3.377,0.006,REVOKED
core_breakdown,1000,500,100,43,73,70,7270,2.471,1.689,0.025,0.17,3.341,0.006,REVOKED
core_breakdown,1000,500,100,43,73,71,7271,2.996,2.066,0.018,0.217,3.317,0.006,REVOKED
core_breakdown,1000,500,100,43,73,72,7272,2.91,1.985,0.029,0.217,3.294,0.006,REVOKED
core_breakdown,1000,500,100,43,73,73,7273,2.963,2.058,0.023,0.194,3.351,0.008,REVOKED
core_breakdown,1000,500,100,43,73,74,7274,2.968,2.035,0.025,0.196,3.269,0.005,REVOKED
core_breakdown,1000,500,100,43,73,75,7275,2.979,2.016,0.024,0.206,3.295,0.006,REVOKED
core_breakdown,1000,500,100,43,73,76,7276,2.903,2.002,0.018,0.202,3.282,0.006,REVOKED
core_breakdown,1000,500,100,43,73,77,7277,2.949,2.037,0.023,0.203,3.471,0.006,REVOKED
core_breakdown,1000,500,100,43,73,78,7278,3.303,2.279,0.031,0.209,3.729,0.009,REVOKED
core_breakdown,1000,500,100,43,73,79,7279,3.156,2.144,0.03,0.201,3.57,0.007,REVOKED
core_breakdown,1000,500,100,43,73,80,7280,3.262,2.197,0.031,0.207,3.536,0.008,REVOKED
core_breakdown,1000,500,100,43,73,81,7281,3.178,2.206,0.026,0.203,3.897,0.008,REVOKED
core_breakdown,1000,500,100,43,73,82,7282,3.121,2.116,0.033,0.205,3.684,0.007,REVOKED
core_breakdown,1000,500,100,43,73,83,7283,2.966,2.048,0.023,0.21,3.821,0.007,REVOKED
core_breakdown,1000,500,100,43,73,84,7284,2.703,1.766,0.025,0.174,2.991,0.006,REVOKED
core_breakdown,1000,500,100,43,73,85,7285,2.989,2.05,0.025,0.19,3.353,0.005,REVOKED
core_breakdown,1000,500,100,43,73,86,7286,2.957,2.041,0.023,0.202,3.262,0.006,REVOKED
core_breakdown,1000,500,100,43,73,87,7287,2.91,1.998,0.026,0.196,3.286,0.006,REVOKED
core_breakdown,1000,500,100,43,73,88,7288,2.915,1.996,0.022,0.189,3.286,0.005,REVOKED
core_breakdown,1000,500,100,43,73,89,7289,2.892,1.979,0.03,0.204,3.361,0.006,REVOKED
core_breakdown,1000,500,100,43,73,90,7290,2.965,2.047,0.021,0.188,3.346,0.006,REVOKED
core_breakdown,1000,500,100,43,73,91,7291,3.006,2.082,0.021,0.193,3.27,0.006,REVOKED
core_breakdown,1000,500,100,43,73,92,7292,2.933,2.015,0.022,0.196,3.246,0.006,REVOKED
core_breakdown,1000,500,100,43,73,93,7293,3.008,2.077,0.022,0.22,3.355,0.006,REVOKED
core_breakdown,1000,500,100,43,73,94,7294,2.915,1.983,0.02,0.191,3.256,0.006,REVOKED
core_breakdown,1000,500,100,43,73,95,7295,2.947,1.998,0.027,0.196,3.347,0.006,REVOKED
core_breakdown,1000,500,100,43,73,96,7296,2.883,1.974,0.022,0.197,3.319,0.006,REVOKED
core_breakdown,1000,500,100,43,73,97,7297,3.005,2.083,0.026,0.198,3.358,0.02,REVOKED
core_breakdown,1000,500,100,43,73,98,7298,2.922,2.006,0.02,0.195,3.3,0.005,REVOKED
core_breakdown,1000,500,100,43,73,99,7299,2.882,1.971,0.018,0.202,3.359,0.005,REVOKED
core_breakdown,1000,500,100,43,73,100,7300,2.853,1.947,0.026,0.204,3.261,0.005,REVOKED
core_breakdown,1000,500,100,44,74,1,7301,7.043,4.084,0.287,0.598,7.547,0.061,REVOKED
core_breakdown,1000,500,100,44,74,2,7302,5.833,4.233,0.21,0.436,6.257,0.032,REVOKED
core_breakdown,1000,500,100,44,74,3,7303,4.687,3.125,0.108,0.415,5.29,0.023,REVOKED
core_breakdown,1000,500,100,44,74,4,7304,4.514,2.992,0.092,0.228,3.745,0.007,REVOKED
core_breakdown,1000,500,100,44,74,5,7305,3.313,2.232,0.036,0.232,3.673,0.009,REVOKED
core_breakdown,1000,500,100,44,74,6,7306,3.319,2.269,0.039,0.226,3.616,0.008,REVOKED
core_breakdown,1000,500,100,44,74,7,7307,3.274,2.204,0.036,0.207,3.473,0.007,REVOKED
core_breakdown,1000,500,100,44,74,8,7308,3.249,2.199,0.063,0.242,3.667,0.014,REVOKED
core_breakdown,1000,500,100,44,74,9,7309,3.163,2.147,0.039,0.214,3.419,0.008,REVOKED
core_breakdown,1000,500,100,44,74,10,7310,3.045,2.06,0.029,0.199,3.215,0.008,REVOKED
core_breakdown,1000,500,100,44,74,11,7311,2.654,1.813,0.029,0.179,3.036,0.01,REVOKED
core_breakdown,1000,500,100,44,74,12,7312,2.626,1.779,0.026,0.164,3.014,0.006,REVOKED
core_breakdown,1000,500,100,44,74,13,7313,2.514,1.703,0.031,0.169,2.966,0.009,REVOKED
core_breakdown,1000,500,100,44,74,14,7314,2.632,1.804,0.024,0.166,3.024,0.007,REVOKED
core_breakdown,1000,500,100,44,74,15,7315,2.666,1.829,0.027,0.201,3.014,0.007,REVOKED
core_breakdown,1000,500,100,44,74,16,7316,2.606,1.767,0.026,0.17,2.937,0.006,REVOKED
core_breakdown,1000,500,100,44,74,17,7317,2.521,1.722,0.024,0.174,2.961,0.006,REVOKED
core_breakdown,1000,500,100,44,74,18,7318,2.598,1.775,0.026,0.178,2.994,0.007,REVOKED
core_breakdown,1000,500,100,44,74,19,7319,2.627,1.82,0.027,0.183,2.874,0.007,REVOKED
core_breakdown,1000,500,100,44,74,20,7320,2.617,1.753,0.024,0.195,2.897,0.006,REVOKED
core_breakdown,1000,500,100,44,74,21,7321,2.578,1.749,0.022,0.164,2.958,0.011,REVOKED
core_breakdown,1000,500,100,44,74,22,7322,2.678,1.779,0.023,0.173,2.938,0.006,REVOKED
core_breakdown,1000,500,100,44,74,23,7323,2.541,1.729,0.02,0.182,2.899,0.007,REVOKED
core_breakdown,1000,500,100,44,74,24,7324,2.662,1.824,0.027,0.165,3.013,0.006,REVOKED
core_breakdown,1000,500,100,44,74,25,7325,2.569,1.757,0.021,0.171,2.933,0.008,REVOKED
core_breakdown,1000,500,100,44,74,26,7326,2.528,1.753,0.021,0.186,2.986,0.006,REVOKED
core_breakdown,1000,500,100,44,74,27,7327,2.581,1.76,0.024,0.169,2.996,0.005,REVOKED
core_breakdown,1000,500,100,44,74,28,7328,2.612,1.786,0.023,0.182,2.91,0.006,REVOKED
core_breakdown,1000,500,100,44,74,29,7329,2.588,1.738,0.022,0.167,3.037,0.005,REVOKED
core_breakdown,1000,500,100,44,74,30,7330,2.568,1.732,0.02,0.175,2.952,0.006,REVOKED
core_breakdown,1000,500,100,44,74,31,7331,2.52,1.72,0.021,0.187,2.982,0.005,REVOKED
core_breakdown,1000,500,100,44,74,32,7332,2.857,2.007,0.021,0.183,2.975,0.006,REVOKED
core_breakdown,1000,500,100,44,74,33,7333,2.541,1.758,0.033,0.185,3.012,0.007,REVOKED
core_breakdown,1000,500,100,44,74,34,7334,2.608,1.765,0.023,0.179,2.927,0.005,REVOKED
core_breakdown,1000,500,100,44,74,35,7335,2.533,1.713,0.022,0.165,3.026,0.006,REVOKED
core_breakdown,1000,500,100,44,74,36,7336,2.497,1.705,0.024,0.175,2.964,0.005,REVOKED
core_breakdown,1000,500,100,44,74,37,7337,2.563,1.75,0.02,0.207,2.952,0.005,REVOKED
core_breakdown,1000,500,100,44,74,38,7338,2.57,1.759,0.027,0.182,2.955,0.006,REVOKED
core_breakdown,1000,500,100,44,74,39,7339,2.67,1.817,0.024,0.183,2.999,0.006,REVOKED
core_breakdown,1000,500,100,44,74,40,7340,2.549,1.72,0.021,0.178,2.861,0.006,REVOKED
core_breakdown,1000,500,100,44,74,41,7341,2.577,1.764,0.024,0.174,2.96,0.007,REVOKED
core_breakdown,1000,500,100,44,74,42,7342,2.545,1.759,0.026,0.163,2.922,0.006,REVOKED
core_breakdown,1000,500,100,44,74,43,7343,2.559,1.713,0.019,0.179,2.912,0.006,REVOKED
core_breakdown,1000,500,100,44,74,44,7344,2.611,1.765,0.027,0.173,2.941,0.005,REVOKED
core_breakdown,1000,500,100,44,74,45,7345,2.664,1.857,0.022,0.182,2.943,0.006,REVOKED
core_breakdown,1000,500,100,44,74,46,7346,2.571,1.74,0.025,0.315,3.292,0.007,REVOKED
core_breakdown,1000,500,100,44,74,47,7347,3.04,2.051,0.023,0.19,3.223,0.007,REVOKED
core_breakdown,1000,500,100,44,74,48,7348,2.835,1.927,0.026,0.193,3.201,0.005,REVOKED
core_breakdown,1000,500,100,44,74,49,7349,2.842,1.955,0.022,0.189,3.213,0.01,REVOKED
core_breakdown,1000,500,100,44,74,50,7350,2.876,1.973,0.024,0.191,3.216,0.005,REVOKED
core_breakdown,1000,500,100,44,74,51,7351,2.84,1.951,0.025,0.201,3.23,0.006,REVOKED
core_breakdown,1000,500,100,44,74,52,7352,2.866,1.964,0.024,0.195,3.064,0.006,REVOKED
core_breakdown,1000,500,100,44,74,53,7353,2.636,1.804,0.023,0.182,2.962,0.006,REVOKED
core_breakdown,1000,500,100,44,74,54,7354,2.517,1.701,0.023,0.208,2.813,0.005,REVOKED
core_breakdown,1000,500,100,44,74,55,7355,2.487,1.682,0.023,0.178,2.927,0.005,REVOKED
core_breakdown,1000,500,100,44,74,56,7356,2.544,1.734,0.025,0.182,2.865,0.006,REVOKED
core_breakdown,1000,500,100,44,74,57,7357,2.544,1.744,0.023,0.173,2.937,0.006,REVOKED
core_breakdown,1000,500,100,44,74,58,7358,2.579,1.781,0.021,0.17,2.891,0.005,REVOKED
core_breakdown,1000,500,100,44,74,59,7359,2.567,1.784,0.024,0.162,3.027,0.005,REVOKED
core_breakdown,1000,500,100,44,74,60,7360,2.571,1.754,0.026,0.175,3.018,0.006,REVOKED
core_breakdown,1000,500,100,44,74,61,7361,2.714,1.858,0.024,0.179,3.235,0.023,REVOKED
core_breakdown,1000,500,100,44,74,62,7362,2.667,1.806,0.022,0.195,3.139,0.006,REVOKED
core_breakdown,1000,500,100,44,74,63,7363,2.557,1.687,0.034,0.159,2.719,0.01,REVOKED
core_breakdown,1000,500,100,44,74,64,7364,2.723,1.827,0.026,0.206,3.357,0.007,REVOKED
core_breakdown,1000,500,100,44,74,65,7365,3.515,2.345,0.034,0.228,3.715,0.007,REVOKED
core_breakdown,1000,500,100,44,74,66,7366,3.436,2.356,0.033,0.219,3.221,0.008,REVOKED
core_breakdown,1000,500,100,44,74,67,7367,2.826,1.95,0.033,0.182,3.331,0.007,REVOKED
core_breakdown,1000,500,100,44,74,68,7368,2.983,2.018,0.033,0.225,4.051,0.009,REVOKED
core_breakdown,1000,500,100,44,74,69,7369,3.253,2.235,0.031,0.223,3.844,0.008,REVOKED
core_breakdown,1000,500,100,44,74,70,7370,3.449,2.383,0.033,0.242,4.098,0.008,REVOKED
core_breakdown,1000,500,100,44,74,71,7371,3.888,2.56,0.034,0.24,4.453,0.008,REVOKED
core_breakdown,1000,500,100,44,74,72,7372,3.597,2.458,0.034,0.26,4.557,0.009,REVOKED
core_breakdown,1000,500,100,44,74,73,7373,3.378,2.145,0.04,0.271,4.078,0.01,REVOKED
core_breakdown,1000,500,100,44,74,74,7374,2.706,1.813,0.03,0.181,2.999,0.006,REVOKED
core_breakdown,1000,500,100,44,74,75,7375,2.615,1.778,0.033,0.213,3.145,0.008,REVOKED
core_breakdown,1000,500,100,44,74,76,7376,2.614,1.765,0.032,0.192,2.97,0.007,REVOKED
core_breakdown,1000,500,100,44,74,77,7377,2.548,1.732,0.027,0.183,2.948,0.006,REVOKED
core_breakdown,1000,500,100,44,74,78,7378,2.645,1.811,0.027,0.164,3.318,0.006,REVOKED
core_breakdown,1000,500,100,44,74,79,7379,3.006,2.06,0.024,0.189,3.208,0.006,REVOKED
core_breakdown,1000,500,100,44,74,80,7380,2.571,1.712,0.028,0.168,2.903,0.007,REVOKED
core_breakdown,1000,500,100,44,74,81,7381,2.534,1.732,0.025,0.176,2.867,0.006,REVOKED
core_breakdown,1000,500,100,44,74,82,7382,2.565,1.774,0.021,0.206,2.959,0.006,REVOKED
core_breakdown,1000,500,100,44,74,83,7383,2.557,1.734,0.022,0.2,2.991,0.005,REVOKED
core_breakdown,1000,500,100,44,74,84,7384,2.517,1.725,0.028,0.21,2.86,0.006,REVOKED
core_breakdown,1000,500,100,44,74,85,7385,2.528,1.747,0.024,0.177,2.965,0.006,REVOKED
core_breakdown,1000,500,100,44,74,86,7386,2.539,1.735,0.021,0.167,2.973,0.006,REVOKED
core_breakdown,1000,500,100,44,74,87,7387,2.625,1.789,0.024,0.176,2.949,0.005,REVOKED
core_breakdown,1000,500,100,44,74,88,7388,2.564,1.745,0.021,0.174,2.953,0.005,REVOKED
core_breakdown,1000,500,100,44,74,89,7389,2.573,1.773,0.024,0.172,3.137,0.006,REVOKED
core_breakdown,1000,500,100,44,74,90,7390,2.648,1.736,0.023,0.21,3.018,0.008,REVOKED
core_breakdown,1000,500,100,44,74,91,7391,2.553,1.746,0.023,0.18,2.973,0.006,REVOKED
core_breakdown,1000,500,100,44,74,92,7392,2.633,1.732,0.023,0.18,3.026,0.006,REVOKED
core_breakdown,1000,500,100,44,74,93,7393,2.601,1.719,0.021,0.228,3.059,0.005,REVOKED
core_breakdown,1000,500,100,44,74,94,7394,2.638,1.795,0.021,0.172,3.327,0.006,REVOKED
core_breakdown,1000,500,100,44,74,95,7395,2.748,1.831,0.024,0.208,2.949,0.006,REVOKED
core_breakdown,1000,500,100,44,74,96,7396,2.592,1.77,0.022,0.178,2.896,0.006,REVOKED
core_breakdown,1000,500,100,44,74,97,7397,2.587,1.747,0.022,0.172,2.991,0.018,REVOKED
core_breakdown,1000,500,100,44,74,98,7398,2.554,1.765,0.021,0.182,2.881,0.005,REVOKED
core_breakdown,1000,500,100,44,74,99,7399,2.503,1.727,0.019,0.177,3.03,0.006,REVOKED
core_breakdown,1000,500,100,44,74,100,7400,2.589,1.784,0.026,0.181,2.927,0.005,REVOKED
core_breakdown,1000,500,100,45,75,1,7401,6.403,4.076,0.29,0.501,7.957,0.056,REVOKED
core_breakdown,1000,500,100,45,75,2,7402,5.917,3.919,0.195,0.4,6.352,0.029,REVOKED
core_breakdown,1000,500,100,45,75,3,7403,5.202,3.519,0.085,0.312,5.067,0.015,REVOKED
core_breakdown,1000,500,100,45,75,4,7404,4.089,2.774,0.051,0.273,4.474,0.012,REVOKED
core_breakdown,1000,500,100,45,75,5,7405,4.011,2.705,0.05,0.275,4.471,0.011,REVOKED
core_breakdown,1000,500,100,45,75,6,7406,4.064,2.744,0.047,0.262,4.215,0.007,REVOKED
core_breakdown,1000,500,100,45,75,7,7407,3.683,2.514,0.048,0.243,4.026,0.01,REVOKED
core_breakdown,1000,500,100,45,75,8,7408,3.546,2.415,0.034,0.221,3.877,0.006,REVOKED
core_breakdown,1000,500,100,45,75,9,7409,3.421,2.35,0.029,0.224,3.856,0.008,REVOKED
core_breakdown,1000,500,100,45,75,10,7410,3.493,2.372,0.032,0.236,3.771,0.007,REVOKED
core_breakdown,1000,500,100,45,75,11,7411,3.4,2.324,0.026,0.227,3.597,0.006,REVOKED
core_breakdown,1000,500,100,45,75,12,7412,3.518,2.401,0.072,0.238,3.539,0.016,REVOKED
core_breakdown,1000,500,100,45,75,13,7413,3.017,2.055,0.042,0.194,3.433,0.01,REVOKED
core_breakdown,1000,500,100,45,75,14,7414,3.04,2.111,0.031,0.202,3.29,0.007,REVOKED
core_breakdown,1000,500,100,45,75,15,7415,2.956,2.016,0.023,0.228,3.315,0.006,REVOKED
core_breakdown,1000,500,100,45,75,16,7416,2.981,2.046,0.031,0.194,3.298,0.008,REVOKED
core_breakdown,1000,500,100,45,75,17,7417,2.973,2.01,0.022,0.2,3.312,0.006,REVOKED
core_breakdown,1000,500,100,45,75,18,7418,2.927,2.002,0.02,0.2,3.283,0.007,REVOKED
core_breakdown,1000,500,100,45,75,19,7419,2.99,2.037,0.028,0.201,3.268,0.006,REVOKED
core_breakdown,1000,500,100,45,75,20,7420,2.944,2.023,0.02,0.192,3.348,0.006,REVOKED
core_breakdown,1000,500,100,45,75,21,7421,3.03,2.044,0.024,0.202,4.142,0.007,REVOKED
core_breakdown,1000,500,100,45,75,22,7422,2.941,2.004,0.024,0.194,3.387,0.005,REVOKED
core_breakdown,1000,500,100,45,75,23,7423,2.882,1.956,0.022,0.194,3.399,0.006,REVOKED
core_breakdown,1000,500,100,45,75,24,7424,3.012,2.067,0.025,0.195,3.301,0.006,REVOKED
core_breakdown,1000,500,100,45,75,25,7425,2.975,2.04,0.022,0.192,3.277,0.008,REVOKED
core_breakdown,1000,500,100,45,75,26,7426,2.982,2.023,0.026,0.196,3.297,0.006,REVOKED
core_breakdown,1000,500,100,45,75,27,7427,2.972,2.032,0.024,0.207,3.35,0.007,REVOKED
core_breakdown,1000,500,100,45,75,28,7428,2.955,2.008,0.023,0.196,3.328,0.007,REVOKED
core_breakdown,1000,500,100,45,75,29,7429,2.871,1.981,0.023,0.189,3.305,0.006,REVOKED
core_breakdown,1000,500,100,45,75,30,7430,2.954,2.059,0.021,0.202,3.323,0.006,REVOKED
core_breakdown,1000,500,100,45,75,31,7431,2.946,2.035,0.021,0.192,3.33,0.006,REVOKED
core_breakdown,1000,500,100,45,75,32,7432,2.996,2.016,0.025,0.22,3.25,0.006,REVOKED
core_breakdown,1000,500,100,45,75,33,7433,2.923,2.002,0.022,0.212,3.303,0.006,REVOKED
core_breakdown,1000,500,100,45,75,34,7434,2.9,1.986,0.021,0.201,3.332,0.005,REVOKED
core_breakdown,1000,500,100,45,75,35,7435,2.962,2.021,0.022,0.188,3.293,0.005,REVOKED
core_breakdown,1000,500,100,45,75,36,7436,2.929,1.991,0.032,0.194,3.291,0.006,REVOKED
core_breakdown,1000,500,100,45,75,37,7437,3.003,2.067,0.02,0.206,3.234,0.005,REVOKED
core_breakdown,1000,500,100,45,75,38,7438,2.938,2.004,0.024,0.186,3.316,0.005,REVOKED
core_breakdown,1000,500,100,45,75,39,7439,2.95,2.004,0.022,0.204,3.322,0.005,REVOKED
core_breakdown,1000,500,100,45,75,40,7440,2.934,2.017,0.019,0.188,3.264,0.005,REVOKED
core_breakdown,1000,500,100,45,75,41,7441,3.118,2.175,0.024,0.193,3.387,0.007,REVOKED
core_breakdown,1000,500,100,45,75,42,7442,2.94,2.005,0.02,0.212,3.244,0.005,REVOKED
core_breakdown,1000,500,100,45,75,43,7443,2.945,1.993,0.022,0.2,3.258,0.007,REVOKED
core_breakdown,1000,500,100,45,75,44,7444,2.974,2.048,0.021,0.185,3.312,0.005,REVOKED
core_breakdown,1000,500,100,45,75,45,7445,2.936,2.008,0.022,0.194,3.307,0.006,REVOKED
core_breakdown,1000,500,100,45,75,46,7446,2.846,1.921,0.019,0.195,3.286,0.005,REVOKED
core_breakdown,1000,500,100,45,75,47,7447,2.935,2.036,0.022,0.19,3.368,0.008,REVOKED
core_breakdown,1000,500,100,45,75,48,7448,2.971,2.05,0.024,0.2,3.273,0.006,REVOKED
core_breakdown,1000,500,100,45,75,49,7449,2.969,2.023,0.028,0.217,3.356,0.011,REVOKED
core_breakdown,1000,500,100,45,75,50,7450,2.952,2.025,0.025,0.21,3.269,0.005,REVOKED
core_breakdown,1000,500,100,45,75,51,7451,2.916,2.026,0.021,0.208,3.323,0.006,REVOKED
core_breakdown,1000,500,100,45,75,52,7452,2.938,2.012,0.023,0.186,3.246,0.006,REVOKED
core_breakdown,1000,500,100,45,75,53,7453,2.938,2.002,0.021,0.206,3.334,0.005,REVOKED
core_breakdown,1000,500,100,45,75,54,7454,2.918,1.999,0.021,0.235,3.254,0.006,REVOKED
core_breakdown,1000,500,100,45,75,55,7455,2.897,1.995,0.026,0.187,3.334,0.007,REVOKED
core_breakdown,1000,500,100,45,75,56,7456,2.928,2.009,0.022,0.191,3.287,0.006,REVOKED
core_breakdown,1000,500,100,45,75,57,7457,2.872,1.962,0.025,0.199,3.296,0.006,REVOKED
core_breakdown,1000,500,100,45,75,58,7458,3.009,2.056,0.02,0.199,3.296,0.006,REVOKED
core_breakdown,1000,500,100,45,75,59,7459,2.921,2.0,0.021,0.205,3.318,0.005,REVOKED
core_breakdown,1000,500,100,45,75,60,7460,2.919,2.018,0.026,0.218,3.305,0.006,REVOKED
core_breakdown,1000,500,100,45,75,61,7461,3.009,2.023,0.02,0.195,3.415,0.005,REVOKED
core_breakdown,1000,500,100,45,75,62,7462,2.917,2.019,0.019,0.192,3.474,0.007,REVOKED
core_breakdown,1000,500,100,45,75,63,7463,2.894,1.988,0.019,0.192,3.286,0.006,REVOKED
core_breakdown,1000,500,100,45,75,64,7464,2.956,2.013,0.018,0.207,3.282,0.005,REVOKED
core_breakdown,1000,500,100,45,75,65,7465,2.956,2.047,0.018,0.206,3.368,0.006,REVOKED
core_breakdown,1000,500,100,45,75,66,7466,2.922,2.015,0.027,0.198,3.321,0.006,REVOKED
core_breakdown,1000,500,100,45,75,67,7467,2.923,1.988,0.02,0.193,3.369,0.005,REVOKED
core_breakdown,1000,500,100,45,75,68,7468,2.932,1.986,0.027,0.195,3.339,0.007,REVOKED
core_breakdown,1000,500,100,45,75,69,7469,2.895,1.979,0.019,0.221,3.273,0.006,REVOKED
core_breakdown,1000,500,100,45,75,70,7470,2.867,1.971,0.024,0.191,3.21,0.007,REVOKED
core_breakdown,1000,500,100,45,75,71,7471,2.869,1.957,0.021,0.201,3.25,0.005,REVOKED
core_breakdown,1000,500,100,45,75,72,7472,2.934,2.009,0.021,0.195,3.268,0.006,REVOKED
core_breakdown,1000,500,100,45,75,73,7473,2.922,1.986,0.026,0.213,3.256,0.005,REVOKED
core_breakdown,1000,500,100,45,75,74,7474,3.092,2.135,0.028,0.187,3.267,0.006,REVOKED
core_breakdown,1000,500,100,45,75,75,7475,2.927,2.023,0.022,0.196,3.272,0.008,REVOKED
core_breakdown,1000,500,100,45,75,76,7476,2.895,1.978,0.022,0.195,3.375,0.007,REVOKED
core_breakdown,1000,500,100,45,75,77,7477,2.945,2.052,0.02,0.212,3.286,0.008,REVOKED
core_breakdown,1000,500,100,45,75,78,7478,2.904,1.999,0.028,0.191,3.242,0.011,REVOKED
core_breakdown,1000,500,100,45,75,79,7479,2.944,2.033,0.023,0.191,3.218,0.007,REVOKED
core_breakdown,1000,500,100,45,75,80,7480,2.952,2.016,0.021,0.182,3.277,0.006,REVOKED
core_breakdown,1000,500,100,45,75,81,7481,2.932,1.99,0.02,0.187,3.248,0.006,REVOKED
core_breakdown,1000,500,100,45,75,82,7482,2.944,2.007,0.02,0.203,3.27,0.005,REVOKED
core_breakdown,1000,500,100,45,75,83,7483,2.973,2.055,0.026,0.231,3.337,0.006,REVOKED
core_breakdown,1000,500,100,45,75,84,7484,2.987,2.028,0.027,0.204,3.245,0.006,REVOKED
core_breakdown,1000,500,100,45,75,85,7485,2.954,2.035,0.024,0.19,3.252,0.005,REVOKED
core_breakdown,1000,500,100,45,75,86,7486,2.901,2.006,0.021,0.236,3.244,0.005,REVOKED
core_breakdown,1000,500,100,45,75,87,7487,2.909,1.996,0.02,0.192,3.281,0.007,REVOKED
core_breakdown,1000,500,100,45,75,88,7488,2.911,2.004,0.023,0.205,3.333,0.006,REVOKED
core_breakdown,1000,500,100,45,75,89,7489,2.95,2.016,0.02,0.211,3.281,0.006,REVOKED
core_breakdown,1000,500,100,45,75,90,7490,2.938,2.023,0.026,0.19,3.296,0.008,REVOKED
core_breakdown,1000,500,100,45,75,91,7491,2.946,2.017,0.028,0.195,3.264,0.006,REVOKED
core_breakdown,1000,500,100,45,75,92,7492,2.916,2.016,0.024,0.188,3.306,0.005,REVOKED
core_breakdown,1000,500,100,45,75,93,7493,2.93,2.014,0.023,0.206,3.344,0.006,REVOKED
core_breakdown,1000,500,100,45,75,94,7494,2.938,2.027,0.021,0.199,3.252,0.006,REVOKED
core_breakdown,1000,500,100,45,75,95,7495,2.998,2.07,0.023,0.198,3.359,0.007,REVOKED
core_breakdown,1000,500,100,45,75,96,7496,2.937,1.996,0.021,0.193,3.282,0.005,REVOKED
core_breakdown,1000,500,100,45,75,97,7497,2.893,1.968,0.019,0.203,3.338,0.023,REVOKED
core_breakdown,1000,500,100,45,75,98,7498,2.941,2.034,0.025,0.192,3.286,0.006,REVOKED
core_breakdown,1000,500,100,45,75,99,7499,2.961,2.063,0.019,0.197,3.341,0.006,REVOKED
core_breakdown,1000,500,100,45,75,100,7500,2.927,2.008,0.025,0.206,3.329,0.005,REVOKED
core_breakdown,1000,500,100,46,76,1,7501,4.985,3.258,0.093,0.309,4.559,0.017,REVOKED
core_breakdown,1000,500,100,46,76,2,7502,3.764,2.566,0.033,0.256,4.192,0.009,REVOKED
core_breakdown,1000,500,100,46,76,3,7503,3.821,2.621,0.035,0.252,4.041,0.006,REVOKED
core_breakdown,1000,500,100,46,76,4,7504,3.535,2.416,0.024,0.221,3.913,0.008,REVOKED
core_breakdown,1000,500,100,46,76,5,7505,3.539,2.401,0.023,0.249,10.506,0.007,REVOKED
core_breakdown,1000,500,100,46,76,6,7506,3.548,2.38,0.035,0.245,3.709,0.007,REVOKED
core_breakdown,1000,500,100,46,76,7,7507,3.087,2.114,0.024,0.206,3.458,0.006,REVOKED
core_breakdown,1000,500,100,46,76,8,7508,3.025,2.042,0.022,0.218,3.489,0.006,REVOKED
core_breakdown,1000,500,100,46,76,9,7509,3.008,2.079,0.026,0.239,3.345,0.006,REVOKED
core_breakdown,1000,500,100,46,76,10,7510,2.986,2.06,0.028,0.199,3.316,0.005,REVOKED
core_breakdown,1000,500,100,46,76,11,7511,3.007,2.06,0.023,0.215,3.277,0.007,REVOKED
core_breakdown,1000,500,100,46,76,12,7512,2.93,2.015,0.028,0.237,3.337,0.005,REVOKED
core_breakdown,1000,500,100,46,76,13,7513,2.984,2.047,0.027,0.192,3.278,0.007,REVOKED
core_breakdown,1000,500,100,46,76,14,7514,3.044,2.094,0.023,0.221,3.361,0.005,REVOKED
core_breakdown,1000,500,100,46,76,15,7515,2.947,2.02,0.023,0.204,3.411,0.005,REVOKED
core_breakdown,1000,500,100,46,76,16,7516,3.009,2.082,0.025,0.199,3.302,0.007,REVOKED
core_breakdown,1000,500,100,46,76,17,7517,2.917,1.989,0.02,0.198,3.257,0.006,REVOKED
core_breakdown,1000,500,100,46,76,18,7518,2.936,2.014,0.021,0.196,3.339,0.005,REVOKED
core_breakdown,1000,500,100,46,76,19,7519,2.919,2.016,0.026,0.187,3.278,0.007,REVOKED
core_breakdown,1000,500,100,46,76,20,7520,3.037,2.026,0.024,0.199,3.306,0.006,REVOKED
core_breakdown,1000,500,100,46,76,21,7521,3.002,2.037,0.023,0.198,3.321,0.006,REVOKED
core_breakdown,1000,500,100,46,76,22,7522,3.0,2.092,0.021,0.194,3.418,0.006,REVOKED
core_breakdown,1000,500,100,46,76,23,7523,2.98,2.039,0.02,0.193,3.346,0.005,REVOKED
core_breakdown,1000,500,100,46,76,24,7524,2.922,1.982,0.023,0.197,3.313,0.005,REVOKED
core_breakdown,1000,500,100,46,76,25,7525,2.908,1.988,0.025,0.198,3.339,0.009,REVOKED
core_breakdown,1000,500,100,46,76,26,7526,2.914,2.015,0.027,0.216,3.379,0.006,REVOKED
core_breakdown,1000,500,100,46,76,27,7527,2.926,1.993,0.023,0.194,3.309,0.006,REVOKED
core_breakdown,1000,500,100,46,76,28,7528,2.965,2.048,0.024,0.196,3.488,0.007,REVOKED
core_breakdown,1000,500,100,46,76,29,7529,2.966,2.06,0.021,0.206,3.412,0.005,REVOKED
core_breakdown,1000,500,100,46,76,30,7530,2.914,2.024,0.023,0.198,3.273,0.006,REVOKED
core_breakdown,1000,500,100,46,76,31,7531,2.968,2.025,0.022,0.198,3.309,0.005,REVOKED
core_breakdown,1000,500,100,46,76,32,7532,2.955,2.062,0.02,0.199,3.273,0.006,REVOKED
core_breakdown,1000,500,100,46,76,33,7533,2.978,2.015,0.023,0.198,3.303,0.006,REVOKED
core_breakdown,1000,500,100,46,76,34,7534,2.937,2.009,0.028,0.196,3.308,0.005,REVOKED
core_breakdown,1000,500,100,46,76,35,7535,2.924,1.975,0.024,0.212,3.329,0.006,REVOKED
core_breakdown,1000,500,100,46,76,36,7536,2.925,2.006,0.022,0.198,3.294,0.005,REVOKED
core_breakdown,1000,500,100,46,76,37,7537,2.971,2.077,0.02,0.2,3.28,0.006,REVOKED
core_breakdown,1000,500,100,46,76,38,7538,3.018,2.041,0.022,0.196,3.289,0.005,REVOKED
core_breakdown,1000,500,100,46,76,39,7539,2.959,2.005,0.023,0.195,3.343,0.006,REVOKED
core_breakdown,1000,500,100,46,76,40,7540,2.952,2.026,0.02,0.206,3.285,0.005,REVOKED
core_breakdown,1000,500,100,46,76,41,7541,2.963,2.007,0.027,0.204,3.323,0.008,REVOKED
core_breakdown,1000,500,100,46,76,42,7542,2.977,2.011,0.025,0.197,3.304,0.006,REVOKED
core_breakdown,1000,500,100,46,76,43,7543,2.962,2.036,0.023,0.223,3.275,0.006,REVOKED
core_breakdown,1000,500,100,46,76,44,7544,2.954,2.022,0.021,0.206,3.231,0.005,REVOKED
core_breakdown,1000,500,100,46,76,45,7545,2.976,2.055,0.022,0.201,3.359,0.005,REVOKED
core_breakdown,1000,500,100,46,76,46,7546,2.909,1.989,0.018,0.197,3.24,0.006,REVOKED
core_breakdown,1000,500,100,46,76,47,7547,2.933,2.006,0.027,0.188,3.284,0.005,REVOKED
core_breakdown,1000,500,100,46,76,48,7548,2.972,2.03,0.018,0.189,3.352,0.006,REVOKED
core_breakdown,1000,500,100,46,76,49,7549,2.944,2.029,0.024,0.211,3.338,0.013,REVOKED
core_breakdown,1000,500,100,46,76,50,7550,2.94,1.988,0.023,0.192,3.258,0.005,REVOKED
core_breakdown,1000,500,100,46,76,51,7551,2.965,2.012,0.023,0.188,3.222,0.006,REVOKED
core_breakdown,1000,500,100,46,76,52,7552,2.927,2.002,0.023,0.2,3.35,0.006,REVOKED
core_breakdown,1000,500,100,46,76,53,7553,2.973,2.032,0.02,0.198,3.289,0.006,REVOKED
core_breakdown,1000,500,100,46,76,54,7554,2.898,1.97,0.022,0.217,3.251,0.006,REVOKED
core_breakdown,1000,500,100,46,76,55,7555,2.845,1.954,0.022,0.197,3.327,0.007,REVOKED
core_breakdown,1000,500,100,46,76,56,7556,2.851,1.956,0.022,0.189,3.31,0.007,REVOKED
core_breakdown,1000,500,100,46,76,57,7557,2.984,2.05,0.022,0.203,3.216,0.006,REVOKED
core_breakdown,1000,500,100,46,76,58,7558,2.914,1.963,0.024,0.192,3.347,0.006,REVOKED
core_breakdown,1000,500,100,46,76,59,7559,2.968,2.06,0.027,0.209,3.258,0.006,REVOKED
core_breakdown,1000,500,100,46,76,60,7560,2.986,2.04,0.02,0.192,3.336,0.005,REVOKED
core_breakdown,1000,500,100,46,76,61,7561,2.955,2.026,0.026,0.192,3.284,0.006,REVOKED
core_breakdown,1000,500,100,46,76,62,7562,2.958,2.049,0.022,0.187,3.259,0.006,REVOKED
core_breakdown,1000,500,100,46,76,63,7563,2.938,2.01,0.023,0.195,3.298,0.005,REVOKED
core_breakdown,1000,500,100,46,76,64,7564,2.934,2.011,0.02,0.21,3.238,0.005,REVOKED
core_breakdown,1000,500,100,46,76,65,7565,2.892,1.982,0.019,0.213,3.218,0.005,REVOKED
core_breakdown,1000,500,100,46,76,66,7566,2.946,2.031,0.022,0.193,3.308,0.006,REVOKED
core_breakdown,1000,500,100,46,76,67,7567,2.918,1.994,0.02,0.218,3.335,0.007,REVOKED
core_breakdown,1000,500,100,46,76,68,7568,2.926,2.003,0.019,0.195,3.31,0.006,REVOKED
core_breakdown,1000,500,100,46,76,69,7569,2.913,2.01,0.024,0.193,3.308,0.006,REVOKED
core_breakdown,1000,500,100,46,76,70,7570,2.956,2.04,0.028,0.199,3.311,0.006,REVOKED
core_breakdown,1000,500,100,46,76,71,7571,2.976,2.032,0.024,0.205,3.325,0.006,REVOKED
core_breakdown,1000,500,100,46,76,72,7572,2.939,2.006,0.02,0.2,3.314,0.005,REVOKED
core_breakdown,1000,500,100,46,76,73,7573,2.937,1.997,0.025,0.188,3.287,0.006,REVOKED
core_breakdown,1000,500,100,46,76,74,7574,2.942,2.017,0.022,0.189,3.39,0.005,REVOKED
core_breakdown,1000,500,100,46,76,75,7575,2.921,2.013,0.024,0.191,3.389,0.006,REVOKED
core_breakdown,1000,500,100,46,76,76,7576,2.911,2.007,0.023,0.196,3.348,0.006,REVOKED
core_breakdown,1000,500,100,46,76,77,7577,2.973,2.061,0.023,0.211,3.263,0.006,REVOKED
core_breakdown,1000,500,100,46,76,78,7578,2.913,1.998,0.022,0.196,3.317,0.006,REVOKED
core_breakdown,1000,500,100,46,76,79,7579,2.963,2.01,0.022,0.196,3.282,0.006,REVOKED
core_breakdown,1000,500,100,46,76,80,7580,2.883,1.947,0.021,0.192,3.376,0.006,REVOKED
core_breakdown,1000,500,100,46,76,81,7581,2.904,2.0,0.022,0.207,3.245,0.006,REVOKED
core_breakdown,1000,500,100,46,76,82,7582,2.963,2.034,0.024,0.174,3.311,0.006,REVOKED
core_breakdown,1000,500,100,46,76,83,7583,2.912,1.988,0.02,0.202,3.305,0.006,REVOKED
core_breakdown,1000,500,100,46,76,84,7584,2.913,2.009,0.021,0.22,3.32,0.007,REVOKED
core_breakdown,1000,500,100,46,76,85,7585,3.039,2.05,0.022,0.195,3.299,0.006,REVOKED
core_breakdown,1000,500,100,46,76,86,7586,2.905,1.996,0.022,0.192,3.3,0.005,REVOKED
core_breakdown,1000,500,100,46,76,87,7587,2.878,1.963,0.023,0.213,3.237,0.006,REVOKED
core_breakdown,1000,500,100,46,76,88,7588,2.935,2.012,0.033,0.19,3.333,0.005,REVOKED
core_breakdown,1000,500,100,46,76,89,7589,3.167,2.144,0.025,0.192,3.258,0.006,REVOKED
core_breakdown,1000,500,100,46,76,90,7590,2.965,2.048,0.028,0.188,3.28,0.006,REVOKED
core_breakdown,1000,500,100,46,76,91,7591,2.935,1.991,0.024,0.194,3.235,0.005,REVOKED
core_breakdown,1000,500,100,46,76,92,7592,2.95,2.029,0.025,0.194,3.262,0.006,REVOKED
core_breakdown,1000,500,100,46,76,93,7593,2.879,1.977,0.023,0.199,3.332,0.006,REVOKED
core_breakdown,1000,500,100,46,76,94,7594,2.889,1.965,0.021,0.187,3.276,0.006,REVOKED
core_breakdown,1000,500,100,46,76,95,7595,2.921,2.014,0.024,0.195,3.246,0.008,REVOKED
core_breakdown,1000,500,100,46,76,96,7596,2.937,2.023,0.024,0.207,3.317,0.006,REVOKED
core_breakdown,1000,500,100,46,76,97,7597,2.924,1.976,0.023,0.195,3.214,0.019,REVOKED
core_breakdown,1000,500,100,46,76,98,7598,2.888,1.999,0.021,0.196,3.277,0.006,REVOKED
core_breakdown,1000,500,100,46,76,99,7599,2.944,1.998,0.022,0.188,3.275,0.006,REVOKED
core_breakdown,1000,500,100,46,76,100,7600,2.998,2.05,0.021,0.195,3.374,0.005,REVOKED
core_breakdown,1000,500,100,47,77,1,7601,6.367,3.845,0.286,0.466,5.826,0.05,REVOKED
core_breakdown,1000,500,100,47,77,2,7602,6.963,4.297,0.141,0.407,6.035,0.029,REVOKED
core_breakdown,1000,500,100,47,77,3,7603,4.536,3.18,0.084,0.302,4.113,0.011,REVOKED
core_breakdown,1000,500,100,47,77,4,7604,3.385,2.302,0.04,0.224,3.783,0.009,REVOKED
core_breakdown,1000,500,100,47,77,5,7605,3.294,2.225,0.041,0.236,3.603,0.008,REVOKED
core_breakdown,1000,500,100,47,77,6,7606,3.191,2.184,0.033,0.233,3.585,0.007,REVOKED
core_breakdown,1000,500,100,47,77,7,7607,3.153,2.156,0.03,0.196,3.428,0.008,REVOKED
core_breakdown,1000,500,100,47,77,8,7608,3.482,2.385,0.076,0.235,3.498,0.014,REVOKED
core_breakdown,1000,500,100,47,77,9,7609,3.2,2.143,0.038,0.217,3.559,0.007,REVOKED
core_breakdown,1000,500,100,47,77,10,7610,3.107,2.111,0.026,0.207,3.374,0.008,REVOKED
core_breakdown,1000,500,100,47,77,11,7611,3.078,2.108,0.023,0.218,3.478,0.007,REVOKED
core_breakdown,1000,500,100,47,77,12,7612,3.117,2.106,0.023,0.224,3.402,0.008,REVOKED
core_breakdown,1000,500,100,47,77,13,7613,3.033,2.063,0.026,0.222,3.475,0.009,REVOKED
core_breakdown,1000,500,100,47,77,14,7614,2.97,2.046,0.024,0.224,3.38,0.006,REVOKED
core_breakdown,1000,500,100,47,77,15,7615,3.004,2.053,0.023,0.226,3.354,0.006,REVOKED
core_breakdown,1000,500,100,47,77,16,7616,2.951,1.991,0.022,0.204,3.343,0.006,REVOKED
core_breakdown,1000,500,100,47,77,17,7617,2.985,2.046,0.025,0.204,3.314,0.005,REVOKED
core_breakdown,1000,500,100,47,77,18,7618,3.032,2.089,0.025,0.218,3.361,0.005,REVOKED
core_breakdown,1000,500,100,47,77,19,7619,2.974,2.031,0.026,0.213,3.12,0.006,REVOKED
core_breakdown,1000,500,100,47,77,20,7620,2.616,1.807,0.021,0.167,3.071,0.006,REVOKED
core_breakdown,1000,500,100,47,77,21,7621,2.633,1.809,0.027,0.182,2.968,0.006,REVOKED
core_breakdown,1000,500,100,47,77,22,7622,2.608,1.804,0.022,0.157,2.934,0.005,REVOKED
core_breakdown,1000,500,100,47,77,23,7623,2.568,1.767,0.025,0.208,2.922,0.006,REVOKED
core_breakdown,1000,500,100,47,77,24,7624,2.622,1.825,0.026,0.195,2.969,0.006,REVOKED
core_breakdown,1000,500,100,47,77,25,7625,2.679,1.832,0.026,0.188,2.96,0.008,REVOKED
core_breakdown,1000,500,100,47,77,26,7626,2.664,1.83,0.021,0.178,2.886,0.006,REVOKED
core_breakdown,1000,500,100,47,77,27,7627,2.571,1.75,0.026,0.171,3.049,0.006,REVOKED
core_breakdown,1000,500,100,47,77,28,7628,2.581,1.741,0.022,0.175,2.999,0.006,REVOKED
core_breakdown,1000,500,100,47,77,29,7629,2.495,1.745,0.022,0.185,2.933,0.01,REVOKED
core_breakdown,1000,500,100,47,77,30,7630,2.515,1.722,0.025,0.2,2.957,0.006,REVOKED
core_breakdown,1000,500,100,47,77,31,7631,2.597,1.787,0.02,0.175,2.868,0.006,REVOKED
core_breakdown,1000,500,100,47,77,32,7632,2.554,1.723,0.025,0.171,3.89,0.006,REVOKED
core_breakdown,1000,500,100,47,77,33,7633,2.57,1.717,0.027,0.196,2.979,0.006,REVOKED
core_breakdown,1000,500,100,47,77,34,7634,2.573,1.733,0.024,0.183,2.989,0.005,REVOKED
core_breakdown,1000,500,100,47,77,35,7635,2.572,1.73,0.027,0.173,2.985,0.006,REVOKED
core_breakdown,1000,500,100,47,77,36,7636,2.511,1.693,0.025,0.176,2.915,0.006,REVOKED
core_breakdown,1000,500,100,47,77,37,7637,2.581,1.753,0.023,0.178,3.012,0.006,REVOKED
core_breakdown,1000,500,100,47,77,38,7638,2.575,1.773,0.021,0.17,2.956,0.006,REVOKED
core_breakdown,1000,500,100,47,77,39,7639,2.601,1.787,0.026,0.178,3.037,0.006,REVOKED
core_breakdown,1000,500,100,47,77,40,7640,2.665,1.847,0.022,0.193,2.949,0.006,REVOKED
core_breakdown,1000,500,100,47,77,41,7641,2.612,1.797,0.024,0.178,2.92,0.006,REVOKED
core_breakdown,1000,500,100,47,77,42,7642,2.646,1.792,0.023,0.284,3.13,0.006,REVOKED
core_breakdown,1000,500,100,47,77,43,7643,2.574,1.738,0.025,0.195,2.967,0.006,REVOKED
core_breakdown,1000,500,100,47,77,44,7644,2.556,1.766,0.021,0.17,2.938,0.006,REVOKED
core_breakdown,1000,500,100,47,77,45,7645,2.518,1.722,0.027,0.169,2.951,0.005,REVOKED
core_breakdown,1000,500,100,47,77,46,7646,2.528,1.714,0.024,0.171,2.985,0.006,REVOKED
core_breakdown,1000,500,100,47,77,47,7647,2.637,1.804,0.023,0.17,3.091,0.006,REVOKED
core_breakdown,1000,500,100,47,77,48,7648,2.527,1.727,0.024,0.175,2.965,0.006,REVOKED
core_breakdown,1000,500,100,47,77,49,7649,2.549,1.752,0.023,0.171,2.953,0.009,REVOKED
core_breakdown,1000,500,100,47,77,50,7650,2.536,1.738,0.022,0.184,2.99,0.006,REVOKED
core_breakdown,1000,500,100,47,77,51,7651,2.615,1.789,0.021,0.171,3.012,0.005,REVOKED
core_breakdown,1000,500,100,47,77,52,7652,2.554,1.773,0.022,0.171,2.965,0.005,REVOKED
core_breakdown,1000,500,100,47,77,53,7653,2.549,1.721,0.02,0.181,2.938,0.005,REVOKED
core_breakdown,1000,500,100,47,77,54,7654,2.545,1.724,0.024,0.19,2.947,0.006,REVOKED
core_breakdown,1000,500,100,47,77,55,7655,2.597,1.776,0.021,0.167,3.025,0.007,REVOKED
core_breakdown,1000,500,100,47,77,56,7656,2.602,1.77,0.025,0.161,2.908,0.006,REVOKED
core_breakdown,1000,500,100,47,77,57,7657,2.537,1.721,0.022,0.191,2.944,0.005,REVOKED
core_breakdown,1000,500,100,47,77,58,7658,2.574,1.755,0.022,0.165,2.865,0.005,REVOKED
core_breakdown,1000,500,100,47,77,59,7659,2.543,1.77,0.021,0.181,3.65,0.026,REVOKED
core_breakdown,1000,500,100,47,77,60,7660,3.233,2.208,0.031,0.213,3.409,0.008,REVOKED
core_breakdown,1000,500,100,47,77,61,7661,2.899,1.975,0.029,0.207,3.312,0.006,REVOKED
core_breakdown,1000,500,100,47,77,62,7662,2.908,1.985,0.028,0.209,3.249,0.006,REVOKED
core_breakdown,1000,500,100,47,77,63,7663,2.896,1.962,0.022,0.194,3.301,0.005,REVOKED
core_breakdown,1000,500,100,47,77,64,7664,2.863,1.946,0.027,0.195,3.252,0.005,REVOKED
core_breakdown,1000,500,100,47,77,65,7665,2.854,1.961,0.021,0.205,3.251,0.007,REVOKED
core_breakdown,1000,500,100,47,77,66,7666,2.9,1.983,0.018,0.185,3.229,0.006,REVOKED
core_breakdown,1000,500,100,47,77,67,7667,2.946,1.991,0.026,0.191,3.21,0.005,REVOKED
core_breakdown,1000,500,100,47,77,68,7668,2.916,1.976,0.025,0.191,3.291,0.005,REVOKED
core_breakdown,1000,500,100,47,77,69,7669,2.912,1.963,0.023,0.191,3.275,0.006,REVOKED
core_breakdown,1000,500,100,47,77,70,7670,2.897,2.0,0.027,0.188,3.268,0.006,REVOKED
core_breakdown,1000,500,100,47,77,71,7671,2.971,2.005,0.023,0.2,3.22,0.006,REVOKED
core_breakdown,1000,500,100,47,77,72,7672,2.933,2.03,0.024,0.192,3.229,0.006,REVOKED
core_breakdown,1000,500,100,47,77,73,7673,2.886,1.996,0.025,0.188,3.218,0.005,REVOKED
core_breakdown,1000,500,100,47,77,74,7674,2.901,1.986,0.021,0.191,3.229,0.007,REVOKED
core_breakdown,1000,500,100,47,77,75,7675,2.94,2.003,0.021,0.218,3.397,0.006,REVOKED
core_breakdown,1000,500,100,47,77,76,7676,2.963,2.019,0.022,0.2,3.365,0.005,REVOKED
core_breakdown,1000,500,100,47,77,77,7677,2.965,2.039,0.024,0.2,3.368,0.007,REVOKED
core_breakdown,1000,500,100,47,77,78,7678,3.039,2.093,0.019,0.196,3.335,0.006,REVOKED
core_breakdown,1000,500,100,47,77,79,7679,2.985,2.028,0.021,0.188,3.613,0.007,REVOKED
core_breakdown,1000,500,100,47,77,80,7680,2.966,2.066,0.021,0.189,3.324,0.006,REVOKED
core_breakdown,1000,500,100,47,77,81,7681,3.03,2.07,0.02,0.195,3.293,0.006,REVOKED
core_breakdown,1000,500,100,47,77,82,7682,2.932,1.978,0.021,0.191,3.353,0.006,REVOKED
core_breakdown,1000,500,100,47,77,83,7683,2.928,2.003,0.025,0.2,3.292,0.006,REVOKED
core_breakdown,1000,500,100,47,77,84,7684,2.967,2.046,0.022,0.191,3.24,0.006,REVOKED
core_breakdown,1000,500,100,47,77,85,7685,2.922,2.017,0.02,0.191,3.297,0.007,REVOKED
core_breakdown,1000,500,100,47,77,86,7686,2.864,1.964,0.026,0.204,3.32,0.006,REVOKED
core_breakdown,1000,500,100,47,77,87,7687,2.934,2.021,0.023,0.191,3.276,0.006,REVOKED
core_breakdown,1000,500,100,47,77,88,7688,2.932,2.004,0.023,0.197,3.255,0.006,REVOKED
core_breakdown,1000,500,100,47,77,89,7689,2.911,2.0,0.022,0.227,3.24,0.006,REVOKED
core_breakdown,1000,500,100,47,77,90,7690,2.948,2.018,0.024,0.196,3.285,0.005,REVOKED
core_breakdown,1000,500,100,47,77,91,7691,2.934,2.006,0.027,0.204,3.28,0.006,REVOKED
core_breakdown,1000,500,100,47,77,92,7692,2.882,1.967,0.022,0.192,3.26,0.007,REVOKED
core_breakdown,1000,500,100,47,77,93,7693,2.937,2.014,0.023,0.204,3.255,0.006,REVOKED
core_breakdown,1000,500,100,47,77,94,7694,2.872,1.963,0.024,0.201,3.268,0.005,REVOKED
core_breakdown,1000,500,100,47,77,95,7695,2.972,2.035,0.021,0.192,3.323,0.005,REVOKED
core_breakdown,1000,500,100,47,77,96,7696,2.914,1.98,0.026,0.196,3.259,0.006,REVOKED
core_breakdown,1000,500,100,47,77,97,7697,2.575,1.775,0.02,0.183,2.898,0.015,REVOKED
core_breakdown,1000,500,100,47,77,98,7698,2.592,1.789,0.028,0.179,2.891,0.006,REVOKED
core_breakdown,1000,500,100,47,77,99,7699,2.487,1.72,0.021,0.171,2.941,0.005,REVOKED
core_breakdown,1000,500,100,47,77,100,7700,2.551,1.724,0.023,0.172,2.934,0.005,REVOKED
core_breakdown,1000,500,100,48,78,1,7701,6.423,3.737,0.28,0.502,6.704,0.065,REVOKED
core_breakdown,1000,500,100,48,78,2,7702,6.44,4.295,0.14,0.413,5.223,0.025,REVOKED
core_breakdown,1000,500,100,48,78,3,7703,3.718,2.494,0.06,0.273,4.454,0.011,REVOKED
core_breakdown,1000,500,100,48,78,4,7704,3.741,2.522,0.05,0.265,4.061,0.011,REVOKED
core_breakdown,1000,500,100,48,78,5,7705,3.644,2.471,0.048,0.232,3.997,0.01,REVOKED
core_breakdown,1000,500,100,48,78,6,7706,3.655,2.485,0.048,0.241,4.021,0.01,REVOKED
core_breakdown,1000,500,100,48,78,7,7707,3.616,2.461,0.039,0.246,3.978,0.01,REVOKED
core_breakdown,1000,500,100,48,78,8,7708,3.612,2.433,0.037,0.222,3.835,0.008,REVOKED
core_breakdown,1000,500,100,48,78,9,7709,3.506,2.391,0.031,0.225,3.737,0.006,REVOKED
core_breakdown,1000,500,100,48,78,10,7710,3.417,2.327,0.03,0.244,3.676,0.016,REVOKED
core_breakdown,1000,500,100,48,78,11,7711,3.012,2.038,0.05,0.201,3.351,0.008,REVOKED
core_breakdown,1000,500,100,48,78,12,7712,3.025,2.069,0.038,0.206,3.407,0.008,REVOKED
core_breakdown,1000,500,100,48,78,13,7713,2.988,2.026,0.027,0.196,3.38,0.009,REVOKED
core_breakdown,1000,500,100,48,78,14,7714,2.962,2.032,0.03,0.19,3.324,0.005,REVOKED
core_breakdown,1000,500,100,48,78,15,7715,2.996,2.066,0.03,0.218,3.259,0.007,REVOKED
core_breakdown,1000,500,100,48,78,16,7716,2.982,2.05,0.026,0.198,3.412,0.008,REVOKED
core_breakdown,1000,500,100,48,78,17,7717,3.02,2.057,0.026,0.2,3.365,0.006,REVOKED
core_breakdown,1000,500,100,48,78,18,7718,2.981,2.029,0.025,0.205,3.35,0.006,REVOKED
core_breakdown,1000,500,100,48,78,19,7719,2.962,2.026,0.023,0.204,3.284,0.005,REVOKED
core_breakdown,1000,500,100,48,78,20,7720,3.082,2.079,0.024,0.198,3.292,0.006,REVOKED
core_breakdown,1000,500,100,48,78,21,7721,2.937,2.006,0.022,0.205,3.414,0.006,REVOKED
core_breakdown,1000,500,100,48,78,22,7722,3.021,2.075,0.028,0.202,3.315,0.006,REVOKED
core_breakdown,1000,500,100,48,78,23,7723,3.014,2.056,0.025,0.203,3.327,0.006,REVOKED
core_breakdown,1000,500,100,48,78,24,7724,2.958,2.018,0.025,0.212,3.345,0.007,REVOKED
core_breakdown,1000,500,100,48,78,25,7725,2.964,2.049,0.03,0.196,3.237,0.008,REVOKED
core_breakdown,1000,500,100,48,78,26,7726,2.557,1.765,0.021,0.186,3.091,0.006,REVOKED
core_breakdown,1000,500,100,48,78,27,7727,2.557,1.749,0.026,0.182,3.001,0.006,REVOKED
core_breakdown,1000,500,100,48,78,28,7728,2.568,1.754,0.023,0.163,2.952,0.006,REVOKED
core_breakdown,1000,500,100,48,78,29,7729,2.555,1.758,0.025,0.17,2.973,0.006,REVOKED
core_breakdown,1000,500,100,48,78,30,7730,2.54,1.751,0.023,0.178,2.953,0.006,REVOKED
core_breakdown,1000,500,100,48,78,31,7731,2.594,1.773,0.024,0.187,2.99,0.006,REVOKED
core_breakdown,1000,500,100,48,78,32,7732,2.585,1.752,0.026,0.164,3.03,0.006,REVOKED
core_breakdown,1000,500,100,48,78,33,7733,2.573,1.756,0.022,0.183,3.003,0.006,REVOKED
core_breakdown,1000,500,100,48,78,34,7734,2.627,1.79,0.023,0.177,2.952,0.005,REVOKED
core_breakdown,1000,500,100,48,78,35,7735,2.572,1.746,0.023,0.213,3.03,0.005,REVOKED
core_breakdown,1000,500,100,48,78,36,7736,2.575,1.748,0.025,0.172,2.905,0.006,REVOKED
core_breakdown,1000,500,100,48,78,37,7737,2.607,1.746,0.021,0.182,2.878,0.005,REVOKED
core_breakdown,1000,500,100,48,78,38,7738,2.582,1.771,0.023,0.183,2.95,0.005,REVOKED
core_breakdown,1000,500,100,48,78,39,7739,2.526,1.7,0.024,0.178,2.954,0.006,REVOKED
core_breakdown,1000,500,100,48,78,40,7740,2.628,1.799,0.022,0.182,2.948,0.006,REVOKED
core_breakdown,1000,500,100,48,78,41,7741,2.574,1.729,0.024,0.172,3.093,0.006,REVOKED
core_breakdown,1000,500,100,48,78,42,7742,2.606,1.781,0.025,0.176,2.933,0.006,REVOKED
core_breakdown,1000,500,100,48,78,43,7743,2.491,1.717,0.022,0.173,2.96,0.006,REVOKED
core_breakdown,1000,500,100,48,78,44,7744,2.525,1.737,0.021,0.171,2.917,0.008,REVOKED
core_breakdown,1000,500,100,48,78,45,7745,2.554,1.724,0.025,0.188,2.956,0.006,REVOKED
core_breakdown,1000,500,100,48,78,46,7746,2.568,1.728,0.023,0.193,2.997,0.005,REVOKED
core_breakdown,1000,500,100,48,78,47,7747,2.615,1.779,0.023,0.181,2.884,0.005,REVOKED
core_breakdown,1000,500,100,48,78,48,7748,2.598,1.773,0.022,0.18,3.072,0.006,REVOKED
core_breakdown,1000,500,100,48,78,49,7749,2.648,1.767,0.024,0.168,2.931,0.011,REVOKED
core_breakdown,1000,500,100,48,78,50,7750,2.556,1.765,0.022,0.192,3.01,0.006,REVOKED
core_breakdown,1000,500,100,48,78,51,7751,2.55,1.729,0.019,0.195,2.875,0.006,REVOKED
core_breakdown,1000,500,100,48,78,52,7752,2.631,1.806,0.022,0.169,2.908,0.006,REVOKED
core_breakdown,1000,500,100,48,78,53,7753,2.563,1.752,0.024,0.164,2.919,0.005,REVOKED
core_breakdown,1000,500,100,48,78,54,7754,2.551,1.767,0.023,0.171,3.001,0.006,REVOKED
core_breakdown,1000,500,100,48,78,55,7755,2.609,1.823,0.022,0.184,2.928,0.006,REVOKED
core_breakdown,1000,500,100,48,78,56,7756,2.619,1.771,0.023,0.185,3.013,0.007,REVOKED
core_breakdown,1000,500,100,48,78,57,7757,2.594,1.783,0.023,0.187,2.992,0.006,REVOKED
core_breakdown,1000,500,100,48,78,58,7758,2.602,1.769,0.02,0.183,2.94,0.006,REVOKED
core_breakdown,1000,500,100,48,78,59,7759,2.564,1.742,0.02,0.174,3.025,0.005,REVOKED
core_breakdown,1000,500,100,48,78,60,7760,2.525,1.701,0.027,0.168,2.996,0.005,REVOKED
core_breakdown,1000,500,100,48,78,61,7761,2.501,1.704,0.022,0.177,2.994,0.006,REVOKED
core_breakdown,1000,500,100,48,78,62,7762,2.556,1.716,0.023,0.177,2.958,0.006,REVOKED
core_breakdown,1000,500,100,48,78,63,7763,2.588,1.776,0.026,0.168,2.965,0.005,REVOKED
core_breakdown,1000,500,100,48,78,64,7764,2.562,1.726,0.021,0.171,2.967,0.006,REVOKED
core_breakdown,1000,500,100,48,78,65,7765,2.488,1.699,0.025,0.174,3.014,0.006,REVOKED
core_breakdown,1000,500,100,48,78,66,7766,2.531,1.699,0.026,0.17,2.948,0.006,REVOKED
core_breakdown,1000,500,100,48,78,67,7767,3.873,2.892,0.027,0.229,3.652,0.006,REVOKED
core_breakdown,1000,500,100,48,78,68,7768,2.924,1.994,0.028,0.197,3.259,0.006,REVOKED
core_breakdown,1000,500,100,48,78,69,7769,2.947,2.002,0.023,0.191,3.329,0.006,REVOKED
core_breakdown,1000,500,100,48,78,70,7770,3.018,2.07,0.026,0.2,3.338,0.006,REVOKED
core_breakdown,1000,500,100,48,78,71,7771,2.942,2.017,0.023,0.205,3.265,0.005,REVOKED
core_breakdown,1000,500,100,48,78,72,7772,2.937,1.987,0.024,0.199,3.199,0.006,REVOKED
core_breakdown,1000,500,100,48,78,73,7773,2.937,2.023,0.022,0.204,3.237,0.006,REVOKED
core_breakdown,1000,500,100,48,78,74,7774,2.966,2.053,0.026,0.196,3.272,0.006,REVOKED
core_breakdown,1000,500,100,48,78,75,7775,2.926,1.983,0.021,0.198,3.255,0.005,REVOKED
core_breakdown,1000,500,100,48,78,76,7776,2.865,1.97,0.022,0.201,3.298,0.007,REVOKED
core_breakdown,1000,500,100,48,78,77,7777,2.993,2.048,0.022,0.194,3.24,0.006,REVOKED
core_breakdown,1000,500,100,48,78,78,7778,2.923,1.985,0.029,0.198,3.267,0.006,REVOKED
core_breakdown,1000,500,100,48,78,79,7779,2.955,2.02,0.025,0.198,3.251,0.005,REVOKED
core_breakdown,1000,500,100,48,78,80,7780,2.901,1.986,0.022,0.192,3.363,0.007,REVOKED
core_breakdown,1000,500,100,48,78,81,7781,2.864,1.946,0.026,0.186,3.288,0.007,REVOKED
core_breakdown,1000,500,100,48,78,82,7782,2.904,1.999,0.023,0.228,3.436,0.006,REVOKED
core_breakdown,1000,500,100,48,78,83,7783,3.073,2.098,0.024,0.198,3.062,0.006,REVOKED
core_breakdown,1000,500,100,48,78,84,7784,2.868,2.018,0.023,0.211,3.41,0.005,REVOKED
core_breakdown,1000,500,100,48,78,85,7785,2.936,1.994,0.022,0.198,3.32,0.007,REVOKED
core_breakdown,1000,500,100,48,78,86,7786,3.443,2.468,0.03,0.237,3.506,0.007,REVOKED
core_breakdown,1000,500,100,48,78,87,7787,2.976,2.037,0.023,0.208,3.349,0.006,REVOKED
core_breakdown,1000,500,100,48,78,88,7788,2.932,2.024,0.022,0.192,3.359,0.005,REVOKED
core_breakdown,1000,500,100,48,78,89,7789,3.004,2.071,0.029,0.195,3.325,0.007,REVOKED
core_breakdown,1000,500,100,48,78,90,7790,2.942,2.014,0.024,0.22,3.312,0.006,REVOKED
core_breakdown,1000,500,100,48,78,91,7791,2.875,1.976,0.026,0.193,3.319,0.006,REVOKED
core_breakdown,1000,500,100,48,78,92,7792,2.883,1.977,0.022,0.205,3.27,0.005,REVOKED
core_breakdown,1000,500,100,48,78,93,7793,2.986,2.081,0.024,0.191,3.374,0.006,REVOKED
core_breakdown,1000,500,100,48,78,94,7794,2.916,2.003,0.025,0.206,3.245,0.007,REVOKED
core_breakdown,1000,500,100,48,78,95,7795,2.902,1.979,0.022,0.186,3.274,0.005,REVOKED
core_breakdown,1000,500,100,48,78,96,7796,2.917,1.994,0.022,0.199,3.231,0.006,REVOKED
core_breakdown,1000,500,100,48,78,97,7797,2.982,1.999,0.024,0.196,3.248,0.013,REVOKED
core_breakdown,1000,500,100,48,78,98,7798,2.948,2.031,0.03,0.201,3.282,0.007,REVOKED
core_breakdown,1000,500,100,48,78,99,7799,2.88,1.974,0.023,0.2,3.268,0.006,REVOKED
core_breakdown,1000,500,100,48,78,100,7800,2.962,2.036,0.021,0.202,3.29,0.005,REVOKED
core_breakdown,1000,500,100,49,79,1,7801,6.58,4.211,0.293,0.49,7.301,0.065,REVOKED
core_breakdown,1000,500,100,49,79,2,7802,6.305,4.14,0.134,0.389,6.226,0.029,REVOKED
core_breakdown,1000,500,100,49,79,3,7803,5.083,3.394,0.084,0.329,5.294,0.019,REVOKED
core_breakdown,1000,500,100,49,79,4,7804,4.891,3.346,0.076,0.306,5.022,0.012,REVOKED
core_breakdown,1000,500,100,49,79,5,7805,4.032,2.74,0.054,0.269,4.487,0.012,REVOKED
core_breakdown,1000,500,100,49,79,6,7806,4.443,3.156,0.05,0.265,4.444,0.011,REVOKED
core_breakdown,1000,500,100,49,79,7,7807,3.991,2.723,0.036,0.244,4.026,0.006,REVOKED
core_breakdown,1000,500,100,49,79,8,7808,3.49,2.384,0.035,0.237,3.851,0.007,REVOKED
core_breakdown,1000,500,100,49,79,9,7809,3.518,2.417,0.034,0.222,3.99,0.007,REVOKED
core_breakdown,1000,500,100,49,79,10,7810,3.522,2.412,0.035,0.237,3.941,0.007,REVOKED
core_breakdown,1000,500,100,49,79,11,7811,3.537,2.417,0.033,0.222,3.801,0.006,REVOKED
core_breakdown,1000,500,100,49,79,12,7812,3.371,2.318,0.027,0.221,3.687,0.005,REVOKED
core_breakdown,1000,500,100,49,79,13,7813,3.365,2.327,0.034,0.212,3.732,0.014,REVOKED
core_breakdown,1000,500,100,49,79,14,7814,3.522,2.41,0.035,0.219,3.651,0.006,REVOKED
core_breakdown,1000,500,100,49,79,15,7815,3.428,2.294,0.083,0.224,3.535,0.015,REVOKED
core_breakdown,1000,500,100,49,79,16,7816,3.035,2.069,0.044,0.205,3.375,0.009,REVOKED
core_breakdown,1000,500,100,49,79,17,7817,2.987,2.058,0.028,0.207,3.409,0.008,REVOKED
core_breakdown,1000,500,100,49,79,18,7818,2.965,2.031,0.03,0.194,3.418,0.007,REVOKED
core_breakdown,1000,500,100,49,79,19,7819,2.96,2.029,0.032,0.205,3.321,0.007,REVOKED
core_breakdown,1000,500,100,49,79,20,7820,2.997,2.057,0.025,0.193,3.371,0.005,REVOKED
core_breakdown,1000,500,100,49,79,21,7821,2.971,2.035,0.026,0.196,3.366,0.007,REVOKED
core_breakdown,1000,500,100,49,79,22,7822,2.949,2.013,0.02,0.198,3.342,0.007,REVOKED
core_breakdown,1000,500,100,49,79,23,7823,3.119,2.078,0.025,0.2,3.332,0.007,REVOKED
core_breakdown,1000,500,100,49,79,24,7824,3.01,2.066,0.03,0.186,3.366,0.007,REVOKED
core_breakdown,1000,500,100,49,79,25,7825,2.959,2.023,0.027,0.196,3.4,0.01,REVOKED
core_breakdown,1000,500,100,49,79,26,7826,2.954,2.038,0.023,0.188,3.316,0.006,REVOKED
core_breakdown,1000,500,100,49,79,27,7827,2.985,2.056,0.024,0.193,3.328,0.006,REVOKED
core_breakdown,1000,500,100,49,79,28,7828,2.961,2.023,0.024,0.206,3.296,0.007,REVOKED
core_breakdown,1000,500,100,49,79,29,7829,3.006,2.043,0.02,0.212,3.359,0.006,REVOKED
core_breakdown,1000,500,100,49,79,30,7830,3.001,2.042,0.03,0.18,3.399,0.006,REVOKED
core_breakdown,1000,500,100,49,79,31,7831,2.966,2.033,0.026,0.197,3.294,0.005,REVOKED
core_breakdown,1000,500,100,49,79,32,7832,2.947,2.017,0.022,0.184,3.299,0.006,REVOKED
core_breakdown,1000,500,100,49,79,33,7833,2.955,2.038,0.021,0.199,3.388,0.006,REVOKED
core_breakdown,1000,500,100,49,79,34,7834,2.943,1.983,0.026,0.199,3.317,0.006,REVOKED
core_breakdown,1000,500,100,49,79,35,7835,2.935,2.025,0.022,0.209,3.357,0.006,REVOKED
core_breakdown,1000,500,100,49,79,36,7836,2.934,2.043,0.023,0.192,3.281,0.006,REVOKED
core_breakdown,1000,500,100,49,79,37,7837,2.959,2.02,0.025,0.192,3.412,0.006,REVOKED
core_breakdown,1000,500,100,49,79,38,7838,2.928,1.996,0.023,0.198,3.238,0.006,REVOKED
core_breakdown,1000,500,100,49,79,39,7839,3.043,2.061,0.021,0.197,3.296,0.006,REVOKED
core_breakdown,1000,500,100,49,79,40,7840,2.96,2.027,0.02,0.203,3.327,0.006,REVOKED
core_breakdown,1000,500,100,49,79,41,7841,2.955,2.032,0.028,0.204,3.286,0.006,REVOKED
core_breakdown,1000,500,100,49,79,42,7842,2.897,1.982,0.025,0.202,3.262,0.007,REVOKED
core_breakdown,1000,500,100,49,79,43,7843,2.968,2.055,0.022,0.207,3.264,0.006,REVOKED
core_breakdown,1000,500,100,49,79,44,7844,2.982,2.054,0.022,0.196,3.369,0.006,REVOKED
core_breakdown,1000,500,100,49,79,45,7845,2.92,1.994,0.026,0.21,3.291,0.006,REVOKED
core_breakdown,1000,500,100,49,79,46,7846,2.98,2.057,0.022,0.198,3.293,0.006,REVOKED
core_breakdown,1000,500,100,49,79,47,7847,2.944,2.017,0.021,0.19,3.26,0.006,REVOKED
core_breakdown,1000,500,100,49,79,48,7848,2.918,2.015,0.026,0.207,3.218,0.006,REVOKED
core_breakdown,1000,500,100,49,79,49,7849,2.91,1.992,0.024,0.197,3.274,0.009,REVOKED
core_breakdown,1000,500,100,49,79,50,7850,2.895,1.975,0.025,0.197,3.256,0.007,REVOKED
core_breakdown,1000,500,100,49,79,51,7851,2.927,1.978,0.022,0.195,3.239,0.006,REVOKED
core_breakdown,1000,500,100,49,79,52,7852,2.89,1.97,0.019,0.206,3.256,0.007,REVOKED
core_breakdown,1000,500,100,49,79,53,7853,2.916,2.017,0.021,0.194,3.289,0.005,REVOKED
core_breakdown,1000,500,100,49,79,54,7854,2.935,2.008,0.023,0.208,3.254,0.005,REVOKED
core_breakdown,1000,500,100,49,79,55,7855,2.871,1.984,0.02,0.194,3.304,0.005,REVOKED
core_breakdown,1000,500,100,49,79,56,7856,2.921,1.996,0.026,0.196,3.252,0.006,REVOKED
core_breakdown,1000,500,100,49,79,57,7857,2.975,2.051,0.024,0.205,3.382,0.006,REVOKED
core_breakdown,1000,500,100,49,79,58,7858,2.909,1.988,0.023,0.187,3.283,0.005,REVOKED
core_breakdown,1000,500,100,49,79,59,7859,2.923,2.014,0.025,0.186,3.354,0.006,REVOKED
core_breakdown,1000,500,100,49,79,60,7860,2.899,1.981,0.025,0.193,3.336,0.006,REVOKED
core_breakdown,1000,500,100,49,79,61,7861,2.938,2.05,0.023,0.199,3.364,0.006,REVOKED
core_breakdown,1000,500,100,49,79,62,7862,2.963,2.058,0.021,0.189,3.275,0.006,REVOKED
core_breakdown,1000,500,100,49,79,63,7863,2.951,2.023,0.026,0.214,3.301,0.006,REVOKED
core_breakdown,1000,500,100,49,79,64,7864,3.0,2.063,0.023,0.198,3.231,0.006,REVOKED
core_breakdown,1000,500,100,49,79,65,7865,2.918,1.986,0.025,0.2,3.296,0.006,REVOKED
core_breakdown,1000,500,100,49,79,66,7866,2.962,2.052,0.026,0.225,3.357,0.005,REVOKED
core_breakdown,1000,500,100,49,79,67,7867,2.895,1.987,0.023,0.19,3.349,0.006,REVOKED
core_breakdown,1000,500,100,49,79,68,7868,2.882,1.977,0.021,0.22,3.262,0.005,REVOKED
core_breakdown,1000,500,100,49,79,69,7869,2.956,2.003,0.022,0.205,3.283,0.013,REVOKED
core_breakdown,1000,500,100,49,79,70,7870,2.954,2.032,0.02,0.193,3.283,0.006,REVOKED
core_breakdown,1000,500,100,49,79,71,7871,2.965,2.04,0.026,0.189,3.255,0.005,REVOKED
core_breakdown,1000,500,100,49,79,72,7872,2.947,2.019,0.023,0.191,3.33,0.005,REVOKED
core_breakdown,1000,500,100,49,79,73,7873,2.897,1.99,0.019,0.19,3.296,0.006,REVOKED
core_breakdown,1000,500,100,49,79,74,7874,2.892,1.989,0.018,0.19,3.276,0.007,REVOKED
core_breakdown,1000,500,100,49,79,75,7875,2.911,1.991,0.024,0.191,3.264,0.006,REVOKED
core_breakdown,1000,500,100,49,79,76,7876,2.952,2.004,0.023,0.199,3.276,0.005,REVOKED
core_breakdown,1000,500,100,49,79,77,7877,2.973,2.061,0.023,0.193,3.374,0.005,REVOKED
core_breakdown,1000,500,100,49,79,78,7878,2.951,2.006,0.019,0.193,3.317,0.006,REVOKED
core_breakdown,1000,500,100,49,79,79,7879,2.903,1.987,0.018,0.201,3.347,0.006,REVOKED
core_breakdown,1000,500,100,49,79,80,7880,2.955,2.009,0.024,0.201,3.246,0.006,REVOKED
core_breakdown,1000,500,100,49,79,81,7881,2.912,1.983,0.025,0.205,3.314,0.006,REVOKED
core_breakdown,1000,500,100,49,79,82,7882,2.892,1.969,0.025,0.19,3.266,0.006,REVOKED
core_breakdown,1000,500,100,49,79,83,7883,2.996,2.047,0.022,0.241,3.251,0.005,REVOKED
core_breakdown,1000,500,100,49,79,84,7884,2.966,2.072,0.024,0.199,3.269,0.006,REVOKED
core_breakdown,1000,500,100,49,79,85,7885,2.924,2.014,0.023,0.2,3.358,0.006,REVOKED
core_breakdown,1000,500,100,49,79,86,7886,2.946,2.009,0.026,0.186,3.261,0.006,REVOKED
core_breakdown,1000,500,100,49,79,87,7887,2.937,2.004,0.022,0.207,3.327,0.006,REVOKED
core_breakdown,1000,500,100,49,79,88,7888,3.269,2.17,0.025,0.201,3.277,0.006,REVOKED
core_breakdown,1000,500,100,49,79,89,7889,2.932,1.989,0.028,0.193,3.295,0.006,REVOKED
core_breakdown,1000,500,100,49,79,90,7890,2.963,2.024,0.024,0.193,3.305,0.005,REVOKED
core_breakdown,1000,500,100,49,79,91,7891,2.943,2.0,0.025,0.195,3.275,0.006,REVOKED
core_breakdown,1000,500,100,49,79,92,7892,3.086,2.147,0.025,0.194,3.277,0.006,REVOKED
core_breakdown,1000,500,100,49,79,93,7893,2.913,2.01,0.024,0.195,3.303,0.006,REVOKED
core_breakdown,1000,500,100,49,79,94,7894,2.922,1.995,0.022,0.193,3.236,0.005,REVOKED
core_breakdown,1000,500,100,49,79,95,7895,2.968,2.065,0.023,0.194,3.403,0.007,REVOKED
core_breakdown,1000,500,100,49,79,96,7896,2.919,2.004,0.025,0.209,3.274,0.005,REVOKED
core_breakdown,1000,500,100,49,79,97,7897,2.929,2.001,0.022,0.193,3.349,0.015,REVOKED
core_breakdown,1000,500,100,49,79,98,7898,2.94,2.011,0.022,0.201,3.326,0.005,REVOKED
core_breakdown,1000,500,100,49,79,99,7899,2.952,1.985,0.024,0.21,3.391,0.005,REVOKED
core_breakdown,1000,500,100,49,79,100,7900,2.91,1.993,0.019,0.236,3.327,0.006,REVOKED
core_breakdown,1000,500,100,50,80,1,7901,4.818,2.885,0.267,0.475,6.902,0.068,REVOKED
core_breakdown,1000,500,100,50,80,2,7902,5.178,3.477,0.108,0.336,5.174,0.024,REVOKED
core_breakdown,1000,500,100,50,80,3,7903,4.533,3.072,0.075,0.299,4.246,0.013,REVOKED
core_breakdown,1000,500,100,50,80,4,7904,3.699,2.5,0.051,0.252,4.242,0.008,REVOKED
core_breakdown,1000,500,100,50,80,5,7905,3.335,2.268,0.043,0.225,3.598,0.008,REVOKED
core_breakdown,1000,500,100,50,80,6,7906,7.961,6.918,0.046,0.2,3.384,0.013,REVOKED
core_breakdown,1000,500,100,50,80,7,7907,3.173,2.163,0.037,0.209,3.51,0.007,REVOKED
core_breakdown,1000,500,100,50,80,8,7908,3.088,2.106,0.03,0.193,3.378,0.007,REVOKED
core_breakdown,1000,500,100,50,80,9,7909,3.065,2.078,0.077,0.198,3.121,0.016,REVOKED
core_breakdown,1000,500,100,50,80,10,7910,2.699,1.834,0.029,0.17,3.187,0.008,REVOKED
core_breakdown,1000,500,100,50,80,11,7911,2.67,1.832,0.029,0.189,3.174,0.008,REVOKED
core_breakdown,1000,500,100,50,80,12,7912,2.517,1.692,0.028,0.166,3.071,0.006,REVOKED
core_breakdown,1000,500,100,50,80,13,7913,2.633,1.797,0.026,0.168,2.991,0.012,REVOKED
core_breakdown,1000,500,100,50,80,14,7914,2.645,1.795,0.033,0.184,2.951,0.009,REVOKED
core_breakdown,1000,500,100,50,80,15,7915,2.61,1.774,0.027,0.175,2.987,0.006,REVOKED
core_breakdown,1000,500,100,50,80,16,7916,2.611,1.808,0.025,0.19,2.955,0.006,REVOKED
core_breakdown,1000,500,100,50,80,17,7917,2.593,1.76,0.029,0.191,2.905,0.008,REVOKED
core_breakdown,1000,500,100,50,80,18,7918,2.574,1.778,0.024,0.177,2.95,0.005,REVOKED
core_breakdown,1000,500,100,50,80,19,7919,2.726,1.758,0.025,0.194,3.396,0.006,REVOKED
core_breakdown,1000,500,100,50,80,20,7920,2.936,2.01,0.021,0.207,3.221,0.005,REVOKED
core_breakdown,1000,500,100,50,80,21,7921,3.004,2.052,0.024,0.204,3.311,0.006,REVOKED
core_breakdown,1000,500,100,50,80,22,7922,2.988,2.032,0.026,0.21,3.296,0.007,REVOKED
core_breakdown,1000,500,100,50,80,23,7923,3.014,2.023,0.021,0.204,3.331,0.006,REVOKED
core_breakdown,1000,500,100,50,80,24,7924,3.023,2.087,0.022,0.203,3.364,0.005,REVOKED
core_breakdown,1000,500,100,50,80,25,7925,2.955,2.042,0.024,0.196,3.421,0.01,REVOKED
core_breakdown,1000,500,100,50,80,26,7926,3.004,2.063,0.025,0.197,3.349,0.005,REVOKED
core_breakdown,1000,500,100,50,80,27,7927,3.015,2.068,0.024,0.193,3.318,0.006,REVOKED
core_breakdown,1000,500,100,50,80,28,7928,3.008,2.045,0.025,0.208,3.297,0.005,REVOKED
core_breakdown,1000,500,100,50,80,29,7929,2.964,2.04,0.023,0.207,3.395,0.007,REVOKED
core_breakdown,1000,500,100,50,80,30,7930,2.889,1.98,0.023,0.191,3.379,0.006,REVOKED
core_breakdown,1000,500,100,50,80,31,7931,2.984,1.994,0.023,0.195,3.269,0.005,REVOKED
core_breakdown,1000,500,100,50,80,32,7932,3.043,2.103,0.024,0.193,3.409,0.007,REVOKED
core_breakdown,1000,500,100,50,80,33,7933,3.017,2.013,0.024,0.198,3.347,0.006,REVOKED
core_breakdown,1000,500,100,50,80,34,7934,2.935,2.005,0.022,0.198,3.273,0.006,REVOKED
core_breakdown,1000,500,100,50,80,35,7935,2.923,1.983,0.025,0.196,3.314,0.006,REVOKED
core_breakdown,1000,500,100,50,80,36,7936,2.929,2.003,0.026,0.191,3.264,0.006,REVOKED
core_breakdown,1000,500,100,50,80,37,7937,2.892,1.987,0.022,0.191,3.236,0.006,REVOKED
core_breakdown,1000,500,100,50,80,38,7938,2.881,1.982,0.019,0.192,3.29,0.011,REVOKED
core_breakdown,1000,500,100,50,80,39,7939,2.959,2.023,0.025,0.204,3.3,0.006,REVOKED
core_breakdown,1000,500,100,50,80,40,7940,2.933,2.021,0.02,0.201,3.325,0.006,REVOKED
core_breakdown,1000,500,100,50,80,41,7941,2.904,1.985,0.022,0.198,3.33,0.005,REVOKED
core_breakdown,1000,500,100,50,80,42,7942,2.944,2.039,0.022,0.188,3.239,0.006,REVOKED
core_breakdown,1000,500,100,50,80,43,7943,2.978,2.045,0.02,0.19,3.272,0.005,REVOKED
core_breakdown,1000,500,100,50,80,44,7944,2.946,2.025,0.019,0.22,3.363,0.005,REVOKED
core_breakdown,1000,500,100,50,80,45,7945,3.136,2.196,0.023,0.212,3.448,0.007,REVOKED
core_breakdown,1000,500,100,50,80,46,7946,2.928,2.032,0.02,0.197,3.312,0.006,REVOKED
core_breakdown,1000,500,100,50,80,47,7947,2.986,2.037,0.048,0.201,3.318,0.007,REVOKED
core_breakdown,1000,500,100,50,80,48,7948,2.901,1.984,0.024,0.201,3.277,0.006,REVOKED
core_breakdown,1000,500,100,50,80,49,7949,3.021,2.051,0.021,0.196,3.363,0.012,REVOKED
core_breakdown,1000,500,100,50,80,50,7950,2.995,2.065,0.028,0.197,3.298,0.005,REVOKED
core_breakdown,1000,500,100,50,80,51,7951,2.932,2.012,0.02,0.196,3.26,0.006,REVOKED
core_breakdown,1000,500,100,50,80,52,7952,3.005,2.095,0.027,0.202,3.416,0.006,REVOKED
core_breakdown,1000,500,100,50,80,53,7953,2.99,2.049,0.024,0.192,3.338,0.006,REVOKED
core_breakdown,1000,500,100,50,80,54,7954,2.988,2.053,0.021,0.216,3.231,0.005,REVOKED
core_breakdown,1000,500,100,50,80,55,7955,2.916,2.0,0.026,0.191,3.279,0.005,REVOKED
core_breakdown,1000,500,100,50,80,56,7956,2.878,1.978,0.021,0.212,3.255,0.006,REVOKED
core_breakdown,1000,500,100,50,80,57,7957,2.942,2.007,0.024,0.201,3.283,0.005,REVOKED
core_breakdown,1000,500,100,50,80,58,7958,2.944,2.026,0.023,0.201,3.345,0.005,REVOKED
core_breakdown,1000,500,100,50,80,59,7959,2.9,1.977,0.02,0.2,3.29,0.005,REVOKED
core_breakdown,1000,500,100,50,80,60,7960,2.94,2.024,0.025,0.203,3.226,0.005,REVOKED
core_breakdown,1000,500,100,50,80,61,7961,3.08,2.122,0.023,0.191,3.363,0.006,REVOKED
core_breakdown,1000,500,100,50,80,62,7962,2.914,1.968,0.025,0.197,3.325,0.006,REVOKED
core_breakdown,1000,500,100,50,80,63,7963,2.852,1.958,0.023,0.192,3.347,0.006,REVOKED
core_breakdown,1000,500,100,50,80,64,7964,2.943,2.013,0.024,0.191,3.314,0.006,REVOKED
core_breakdown,1000,500,100,50,80,65,7965,2.952,2.019,0.021,0.188,3.28,0.006,REVOKED
core_breakdown,1000,500,100,50,80,66,7966,2.913,2.006,0.025,0.195,3.282,0.006,REVOKED
core_breakdown,1000,500,100,50,80,67,7967,2.977,2.035,0.026,0.198,3.341,0.006,REVOKED
core_breakdown,1000,500,100,50,80,68,7968,2.927,2.017,0.02,0.195,3.34,0.006,REVOKED
core_breakdown,1000,500,100,50,80,69,7969,3.01,2.06,0.025,0.2,3.32,0.006,REVOKED
core_breakdown,1000,500,100,50,80,70,7970,2.937,2.011,0.021,0.189,3.325,0.005,REVOKED
core_breakdown,1000,500,100,50,80,71,7971,2.948,2.0,0.023,0.197,3.365,0.007,REVOKED
core_breakdown,1000,500,100,50,80,72,7972,2.946,2.045,0.025,0.228,3.315,0.006,REVOKED
core_breakdown,1000,500,100,50,80,73,7973,2.95,2.028,0.024,0.225,3.263,0.005,REVOKED
core_breakdown,1000,500,100,50,80,74,7974,2.992,2.08,0.022,0.192,3.349,0.005,REVOKED
core_breakdown,1000,500,100,50,80,75,7975,2.971,2.04,0.022,0.193,3.32,0.006,REVOKED
core_breakdown,1000,500,100,50,80,76,7976,2.962,2.068,0.021,0.194,3.42,0.005,REVOKED
core_breakdown,1000,500,100,50,80,77,7977,2.91,1.991,0.023,0.203,3.238,0.006,REVOKED
core_breakdown,1000,500,100,50,80,78,7978,2.966,2.034,0.019,0.179,3.331,0.006,REVOKED
core_breakdown,1000,500,100,50,80,79,7979,2.912,2.023,0.022,0.2,3.286,0.005,REVOKED
core_breakdown,1000,500,100,50,80,80,7980,2.901,1.982,0.025,0.185,3.306,0.006,REVOKED
core_breakdown,1000,500,100,50,80,81,7981,2.9,1.998,0.023,0.194,3.286,0.006,REVOKED
core_breakdown,1000,500,100,50,80,82,7982,2.955,2.039,0.025,0.214,3.217,0.006,REVOKED
core_breakdown,1000,500,100,50,80,83,7983,2.895,1.958,0.023,0.189,3.284,0.013,REVOKED
core_breakdown,1000,500,100,50,80,84,7984,2.947,2.032,0.02,0.193,3.33,0.006,REVOKED
core_breakdown,1000,500,100,50,80,85,7985,3.011,2.091,0.022,0.195,3.308,0.005,REVOKED
core_breakdown,1000,500,100,50,80,86,7986,2.904,1.998,0.02,0.201,3.24,0.006,REVOKED
core_breakdown,1000,500,100,50,80,87,7987,2.992,2.051,0.025,0.204,3.256,0.006,REVOKED
core_breakdown,1000,500,100,50,80,88,7988,2.912,2.017,0.02,0.203,3.272,0.006,REVOKED
core_breakdown,1000,500,100,50,80,89,7989,2.934,2.025,0.019,0.198,3.306,0.006,REVOKED
core_breakdown,1000,500,100,50,80,90,7990,2.897,1.992,0.022,0.207,3.23,0.006,REVOKED
core_breakdown,1000,500,100,50,80,91,7991,2.877,1.978,0.027,0.223,3.316,0.005,REVOKED
core_breakdown,1000,500,100,50,80,92,7992,2.938,2.031,0.025,0.189,3.243,0.008,REVOKED
core_breakdown,1000,500,100,50,80,93,7993,2.926,2.039,0.02,0.198,3.288,0.007,REVOKED
core_breakdown,1000,500,100,50,80,94,7994,2.943,2.044,0.023,0.19,3.293,0.006,REVOKED
core_breakdown,1000,500,100,50,80,95,7995,2.535,1.734,0.025,0.171,2.898,0.008,REVOKED
core_breakdown,1000,500,100,50,80,96,7996,2.539,1.703,0.024,0.181,2.926,0.009,REVOKED
core_breakdown,1000,500,100,50,80,97,7997,2.561,1.755,0.024,0.177,2.94,0.016,REVOKED
core_breakdown,1000,500,100,50,80,98,7998,2.561,1.725,0.023,0.172,2.875,0.005,REVOKED
core_breakdown,1000,500,100,50,80,99,7999,2.618,1.757,0.021,0.173,2.917,0.006,REVOKED
core_breakdown,1000,500,100,50,80,100,8000,2.6,1.768,0.019,0.182,2.928,0.006,REVOKED
